Workbook

Sheet Hướng dẫn
A1: HƯỚNG DẪN SỬ DỤNG – KHẤU HAO TÀI SẢN CỐ ĐỊNH
A2: KK HOME • ĐÀO TẠO KẾ TOÁN CHUYÊN NGHIỆP
A4: 1. QUY TRÌNH SỬ DỤNG
A5: Bước 1 | B5: Vào sheet “Thiết lập”, chọn năm lập lịch và kiểm tra danh mục dùng chung.
A6: Bước 2 | B6: Vào sheet “Khấu hao”, chỉ nhập các ô nền vàng. Các ô nền xanh là công thức.
A7: Bước 3 | B7: Nhập số khấu hao lũy kế đầu năm nếu tài sản đã phát sinh trước năm báo cáo.
A8: Bước 4 | B8: Theo dõi nguyên giá, khấu hao, giá trị còn lại và lỗi dữ liệu tại sheet “Báo cáo”.
A10: 2. NGUYÊN TẮC TÍNH TRONG FILE
A11: Nguyên giá | B11: Số lượng × Đơn giá + Chi phí trực tiếp khác đưa tài sản vào trạng thái sẵn sàng sử dụng.
A12: Giá trị tính khấu hao | B12: Nguyên giá − Giá trị thu hồi ước tính.
A13: Khấu hao tháng | B13: Giá trị tính khấu hao ÷ số tháng khấu hao.
A14: Kỳ khấu hao | B14: File tính theo tháng tròn, bắt đầu từ tháng của ngày bắt đầu khấu hao.
A15: Giá trị còn lại | B15: Nguyên giá − khấu hao lũy kế cuối năm.
A17: 3. KIỂM SOÁT DỮ LIỆU
A18: Mã TSCĐ | B18: Không để trống và không trùng nhau.
A19: Ngày bắt đầu khấu hao | B19: Không được trước ngày ghi tăng.
A20: Giá trị thu hồi | B20: Không được lớn hơn nguyên giá.
A21: Lũy kế đầu năm | B21: Không được lớn hơn giá trị tính khấu hao.
A22: Cột “Kiểm tra dữ liệu” | B22: Hiển thị “OK” khi bản ghi đủ điều kiện tính.
A24: 4. HẠCH TOÁN THAM KHẢO
A25: Ghi tăng TSCĐ | B25: Nợ 211, 213… / Có 111, 112, 331… tùy chứng từ và phương thức thanh toán.
A26: Trích khấu hao | B26: Nợ 154, 627, 641, 642… / Có 214.
A28: 5. LƯU Ý KHI SỬ DỤNG
A29: Phương pháp | B29: File đang thiết kế cho phương pháp đường thẳng theo tháng. Các phương pháp khác cần bảng tính riêng.
A30: Thay đổi thời gian | B30: Khi điều chỉnh thời gian sử dụng, cần kiểm tra lại khấu hao lũy kế và phần còn lại trước khi sửa.
A31: Dòng mẫu | B31: Dòng FA001 là dữ liệu minh họa; có thể sửa hoặc xóa trước khi sử dụng chính thức.

Sheet Thiết lập
A1: THIẾT LẬP VÀ DANH MỤC DÙNG CHUNG
A2: KK HOME • ĐÀO TẠO KẾ TOÁN CHUYÊN NGHIỆP
A4: Năm lập lịch khấu hao | B4: 2026 | D4: Quy ước màu
A5: Ngày báo cáo | B5: 46387 | D5: Ô nhập liệu | E5: Nhập/chỉnh sửa
A6: Phương pháp mặc định | B6: Đường thẳng theo tháng | D6: Ô công thức | E6: Không ghi đè
D7: Cảnh báo | E7: Cần kiểm tra
A9: Bộ phận sử dụng | B9: Gợi ý | C9: Nhóm TSCĐ | D9: Gợi ý | E9: TK TSCĐ | F9: Diễn giải | G9: TK hao mòn | H9: Diễn giải | I9: TK chi phí | J9: Diễn giải
A10: Văn phòng | C10: Nhà cửa, vật kiến trúc | E10: 2111 | G10: 2141 | I10: 154
A11: Sản xuất | C11: Máy móc, thiết bị | E11: 2112 | G11: 2142 | I11: 627
A12: Bán hàng | C12: Phương tiện vận tải | E12: 2113 | G12: 2143 | I12: 632
A13: Quản lý | C13: Thiết bị, dụng cụ quản lý | E13: 2114 | G13: 2147 | I13: 641
A14: Dự án | C14: TSCĐ vô hình | E14: 2115 | I14: 642
A15: Chi nhánh | C15: TSCĐ khác | E15: 2118 | I15: 811
A16: Khác | E16: 213 | I16: Khác

Sheet Khấu hao
A1: SỔ THEO DÕI VÀ KHẤU HAO TÀI SẢN CỐ ĐỊNH
A2: KK HOME • ĐÀO TẠO KẾ TOÁN CHUYÊN NGHIỆP
A3: Chỉ nhập các ô nền vàng. Cột công thức tự động tính theo năm tại sheet Thiết lập.
A4: Năm lập lịch khấu hao | H4: ='Thiết lập'!B4 | K4: Ngày báo cáo | R4: ='Thiết lập'!B5
A5: THÔNG TIN TÀI SẢN VÀ KHẤU HAO | V5: LỊCH KHẤU HAO THEO NĂM | AH5: TỔNG HỢP VÀ KIỂM SOÁT
A6: STT | B6: Mã TSCĐ | C6: Tên TSCĐ | D6: Nhóm TSCĐ | E6: Bộ phận sử dụng | F6: Ngày mua | G6: Ngày ghi tăng | H6: Ngày bắt đầu khấu hao | I6: Số lượng | J6: Đơn giá | K6: Chi phí trực tiếp khác | L6: Nguyên giá | M6: Giá trị thu hồi ước tính | N6: Giá trị tính khấu hao | O6: Số tháng khấu hao | P6: Khấu hao tháng | Q6: Ngày kết thúc khấu hao | R6: TK TSCĐ | S6: TK hao mòn | T6: TK chi phí | U6: Khấu hao lũy kế đầu năm | V6: T1 | W6: T2 | X6: T3 | Y6: T4 | Z6: T5 | AA6: T6 | AB6: T7 | AC6: T8 | AD6: T9 | AE6: T10 | AF6: T11 | AG6: T12 | AH6: Khấu hao trong năm | AI6: Khấu hao lũy kế cuối năm | AJ6: Giá trị còn lại cuối năm | AK6: Trạng thái | AL6: Mã chi phí/ERP | AM6: Số chứng từ | AN6: Ghi chú | AO6: Kiểm tra dữ liệu
A7: =IF(B7="","",ROW()-6) | B7: FA001 | C7: Máy in văn phòng | D7: Thiết bị, dụng cụ quản lý | E7: Văn phòng | F7: 45292 | G7: 45292 | H7: 45292 | I7: 1 | J7: 120000000 | K7: 0 | L7: =IF(B7="","",IF(OR(I7="",J7=""),"",I7*J7+IF(K7="",0,K7))) | M7: 0 | N7: =IF(L7="","",MAX(0,L7-IF(M7="",0,M7))) | O7: 60 | P7: =IF(OR(N7="",O7<=0),"",ROUND(N7/O7,0)) | Q7: =IF(OR(H7="",O7<=0),"",EOMONTH(H7,O7-1)) | R7: 2114 | S7: 2141 | T7: 642 | U7: 48000000 | V7: =IF($AO7<>"OK",0,IF(AND(DATE('Thiết lập'!$B$4,1,1)>=DATE(YEAR($H7),MONTH($H7),1),DATE('Thiết lập'!$B$4,1,1)<EDATE(DATE(YEAR($H7),MONTH($H7),1),$O7)),MIN($P7,MAX(0,$N7-$U7-0)),0)) | W7: =IF($AO7<>"OK",0,IF(AND(DATE('Thiết lập'!$B$4,2,1)>=DATE(YEAR($H7),MONTH($H7),1),DATE('Thiết lập'!$B$4,2,1)<EDATE(DATE(YEAR($H7),MONTH($H7),1),$O7)),MIN($P7,MAX(0,$N7-$U7-SUM($V7:V7))),0)) | X7: =IF($AO7<>"OK",0,IF(AND(DATE('Thiết lập'!$B$4,3,1)>=DATE(YEAR($H7),MONTH($H7),1),DATE('Thiết lập'!$B$4,3,1)<EDATE(DATE(YEAR($H7),MONTH($H7),1),$O7)),MIN($P7,MAX(0,$N7-$U7-SUM($V7:W7))),0)) | Y7: =IF($AO7<>"OK",0,IF(AND(DATE('Thiết lập'!$B$4,4,1)>=DATE(YEAR($H7),MONTH($H7),1),DATE('Thiết lập'!$B$4,4,1)<EDATE(DATE(YEAR($H7),MONTH($H7),1),$O7)),MIN($P7,MAX(0,$N7-$U7-SUM($V7:X7))),0)) | Z7: =IF($AO7<>"OK",0,IF(AND(DATE('Thiết lập'!$B$4,5,1)>=DATE(YEAR($H7),MONTH($H7),1),DATE('Thiết lập'!$B$4,5,1)<EDATE(DATE(YEAR($H7),MONTH($H7),1),$O7)),MIN($P7,MAX(0,$N7-$U7-SUM($V7:Y7))),0)) | AA7: =IF($AO7<>"OK",0,IF(AND(DATE('Thiết lập'!$B$4,6,1)>=DATE(YEAR($H7),MONTH($H7),1),DATE('Thiết lập'!$B$4,6,1)<EDATE(DATE(YEAR($H7),MONTH($H7),1),$O7)),MIN($P7,MAX(0,$N7-$U7-SUM($V7:Z7))),0)) | AB7: =IF($AO7<>"OK",0,IF(AND(DATE('Thiết lập'!$B$4,7,1)>=DATE(YEAR($H7),MONTH($H7),1),DATE('Thiết lập'!$B$4,7,1)<EDATE(DATE(YEAR($H7),MONTH($H7),1),$O7)),MIN($P7,MAX(0,$N7-$U7-SUM($V7:AA7))),0)) | AC7: =IF($AO7<>"OK",0,IF(AND(DATE('Thiết lập'!$B$4,8,1)>=DATE(YEAR($H7),MONTH($H7),1),DATE('Thiết lập'!$B$4,8,1)<EDATE(DATE(YEAR($H7),MONTH($H7),1),$O7)),MIN($P7,MAX(0,$N7-$U7-SUM($V7:AB7))),0)) | AD7: =IF($AO7<>"OK",0,IF(AND(DATE('Thiết lập'!$B$4,9,1)>=DATE(YEAR($H7),MONTH($H7),1),DATE('Thiết lập'!$B$4,9,1)<EDATE(DATE(YEAR($H7),MONTH($H7),1),$O7)),MIN($P7,MAX(0,$N7-$U7-SUM($V7:AC7))),0)) | AE7: =IF($AO7<>"OK",0,IF(AND(DATE('Thiết lập'!$B$4,10,1)>=DATE(YEAR($H7),MONTH($H7),1),DATE('Thiết lập'!$B$4,10,1)<EDATE(DATE(YEAR($H7),MONTH($H7),1),$O7)),MIN($P7,MAX(0,$N7-$U7-SUM($V7:AD7))),0)) | AF7: =IF($AO7<>"OK",0,IF(AND(DATE('Thiết lập'!$B$4,11,1)>=DATE(YEAR($H7),MONTH($H7),1),DATE('Thiết lập'!$B$4,11,1)<EDATE(DATE(YEAR($H7),MONTH($H7),1),$O7)),MIN($P7,MAX(0,$N7-$U7-SUM($V7:AE7))),0)) | AG7: =IF($AO7<>"OK",0,IF(AND(DATE('Thiết lập'!$B$4,12,1)>=DATE(YEAR($H7),MONTH($H7),1),DATE('Thiết lập'!$B$4,12,1)<EDATE(DATE(YEAR($H7),MONTH($H7),1),$O7)),MIN($P7,MAX(0,$N7-$U7-SUM($V7:AF7))),0)) | AH7: =IF(B7="","",SUM(V7:AG7)) | AI7: =IF(B7="","",MIN(N7,IF(U7="",0,U7)+AH7)) | AJ7: =IF(B7="","",MAX(0,L7-AI7)) | AK7: =IF(B7="","",IF(H7>'Thiết lập'!$B$5,"Chưa khấu hao",IF(AJ7<=IF(M7="",0,M7),"Đã hết khấu hao","Đang khấu hao"))) | AL7: CP642-FA001 | AM7: CT-001 | AN7: Dữ liệu minh họa – có thể thay thế | AO7: =IF(B7="","",IF(COUNTIF($B$7:$B$306,B7)>1,"Trùng mã TSCĐ",IF(C7="","Thiếu tên TSCĐ",IF(H7="","Thiếu ngày bắt đầu",IF(OR(I7<=0,L7<=0,O7<=0),"Kiểm tra số lượng/nguyên giá/thời gian",IF(AND(G7<>"",H7<G7),"Ngày KH trước ngày ghi tăng",IF(M7>L7,"Giá trị thu hồi vượt nguyên giá",IF(IF(U7="",0,U7)>N7,"Lũy kế đầu năm vượt GTKH","OK"))))))))
A8: =IF(B8="","",ROW()-6) | L8: =IF(B8="","",IF(OR(I8="",J8=""),"",I8*J8+IF(K8="",0,K8))) | N8: =IF(L8="","",MAX(0,L8-IF(M8="",0,M8))) | P8: =IF(OR(N8="",O8<=0),"",ROUND(N8/O8,0)) | Q8: =IF(OR(H8="",O8<=0),"",EOMONTH(H8,O8-1)) | V8: =IF($AO8<>"OK",0,IF(AND(DATE('Thiết lập'!$B$4,1,1)>=DATE(YEAR($H8),MONTH($H8),1),DATE('Thiết lập'!$B$4,1,1)<EDATE(DATE(YEAR($H8),MONTH($H8),1),$O8)),MIN($P8,MAX(0,$N8-$U8-0)),0)) | W8: =IF($AO8<>"OK",0,IF(AND(DATE('Thiết lập'!$B$4,2,1)>=DATE(YEAR($H8),MONTH($H8),1),DATE('Thiết lập'!$B$4,2,1)<EDATE(DATE(YEAR($H8),MONTH($H8),1),$O8)),MIN($P8,MAX(0,$N8-$U8-SUM($V8:V8))),0)) | X8: =IF($AO8<>"OK",0,IF(AND(DATE('Thiết lập'!$B$4,3,1)>=DATE(YEAR($H8),MONTH($H8),1),DATE('Thiết lập'!$B$4,3,1)<EDATE(DATE(YEAR($H8),MONTH($H8),1),$O8)),MIN($P8,MAX(0,$N8-$U8-SUM($V8:W8))),0)) | Y8: =IF($AO8<>"OK",0,IF(AND(DATE('Thiết lập'!$B$4,4,1)>=DATE(YEAR($H8),MONTH($H8),1),DATE('Thiết lập'!$B$4,4,1)<EDATE(DATE(YEAR($H8),MONTH($H8),1),$O8)),MIN($P8,MAX(0,$N8-$U8-SUM($V8:X8))),0)) | Z8: =IF($AO8<>"OK",0,IF(AND(DATE('Thiết lập'!$B$4,5,1)>=DATE(YEAR($H8),MONTH($H8),1),DATE('Thiết lập'!$B$4,5,1)<EDATE(DATE(YEAR($H8),MONTH($H8),1),$O8)),MIN($P8,MAX(0,$N8-$U8-SUM($V8:Y8))),0)) | AA8: =IF($AO8<>"OK",0,IF(AND(DATE('Thiết lập'!$B$4,6,1)>=DATE(YEAR($H8),MONTH($H8),1),DATE('Thiết lập'!$B$4,6,1)<EDATE(DATE(YEAR($H8),MONTH($H8),1),$O8)),MIN($P8,MAX(0,$N8-$U8-SUM($V8:Z8))),0)) | AB8: =IF($AO8<>"OK",0,IF(AND(DATE('Thiết lập'!$B$4,7,1)>=DATE(YEAR($H8),MONTH($H8),1),DATE('Thiết lập'!$B$4,7,1)<EDATE(DATE(YEAR($H8),MONTH($H8),1),$O8)),MIN($P8,MAX(0,$N8-$U8-SUM($V8:AA8))),0)) | AC8: =IF($AO8<>"OK",0,IF(AND(DATE('Thiết lập'!$B$4,8,1)>=DATE(YEAR($H8),MONTH($H8),1),DATE('Thiết lập'!$B$4,8,1)<EDATE(DATE(YEAR($H8),MONTH($H8),1),$O8)),MIN($P8,MAX(0,$N8-$U8-SUM($V8:AB8))),0)) | AD8: =IF($AO8<>"OK",0,IF(AND(DATE('Thiết lập'!$B$4,9,1)>=DATE(YEAR($H8),MONTH($H8),1),DATE('Thiết lập'!$B$4,9,1)<EDATE(DATE(YEAR($H8),MONTH($H8),1),$O8)),MIN($P8,MAX(0,$N8-$U8-SUM($V8:AC8))),0)) | AE8: =IF($AO8<>"OK",0,IF(AND(DATE('Thiết lập'!$B$4,10,1)>=DATE(YEAR($H8),MONTH($H8),1),DATE('Thiết lập'!$B$4,10,1)<EDATE(DATE(YEAR($H8),MONTH($H8),1),$O8)),MIN($P8,MAX(0,$N8-$U8-SUM($V8:AD8))),0)) | AF8: =IF($AO8<>"OK",0,IF(AND(DATE('Thiết lập'!$B$4,11,1)>=DATE(YEAR($H8),MONTH($H8),1),DATE('Thiết lập'!$B$4,11,1)<EDATE(DATE(YEAR($H8),MONTH($H8),1),$O8)),MIN($P8,MAX(0,$N8-$U8-SUM($V8:AE8))),0)) | AG8: =IF($AO8<>"OK",0,IF(AND(DATE('Thiết lập'!$B$4,12,1)>=DATE(YEAR($H8),MONTH($H8),1),DATE('Thiết lập'!$B$4,12,1)<EDATE(DATE(YEAR($H8),MONTH($H8),1),$O8)),MIN($P8,MAX(0,$N8-$U8-SUM($V8:AF8))),0)) | AH8: =IF(B8="","",SUM(V8:AG8)) | AI8: =IF(B8="","",MIN(N8,IF(U8="",0,U8)+AH8)) | AJ8: =IF(B8="","",MAX(0,L8-AI8)) | AK8: =IF(B8="","",IF(H8>'Thiết lập'!$B$5,"Chưa khấu hao",IF(AJ8<=IF(M8="",0,M8),"Đã hết khấu hao","Đang khấu hao"))) | AO8: =IF(B8="","",IF(COUNTIF($B$7:$B$306,B8)>1,"Trùng mã TSCĐ",IF(C8="","Thiếu tên TSCĐ",IF(H8="","Thiếu ngày bắt đầu",IF(OR(I8<=0,L8<=0,O8<=0),"Kiểm tra số lượng/nguyên giá/thời gian",IF(AND(G8<>"",H8<G8),"Ngày KH trước ngày ghi tăng",IF(M8>L8,"Giá trị thu hồi vượt nguyên giá",IF(IF(U8="",0,U8)>N8,"Lũy kế đầu năm vượt GTKH","OK"))))))))
A9: =IF(B9="","",ROW()-6) | L9: =IF(B9="","",IF(OR(I9="",J9=""),"",I9*J9+IF(K9="",0,K9))) | N9: =IF(L9="","",MAX(0,L9-IF(M9="",0,M9))) | P9: =IF(OR(N9="",O9<=0),"",ROUND(N9/O9,0)) | Q9: =IF(OR(H9="",O9<=0),"",EOMONTH(H9,O9-1)) | V9: =IF($AO9<>"OK",0,IF(AND(DATE('Thiết lập'!$B$4,1,1)>=DATE(YEAR($H9),MONTH($H9),1),DATE('Thiết lập'!$B$4,1,1)<EDATE(DATE(YEAR($H9),MONTH($H9),1),$O9)),MIN($P9,MAX(0,$N9-$U9-0)),0)) | W9: =IF($AO9<>"OK",0,IF(AND(DATE('Thiết lập'!$B$4,2,1)>=DATE(YEAR($H9),MONTH($H9),1),DATE('Thiết lập'!$B$4,2,1)<EDATE(DATE(YEAR($H9),MONTH($H9),1),$O9)),MIN($P9,MAX(0,$N9-$U9-SUM($V9:V9))),0)) | X9: =IF($AO9<>"OK",0,IF(AND(DATE('Thiết lập'!$B$4,3,1)>=DATE(YEAR($H9),MONTH($H9),1),DATE('Thiết lập'!$B$4,3,1)<EDATE(DATE(YEAR($H9),MONTH($H9),1),$O9)),MIN($P9,MAX(0,$N9-$U9-SUM($V9:W9))),0)) | Y9: =IF($AO9<>"OK",0,IF(AND(DATE('Thiết lập'!$B$4,4,1)>=DATE(YEAR($H9),MONTH($H9),1),DATE('Thiết lập'!$B$4,4,1)<EDATE(DATE(YEAR($H9),MONTH($H9),1),$O9)),MIN($P9,MAX(0,$N9-$U9-SUM($V9:X9))),0)) | Z9: =IF($AO9<>"OK",0,IF(AND(DATE('Thiết lập'!$B$4,5,1)>=DATE(YEAR($H9),MONTH($H9),1),DATE('Thiết lập'!$B$4,5,1)<EDATE(DATE(YEAR($H9),MONTH($H9),1),$O9)),MIN($P9,MAX(0,$N9-$U9-SUM($V9:Y9))),0)) | AA9: =IF($AO9<>"OK",0,IF(AND(DATE('Thiết lập'!$B$4,6,1)>=DATE(YEAR($H9),MONTH($H9),1),DATE('Thiết lập'!$B$4,6,1)<EDATE(DATE(YEAR($H9),MONTH($H9),1),$O9)),MIN($P9,MAX(0,$N9-$U9-SUM($V9:Z9))),0)) | AB9: =IF($AO9<>"OK",0,IF(AND(DATE('Thiết lập'!$B$4,7,1)>=DATE(YEAR($H9),MONTH($H9),1),DATE('Thiết lập'!$B$4,7,1)<EDATE(DATE(YEAR($H9),MONTH($H9),1),$O9)),MIN($P9,MAX(0,$N9-$U9-SUM($V9:AA9))),0)) | AC9: =IF($AO9<>"OK",0,IF(AND(DATE('Thiết lập'!$B$4,8,1)>=DATE(YEAR($H9),MONTH($H9),1),DATE('Thiết lập'!$B$4,8,1)<EDATE(DATE(YEAR($H9),MONTH($H9),1),$O9)),MIN($P9,MAX(0,$N9-$U9-SUM($V9:AB9))),0)) | AD9: =IF($AO9<>"OK",0,IF(AND(DATE('Thiết lập'!$B$4,9,1)>=DATE(YEAR($H9),MONTH($H9),1),DATE('Thiết lập'!$B$4,9,1)<EDATE(DATE(YEAR($H9),MONTH($H9),1),$O9)),MIN($P9,MAX(0,$N9-$U9-SUM($V9:AC9))),0)) | AE9: =IF($AO9<>"OK",0,IF(AND(DATE('Thiết lập'!$B$4,10,1)>=DATE(YEAR($H9),MONTH($H9),1),DATE('Thiết lập'!$B$4,10,1)<EDATE(DATE(YEAR($H9),MONTH($H9),1),$O9)),MIN($P9,MAX(0,$N9-$U9-SUM($V9:AD9))),0)) | AF9: =IF($AO9<>"OK",0,IF(AND(DATE('Thiết lập'!$B$4,11,1)>=DATE(YEAR($H9),MONTH($H9),1),DATE('Thiết lập'!$B$4,11,1)<EDATE(DATE(YEAR($H9),MONTH($H9),1),$O9)),MIN($P9,MAX(0,$N9-$U9-SUM($V9:AE9))),0)) | AG9: =IF($AO9<>"OK",0,IF(AND(DATE('Thiết lập'!$B$4,12,1)>=DATE(YEAR($H9),MONTH($H9),1),DATE('Thiết lập'!$B$4,12,1)<EDATE(DATE(YEAR($H9),MONTH($H9),1),$O9)),MIN($P9,MAX(0,$N9-$U9-SUM($V9:AF9))),0)) | AH9: =IF(B9="","",SUM(V9:AG9)) | AI9: =IF(B9="","",MIN(N9,IF(U9="",0,U9)+AH9)) | AJ9: =IF(B9="","",MAX(0,L9-AI9)) | AK9: =IF(B9="","",IF(H9>'Thiết lập'!$B$5,"Chưa khấu hao",IF(AJ9<=IF(M9="",0,M9),"Đã hết khấu hao","Đang khấu hao"))) | AO9: =IF(B9="","",IF(COUNTIF($B$7:$B$306,B9)>1,"Trùng mã TSCĐ",IF(C9="","Thiếu tên TSCĐ",IF(H9="","Thiếu ngày bắt đầu",IF(OR(I9<=0,L9<=0,O9<=0),"Kiểm tra số lượng/nguyên giá/thời gian",IF(AND(G9<>"",H9<G9),"Ngày KH trước ngày ghi tăng",IF(M9>L9,"Giá trị thu hồi vượt nguyên giá",IF(IF(U9="",0,U9)>N9,"Lũy kế đầu năm vượt GTKH","OK"))))))))
A10: =IF(B10="","",ROW()-6) | L10: =IF(B10="","",IF(OR(I10="",J10=""),"",I10*J10+IF(K10="",0,K10))) | N10: =IF(L10="","",MAX(0,L10-IF(M10="",0,M10))) | P10: =IF(OR(N10="",O10<=0),"",ROUND(N10/O10,0)) | Q10: =IF(OR(H10="",O10<=0),"",EOMONTH(H10,O10-1)) | V10: =IF($AO10<>"OK",0,IF(AND(DATE('Thiết lập'!$B$4,1,1)>=DATE(YEAR($H10),MONTH($H10),1),DATE('Thiết lập'!$B$4,1,1)<EDATE(DATE(YEAR($H10),MONTH($H10),1),$O10)),MIN($P10,MAX(0,$N10-$U10-0)),0)) | W10: =IF($AO10<>"OK",0,IF(AND(DATE('Thiết lập'!$B$4,2,1)>=DATE(YEAR($H10),MONTH($H10),1),DATE('Thiết lập'!$B$4,2,1)<EDATE(DATE(YEAR($H10),MONTH($H10),1),$O10)),MIN($P10,MAX(0,$N10-$U10-SUM($V10:V10))),0)) | X10: =IF($AO10<>"OK",0,IF(AND(DATE('Thiết lập'!$B$4,3,1)>=DATE(YEAR($H10),MONTH($H10),1),DATE('Thiết lập'!$B$4,3,1)<EDATE(DATE(YEAR($H10),MONTH($H10),1),$O10)),MIN($P10,MAX(0,$N10-$U10-SUM($V10:W10))),0)) | Y10: =IF($AO10<>"OK",0,IF(AND(DATE('Thiết lập'!$B$4,4,1)>=DATE(YEAR($H10),MONTH($H10),1),DATE('Thiết lập'!$B$4,4,1)<EDATE(DATE(YEAR($H10),MONTH($H10),1),$O10)),MIN($P10,MAX(0,$N10-$U10-SUM($V10:X10))),0)) | Z10: =IF($AO10<>"OK",0,IF(AND(DATE('Thiết lập'!$B$4,5,1)>=DATE(YEAR($H10),MONTH($H10),1),DATE('Thiết lập'!$B$4,5,1)<EDATE(DATE(YEAR($H10),MONTH($H10),1),$O10)),MIN($P10,MAX(0,$N10-$U10-SUM($V10:Y10))),0)) | AA10: =IF($AO10<>"OK",0,IF(AND(DATE('Thiết lập'!$B$4,6,1)>=DATE(YEAR($H10),MONTH($H10),1),DATE('Thiết lập'!$B$4,6,1)<EDATE(DATE(YEAR($H10),MONTH($H10),1),$O10)),MIN($P10,MAX(0,$N10-$U10-SUM($V10:Z10))),0)) | AB10: =IF($AO10<>"OK",0,IF(AND(DATE('Thiết lập'!$B$4,7,1)>=DATE(YEAR($H10),MONTH($H10),1),DATE('Thiết lập'!$B$4,7,1)<EDATE(DATE(YEAR($H10),MONTH($H10),1),$O10)),MIN($P10,MAX(0,$N10-$U10-SUM($V10:AA10))),0)) | AC10: =IF($AO10<>"OK",0,IF(AND(DATE('Thiết lập'!$B$4,8,1)>=DATE(YEAR($H10),MONTH($H10),1),DATE('Thiết lập'!$B$4,8,1)<EDATE(DATE(YEAR($H10),MONTH($H10),1),$O10)),MIN($P10,MAX(0,$N10-$U10-SUM($V10:AB10))),0)) | AD10: =IF($AO10<>"OK",0,IF(AND(DATE('Thiết lập'!$B$4,9,1)>=DATE(YEAR($H10),MONTH($H10),1),DATE('Thiết lập'!$B$4,9,1)<EDATE(DATE(YEAR($H10),MONTH($H10),1),$O10)),MIN($P10,MAX(0,$N10-$U10-SUM($V10:AC10))),0)) | AE10: =IF($AO10<>"OK",0,IF(AND(DATE('Thiết lập'!$B$4,10,1)>=DATE(YEAR($H10),MONTH($H10),1),DATE('Thiết lập'!$B$4,10,1)<EDATE(DATE(YEAR($H10),MONTH($H10),1),$O10)),MIN($P10,MAX(0,$N10-$U10-SUM($V10:AD10))),0)) | AF10: =IF($AO10<>"OK",0,IF(AND(DATE('Thiết lập'!$B$4,11,1)>=DATE(YEAR($H10),MONTH($H10),1),DATE('Thiết lập'!$B$4,11,1)<EDATE(DATE(YEAR($H10),MONTH($H10),1),$O10)),MIN($P10,MAX(0,$N10-$U10-SUM($V10:AE10))),0)) | AG10: =IF($AO10<>"OK",0,IF(AND(DATE('Thiết lập'!$B$4,12,1)>=DATE(YEAR($H10),MONTH($H10),1),DATE('Thiết lập'!$B$4,12,1)<EDATE(DATE(YEAR($H10),MONTH($H10),1),$O10)),MIN($P10,MAX(0,$N10-$U10-SUM($V10:AF10))),0)) | AH10: =IF(B10="","",SUM(V10:AG10)) | AI10: =IF(B10="","",MIN(N10,IF(U10="",0,U10)+AH10)) | AJ10: =IF(B10="","",MAX(0,L10-AI10)) | AK10: =IF(B10="","",IF(H10>'Thiết lập'!$B$5,"Chưa khấu hao",IF(AJ10<=IF(M10="",0,M10),"Đã hết khấu hao","Đang khấu hao"))) | AO10: =IF(B10="","",IF(COUNTIF($B$7:$B$306,B10)>1,"Trùng mã TSCĐ",IF(C10="","Thiếu tên TSCĐ",IF(H10="","Thiếu ngày bắt đầu",IF(OR(I10<=0,L10<=0,O10<=0),"Kiểm tra số lượng/nguyên giá/thời gian",IF(AND(G10<>"",H10<G10),"Ngày KH trước ngày ghi tăng",IF(M10>L10,"Giá trị thu hồi vượt nguyên giá",IF(IF(U10="",0,U10)>N10,"Lũy kế đầu năm vượt GTKH","OK"))))))))
A11: =IF(B11="","",ROW()-6) | L11: =IF(B11="","",IF(OR(I11="",J11=""),"",I11*J11+IF(K11="",0,K11))) | N11: =IF(L11="","",MAX(0,L11-IF(M11="",0,M11))) | P11: =IF(OR(N11="",O11<=0),"",ROUND(N11/O11,0)) | Q11: =IF(OR(H11="",O11<=0),"",EOMONTH(H11,O11-1)) | V11: =IF($AO11<>"OK",0,IF(AND(DATE('Thiết lập'!$B$4,1,1)>=DATE(YEAR($H11),MONTH($H11),1),DATE('Thiết lập'!$B$4,1,1)<EDATE(DATE(YEAR($H11),MONTH($H11),1),$O11)),MIN($P11,MAX(0,$N11-$U11-0)),0)) | W11: =IF($AO11<>"OK",0,IF(AND(DATE('Thiết lập'!$B$4,2,1)>=DATE(YEAR($H11),MONTH($H11),1),DATE('Thiết lập'!$B$4,2,1)<EDATE(DATE(YEAR($H11),MONTH($H11),1),$O11)),MIN($P11,MAX(0,$N11-$U11-SUM($V11:V11))),0)) | X11: =IF($AO11<>"OK",0,IF(AND(DATE('Thiết lập'!$B$4,3,1)>=DATE(YEAR($H11),MONTH($H11),1),DATE('Thiết lập'!$B$4,3,1)<EDATE(DATE(YEAR($H11),MONTH($H11),1),$O11)),MIN($P11,MAX(0,$N11-$U11-SUM($V11:W11))),0)) | Y11: =IF($AO11<>"OK",0,IF(AND(DATE('Thiết lập'!$B$4,4,1)>=DATE(YEAR($H11),MONTH($H11),1),DATE('Thiết lập'!$B$4,4,1)<EDATE(DATE(YEAR($H11),MONTH($H11),1),$O11)),MIN($P11,MAX(0,$N11-$U11-SUM($V11:X11))),0)) | Z11: =IF($AO11<>"OK",0,IF(AND(DATE('Thiết lập'!$B$4,5,1)>=DATE(YEAR($H11),MONTH($H11),1),DATE('Thiết lập'!$B$4,5,1)<EDATE(DATE(YEAR($H11),MONTH($H11),1),$O11)),MIN($P11,MAX(0,$N11-$U11-SUM($V11:Y11))),0)) | AA11: =IF($AO11<>"OK",0,IF(AND(DATE('Thiết lập'!$B$4,6,1)>=DATE(YEAR($H11),MONTH($H11),1),DATE('Thiết lập'!$B$4,6,1)<EDATE(DATE(YEAR($H11),MONTH($H11),1),$O11)),MIN($P11,MAX(0,$N11-$U11-SUM($V11:Z11))),0)) | AB11: =IF($AO11<>"OK",0,IF(AND(DATE('Thiết lập'!$B$4,7,1)>=DATE(YEAR($H11),MONTH($H11),1),DATE('Thiết lập'!$B$4,7,1)<EDATE(DATE(YEAR($H11),MONTH($H11),1),$O11)),MIN($P11,MAX(0,$N11-$U11-SUM($V11:AA11))),0)) | AC11: =IF($AO11<>"OK",0,IF(AND(DATE('Thiết lập'!$B$4,8,1)>=DATE(YEAR($H11),MONTH($H11),1),DATE('Thiết lập'!$B$4,8,1)<EDATE(DATE(YEAR($H11),MONTH($H11),1),$O11)),MIN($P11,MAX(0,$N11-$U11-SUM($V11:AB11))),0)) | AD11: =IF($AO11<>"OK",0,IF(AND(DATE('Thiết lập'!$B$4,9,1)>=DATE(YEAR($H11),MONTH($H11),1),DATE('Thiết lập'!$B$4,9,1)<EDATE(DATE(YEAR($H11),MONTH($H11),1),$O11)),MIN($P11,MAX(0,$N11-$U11-SUM($V11:AC11))),0)) | AE11: =IF($AO11<>"OK",0,IF(AND(DATE('Thiết lập'!$B$4,10,1)>=DATE(YEAR($H11),MONTH($H11),1),DATE('Thiết lập'!$B$4,10,1)<EDATE(DATE(YEAR($H11),MONTH($H11),1),$O11)),MIN($P11,MAX(0,$N11-$U11-SUM($V11:AD11))),0)) | AF11: =IF($AO11<>"OK",0,IF(AND(DATE('Thiết lập'!$B$4,11,1)>=DATE(YEAR($H11),MONTH($H11),1),DATE('Thiết lập'!$B$4,11,1)<EDATE(DATE(YEAR($H11),MONTH($H11),1),$O11)),MIN($P11,MAX(0,$N11-$U11-SUM($V11:AE11))),0)) | AG11: =IF($AO11<>"OK",0,IF(AND(DATE('Thiết lập'!$B$4,12,1)>=DATE(YEAR($H11),MONTH($H11),1),DATE('Thiết lập'!$B$4,12,1)<EDATE(DATE(YEAR($H11),MONTH($H11),1),$O11)),MIN($P11,MAX(0,$N11-$U11-SUM($V11:AF11))),0)) | AH11: =IF(B11="","",SUM(V11:AG11)) | AI11: =IF(B11="","",MIN(N11,IF(U11="",0,U11)+AH11)) | AJ11: =IF(B11="","",MAX(0,L11-AI11)) | AK11: =IF(B11="","",IF(H11>'Thiết lập'!$B$5,"Chưa khấu hao",IF(AJ11<=IF(M11="",0,M11),"Đã hết khấu hao","Đang khấu hao"))) | AO11: =IF(B11="","",IF(COUNTIF($B$7:$B$306,B11)>1,"Trùng mã TSCĐ",IF(C11="","Thiếu tên TSCĐ",IF(H11="","Thiếu ngày bắt đầu",IF(OR(I11<=0,L11<=0,O11<=0),"Kiểm tra số lượng/nguyên giá/thời gian",IF(AND(G11<>"",H11<G11),"Ngày KH trước ngày ghi tăng",IF(M11>L11,"Giá trị thu hồi vượt nguyên giá",IF(IF(U11="",0,U11)>N11,"Lũy kế đầu năm vượt GTKH","OK"))))))))
A12: =IF(B12="","",ROW()-6) | L12: =IF(B12="","",IF(OR(I12="",J12=""),"",I12*J12+IF(K12="",0,K12))) | N12: =IF(L12="","",MAX(0,L12-IF(M12="",0,M12))) | P12: =IF(OR(N12="",O12<=0),"",ROUND(N12/O12,0)) | Q12: =IF(OR(H12="",O12<=0),"",EOMONTH(H12,O12-1)) | V12: =IF($AO12<>"OK",0,IF(AND(DATE('Thiết lập'!$B$4,1,1)>=DATE(YEAR($H12),MONTH($H12),1),DATE('Thiết lập'!$B$4,1,1)<EDATE(DATE(YEAR($H12),MONTH($H12),1),$O12)),MIN($P12,MAX(0,$N12-$U12-0)),0)) | W12: =IF($AO12<>"OK",0,IF(AND(DATE('Thiết lập'!$B$4,2,1)>=DATE(YEAR($H12),MONTH($H12),1),DATE('Thiết lập'!$B$4,2,1)<EDATE(DATE(YEAR($H12),MONTH($H12),1),$O12)),MIN($P12,MAX(0,$N12-$U12-SUM($V12:V12))),0)) | X12: =IF($AO12<>"OK",0,IF(AND(DATE('Thiết lập'!$B$4,3,1)>=DATE(YEAR($H12),MONTH($H12),1),DATE('Thiết lập'!$B$4,3,1)<EDATE(DATE(YEAR($H12),MONTH($H12),1),$O12)),MIN($P12,MAX(0,$N12-$U12-SUM($V12:W12))),0)) | Y12: =IF($AO12<>"OK",0,IF(AND(DATE('Thiết lập'!$B$4,4,1)>=DATE(YEAR($H12),MONTH($H12),1),DATE('Thiết lập'!$B$4,4,1)<EDATE(DATE(YEAR($H12),MONTH($H12),1),$O12)),MIN($P12,MAX(0,$N12-$U12-SUM($V12:X12))),0)) | Z12: =IF($AO12<>"OK",0,IF(AND(DATE('Thiết lập'!$B$4,5,1)>=DATE(YEAR($H12),MONTH($H12),1),DATE('Thiết lập'!$B$4,5,1)<EDATE(DATE(YEAR($H12),MONTH($H12),1),$O12)),MIN($P12,MAX(0,$N12-$U12-SUM($V12:Y12))),0)) | AA12: =IF($AO12<>"OK",0,IF(AND(DATE('Thiết lập'!$B$4,6,1)>=DATE(YEAR($H12),MONTH($H12),1),DATE('Thiết lập'!$B$4,6,1)<EDATE(DATE(YEAR($H12),MONTH($H12),1),$O12)),MIN($P12,MAX(0,$N12-$U12-SUM($V12:Z12))),0)) | AB12: =IF($AO12<>"OK",0,IF(AND(DATE('Thiết lập'!$B$4,7,1)>=DATE(YEAR($H12),MONTH($H12),1),DATE('Thiết lập'!$B$4,7,1)<EDATE(DATE(YEAR($H12),MONTH($H12),1),$O12)),MIN($P12,MAX(0,$N12-$U12-SUM($V12:AA12))),0)) | AC12: =IF($AO12<>"OK",0,IF(AND(DATE('Thiết lập'!$B$4,8,1)>=DATE(YEAR($H12),MONTH($H12),1),DATE('Thiết lập'!$B$4,8,1)<EDATE(DATE(YEAR($H12),MONTH($H12),1),$O12)),MIN($P12,MAX(0,$N12-$U12-SUM($V12:AB12))),0)) | AD12: =IF($AO12<>"OK",0,IF(AND(DATE('Thiết lập'!$B$4,9,1)>=DATE(YEAR($H12),MONTH($H12),1),DATE('Thiết lập'!$B$4,9,1)<EDATE(DATE(YEAR($H12),MONTH($H12),1),$O12)),MIN($P12,MAX(0,$N12-$U12-SUM($V12:AC12))),0)) | AE12: =IF($AO12<>"OK",0,IF(AND(DATE('Thiết lập'!$B$4,10,1)>=DATE(YEAR($H12),MONTH($H12),1),DATE('Thiết lập'!$B$4,10,1)<EDATE(DATE(YEAR($H12),MONTH($H12),1),$O12)),MIN($P12,MAX(0,$N12-$U12-SUM($V12:AD12))),0)) | AF12: =IF($AO12<>"OK",0,IF(AND(DATE('Thiết lập'!$B$4,11,1)>=DATE(YEAR($H12),MONTH($H12),1),DATE('Thiết lập'!$B$4,11,1)<EDATE(DATE(YEAR($H12),MONTH($H12),1),$O12)),MIN($P12,MAX(0,$N12-$U12-SUM($V12:AE12))),0)) | AG12: =IF($AO12<>"OK",0,IF(AND(DATE('Thiết lập'!$B$4,12,1)>=DATE(YEAR($H12),MONTH($H12),1),DATE('Thiết lập'!$B$4,12,1)<EDATE(DATE(YEAR($H12),MONTH($H12),1),$O12)),MIN($P12,MAX(0,$N12-$U12-SUM($V12:AF12))),0)) | AH12: =IF(B12="","",SUM(V12:AG12)) | AI12: =IF(B12="","",MIN(N12,IF(U12="",0,U12)+AH12)) | AJ12: =IF(B12="","",MAX(0,L12-AI12)) | AK12: =IF(B12="","",IF(H12>'Thiết lập'!$B$5,"Chưa khấu hao",IF(AJ12<=IF(M12="",0,M12),"Đã hết khấu hao","Đang khấu hao"))) | AO12: =IF(B12="","",IF(COUNTIF($B$7:$B$306,B12)>1,"Trùng mã TSCĐ",IF(C12="","Thiếu tên TSCĐ",IF(H12="","Thiếu ngày bắt đầu",IF(OR(I12<=0,L12<=0,O12<=0),"Kiểm tra số lượng/nguyên giá/thời gian",IF(AND(G12<>"",H12<G12),"Ngày KH trước ngày ghi tăng",IF(M12>L12,"Giá trị thu hồi vượt nguyên giá",IF(IF(U12="",0,U12)>N12,"Lũy kế đầu năm vượt GTKH","OK"))))))))
A13: =IF(B13="","",ROW()-6) | L13: =IF(B13="","",IF(OR(I13="",J13=""),"",I13*J13+IF(K13="",0,K13))) | N13: =IF(L13="","",MAX(0,L13-IF(M13="",0,M13))) | P13: =IF(OR(N13="",O13<=0),"",ROUND(N13/O13,0)) | Q13: =IF(OR(H13="",O13<=0),"",EOMONTH(H13,O13-1)) | V13: =IF($AO13<>"OK",0,IF(AND(DATE('Thiết lập'!$B$4,1,1)>=DATE(YEAR($H13),MONTH($H13),1),DATE('Thiết lập'!$B$4,1,1)<EDATE(DATE(YEAR($H13),MONTH($H13),1),$O13)),MIN($P13,MAX(0,$N13-$U13-0)),0)) | W13: =IF($AO13<>"OK",0,IF(AND(DATE('Thiết lập'!$B$4,2,1)>=DATE(YEAR($H13),MONTH($H13),1),DATE('Thiết lập'!$B$4,2,1)<EDATE(DATE(YEAR($H13),MONTH($H13),1),$O13)),MIN($P13,MAX(0,$N13-$U13-SUM($V13:V13))),0)) | X13: =IF($AO13<>"OK",0,IF(AND(DATE('Thiết lập'!$B$4,3,1)>=DATE(YEAR($H13),MONTH($H13),1),DATE('Thiết lập'!$B$4,3,1)<EDATE(DATE(YEAR($H13),MONTH($H13),1),$O13)),MIN($P13,MAX(0,$N13-$U13-SUM($V13:W13))),0)) | Y13: =IF($AO13<>"OK",0,IF(AND(DATE('Thiết lập'!$B$4,4,1)>=DATE(YEAR($H13),MONTH($H13),1),DATE('Thiết lập'!$B$4,4,1)<EDATE(DATE(YEAR($H13),MONTH($H13),1),$O13)),MIN($P13,MAX(0,$N13-$U13-SUM($V13:X13))),0)) | Z13: =IF($AO13<>"OK",0,IF(AND(DATE('Thiết lập'!$B$4,5,1)>=DATE(YEAR($H13),MONTH($H13),1),DATE('Thiết lập'!$B$4,5,1)<EDATE(DATE(YEAR($H13),MONTH($H13),1),$O13)),MIN($P13,MAX(0,$N13-$U13-SUM($V13:Y13))),0)) | AA13: =IF($AO13<>"OK",0,IF(AND(DATE('Thiết lập'!$B$4,6,1)>=DATE(YEAR($H13),MONTH($H13),1),DATE('Thiết lập'!$B$4,6,1)<EDATE(DATE(YEAR($H13),MONTH($H13),1),$O13)),MIN($P13,MAX(0,$N13-$U13-SUM($V13:Z13))),0)) | AB13: =IF($AO13<>"OK",0,IF(AND(DATE('Thiết lập'!$B$4,7,1)>=DATE(YEAR($H13),MONTH($H13),1),DATE('Thiết lập'!$B$4,7,1)<EDATE(DATE(YEAR($H13),MONTH($H13),1),$O13)),MIN($P13,MAX(0,$N13-$U13-SUM($V13:AA13))),0)) | AC13: =IF($AO13<>"OK",0,IF(AND(DATE('Thiết lập'!$B$4,8,1)>=DATE(YEAR($H13),MONTH($H13),1),DATE('Thiết lập'!$B$4,8,1)<EDATE(DATE(YEAR($H13),MONTH($H13),1),$O13)),MIN($P13,MAX(0,$N13-$U13-SUM($V13:AB13))),0)) | AD13: =IF($AO13<>"OK",0,IF(AND(DATE('Thiết lập'!$B$4,9,1)>=DATE(YEAR($H13),MONTH($H13),1),DATE('Thiết lập'!$B$4,9,1)<EDATE(DATE(YEAR($H13),MONTH($H13),1),$O13)),MIN($P13,MAX(0,$N13-$U13-SUM($V13:AC13))),0)) | AE13: =IF($AO13<>"OK",0,IF(AND(DATE('Thiết lập'!$B$4,10,1)>=DATE(YEAR($H13),MONTH($H13),1),DATE('Thiết lập'!$B$4,10,1)<EDATE(DATE(YEAR($H13),MONTH($H13),1),$O13)),MIN($P13,MAX(0,$N13-$U13-SUM($V13:AD13))),0)) | AF13: =IF($AO13<>"OK",0,IF(AND(DATE('Thiết lập'!$B$4,11,1)>=DATE(YEAR($H13),MONTH($H13),1),DATE('Thiết lập'!$B$4,11,1)<EDATE(DATE(YEAR($H13),MONTH($H13),1),$O13)),MIN($P13,MAX(0,$N13-$U13-SUM($V13:AE13))),0)) | AG13: =IF($AO13<>"OK",0,IF(AND(DATE('Thiết lập'!$B$4,12,1)>=DATE(YEAR($H13),MONTH($H13),1),DATE('Thiết lập'!$B$4,12,1)<EDATE(DATE(YEAR($H13),MONTH($H13),1),$O13)),MIN($P13,MAX(0,$N13-$U13-SUM($V13:AF13))),0)) | AH13: =IF(B13="","",SUM(V13:AG13)) | AI13: =IF(B13="","",MIN(N13,IF(U13="",0,U13)+AH13)) | AJ13: =IF(B13="","",MAX(0,L13-AI13)) | AK13: =IF(B13="","",IF(H13>'Thiết lập'!$B$5,"Chưa khấu hao",IF(AJ13<=IF(M13="",0,M13),"Đã hết khấu hao","Đang khấu hao"))) | AO13: =IF(B13="","",IF(COUNTIF($B$7:$B$306,B13)>1,"Trùng mã TSCĐ",IF(C13="","Thiếu tên TSCĐ",IF(H13="","Thiếu ngày bắt đầu",IF(OR(I13<=0,L13<=0,O13<=0),"Kiểm tra số lượng/nguyên giá/thời gian",IF(AND(G13<>"",H13<G13),"Ngày KH trước ngày ghi tăng",IF(M13>L13,"Giá trị thu hồi vượt nguyên giá",IF(IF(U13="",0,U13)>N13,"Lũy kế đầu năm vượt GTKH","OK"))))))))
A14: =IF(B14="","",ROW()-6) | L14: =IF(B14="","",IF(OR(I14="",J14=""),"",I14*J14+IF(K14="",0,K14))) | N14: =IF(L14="","",MAX(0,L14-IF(M14="",0,M14))) | P14: =IF(OR(N14="",O14<=0),"",ROUND(N14/O14,0)) | Q14: =IF(OR(H14="",O14<=0),"",EOMONTH(H14,O14-1)) | V14: =IF($AO14<>"OK",0,IF(AND(DATE('Thiết lập'!$B$4,1,1)>=DATE(YEAR($H14),MONTH($H14),1),DATE('Thiết lập'!$B$4,1,1)<EDATE(DATE(YEAR($H14),MONTH($H14),1),$O14)),MIN($P14,MAX(0,$N14-$U14-0)),0)) | W14: =IF($AO14<>"OK",0,IF(AND(DATE('Thiết lập'!$B$4,2,1)>=DATE(YEAR($H14),MONTH($H14),1),DATE('Thiết lập'!$B$4,2,1)<EDATE(DATE(YEAR($H14),MONTH($H14),1),$O14)),MIN($P14,MAX(0,$N14-$U14-SUM($V14:V14))),0)) | X14: =IF($AO14<>"OK",0,IF(AND(DATE('Thiết lập'!$B$4,3,1)>=DATE(YEAR($H14),MONTH($H14),1),DATE('Thiết lập'!$B$4,3,1)<EDATE(DATE(YEAR($H14),MONTH($H14),1),$O14)),MIN($P14,MAX(0,$N14-$U14-SUM($V14:W14))),0)) | Y14: =IF($AO14<>"OK",0,IF(AND(DATE('Thiết lập'!$B$4,4,1)>=DATE(YEAR($H14),MONTH($H14),1),DATE('Thiết lập'!$B$4,4,1)<EDATE(DATE(YEAR($H14),MONTH($H14),1),$O14)),MIN($P14,MAX(0,$N14-$U14-SUM($V14:X14))),0)) | Z14: =IF($AO14<>"OK",0,IF(AND(DATE('Thiết lập'!$B$4,5,1)>=DATE(YEAR($H14),MONTH($H14),1),DATE('Thiết lập'!$B$4,5,1)<EDATE(DATE(YEAR($H14),MONTH($H14),1),$O14)),MIN($P14,MAX(0,$N14-$U14-SUM($V14:Y14))),0)) | AA14: =IF($AO14<>"OK",0,IF(AND(DATE('Thiết lập'!$B$4,6,1)>=DATE(YEAR($H14),MONTH($H14),1),DATE('Thiết lập'!$B$4,6,1)<EDATE(DATE(YEAR($H14),MONTH($H14),1),$O14)),MIN($P14,MAX(0,$N14-$U14-SUM($V14:Z14))),0)) | AB14: =IF($AO14<>"OK",0,IF(AND(DATE('Thiết lập'!$B$4,7,1)>=DATE(YEAR($H14),MONTH($H14),1),DATE('Thiết lập'!$B$4,7,1)<EDATE(DATE(YEAR($H14),MONTH($H14),1),$O14)),MIN($P14,MAX(0,$N14-$U14-SUM($V14:AA14))),0)) | AC14: =IF($AO14<>"OK",0,IF(AND(DATE('Thiết lập'!$B$4,8,1)>=DATE(YEAR($H14),MONTH($H14),1),DATE('Thiết lập'!$B$4,8,1)<EDATE(DATE(YEAR($H14),MONTH($H14),1),$O14)),MIN($P14,MAX(0,$N14-$U14-SUM($V14:AB14))),0)) | AD14: =IF($AO14<>"OK",0,IF(AND(DATE('Thiết lập'!$B$4,9,1)>=DATE(YEAR($H14),MONTH($H14),1),DATE('Thiết lập'!$B$4,9,1)<EDATE(DATE(YEAR($H14),MONTH($H14),1),$O14)),MIN($P14,MAX(0,$N14-$U14-SUM($V14:AC14))),0)) | AE14: =IF($AO14<>"OK",0,IF(AND(DATE('Thiết lập'!$B$4,10,1)>=DATE(YEAR($H14),MONTH($H14),1),DATE('Thiết lập'!$B$4,10,1)<EDATE(DATE(YEAR($H14),MONTH($H14),1),$O14)),MIN($P14,MAX(0,$N14-$U14-SUM($V14:AD14))),0)) | AF14: =IF($AO14<>"OK",0,IF(AND(DATE('Thiết lập'!$B$4,11,1)>=DATE(YEAR($H14),MONTH($H14),1),DATE('Thiết lập'!$B$4,11,1)<EDATE(DATE(YEAR($H14),MONTH($H14),1),$O14)),MIN($P14,MAX(0,$N14-$U14-SUM($V14:AE14))),0)) | AG14: =IF($AO14<>"OK",0,IF(AND(DATE('Thiết lập'!$B$4,12,1)>=DATE(YEAR($H14),MONTH($H14),1),DATE('Thiết lập'!$B$4,12,1)<EDATE(DATE(YEAR($H14),MONTH($H14),1),$O14)),MIN($P14,MAX(0,$N14-$U14-SUM($V14:AF14))),0)) | AH14: =IF(B14="","",SUM(V14:AG14)) | AI14: =IF(B14="","",MIN(N14,IF(U14="",0,U14)+AH14)) | AJ14: =IF(B14="","",MAX(0,L14-AI14)) | AK14: =IF(B14="","",IF(H14>'Thiết lập'!$B$5,"Chưa khấu hao",IF(AJ14<=IF(M14="",0,M14),"Đã hết khấu hao","Đang khấu hao"))) | AO14: =IF(B14="","",IF(COUNTIF($B$7:$B$306,B14)>1,"Trùng mã TSCĐ",IF(C14="","Thiếu tên TSCĐ",IF(H14="","Thiếu ngày bắt đầu",IF(OR(I14<=0,L14<=0,O14<=0),"Kiểm tra số lượng/nguyên giá/thời gian",IF(AND(G14<>"",H14<G14),"Ngày KH trước ngày ghi tăng",IF(M14>L14,"Giá trị thu hồi vượt nguyên giá",IF(IF(U14="",0,U14)>N14,"Lũy kế đầu năm vượt GTKH","OK"))))))))
A15: =IF(B15="","",ROW()-6) | L15: =IF(B15="","",IF(OR(I15="",J15=""),"",I15*J15+IF(K15="",0,K15))) | N15: =IF(L15="","",MAX(0,L15-IF(M15="",0,M15))) | P15: =IF(OR(N15="",O15<=0),"",ROUND(N15/O15,0)) | Q15: =IF(OR(H15="",O15<=0),"",EOMONTH(H15,O15-1)) | V15: =IF($AO15<>"OK",0,IF(AND(DATE('Thiết lập'!$B$4,1,1)>=DATE(YEAR($H15),MONTH($H15),1),DATE('Thiết lập'!$B$4,1,1)<EDATE(DATE(YEAR($H15),MONTH($H15),1),$O15)),MIN($P15,MAX(0,$N15-$U15-0)),0)) | W15: =IF($AO15<>"OK",0,IF(AND(DATE('Thiết lập'!$B$4,2,1)>=DATE(YEAR($H15),MONTH($H15),1),DATE('Thiết lập'!$B$4,2,1)<EDATE(DATE(YEAR($H15),MONTH($H15),1),$O15)),MIN($P15,MAX(0,$N15-$U15-SUM($V15:V15))),0)) | X15: =IF($AO15<>"OK",0,IF(AND(DATE('Thiết lập'!$B$4,3,1)>=DATE(YEAR($H15),MONTH($H15),1),DATE('Thiết lập'!$B$4,3,1)<EDATE(DATE(YEAR($H15),MONTH($H15),1),$O15)),MIN($P15,MAX(0,$N15-$U15-SUM($V15:W15))),0)) | Y15: =IF($AO15<>"OK",0,IF(AND(DATE('Thiết lập'!$B$4,4,1)>=DATE(YEAR($H15),MONTH($H15),1),DATE('Thiết lập'!$B$4,4,1)<EDATE(DATE(YEAR($H15),MONTH($H15),1),$O15)),MIN($P15,MAX(0,$N15-$U15-SUM($V15:X15))),0)) | Z15: =IF($AO15<>"OK",0,IF(AND(DATE('Thiết lập'!$B$4,5,1)>=DATE(YEAR($H15),MONTH($H15),1),DATE('Thiết lập'!$B$4,5,1)<EDATE(DATE(YEAR($H15),MONTH($H15),1),$O15)),MIN($P15,MAX(0,$N15-$U15-SUM($V15:Y15))),0)) | AA15: =IF($AO15<>"OK",0,IF(AND(DATE('Thiết lập'!$B$4,6,1)>=DATE(YEAR($H15),MONTH($H15),1),DATE('Thiết lập'!$B$4,6,1)<EDATE(DATE(YEAR($H15),MONTH($H15),1),$O15)),MIN($P15,MAX(0,$N15-$U15-SUM($V15:Z15))),0)) | AB15: =IF($AO15<>"OK",0,IF(AND(DATE('Thiết lập'!$B$4,7,1)>=DATE(YEAR($H15),MONTH($H15),1),DATE('Thiết lập'!$B$4,7,1)<EDATE(DATE(YEAR($H15),MONTH($H15),1),$O15)),MIN($P15,MAX(0,$N15-$U15-SUM($V15:AA15))),0)) | AC15: =IF($AO15<>"OK",0,IF(AND(DATE('Thiết lập'!$B$4,8,1)>=DATE(YEAR($H15),MONTH($H15),1),DATE('Thiết lập'!$B$4,8,1)<EDATE(DATE(YEAR($H15),MONTH($H15),1),$O15)),MIN($P15,MAX(0,$N15-$U15-SUM($V15:AB15))),0)) | AD15: =IF($AO15<>"OK",0,IF(AND(DATE('Thiết lập'!$B$4,9,1)>=DATE(YEAR($H15),MONTH($H15),1),DATE('Thiết lập'!$B$4,9,1)<EDATE(DATE(YEAR($H15),MONTH($H15),1),$O15)),MIN($P15,MAX(0,$N15-$U15-SUM($V15:AC15))),0)) | AE15: =IF($AO15<>"OK",0,IF(AND(DATE('Thiết lập'!$B$4,10,1)>=DATE(YEAR($H15),MONTH($H15),1),DATE('Thiết lập'!$B$4,10,1)<EDATE(DATE(YEAR($H15),MONTH($H15),1),$O15)),MIN($P15,MAX(0,$N15-$U15-SUM($V15:AD15))),0)) | AF15: =IF($AO15<>"OK",0,IF(AND(DATE('Thiết lập'!$B$4,11,1)>=DATE(YEAR($H15),MONTH($H15),1),DATE('Thiết lập'!$B$4,11,1)<EDATE(DATE(YEAR($H15),MONTH($H15),1),$O15)),MIN($P15,MAX(0,$N15-$U15-SUM($V15:AE15))),0)) | AG15: =IF($AO15<>"OK",0,IF(AND(DATE('Thiết lập'!$B$4,12,1)>=DATE(YEAR($H15),MONTH($H15),1),DATE('Thiết lập'!$B$4,12,1)<EDATE(DATE(YEAR($H15),MONTH($H15),1),$O15)),MIN($P15,MAX(0,$N15-$U15-SUM($V15:AF15))),0)) | AH15: =IF(B15="","",SUM(V15:AG15)) | AI15: =IF(B15="","",MIN(N15,IF(U15="",0,U15)+AH15)) | AJ15: =IF(B15="","",MAX(0,L15-AI15)) | AK15: =IF(B15="","",IF(H15>'Thiết lập'!$B$5,"Chưa khấu hao",IF(AJ15<=IF(M15="",0,M15),"Đã hết khấu hao","Đang khấu hao"))) | AO15: =IF(B15="","",IF(COUNTIF($B$7:$B$306,B15)>1,"Trùng mã TSCĐ",IF(C15="","Thiếu tên TSCĐ",IF(H15="","Thiếu ngày bắt đầu",IF(OR(I15<=0,L15<=0,O15<=0),"Kiểm tra số lượng/nguyên giá/thời gian",IF(AND(G15<>"",H15<G15),"Ngày KH trước ngày ghi tăng",IF(M15>L15,"Giá trị thu hồi vượt nguyên giá",IF(IF(U15="",0,U15)>N15,"Lũy kế đầu năm vượt GTKH","OK"))))))))
A16: =IF(B16="","",ROW()-6) | L16: =IF(B16="","",IF(OR(I16="",J16=""),"",I16*J16+IF(K16="",0,K16))) | N16: =IF(L16="","",MAX(0,L16-IF(M16="",0,M16))) | P16: =IF(OR(N16="",O16<=0),"",ROUND(N16/O16,0)) | Q16: =IF(OR(H16="",O16<=0),"",EOMONTH(H16,O16-1)) | V16: =IF($AO16<>"OK",0,IF(AND(DATE('Thiết lập'!$B$4,1,1)>=DATE(YEAR($H16),MONTH($H16),1),DATE('Thiết lập'!$B$4,1,1)<EDATE(DATE(YEAR($H16),MONTH($H16),1),$O16)),MIN($P16,MAX(0,$N16-$U16-0)),0)) | W16: =IF($AO16<>"OK",0,IF(AND(DATE('Thiết lập'!$B$4,2,1)>=DATE(YEAR($H16),MONTH($H16),1),DATE('Thiết lập'!$B$4,2,1)<EDATE(DATE(YEAR($H16),MONTH($H16),1),$O16)),MIN($P16,MAX(0,$N16-$U16-SUM($V16:V16))),0)) | X16: =IF($AO16<>"OK",0,IF(AND(DATE('Thiết lập'!$B$4,3,1)>=DATE(YEAR($H16),MONTH($H16),1),DATE('Thiết lập'!$B$4,3,1)<EDATE(DATE(YEAR($H16),MONTH($H16),1),$O16)),MIN($P16,MAX(0,$N16-$U16-SUM($V16:W16))),0)) | Y16: =IF($AO16<>"OK",0,IF(AND(DATE('Thiết lập'!$B$4,4,1)>=DATE(YEAR($H16),MONTH($H16),1),DATE('Thiết lập'!$B$4,4,1)<EDATE(DATE(YEAR($H16),MONTH($H16),1),$O16)),MIN($P16,MAX(0,$N16-$U16-SUM($V16:X16))),0)) | Z16: =IF($AO16<>"OK",0,IF(AND(DATE('Thiết lập'!$B$4,5,1)>=DATE(YEAR($H16),MONTH($H16),1),DATE('Thiết lập'!$B$4,5,1)<EDATE(DATE(YEAR($H16),MONTH($H16),1),$O16)),MIN($P16,MAX(0,$N16-$U16-SUM($V16:Y16))),0)) | AA16: =IF($AO16<>"OK",0,IF(AND(DATE('Thiết lập'!$B$4,6,1)>=DATE(YEAR($H16),MONTH($H16),1),DATE('Thiết lập'!$B$4,6,1)<EDATE(DATE(YEAR($H16),MONTH($H16),1),$O16)),MIN($P16,MAX(0,$N16-$U16-SUM($V16:Z16))),0)) | AB16: =IF($AO16<>"OK",0,IF(AND(DATE('Thiết lập'!$B$4,7,1)>=DATE(YEAR($H16),MONTH($H16),1),DATE('Thiết lập'!$B$4,7,1)<EDATE(DATE(YEAR($H16),MONTH($H16),1),$O16)),MIN($P16,MAX(0,$N16-$U16-SUM($V16:AA16))),0)) | AC16: =IF($AO16<>"OK",0,IF(AND(DATE('Thiết lập'!$B$4,8,1)>=DATE(YEAR($H16),MONTH($H16),1),DATE('Thiết lập'!$B$4,8,1)<EDATE(DATE(YEAR($H16),MONTH($H16),1),$O16)),MIN($P16,MAX(0,$N16-$U16-SUM($V16:AB16))),0)) | AD16: =IF($AO16<>"OK",0,IF(AND(DATE('Thiết lập'!$B$4,9,1)>=DATE(YEAR($H16),MONTH($H16),1),DATE('Thiết lập'!$B$4,9,1)<EDATE(DATE(YEAR($H16),MONTH($H16),1),$O16)),MIN($P16,MAX(0,$N16-$U16-SUM($V16:AC16))),0)) | AE16: =IF($AO16<>"OK",0,IF(AND(DATE('Thiết lập'!$B$4,10,1)>=DATE(YEAR($H16),MONTH($H16),1),DATE('Thiết lập'!$B$4,10,1)<EDATE(DATE(YEAR($H16),MONTH($H16),1),$O16)),MIN($P16,MAX(0,$N16-$U16-SUM($V16:AD16))),0)) | AF16: =IF($AO16<>"OK",0,IF(AND(DATE('Thiết lập'!$B$4,11,1)>=DATE(YEAR($H16),MONTH($H16),1),DATE('Thiết lập'!$B$4,11,1)<EDATE(DATE(YEAR($H16),MONTH($H16),1),$O16)),MIN($P16,MAX(0,$N16-$U16-SUM($V16:AE16))),0)) | AG16: =IF($AO16<>"OK",0,IF(AND(DATE('Thiết lập'!$B$4,12,1)>=DATE(YEAR($H16),MONTH($H16),1),DATE('Thiết lập'!$B$4,12,1)<EDATE(DATE(YEAR($H16),MONTH($H16),1),$O16)),MIN($P16,MAX(0,$N16-$U16-SUM($V16:AF16))),0)) | AH16: =IF(B16="","",SUM(V16:AG16)) | AI16: =IF(B16="","",MIN(N16,IF(U16="",0,U16)+AH16)) | AJ16: =IF(B16="","",MAX(0,L16-AI16)) | AK16: =IF(B16="","",IF(H16>'Thiết lập'!$B$5,"Chưa khấu hao",IF(AJ16<=IF(M16="",0,M16),"Đã hết khấu hao","Đang khấu hao"))) | AO16: =IF(B16="","",IF(COUNTIF($B$7:$B$306,B16)>1,"Trùng mã TSCĐ",IF(C16="","Thiếu tên TSCĐ",IF(H16="","Thiếu ngày bắt đầu",IF(OR(I16<=0,L16<=0,O16<=0),"Kiểm tra số lượng/nguyên giá/thời gian",IF(AND(G16<>"",H16<G16),"Ngày KH trước ngày ghi tăng",IF(M16>L16,"Giá trị thu hồi vượt nguyên giá",IF(IF(U16="",0,U16)>N16,"Lũy kế đầu năm vượt GTKH","OK"))))))))
A17: =IF(B17="","",ROW()-6) | L17: =IF(B17="","",IF(OR(I17="",J17=""),"",I17*J17+IF(K17="",0,K17))) | N17: =IF(L17="","",MAX(0,L17-IF(M17="",0,M17))) | P17: =IF(OR(N17="",O17<=0),"",ROUND(N17/O17,0)) | Q17: =IF(OR(H17="",O17<=0),"",EOMONTH(H17,O17-1)) | V17: =IF($AO17<>"OK",0,IF(AND(DATE('Thiết lập'!$B$4,1,1)>=DATE(YEAR($H17),MONTH($H17),1),DATE('Thiết lập'!$B$4,1,1)<EDATE(DATE(YEAR($H17),MONTH($H17),1),$O17)),MIN($P17,MAX(0,$N17-$U17-0)),0)) | W17: =IF($AO17<>"OK",0,IF(AND(DATE('Thiết lập'!$B$4,2,1)>=DATE(YEAR($H17),MONTH($H17),1),DATE('Thiết lập'!$B$4,2,1)<EDATE(DATE(YEAR($H17),MONTH($H17),1),$O17)),MIN($P17,MAX(0,$N17-$U17-SUM($V17:V17))),0)) | X17: =IF($AO17<>"OK",0,IF(AND(DATE('Thiết lập'!$B$4,3,1)>=DATE(YEAR($H17),MONTH($H17),1),DATE('Thiết lập'!$B$4,3,1)<EDATE(DATE(YEAR($H17),MONTH($H17),1),$O17)),MIN($P17,MAX(0,$N17-$U17-SUM($V17:W17))),0)) | Y17: =IF($AO17<>"OK",0,IF(AND(DATE('Thiết lập'!$B$4,4,1)>=DATE(YEAR($H17),MONTH($H17),1),DATE('Thiết lập'!$B$4,4,1)<EDATE(DATE(YEAR($H17),MONTH($H17),1),$O17)),MIN($P17,MAX(0,$N17-$U17-SUM($V17:X17))),0)) | Z17: =IF($AO17<>"OK",0,IF(AND(DATE('Thiết lập'!$B$4,5,1)>=DATE(YEAR($H17),MONTH($H17),1),DATE('Thiết lập'!$B$4,5,1)<EDATE(DATE(YEAR($H17),MONTH($H17),1),$O17)),MIN($P17,MAX(0,$N17-$U17-SUM($V17:Y17))),0)) | AA17: =IF($AO17<>"OK",0,IF(AND(DATE('Thiết lập'!$B$4,6,1)>=DATE(YEAR($H17),MONTH($H17),1),DATE('Thiết lập'!$B$4,6,1)<EDATE(DATE(YEAR($H17),MONTH($H17),1),$O17)),MIN($P17,MAX(0,$N17-$U17-SUM($V17:Z17))),0)) | AB17: =IF($AO17<>"OK",0,IF(AND(DATE('Thiết lập'!$B$4,7,1)>=DATE(YEAR($H17),MONTH($H17),1),DATE('Thiết lập'!$B$4,7,1)<EDATE(DATE(YEAR($H17),MONTH($H17),1),$O17)),MIN($P17,MAX(0,$N17-$U17-SUM($V17:AA17))),0)) | AC17: =IF($AO17<>"OK",0,IF(AND(DATE('Thiết lập'!$B$4,8,1)>=DATE(YEAR($H17),MONTH($H17),1),DATE('Thiết lập'!$B$4,8,1)<EDATE(DATE(YEAR($H17),MONTH($H17),1),$O17)),MIN($P17,MAX(0,$N17-$U17-SUM($V17:AB17))),0)) | AD17: =IF($AO17<>"OK",0,IF(AND(DATE('Thiết lập'!$B$4,9,1)>=DATE(YEAR($H17),MONTH($H17),1),DATE('Thiết lập'!$B$4,9,1)<EDATE(DATE(YEAR($H17),MONTH($H17),1),$O17)),MIN($P17,MAX(0,$N17-$U17-SUM($V17:AC17))),0)) | AE17: =IF($AO17<>"OK",0,IF(AND(DATE('Thiết lập'!$B$4,10,1)>=DATE(YEAR($H17),MONTH($H17),1),DATE('Thiết lập'!$B$4,10,1)<EDATE(DATE(YEAR($H17),MONTH($H17),1),$O17)),MIN($P17,MAX(0,$N17-$U17-SUM($V17:AD17))),0)) | AF17: =IF($AO17<>"OK",0,IF(AND(DATE('Thiết lập'!$B$4,11,1)>=DATE(YEAR($H17),MONTH($H17),1),DATE('Thiết lập'!$B$4,11,1)<EDATE(DATE(YEAR($H17),MONTH($H17),1),$O17)),MIN($P17,MAX(0,$N17-$U17-SUM($V17:AE17))),0)) | AG17: =IF($AO17<>"OK",0,IF(AND(DATE('Thiết lập'!$B$4,12,1)>=DATE(YEAR($H17),MONTH($H17),1),DATE('Thiết lập'!$B$4,12,1)<EDATE(DATE(YEAR($H17),MONTH($H17),1),$O17)),MIN($P17,MAX(0,$N17-$U17-SUM($V17:AF17))),0)) | AH17: =IF(B17="","",SUM(V17:AG17)) | AI17: =IF(B17="","",MIN(N17,IF(U17="",0,U17)+AH17)) | AJ17: =IF(B17="","",MAX(0,L17-AI17)) | AK17: =IF(B17="","",IF(H17>'Thiết lập'!$B$5,"Chưa khấu hao",IF(AJ17<=IF(M17="",0,M17),"Đã hết khấu hao","Đang khấu hao"))) | AO17: =IF(B17="","",IF(COUNTIF($B$7:$B$306,B17)>1,"Trùng mã TSCĐ",IF(C17="","Thiếu tên TSCĐ",IF(H17="","Thiếu ngày bắt đầu",IF(OR(I17<=0,L17<=0,O17<=0),"Kiểm tra số lượng/nguyên giá/thời gian",IF(AND(G17<>"",H17<G17),"Ngày KH trước ngày ghi tăng",IF(M17>L17,"Giá trị thu hồi vượt nguyên giá",IF(IF(U17="",0,U17)>N17,"Lũy kế đầu năm vượt GTKH","OK"))))))))
A18: =IF(B18="","",ROW()-6) | L18: =IF(B18="","",IF(OR(I18="",J18=""),"",I18*J18+IF(K18="",0,K18))) | N18: =IF(L18="","",MAX(0,L18-IF(M18="",0,M18))) | P18: =IF(OR(N18="",O18<=0),"",ROUND(N18/O18,0)) | Q18: =IF(OR(H18="",O18<=0),"",EOMONTH(H18,O18-1)) | V18: =IF($AO18<>"OK",0,IF(AND(DATE('Thiết lập'!$B$4,1,1)>=DATE(YEAR($H18),MONTH($H18),1),DATE('Thiết lập'!$B$4,1,1)<EDATE(DATE(YEAR($H18),MONTH($H18),1),$O18)),MIN($P18,MAX(0,$N18-$U18-0)),0)) | W18: =IF($AO18<>"OK",0,IF(AND(DATE('Thiết lập'!$B$4,2,1)>=DATE(YEAR($H18),MONTH($H18),1),DATE('Thiết lập'!$B$4,2,1)<EDATE(DATE(YEAR($H18),MONTH($H18),1),$O18)),MIN($P18,MAX(0,$N18-$U18-SUM($V18:V18))),0)) | X18: =IF($AO18<>"OK",0,IF(AND(DATE('Thiết lập'!$B$4,3,1)>=DATE(YEAR($H18),MONTH($H18),1),DATE('Thiết lập'!$B$4,3,1)<EDATE(DATE(YEAR($H18),MONTH($H18),1),$O18)),MIN($P18,MAX(0,$N18-$U18-SUM($V18:W18))),0)) | Y18: =IF($AO18<>"OK",0,IF(AND(DATE('Thiết lập'!$B$4,4,1)>=DATE(YEAR($H18),MONTH($H18),1),DATE('Thiết lập'!$B$4,4,1)<EDATE(DATE(YEAR($H18),MONTH($H18),1),$O18)),MIN($P18,MAX(0,$N18-$U18-SUM($V18:X18))),0)) | Z18: =IF($AO18<>"OK",0,IF(AND(DATE('Thiết lập'!$B$4,5,1)>=DATE(YEAR($H18),MONTH($H18),1),DATE('Thiết lập'!$B$4,5,1)<EDATE(DATE(YEAR($H18),MONTH($H18),1),$O18)),MIN($P18,MAX(0,$N18-$U18-SUM($V18:Y18))),0)) | AA18: =IF($AO18<>"OK",0,IF(AND(DATE('Thiết lập'!$B$4,6,1)>=DATE(YEAR($H18),MONTH($H18),1),DATE('Thiết lập'!$B$4,6,1)<EDATE(DATE(YEAR($H18),MONTH($H18),1),$O18)),MIN($P18,MAX(0,$N18-$U18-SUM($V18:Z18))),0)) | AB18: =IF($AO18<>"OK",0,IF(AND(DATE('Thiết lập'!$B$4,7,1)>=DATE(YEAR($H18),MONTH($H18),1),DATE('Thiết lập'!$B$4,7,1)<EDATE(DATE(YEAR($H18),MONTH($H18),1),$O18)),MIN($P18,MAX(0,$N18-$U18-SUM($V18:AA18))),0)) | AC18: =IF($AO18<>"OK",0,IF(AND(DATE('Thiết lập'!$B$4,8,1)>=DATE(YEAR($H18),MONTH($H18),1),DATE('Thiết lập'!$B$4,8,1)<EDATE(DATE(YEAR($H18),MONTH($H18),1),$O18)),MIN($P18,MAX(0,$N18-$U18-SUM($V18:AB18))),0)) | AD18: =IF($AO18<>"OK",0,IF(AND(DATE('Thiết lập'!$B$4,9,1)>=DATE(YEAR($H18),MONTH($H18),1),DATE('Thiết lập'!$B$4,9,1)<EDATE(DATE(YEAR($H18),MONTH($H18),1),$O18)),MIN($P18,MAX(0,$N18-$U18-SUM($V18:AC18))),0)) | AE18: =IF($AO18<>"OK",0,IF(AND(DATE('Thiết lập'!$B$4,10,1)>=DATE(YEAR($H18),MONTH($H18),1),DATE('Thiết lập'!$B$4,10,1)<EDATE(DATE(YEAR($H18),MONTH($H18),1),$O18)),MIN($P18,MAX(0,$N18-$U18-SUM($V18:AD18))),0)) | AF18: =IF($AO18<>"OK",0,IF(AND(DATE('Thiết lập'!$B$4,11,1)>=DATE(YEAR($H18),MONTH($H18),1),DATE('Thiết lập'!$B$4,11,1)<EDATE(DATE(YEAR($H18),MONTH($H18),1),$O18)),MIN($P18,MAX(0,$N18-$U18-SUM($V18:AE18))),0)) | AG18: =IF($AO18<>"OK",0,IF(AND(DATE('Thiết lập'!$B$4,12,1)>=DATE(YEAR($H18),MONTH($H18),1),DATE('Thiết lập'!$B$4,12,1)<EDATE(DATE(YEAR($H18),MONTH($H18),1),$O18)),MIN($P18,MAX(0,$N18-$U18-SUM($V18:AF18))),0)) | AH18: =IF(B18="","",SUM(V18:AG18)) | AI18: =IF(B18="","",MIN(N18,IF(U18="",0,U18)+AH18)) | AJ18: =IF(B18="","",MAX(0,L18-AI18)) | AK18: =IF(B18="","",IF(H18>'Thiết lập'!$B$5,"Chưa khấu hao",IF(AJ18<=IF(M18="",0,M18),"Đã hết khấu hao","Đang khấu hao"))) | AO18: =IF(B18="","",IF(COUNTIF($B$7:$B$306,B18)>1,"Trùng mã TSCĐ",IF(C18="","Thiếu tên TSCĐ",IF(H18="","Thiếu ngày bắt đầu",IF(OR(I18<=0,L18<=0,O18<=0),"Kiểm tra số lượng/nguyên giá/thời gian",IF(AND(G18<>"",H18<G18),"Ngày KH trước ngày ghi tăng",IF(M18>L18,"Giá trị thu hồi vượt nguyên giá",IF(IF(U18="",0,U18)>N18,"Lũy kế đầu năm vượt GTKH","OK"))))))))
A19: =IF(B19="","",ROW()-6) | L19: =IF(B19="","",IF(OR(I19="",J19=""),"",I19*J19+IF(K19="",0,K19))) | N19: =IF(L19="","",MAX(0,L19-IF(M19="",0,M19))) | P19: =IF(OR(N19="",O19<=0),"",ROUND(N19/O19,0)) | Q19: =IF(OR(H19="",O19<=0),"",EOMONTH(H19,O19-1)) | V19: =IF($AO19<>"OK",0,IF(AND(DATE('Thiết lập'!$B$4,1,1)>=DATE(YEAR($H19),MONTH($H19),1),DATE('Thiết lập'!$B$4,1,1)<EDATE(DATE(YEAR($H19),MONTH($H19),1),$O19)),MIN($P19,MAX(0,$N19-$U19-0)),0)) | W19: =IF($AO19<>"OK",0,IF(AND(DATE('Thiết lập'!$B$4,2,1)>=DATE(YEAR($H19),MONTH($H19),1),DATE('Thiết lập'!$B$4,2,1)<EDATE(DATE(YEAR($H19),MONTH($H19),1),$O19)),MIN($P19,MAX(0,$N19-$U19-SUM($V19:V19))),0)) | X19: =IF($AO19<>"OK",0,IF(AND(DATE('Thiết lập'!$B$4,3,1)>=DATE(YEAR($H19),MONTH($H19),1),DATE('Thiết lập'!$B$4,3,1)<EDATE(DATE(YEAR($H19),MONTH($H19),1),$O19)),MIN($P19,MAX(0,$N19-$U19-SUM($V19:W19))),0)) | Y19: =IF($AO19<>"OK",0,IF(AND(DATE('Thiết lập'!$B$4,4,1)>=DATE(YEAR($H19),MONTH($H19),1),DATE('Thiết lập'!$B$4,4,1)<EDATE(DATE(YEAR($H19),MONTH($H19),1),$O19)),MIN($P19,MAX(0,$N19-$U19-SUM($V19:X19))),0)) | Z19: =IF($AO19<>"OK",0,IF(AND(DATE('Thiết lập'!$B$4,5,1)>=DATE(YEAR($H19),MONTH($H19),1),DATE('Thiết lập'!$B$4,5,1)<EDATE(DATE(YEAR($H19),MONTH($H19),1),$O19)),MIN($P19,MAX(0,$N19-$U19-SUM($V19:Y19))),0)) | AA19: =IF($AO19<>"OK",0,IF(AND(DATE('Thiết lập'!$B$4,6,1)>=DATE(YEAR($H19),MONTH($H19),1),DATE('Thiết lập'!$B$4,6,1)<EDATE(DATE(YEAR($H19),MONTH($H19),1),$O19)),MIN($P19,MAX(0,$N19-$U19-SUM($V19:Z19))),0)) | AB19: =IF($AO19<>"OK",0,IF(AND(DATE('Thiết lập'!$B$4,7,1)>=DATE(YEAR($H19),MONTH($H19),1),DATE('Thiết lập'!$B$4,7,1)<EDATE(DATE(YEAR($H19),MONTH($H19),1),$O19)),MIN($P19,MAX(0,$N19-$U19-SUM($V19:AA19))),0)) | AC19: =IF($AO19<>"OK",0,IF(AND(DATE('Thiết lập'!$B$4,8,1)>=DATE(YEAR($H19),MONTH($H19),1),DATE('Thiết lập'!$B$4,8,1)<EDATE(DATE(YEAR($H19),MONTH($H19),1),$O19)),MIN($P19,MAX(0,$N19-$U19-SUM($V19:AB19))),0)) | AD19: =IF($AO19<>"OK",0,IF(AND(DATE('Thiết lập'!$B$4,9,1)>=DATE(YEAR($H19),MONTH($H19),1),DATE('Thiết lập'!$B$4,9,1)<EDATE(DATE(YEAR($H19),MONTH($H19),1),$O19)),MIN($P19,MAX(0,$N19-$U19-SUM($V19:AC19))),0)) | AE19: =IF($AO19<>"OK",0,IF(AND(DATE('Thiết lập'!$B$4,10,1)>=DATE(YEAR($H19),MONTH($H19),1),DATE('Thiết lập'!$B$4,10,1)<EDATE(DATE(YEAR($H19),MONTH($H19),1),$O19)),MIN($P19,MAX(0,$N19-$U19-SUM($V19:AD19))),0)) | AF19: =IF($AO19<>"OK",0,IF(AND(DATE('Thiết lập'!$B$4,11,1)>=DATE(YEAR($H19),MONTH($H19),1),DATE('Thiết lập'!$B$4,11,1)<EDATE(DATE(YEAR($H19),MONTH($H19),1),$O19)),MIN($P19,MAX(0,$N19-$U19-SUM($V19:AE19))),0)) | AG19: =IF($AO19<>"OK",0,IF(AND(DATE('Thiết lập'!$B$4,12,1)>=DATE(YEAR($H19),MONTH($H19),1),DATE('Thiết lập'!$B$4,12,1)<EDATE(DATE(YEAR($H19),MONTH($H19),1),$O19)),MIN($P19,MAX(0,$N19-$U19-SUM($V19:AF19))),0)) | AH19: =IF(B19="","",SUM(V19:AG19)) | AI19: =IF(B19="","",MIN(N19,IF(U19="",0,U19)+AH19)) | AJ19: =IF(B19="","",MAX(0,L19-AI19)) | AK19: =IF(B19="","",IF(H19>'Thiết lập'!$B$5,"Chưa khấu hao",IF(AJ19<=IF(M19="",0,M19),"Đã hết khấu hao","Đang khấu hao"))) | AO19: =IF(B19="","",IF(COUNTIF($B$7:$B$306,B19)>1,"Trùng mã TSCĐ",IF(C19="","Thiếu tên TSCĐ",IF(H19="","Thiếu ngày bắt đầu",IF(OR(I19<=0,L19<=0,O19<=0),"Kiểm tra số lượng/nguyên giá/thời gian",IF(AND(G19<>"",H19<G19),"Ngày KH trước ngày ghi tăng",IF(M19>L19,"Giá trị thu hồi vượt nguyên giá",IF(IF(U19="",0,U19)>N19,"Lũy kế đầu năm vượt GTKH","OK"))))))))
... A306: =IF(B306="","",ROW()-6) | L306: =IF(B306="","",IF(OR(I306="",J306=""),"",I306*J306+IF(K306="",0,K306))) | N306: =IF(L306="","",MAX(0,L306-IF(M306="",0,M306))) | P306: =IF(OR(N306="",O306<=0),"",ROUND(N306/O306,0)) | Q306: =IF(OR(H306="",O306<=0),"",EOMONTH(H306,O306-1)) | V306: =IF($AO306<>"OK",0,IF(AND(DATE('Thiết lập'!$B$4,1,1)>=DATE(YEAR($H306),MONTH($H306),1),DATE('Thiết lập'!$B$4,1,1)<EDATE(DATE(YEAR($H306),MONTH($H306),1),$O306)),MIN($P306,MAX(0,$N306-$U306-0)),0)) | W306: =IF($AO306<>"OK",0,IF(AND(DATE('Thiết lập'!$B$4,2,1)>=DATE(YEAR($H306),MONTH($H306),1),DATE('Thiết lập'!$B$4,2,1)<EDATE(DATE(YEAR($H306),MONTH($H306),1),$O306)),MIN($P306,MAX(0,$N306-$U306-SUM($V306:V306))),0)) | X306: =IF($AO306<>"OK",0,IF(AND(DATE('Thiết lập'!$B$4,3,1)>=DATE(YEAR($H306),MONTH($H306),1),DATE('Thiết lập'!$B$4,3,1)<EDATE(DATE(YEAR($H306),MONTH($H306),1),$O306)),MIN($P306,MAX(0,$N306-$U306-SUM($V306:W306))),0)) | Y306: =IF($AO306<>"OK",0,IF(AND(DATE('Thiết lập'!$B$4,4,1)>=DATE(YEAR($H306),MONTH($H306),1),DATE('Thiết lập'!$B$4,4,1)<EDATE(DATE(YEAR($H306),MONTH($H306),1),$O306)),MIN($P306,MAX(0,$N306-$U306-SUM($V306:X306))),0)) | Z306: =IF($AO306<>"OK",0,IF(AND(DATE('Thiết lập'!$B$4,5,1)>=DATE(YEAR($H306),MONTH($H306),1),DATE('Thiết lập'!$B$4,5,1)<EDATE(DATE(YEAR($H306),MONTH($H306),1),$O306)),MIN($P306,MAX(0,$N306-$U306-SUM($V306:Y306))),0)) | AA306: =IF($AO306<>"OK",0,IF(AND(DATE('Thiết lập'!$B$4,6,1)>=DATE(YEAR($H306),MONTH($H306),1),DATE('Thiết lập'!$B$4,6,1)<EDATE(DATE(YEAR($H306),MONTH($H306),1),$O306)),MIN($P306,MAX(0,$N306-$U306-SUM($V306:Z306))),0)) | AB306: =IF($AO306<>"OK",0,IF(AND(DATE('Thiết lập'!$B$4,7,1)>=DATE(YEAR($H306),MONTH($H306),1),DATE('Thiết lập'!$B$4,7,1)<EDATE(DATE(YEAR($H306),MONTH($H306),1),$O306)),MIN($P306,MAX(0,$N306-$U306-SUM($V306:AA306))),0)) | AC306: =IF($AO306<>"OK",0,IF(AND(DATE('Thiết lập'!$B$4,8,1)>=DATE(YEAR($H306),MONTH($H306),1),DATE('Thiết lập'!$B$4,8,1)<EDATE(DATE(YEAR($H306),MONTH($H306),1),$O306)),MIN($P306,MAX(0,$N306-$U306-SUM($V306:AB306))),0)) | AD306: =IF($AO306<>"OK",0,IF(AND(DATE('Thiết lập'!$B$4,9,1)>=DATE(YEAR($H306),MONTH($H306),1),DATE('Thiết lập'!$B$4,9,1)<EDATE(DATE(YEAR($H306),MONTH($H306),1),$O306)),MIN($P306,MAX(0,$N306-$U306-SUM($V306:AC306))),0)) | AE306: =IF($AO306<>"OK",0,IF(AND(DATE('Thiết lập'!$B$4,10,1)>=DATE(YEAR($H306),MONTH($H306),1),DATE('Thiết lập'!$B$4,10,1)<EDATE(DATE(YEAR($H306),MONTH($H306),1),$O306)),MIN($P306,MAX(0,$N306-$U306-SUM($V306:AD306))),0)) | AF306: =IF($AO306<>"OK",0,IF(AND(DATE('Thiết lập'!$B$4,11,1)>=DATE(YEAR($H306),MONTH($H306),1),DATE('Thiết lập'!$B$4,11,1)<EDATE(DATE(YEAR($H306),MONTH($H306),1),$O306)),MIN($P306,MAX(0,$N306-$U306-SUM($V306:AE306))),0)) | AG306: =IF($AO306<>"OK",0,IF(AND(DATE('Thiết lập'!$B$4,12,1)>=DATE(YEAR($H306),MONTH($H306),1),DATE('Thiết lập'!$B$4,12,1)<EDATE(DATE(YEAR($H306),MONTH($H306),1),$O306)),MIN($P306,MAX(0,$N306-$U306-SUM($V306:AF306))),0)) | AH306: =IF(B306="","",SUM(V306:AG306)) | AI306: =IF(B306="","",MIN(N306,IF(U306="",0,U306)+AH306)) | AJ306: =IF(B306="","",MAX(0,L306-AI306)) | AK306: =IF(B306="","",IF(H306>'Thiết lập'!$B$5,"Chưa khấu hao",IF(AJ306<=IF(M306="",0,M306),"Đã hết khấu hao","Đang khấu hao"))) | AO306: =IF(B306="","",IF(COUNTIF($B$7:$B$306,B306)>1,"Trùng mã TSCĐ",IF(C306="","Thiếu tên TSCĐ",IF(H306="","Thiếu ngày bắt đầu",IF(OR(I306<=0,L306<=0,O306<=0),"Kiểm tra số lượng/nguyên giá/thời gian",IF(AND(G306<>"",H306<G306),"Ngày KH trước ngày ghi tăng",IF(M306>L306,"Giá trị thu hồi vượt nguyên giá",IF(IF(U306="",0,U306)>N306,"Lũy kế đầu năm vượt GTKH","OK"))))))))

Sheet Báo cáo
A1: BÁO CÁO TỔNG HỢP KHẤU HAO TÀI SẢN CỐ ĐỊNH
A2: KK HOME • ĐÀO TẠO KẾ TOÁN CHUYÊN NGHIỆP
A3: ="Năm "&'Thiết lập'!B4&" | Ngày báo cáo: "&TEXT('Thiết lập'!B5,"dd/mm/yyyy")
A5: Số mã hợp lệ | C5: Tổng nguyên giá | E5: Khấu hao trong năm | G5: Khấu hao lũy kế | I5: Giá trị còn lại
A6: =COUNTIF('Khấu hao'!$AO$7:$AO$306,"OK") | C6: =SUMIF('Khấu hao'!$AO$7:$AO$306,"OK",'Khấu hao'!$L$7:$L$306) | E6: =SUMIF('Khấu hao'!$AO$7:$AO$306,"OK",'Khấu hao'!$AH$7:$AH$306) | G6: =SUMIF('Khấu hao'!$AO$7:$AO$306,"OK",'Khấu hao'!$AI$7:$AI$306) | I6: =SUMIF('Khấu hao'!$AO$7:$AO$306,"OK",'Khấu hao'!$AJ$7:$AJ$306)
A8: Đang khấu hao | C8: Đã hết khấu hao | E8: Chưa khấu hao | G8: Bản ghi cần kiểm tra
A9: =COUNTIF('Khấu hao'!$AK$7:$AK$306,"Đang khấu hao") | C9: =COUNTIF('Khấu hao'!$AK$7:$AK$306,"Đã hết khấu hao") | E9: =COUNTIF('Khấu hao'!$AK$7:$AK$306,"Chưa khấu hao") | G9: =COUNTIF('Khấu hao'!$B$7:$B$306,"<>")-COUNTIF('Khấu hao'!$AO$7:$AO$306,"OK")
A12: TỔNG HỢP THEO NHÓM TSCĐ
A13: Nhóm TSCĐ | B13: Nguyên giá | C13: Khấu hao trong năm
A14: Nhà cửa, vật kiến trúc | B14: =SUMIF('Khấu hao'!$D$7:$D$306,A14,'Khấu hao'!$L$7:$L$306) | C14: =SUMIF('Khấu hao'!$D$7:$D$306,A14,'Khấu hao'!$AH$7:$AH$306)
A15: Máy móc, thiết bị | B15: =SUMIF('Khấu hao'!$D$7:$D$306,A15,'Khấu hao'!$L$7:$L$306) | C15: =SUMIF('Khấu hao'!$D$7:$D$306,A15,'Khấu hao'!$AH$7:$AH$306)
A16: Phương tiện vận tải | B16: =SUMIF('Khấu hao'!$D$7:$D$306,A16,'Khấu hao'!$L$7:$L$306) | C16: =SUMIF('Khấu hao'!$D$7:$D$306,A16,'Khấu hao'!$AH$7:$AH$306)
A17: Thiết bị, dụng cụ quản lý | B17: =SUMIF('Khấu hao'!$D$7:$D$306,A17,'Khấu hao'!$L$7:$L$306) | C17: =SUMIF('Khấu hao'!$D$7:$D$306,A17,'Khấu hao'!$AH$7:$AH$306)
A18: TSCĐ vô hình | B18: =SUMIF('Khấu hao'!$D$7:$D$306,A18,'Khấu hao'!$L$7:$L$306) | C18: =SUMIF('Khấu hao'!$D$7:$D$306,A18,'Khấu hao'!$AH$7:$AH$306)
A19: TSCĐ khác | B19: =SUMIF('Khấu hao'!$D$7:$D$306,A19,'Khấu hao'!$L$7:$L$306) | C19: =SUMIF('Khấu hao'!$D$7:$D$306,A19,'Khấu hao'!$AH$7:$AH$306)
A22: KHẤU HAO THEO THÁNG TRONG NĂM
A23: Chỉ tiêu | B23: T1 | C23: T2 | D23: T3 | E23: T4 | F23: T5 | G23: T6 | H23: T7 | I23: T8 | J23: T9 | K23: T10 | L23: T11 | M23: T12
A24: Khấu hao | B24: =SUM('Khấu hao'!$V$7:$V$306) | C24: =SUM('Khấu hao'!$W$7:$W$306) | D24: =SUM('Khấu hao'!$X$7:$X$306) | E24: =SUM('Khấu hao'!$Y$7:$Y$306) | F24: =SUM('Khấu hao'!$Z$7:$Z$306) | G24: =SUM('Khấu hao'!$AA$7:$AA$306) | H24: =SUM('Khấu hao'!$AB$7:$AB$306) | I24: =SUM('Khấu hao'!$AC$7:$AC$306) | J24: =SUM('Khấu hao'!$AD$7:$AD$306) | K24: =SUM('Khấu hao'!$AE$7:$AE$306) | L24: =SUM('Khấu hao'!$AF$7:$AF$306) | M24: =SUM('Khấu hao'!$AG$7:$AG$306)
A27: Cảnh báo: Nếu “Bản ghi cần kiểm tra” lớn hơn 0, hãy lọc cột “Kiểm tra dữ liệu” tại sheet Khấu hao trước khi sử dụng số liệu.
