Workbook

Sheet Hướng dẫn
A1: KK HOME | Kiểm toán · Kế toán · Tư vấn Thuế HƯỚNG DẪN SỬ DỤNG – PHÂN BỔ CHI PHÍ TRẢ TRƯỚC
A3: 1. QUY TRÌNH SỬ DỤNG
A4: Bước 1 | B4: Vào sheet “Thiết lập”, chọn năm cần lập lịch phân bổ.
A5: Bước 2 | B5: Vào sheet “Phân bổ”, chỉ nhập các ô nền vàng.
A6: Bước 3 | B6: Không ghi đè các ô nền xanh/xám vì đây là cột công thức.
A7: Bước 4 | B7: Theo dõi tổng hợp, số dư và lỗi dữ liệu tại sheet “Báo cáo”.
A9: 2. NGUYÊN TẮC TÍNH
A10: Giá trị phân bổ | B10: Số lượng × Đơn giá.
A11: Ngày kết thúc | B11: Ngày bắt đầu phân bổ + Số tháng phân bổ − 1 ngày.
A12: Phân bổ theo ngày | B12: Giá trị phân bổ ÷ tổng số ngày thực tế của thời gian phân bổ.
A13: Phân bổ tháng | B13: Số ngày thuộc từng tháng × giá trị phân bổ/ngày.
A14: Phân loại | B14: Xác định theo thời hạn thu hồi còn lại tại ngày 31/12 của năm được chọn.
A16: 3. KIỂM SOÁT DỮ LIỆU
A17: Mã CPTT | B17: Không để trống và không trùng nhau.
A18: Ngày bắt đầu | B18: Không được trước ngày tăng.
A19: Số lượng, đơn giá, số tháng | B19: Phải lớn hơn 0.
A20: Cột “Kiểm tra dữ liệu” | B20: Hiển thị “OK” khi bản ghi đủ điều kiện.
A22: 4. HẠCH TOÁN THAM KHẢO
A23: Khi ghi nhận CPTT | B23: Nợ 242 / Có 111, 112, 331… tùy chứng từ và phương thức thanh toán.
A24: Khi phân bổ | B24: Nợ 154, 627, 641, 642… / Có 242.
A25: Lưu ý | B25: Mã chi phí (ERP), bộ phận và tài khoản chi phí cần thống nhất với hệ thống kế toán của doanh nghiệp.
A27: 5. LƯU Ý VỀ NGẮN HẠN/DÀI HẠN
B28: File phân loại theo từng mã CPTT. Khi lập báo cáo tài chính, một khoản có thể phải tách phần thu hồi trong 12 tháng và phần còn lại nếu số tiền trọng yếu.
A31: KK HOME · Kiểm toán – Kế toán – Tư vấn Thuế · Mẫu theo dõi & phân bổ chi phí trả trước (TK 242)

Sheet Thiết lập
A1: KK HOME | Kiểm toán · Kế toán · Tư vấn Thuế THIẾT LẬP VÀ DANH MỤC DÙNG CHUNG
A3: Năm lập lịch phân bổ | B3: 2026 | G3: Quy ước màu
A4: Ngày báo cáo | B4: =DATE(B3,12,31) | G4: Ô nhập liệu | H4: Nhập/chỉnh sửa
A5: Phương pháp | B5: Theo ngày thực tế | G5: Ô công thức | H5: Không ghi đè
G6: Cảnh báo | H6: Cần kiểm tra
A7: Bộ phận sử dụng | C7: TK chi phí | E7: TK chi phí trả trước | G7: Dữ liệu hợp lệ | H7: OK
A8: Văn phòng | C8: 154 | E8: 2421
A9: Sản xuất | C9: 627 | E9: 2422
A10: Bán hàng | C10: 632
A11: Quản lý | C11: 641
A12: Dự án | C12: 642
A13: Chi nhánh | C13: 811
A14: Khác | C14: Khác
A17: KK HOME · Kiểm toán – Kế toán – Tư vấn Thuế · Mẫu theo dõi & phân bổ chi phí trả trước (TK 242)

Sheet Phân bổ
A1: KK HOME | Kiểm toán · Kế toán · Tư vấn Thuế SỔ THEO DÕI VÀ PHÂN BỔ CHI PHÍ TRẢ TRƯỚC
A2: Chỉ nhập các ô nền vàng. Các cột còn lại được tính tự động theo năm chọn tại sheet Thiết lập.
A3: Năm phân bổ | B3: ='Thiết lập'!B3 | C3: Ngày báo cáo | D3: ='Thiết lập'!B4
R4: =DATE('Thiết lập'!$B$3,1,1) | S4: =EDATE(R4,1) | T4: =EDATE(S4,1) | U4: =EDATE(T4,1) | V4: =EDATE(U4,1) | W4: =EDATE(V4,1) | X4: =EDATE(W4,1) | Y4: =EDATE(X4,1) | Z4: =EDATE(Y4,1) | ... AC4: =EDATE(AB4,1)
A5: THÔNG TIN CHI PHÍ TRẢ TRƯỚC | Q5: LỊCH PHÂN BỔ THEO NĂM | AD5: TỔNG HỢP VÀ KIỂM SOÁT
A6: STT | B6: Mã chi phí trả trước | C6: Tên | D6: Ngày tăng | E6: Ngày bắt đầu phân bổ | F6: Số lượng | G6: Đơn giá | H6: Giá trị phân bổ | I6: Số tháng phân bổ | J6: Giá trị phân bổ/ngày | K6: Mã chi phí (ERP) | L6: Phân loại ngắn hạn/dài hạn | M6: Bộ phận sử dụng | N6: TK chi phí | O6: TK chi phí trả trước | P6: Ngày kết thúc phân bổ | Q6: Phân bổ trước năm | R6: T1 | S6: T2 | T6: T3 | U6: T4 | V6: T5 | W6: T6 | X6: T7 | Y6: T8 | Z6: T9 | AA6: T10 | AB6: T11 | AC6: T12 | AD6: Phân bổ trong năm | AE6: Lũy kế đến cuối năm | AF6: Giá trị còn lại | AG6: Trạng thái tại ngày báo cáo | AH6: Ghi chú | AI6: Kiểm tra dữ liệu
A7: =IF(B7="","",ROW()-6) | B7: CP001 | C7: Tiền thuê văn phòng | D7: 45292 | E7: 45292 | F7: 1 | G7: 120000000 | H7: =IF(OR(F7="",G7=""),"",F7*G7) | I7: 12 | J7: =IF(OR(H7="",E7="",P7=""),"",H7/(P7-E7+1)) | L7: =IF(B7="","",IF(AF7<=0,"Đã phân bổ",IF(P7<=EDATE('Thiết lập'!$B$4,12),"Ngắn hạn","Dài hạn"))) | M7: Văn phòng | N7: 642 | O7: 2421 | P7: =IF(OR(E7="",I7=""),"",EDATE(E7,I7)-1) | Q7: =IF(OR(B7="",E7="",P7=""),0,MIN(H7,MAX(0,MIN(P7,DATE('Thiết lập'!$B$3-1,12,31))-E7+1)*J7)) | R7: =IF(OR($B7="",R$4>$P7,EOMONTH(R$4,0)<$E7),0,MIN($H7,MAX(0,MIN(EOMONTH(R$4,0),$P7)-MAX(R$4,$E7)+1)*$J7)) | S7: =IF(OR($B7="",S$4>$P7,EOMONTH(S$4,0)<$E7),0,MIN($H7,MAX(0,MIN(EOMONTH(S$4,0),$P7)-MAX(S$4,$E7)+1)*$J7)) | T7: =IF(OR($B7="",T$4>$P7,EOMONTH(T$4,0)<$E7),0,MIN($H7,MAX(0,MIN(EOMONTH(T$4,0),$P7)-MAX(T$4,$E7)+1)*$J7)) | U7: =IF(OR($B7="",U$4>$P7,EOMONTH(U$4,0)<$E7),0,MIN($H7,MAX(0,MIN(EOMONTH(U$4,0),$P7)-MAX(U$4,$E7)+1)*$J7)) | V7: =IF(OR($B7="",V$4>$P7,EOMONTH(V$4,0)<$E7),0,MIN($H7,MAX(0,MIN(EOMONTH(V$4,0),$P7)-MAX(V$4,$E7)+1)*$J7)) | W7: =IF(OR($B7="",W$4>$P7,EOMONTH(W$4,0)<$E7),0,MIN($H7,MAX(0,MIN(EOMONTH(W$4,0),$P7)-MAX(W$4,$E7)+1)*$J7)) | X7: =IF(OR($B7="",X$4>$P7,EOMONTH(X$4,0)<$E7),0,MIN($H7,MAX(0,MIN(EOMONTH(X$4,0),$P7)-MAX(X$4,$E7)+1)*$J7)) | Y7: =IF(OR($B7="",Y$4>$P7,EOMONTH(Y$4,0)<$E7),0,MIN($H7,MAX(0,MIN(EOMONTH(Y$4,0),$P7)-MAX(Y$4,$E7)+1)*$J7)) | ... AC7: =IF(OR($B7="",AC$4>$P7,EOMONTH(AC$4,0)<$E7),0,MIN($H7,MAX(0,MIN(EOMONTH(AC$4,0),$P7)-MAX(AC$4,$E7)+1)*$J7)) | AD7: =IF(B7="","",ROUND(SUM(R7:AC7),0)) | AE7: =IF(B7="","",MIN(H7,ROUND(Q7+SUM(R7:AC7),0))) | AF7: =IF(B7="","",MAX(H7-AE7,0)) | AG7: =IF(B7="","",IF('Thiết lập'!$B$4<E7,"Chưa phân bổ",IF(P7<='Thiết lập'!$B$4,"Đã phân bổ","Đang phân bổ"))) | AH7: Dữ liệu mẫu – có thể thay thế | AI7: =IF(B7="","",IF(AND(C7<>"",D7<>"",E7<>"",E7>=D7,F7>0,G7>0,I7>0,COUNTIF($B$7:$B$306,B7)=1),"OK",IF(C7="","Thiếu tên; ","")&IF(D7="","Thiếu ngày tăng; ","")&IF(E7="","Thiếu ngày bắt đầu; ","")&IF(AND(D7<>"",E7<>"",E7<D7),"Ngày bắt đầu < ngày tăng; ","")&IF(OR(F7="",F7<=0),"Số lượng không hợp lệ; ","")&IF(OR(G7="",G7<=0),"Đơn giá không hợp lệ; ","")&IF(OR(I7="",I7<=0),"Số tháng không hợp lệ; ","")&IF(COUNTIF($B$7:$B$306,B7)>1,"Trùng mã CPTT; ","")))
A8: =IF(B8="","",ROW()-6) | H8: =IF(OR(F8="",G8=""),"",F8*G8) | J8: =IF(OR(H8="",E8="",P8=""),"",H8/(P8-E8+1)) | L8: =IF(B8="","",IF(AF8<=0,"Đã phân bổ",IF(P8<=EDATE('Thiết lập'!$B$4,12),"Ngắn hạn","Dài hạn"))) | P8: =IF(OR(E8="",I8=""),"",EDATE(E8,I8)-1) | Q8: =IF(OR(B8="",E8="",P8=""),0,MIN(H8,MAX(0,MIN(P8,DATE('Thiết lập'!$B$3-1,12,31))-E8+1)*J8)) | R8: =IF(OR($B8="",R$4>$P8,EOMONTH(R$4,0)<$E8),0,MIN($H8,MAX(0,MIN(EOMONTH(R$4,0),$P8)-MAX(R$4,$E8)+1)*$J8)) | S8: =IF(OR($B8="",S$4>$P8,EOMONTH(S$4,0)<$E8),0,MIN($H8,MAX(0,MIN(EOMONTH(S$4,0),$P8)-MAX(S$4,$E8)+1)*$J8)) | T8: =IF(OR($B8="",T$4>$P8,EOMONTH(T$4,0)<$E8),0,MIN($H8,MAX(0,MIN(EOMONTH(T$4,0),$P8)-MAX(T$4,$E8)+1)*$J8)) | U8: =IF(OR($B8="",U$4>$P8,EOMONTH(U$4,0)<$E8),0,MIN($H8,MAX(0,MIN(EOMONTH(U$4,0),$P8)-MAX(U$4,$E8)+1)*$J8)) | V8: =IF(OR($B8="",V$4>$P8,EOMONTH(V$4,0)<$E8),0,MIN($H8,MAX(0,MIN(EOMONTH(V$4,0),$P8)-MAX(V$4,$E8)+1)*$J8)) | W8: =IF(OR($B8="",W$4>$P8,EOMONTH(W$4,0)<$E8),0,MIN($H8,MAX(0,MIN(EOMONTH(W$4,0),$P8)-MAX(W$4,$E8)+1)*$J8)) | X8: =IF(OR($B8="",X$4>$P8,EOMONTH(X$4,0)<$E8),0,MIN($H8,MAX(0,MIN(EOMONTH(X$4,0),$P8)-MAX(X$4,$E8)+1)*$J8)) | Y8: =IF(OR($B8="",Y$4>$P8,EOMONTH(Y$4,0)<$E8),0,MIN($H8,MAX(0,MIN(EOMONTH(Y$4,0),$P8)-MAX(Y$4,$E8)+1)*$J8)) | ... AC8: =IF(OR($B8="",AC$4>$P8,EOMONTH(AC$4,0)<$E8),0,MIN($H8,MAX(0,MIN(EOMONTH(AC$4,0),$P8)-MAX(AC$4,$E8)+1)*$J8)) | AD8: =IF(B8="","",ROUND(SUM(R8:AC8),0)) | AE8: =IF(B8="","",MIN(H8,ROUND(Q8+SUM(R8:AC8),0))) | AF8: =IF(B8="","",MAX(H8-AE8,0)) | AG8: =IF(B8="","",IF('Thiết lập'!$B$4<E8,"Chưa phân bổ",IF(P8<='Thiết lập'!$B$4,"Đã phân bổ","Đang phân bổ"))) | AI8: =IF(B8="","",IF(AND(C8<>"",D8<>"",E8<>"",E8>=D8,F8>0,G8>0,I8>0,COUNTIF($B$7:$B$306,B8)=1),"OK",IF(C8="","Thiếu tên; ","")&IF(D8="","Thiếu ngày tăng; ","")&IF(E8="","Thiếu ngày bắt đầu; ","")&IF(AND(D8<>"",E8<>"",E8<D8),"Ngày bắt đầu < ngày tăng; ","")&IF(OR(F8="",F8<=0),"Số lượng không hợp lệ; ","")&IF(OR(G8="",G8<=0),"Đơn giá không hợp lệ; ","")&IF(OR(I8="",I8<=0),"Số tháng không hợp lệ; ","")&IF(COUNTIF($B$7:$B$306,B8)>1,"Trùng mã CPTT; ","")))
A9: =IF(B9="","",ROW()-6) | H9: =IF(OR(F9="",G9=""),"",F9*G9) | J9: =IF(OR(H9="",E9="",P9=""),"",H9/(P9-E9+1)) | L9: =IF(B9="","",IF(AF9<=0,"Đã phân bổ",IF(P9<=EDATE('Thiết lập'!$B$4,12),"Ngắn hạn","Dài hạn"))) | P9: =IF(OR(E9="",I9=""),"",EDATE(E9,I9)-1) | Q9: =IF(OR(B9="",E9="",P9=""),0,MIN(H9,MAX(0,MIN(P9,DATE('Thiết lập'!$B$3-1,12,31))-E9+1)*J9)) | R9: =IF(OR($B9="",R$4>$P9,EOMONTH(R$4,0)<$E9),0,MIN($H9,MAX(0,MIN(EOMONTH(R$4,0),$P9)-MAX(R$4,$E9)+1)*$J9)) | S9: =IF(OR($B9="",S$4>$P9,EOMONTH(S$4,0)<$E9),0,MIN($H9,MAX(0,MIN(EOMONTH(S$4,0),$P9)-MAX(S$4,$E9)+1)*$J9)) | T9: =IF(OR($B9="",T$4>$P9,EOMONTH(T$4,0)<$E9),0,MIN($H9,MAX(0,MIN(EOMONTH(T$4,0),$P9)-MAX(T$4,$E9)+1)*$J9)) | U9: =IF(OR($B9="",U$4>$P9,EOMONTH(U$4,0)<$E9),0,MIN($H9,MAX(0,MIN(EOMONTH(U$4,0),$P9)-MAX(U$4,$E9)+1)*$J9)) | V9: =IF(OR($B9="",V$4>$P9,EOMONTH(V$4,0)<$E9),0,MIN($H9,MAX(0,MIN(EOMONTH(V$4,0),$P9)-MAX(V$4,$E9)+1)*$J9)) | W9: =IF(OR($B9="",W$4>$P9,EOMONTH(W$4,0)<$E9),0,MIN($H9,MAX(0,MIN(EOMONTH(W$4,0),$P9)-MAX(W$4,$E9)+1)*$J9)) | X9: =IF(OR($B9="",X$4>$P9,EOMONTH(X$4,0)<$E9),0,MIN($H9,MAX(0,MIN(EOMONTH(X$4,0),$P9)-MAX(X$4,$E9)+1)*$J9)) | Y9: =IF(OR($B9="",Y$4>$P9,EOMONTH(Y$4,0)<$E9),0,MIN($H9,MAX(0,MIN(EOMONTH(Y$4,0),$P9)-MAX(Y$4,$E9)+1)*$J9)) | ... AC9: =IF(OR($B9="",AC$4>$P9,EOMONTH(AC$4,0)<$E9),0,MIN($H9,MAX(0,MIN(EOMONTH(AC$4,0),$P9)-MAX(AC$4,$E9)+1)*$J9)) | AD9: =IF(B9="","",ROUND(SUM(R9:AC9),0)) | AE9: =IF(B9="","",MIN(H9,ROUND(Q9+SUM(R9:AC9),0))) | AF9: =IF(B9="","",MAX(H9-AE9,0)) | AG9: =IF(B9="","",IF('Thiết lập'!$B$4<E9,"Chưa phân bổ",IF(P9<='Thiết lập'!$B$4,"Đã phân bổ","Đang phân bổ"))) | AI9: =IF(B9="","",IF(AND(C9<>"",D9<>"",E9<>"",E9>=D9,F9>0,G9>0,I9>0,COUNTIF($B$7:$B$306,B9)=1),"OK",IF(C9="","Thiếu tên; ","")&IF(D9="","Thiếu ngày tăng; ","")&IF(E9="","Thiếu ngày bắt đầu; ","")&IF(AND(D9<>"",E9<>"",E9<D9),"Ngày bắt đầu < ngày tăng; ","")&IF(OR(F9="",F9<=0),"Số lượng không hợp lệ; ","")&IF(OR(G9="",G9<=0),"Đơn giá không hợp lệ; ","")&IF(OR(I9="",I9<=0),"Số tháng không hợp lệ; ","")&IF(COUNTIF($B$7:$B$306,B9)>1,"Trùng mã CPTT; ","")))
A10: =IF(B10="","",ROW()-6) | H10: =IF(OR(F10="",G10=""),"",F10*G10) | J10: =IF(OR(H10="",E10="",P10=""),"",H10/(P10-E10+1)) | L10: =IF(B10="","",IF(AF10<=0,"Đã phân bổ",IF(P10<=EDATE('Thiết lập'!$B$4,12),"Ngắn hạn","Dài hạn"))) | P10: =IF(OR(E10="",I10=""),"",EDATE(E10,I10)-1) | Q10: =IF(OR(B10="",E10="",P10=""),0,MIN(H10,MAX(0,MIN(P10,DATE('Thiết lập'!$B$3-1,12,31))-E10+1)*J10)) | R10: =IF(OR($B10="",R$4>$P10,EOMONTH(R$4,0)<$E10),0,MIN($H10,MAX(0,MIN(EOMONTH(R$4,0),$P10)-MAX(R$4,$E10)+1)*$J10)) | S10: =IF(OR($B10="",S$4>$P10,EOMONTH(S$4,0)<$E10),0,MIN($H10,MAX(0,MIN(EOMONTH(S$4,0),$P10)-MAX(S$4,$E10)+1)*$J10)) | T10: =IF(OR($B10="",T$4>$P10,EOMONTH(T$4,0)<$E10),0,MIN($H10,MAX(0,MIN(EOMONTH(T$4,0),$P10)-MAX(T$4,$E10)+1)*$J10)) | U10: =IF(OR($B10="",U$4>$P10,EOMONTH(U$4,0)<$E10),0,MIN($H10,MAX(0,MIN(EOMONTH(U$4,0),$P10)-MAX(U$4,$E10)+1)*$J10)) | V10: =IF(OR($B10="",V$4>$P10,EOMONTH(V$4,0)<$E10),0,MIN($H10,MAX(0,MIN(EOMONTH(V$4,0),$P10)-MAX(V$4,$E10)+1)*$J10)) | W10: =IF(OR($B10="",W$4>$P10,EOMONTH(W$4,0)<$E10),0,MIN($H10,MAX(0,MIN(EOMONTH(W$4,0),$P10)-MAX(W$4,$E10)+1)*$J10)) | X10: =IF(OR($B10="",X$4>$P10,EOMONTH(X$4,0)<$E10),0,MIN($H10,MAX(0,MIN(EOMONTH(X$4,0),$P10)-MAX(X$4,$E10)+1)*$J10)) | Y10: =IF(OR($B10="",Y$4>$P10,EOMONTH(Y$4,0)<$E10),0,MIN($H10,MAX(0,MIN(EOMONTH(Y$4,0),$P10)-MAX(Y$4,$E10)+1)*$J10)) | ... AC10: =IF(OR($B10="",AC$4>$P10,EOMONTH(AC$4,0)<$E10),0,MIN($H10,MAX(0,MIN(EOMONTH(AC$4,0),$P10)-MAX(AC$4,$E10)+1)*$J10)) | AD10: =IF(B10="","",ROUND(SUM(R10:AC10),0)) | AE10: =IF(B10="","",MIN(H10,ROUND(Q10+SUM(R10:AC10),0))) | AF10: =IF(B10="","",MAX(H10-AE10,0)) | AG10: =IF(B10="","",IF('Thiết lập'!$B$4<E10,"Chưa phân bổ",IF(P10<='Thiết lập'!$B$4,"Đã phân bổ","Đang phân bổ"))) | AI10: =IF(B10="","",IF(AND(C10<>"",D10<>"",E10<>"",E10>=D10,F10>0,G10>0,I10>0,COUNTIF($B$7:$B$306,B10)=1),"OK",IF(C10="","Thiếu tên; ","")&IF(D10="","Thiếu ngày tăng; ","")&IF(E10="","Thiếu ngày bắt đầu; ","")&IF(AND(D10<>"",E10<>"",E10<D10),"Ngày bắt đầu < ngày tăng; ","")&IF(OR(F10="",F10<=0),"Số lượng không hợp lệ; ","")&IF(OR(G10="",G10<=0),"Đơn giá không hợp lệ; ","")&IF(OR(I10="",I10<=0),"Số tháng không hợp lệ; ","")&IF(COUNTIF($B$7:$B$306,B10)>1,"Trùng mã CPTT; ","")))
A11: =IF(B11="","",ROW()-6) | H11: =IF(OR(F11="",G11=""),"",F11*G11) | J11: =IF(OR(H11="",E11="",P11=""),"",H11/(P11-E11+1)) | L11: =IF(B11="","",IF(AF11<=0,"Đã phân bổ",IF(P11<=EDATE('Thiết lập'!$B$4,12),"Ngắn hạn","Dài hạn"))) | P11: =IF(OR(E11="",I11=""),"",EDATE(E11,I11)-1) | Q11: =IF(OR(B11="",E11="",P11=""),0,MIN(H11,MAX(0,MIN(P11,DATE('Thiết lập'!$B$3-1,12,31))-E11+1)*J11)) | R11: =IF(OR($B11="",R$4>$P11,EOMONTH(R$4,0)<$E11),0,MIN($H11,MAX(0,MIN(EOMONTH(R$4,0),$P11)-MAX(R$4,$E11)+1)*$J11)) | S11: =IF(OR($B11="",S$4>$P11,EOMONTH(S$4,0)<$E11),0,MIN($H11,MAX(0,MIN(EOMONTH(S$4,0),$P11)-MAX(S$4,$E11)+1)*$J11)) | T11: =IF(OR($B11="",T$4>$P11,EOMONTH(T$4,0)<$E11),0,MIN($H11,MAX(0,MIN(EOMONTH(T$4,0),$P11)-MAX(T$4,$E11)+1)*$J11)) | U11: =IF(OR($B11="",U$4>$P11,EOMONTH(U$4,0)<$E11),0,MIN($H11,MAX(0,MIN(EOMONTH(U$4,0),$P11)-MAX(U$4,$E11)+1)*$J11)) | V11: =IF(OR($B11="",V$4>$P11,EOMONTH(V$4,0)<$E11),0,MIN($H11,MAX(0,MIN(EOMONTH(V$4,0),$P11)-MAX(V$4,$E11)+1)*$J11)) | W11: =IF(OR($B11="",W$4>$P11,EOMONTH(W$4,0)<$E11),0,MIN($H11,MAX(0,MIN(EOMONTH(W$4,0),$P11)-MAX(W$4,$E11)+1)*$J11)) | X11: =IF(OR($B11="",X$4>$P11,EOMONTH(X$4,0)<$E11),0,MIN($H11,MAX(0,MIN(EOMONTH(X$4,0),$P11)-MAX(X$4,$E11)+1)*$J11)) | Y11: =IF(OR($B11="",Y$4>$P11,EOMONTH(Y$4,0)<$E11),0,MIN($H11,MAX(0,MIN(EOMONTH(Y$4,0),$P11)-MAX(Y$4,$E11)+1)*$J11)) | ... AC11: =IF(OR($B11="",AC$4>$P11,EOMONTH(AC$4,0)<$E11),0,MIN($H11,MAX(0,MIN(EOMONTH(AC$4,0),$P11)-MAX(AC$4,$E11)+1)*$J11)) | AD11: =IF(B11="","",ROUND(SUM(R11:AC11),0)) | AE11: =IF(B11="","",MIN(H11,ROUND(Q11+SUM(R11:AC11),0))) | AF11: =IF(B11="","",MAX(H11-AE11,0)) | AG11: =IF(B11="","",IF('Thiết lập'!$B$4<E11,"Chưa phân bổ",IF(P11<='Thiết lập'!$B$4,"Đã phân bổ","Đang phân bổ"))) | AI11: =IF(B11="","",IF(AND(C11<>"",D11<>"",E11<>"",E11>=D11,F11>0,G11>0,I11>0,COUNTIF($B$7:$B$306,B11)=1),"OK",IF(C11="","Thiếu tên; ","")&IF(D11="","Thiếu ngày tăng; ","")&IF(E11="","Thiếu ngày bắt đầu; ","")&IF(AND(D11<>"",E11<>"",E11<D11),"Ngày bắt đầu < ngày tăng; ","")&IF(OR(F11="",F11<=0),"Số lượng không hợp lệ; ","")&IF(OR(G11="",G11<=0),"Đơn giá không hợp lệ; ","")&IF(OR(I11="",I11<=0),"Số tháng không hợp lệ; ","")&IF(COUNTIF($B$7:$B$306,B11)>1,"Trùng mã CPTT; ","")))
A12: =IF(B12="","",ROW()-6) | H12: =IF(OR(F12="",G12=""),"",F12*G12) | J12: =IF(OR(H12="",E12="",P12=""),"",H12/(P12-E12+1)) | L12: =IF(B12="","",IF(AF12<=0,"Đã phân bổ",IF(P12<=EDATE('Thiết lập'!$B$4,12),"Ngắn hạn","Dài hạn"))) | P12: =IF(OR(E12="",I12=""),"",EDATE(E12,I12)-1) | Q12: =IF(OR(B12="",E12="",P12=""),0,MIN(H12,MAX(0,MIN(P12,DATE('Thiết lập'!$B$3-1,12,31))-E12+1)*J12)) | R12: =IF(OR($B12="",R$4>$P12,EOMONTH(R$4,0)<$E12),0,MIN($H12,MAX(0,MIN(EOMONTH(R$4,0),$P12)-MAX(R$4,$E12)+1)*$J12)) | S12: =IF(OR($B12="",S$4>$P12,EOMONTH(S$4,0)<$E12),0,MIN($H12,MAX(0,MIN(EOMONTH(S$4,0),$P12)-MAX(S$4,$E12)+1)*$J12)) | T12: =IF(OR($B12="",T$4>$P12,EOMONTH(T$4,0)<$E12),0,MIN($H12,MAX(0,MIN(EOMONTH(T$4,0),$P12)-MAX(T$4,$E12)+1)*$J12)) | U12: =IF(OR($B12="",U$4>$P12,EOMONTH(U$4,0)<$E12),0,MIN($H12,MAX(0,MIN(EOMONTH(U$4,0),$P12)-MAX(U$4,$E12)+1)*$J12)) | V12: =IF(OR($B12="",V$4>$P12,EOMONTH(V$4,0)<$E12),0,MIN($H12,MAX(0,MIN(EOMONTH(V$4,0),$P12)-MAX(V$4,$E12)+1)*$J12)) | W12: =IF(OR($B12="",W$4>$P12,EOMONTH(W$4,0)<$E12),0,MIN($H12,MAX(0,MIN(EOMONTH(W$4,0),$P12)-MAX(W$4,$E12)+1)*$J12)) | X12: =IF(OR($B12="",X$4>$P12,EOMONTH(X$4,0)<$E12),0,MIN($H12,MAX(0,MIN(EOMONTH(X$4,0),$P12)-MAX(X$4,$E12)+1)*$J12)) | Y12: =IF(OR($B12="",Y$4>$P12,EOMONTH(Y$4,0)<$E12),0,MIN($H12,MAX(0,MIN(EOMONTH(Y$4,0),$P12)-MAX(Y$4,$E12)+1)*$J12)) | ... AC12: =IF(OR($B12="",AC$4>$P12,EOMONTH(AC$4,0)<$E12),0,MIN($H12,MAX(0,MIN(EOMONTH(AC$4,0),$P12)-MAX(AC$4,$E12)+1)*$J12)) | AD12: =IF(B12="","",ROUND(SUM(R12:AC12),0)) | AE12: =IF(B12="","",MIN(H12,ROUND(Q12+SUM(R12:AC12),0))) | AF12: =IF(B12="","",MAX(H12-AE12,0)) | AG12: =IF(B12="","",IF('Thiết lập'!$B$4<E12,"Chưa phân bổ",IF(P12<='Thiết lập'!$B$4,"Đã phân bổ","Đang phân bổ"))) | AI12: =IF(B12="","",IF(AND(C12<>"",D12<>"",E12<>"",E12>=D12,F12>0,G12>0,I12>0,COUNTIF($B$7:$B$306,B12)=1),"OK",IF(C12="","Thiếu tên; ","")&IF(D12="","Thiếu ngày tăng; ","")&IF(E12="","Thiếu ngày bắt đầu; ","")&IF(AND(D12<>"",E12<>"",E12<D12),"Ngày bắt đầu < ngày tăng; ","")&IF(OR(F12="",F12<=0),"Số lượng không hợp lệ; ","")&IF(OR(G12="",G12<=0),"Đơn giá không hợp lệ; ","")&IF(OR(I12="",I12<=0),"Số tháng không hợp lệ; ","")&IF(COUNTIF($B$7:$B$306,B12)>1,"Trùng mã CPTT; ","")))
A13: =IF(B13="","",ROW()-6) | H13: =IF(OR(F13="",G13=""),"",F13*G13) | J13: =IF(OR(H13="",E13="",P13=""),"",H13/(P13-E13+1)) | L13: =IF(B13="","",IF(AF13<=0,"Đã phân bổ",IF(P13<=EDATE('Thiết lập'!$B$4,12),"Ngắn hạn","Dài hạn"))) | P13: =IF(OR(E13="",I13=""),"",EDATE(E13,I13)-1) | Q13: =IF(OR(B13="",E13="",P13=""),0,MIN(H13,MAX(0,MIN(P13,DATE('Thiết lập'!$B$3-1,12,31))-E13+1)*J13)) | R13: =IF(OR($B13="",R$4>$P13,EOMONTH(R$4,0)<$E13),0,MIN($H13,MAX(0,MIN(EOMONTH(R$4,0),$P13)-MAX(R$4,$E13)+1)*$J13)) | S13: =IF(OR($B13="",S$4>$P13,EOMONTH(S$4,0)<$E13),0,MIN($H13,MAX(0,MIN(EOMONTH(S$4,0),$P13)-MAX(S$4,$E13)+1)*$J13)) | T13: =IF(OR($B13="",T$4>$P13,EOMONTH(T$4,0)<$E13),0,MIN($H13,MAX(0,MIN(EOMONTH(T$4,0),$P13)-MAX(T$4,$E13)+1)*$J13)) | U13: =IF(OR($B13="",U$4>$P13,EOMONTH(U$4,0)<$E13),0,MIN($H13,MAX(0,MIN(EOMONTH(U$4,0),$P13)-MAX(U$4,$E13)+1)*$J13)) | V13: =IF(OR($B13="",V$4>$P13,EOMONTH(V$4,0)<$E13),0,MIN($H13,MAX(0,MIN(EOMONTH(V$4,0),$P13)-MAX(V$4,$E13)+1)*$J13)) | W13: =IF(OR($B13="",W$4>$P13,EOMONTH(W$4,0)<$E13),0,MIN($H13,MAX(0,MIN(EOMONTH(W$4,0),$P13)-MAX(W$4,$E13)+1)*$J13)) | X13: =IF(OR($B13="",X$4>$P13,EOMONTH(X$4,0)<$E13),0,MIN($H13,MAX(0,MIN(EOMONTH(X$4,0),$P13)-MAX(X$4,$E13)+1)*$J13)) | Y13: =IF(OR($B13="",Y$4>$P13,EOMONTH(Y$4,0)<$E13),0,MIN($H13,MAX(0,MIN(EOMONTH(Y$4,0),$P13)-MAX(Y$4,$E13)+1)*$J13)) | ... AC13: =IF(OR($B13="",AC$4>$P13,EOMONTH(AC$4,0)<$E13),0,MIN($H13,MAX(0,MIN(EOMONTH(AC$4,0),$P13)-MAX(AC$4,$E13)+1)*$J13)) | AD13: =IF(B13="","",ROUND(SUM(R13:AC13),0)) | AE13: =IF(B13="","",MIN(H13,ROUND(Q13+SUM(R13:AC13),0))) | AF13: =IF(B13="","",MAX(H13-AE13,0)) | AG13: =IF(B13="","",IF('Thiết lập'!$B$4<E13,"Chưa phân bổ",IF(P13<='Thiết lập'!$B$4,"Đã phân bổ","Đang phân bổ"))) | AI13: =IF(B13="","",IF(AND(C13<>"",D13<>"",E13<>"",E13>=D13,F13>0,G13>0,I13>0,COUNTIF($B$7:$B$306,B13)=1),"OK",IF(C13="","Thiếu tên; ","")&IF(D13="","Thiếu ngày tăng; ","")&IF(E13="","Thiếu ngày bắt đầu; ","")&IF(AND(D13<>"",E13<>"",E13<D13),"Ngày bắt đầu < ngày tăng; ","")&IF(OR(F13="",F13<=0),"Số lượng không hợp lệ; ","")&IF(OR(G13="",G13<=0),"Đơn giá không hợp lệ; ","")&IF(OR(I13="",I13<=0),"Số tháng không hợp lệ; ","")&IF(COUNTIF($B$7:$B$306,B13)>1,"Trùng mã CPTT; ","")))
A14: =IF(B14="","",ROW()-6) | H14: =IF(OR(F14="",G14=""),"",F14*G14) | J14: =IF(OR(H14="",E14="",P14=""),"",H14/(P14-E14+1)) | L14: =IF(B14="","",IF(AF14<=0,"Đã phân bổ",IF(P14<=EDATE('Thiết lập'!$B$4,12),"Ngắn hạn","Dài hạn"))) | P14: =IF(OR(E14="",I14=""),"",EDATE(E14,I14)-1) | Q14: =IF(OR(B14="",E14="",P14=""),0,MIN(H14,MAX(0,MIN(P14,DATE('Thiết lập'!$B$3-1,12,31))-E14+1)*J14)) | R14: =IF(OR($B14="",R$4>$P14,EOMONTH(R$4,0)<$E14),0,MIN($H14,MAX(0,MIN(EOMONTH(R$4,0),$P14)-MAX(R$4,$E14)+1)*$J14)) | S14: =IF(OR($B14="",S$4>$P14,EOMONTH(S$4,0)<$E14),0,MIN($H14,MAX(0,MIN(EOMONTH(S$4,0),$P14)-MAX(S$4,$E14)+1)*$J14)) | T14: =IF(OR($B14="",T$4>$P14,EOMONTH(T$4,0)<$E14),0,MIN($H14,MAX(0,MIN(EOMONTH(T$4,0),$P14)-MAX(T$4,$E14)+1)*$J14)) | U14: =IF(OR($B14="",U$4>$P14,EOMONTH(U$4,0)<$E14),0,MIN($H14,MAX(0,MIN(EOMONTH(U$4,0),$P14)-MAX(U$4,$E14)+1)*$J14)) | V14: =IF(OR($B14="",V$4>$P14,EOMONTH(V$4,0)<$E14),0,MIN($H14,MAX(0,MIN(EOMONTH(V$4,0),$P14)-MAX(V$4,$E14)+1)*$J14)) | W14: =IF(OR($B14="",W$4>$P14,EOMONTH(W$4,0)<$E14),0,MIN($H14,MAX(0,MIN(EOMONTH(W$4,0),$P14)-MAX(W$4,$E14)+1)*$J14)) | X14: =IF(OR($B14="",X$4>$P14,EOMONTH(X$4,0)<$E14),0,MIN($H14,MAX(0,MIN(EOMONTH(X$4,0),$P14)-MAX(X$4,$E14)+1)*$J14)) | Y14: =IF(OR($B14="",Y$4>$P14,EOMONTH(Y$4,0)<$E14),0,MIN($H14,MAX(0,MIN(EOMONTH(Y$4,0),$P14)-MAX(Y$4,$E14)+1)*$J14)) | ... AC14: =IF(OR($B14="",AC$4>$P14,EOMONTH(AC$4,0)<$E14),0,MIN($H14,MAX(0,MIN(EOMONTH(AC$4,0),$P14)-MAX(AC$4,$E14)+1)*$J14)) | AD14: =IF(B14="","",ROUND(SUM(R14:AC14),0)) | AE14: =IF(B14="","",MIN(H14,ROUND(Q14+SUM(R14:AC14),0))) | AF14: =IF(B14="","",MAX(H14-AE14,0)) | AG14: =IF(B14="","",IF('Thiết lập'!$B$4<E14,"Chưa phân bổ",IF(P14<='Thiết lập'!$B$4,"Đã phân bổ","Đang phân bổ"))) | AI14: =IF(B14="","",IF(AND(C14<>"",D14<>"",E14<>"",E14>=D14,F14>0,G14>0,I14>0,COUNTIF($B$7:$B$306,B14)=1),"OK",IF(C14="","Thiếu tên; ","")&IF(D14="","Thiếu ngày tăng; ","")&IF(E14="","Thiếu ngày bắt đầu; ","")&IF(AND(D14<>"",E14<>"",E14<D14),"Ngày bắt đầu < ngày tăng; ","")&IF(OR(F14="",F14<=0),"Số lượng không hợp lệ; ","")&IF(OR(G14="",G14<=0),"Đơn giá không hợp lệ; ","")&IF(OR(I14="",I14<=0),"Số tháng không hợp lệ; ","")&IF(COUNTIF($B$7:$B$306,B14)>1,"Trùng mã CPTT; ","")))
A15: =IF(B15="","",ROW()-6) | H15: =IF(OR(F15="",G15=""),"",F15*G15) | J15: =IF(OR(H15="",E15="",P15=""),"",H15/(P15-E15+1)) | L15: =IF(B15="","",IF(AF15<=0,"Đã phân bổ",IF(P15<=EDATE('Thiết lập'!$B$4,12),"Ngắn hạn","Dài hạn"))) | P15: =IF(OR(E15="",I15=""),"",EDATE(E15,I15)-1) | Q15: =IF(OR(B15="",E15="",P15=""),0,MIN(H15,MAX(0,MIN(P15,DATE('Thiết lập'!$B$3-1,12,31))-E15+1)*J15)) | R15: =IF(OR($B15="",R$4>$P15,EOMONTH(R$4,0)<$E15),0,MIN($H15,MAX(0,MIN(EOMONTH(R$4,0),$P15)-MAX(R$4,$E15)+1)*$J15)) | S15: =IF(OR($B15="",S$4>$P15,EOMONTH(S$4,0)<$E15),0,MIN($H15,MAX(0,MIN(EOMONTH(S$4,0),$P15)-MAX(S$4,$E15)+1)*$J15)) | T15: =IF(OR($B15="",T$4>$P15,EOMONTH(T$4,0)<$E15),0,MIN($H15,MAX(0,MIN(EOMONTH(T$4,0),$P15)-MAX(T$4,$E15)+1)*$J15)) | U15: =IF(OR($B15="",U$4>$P15,EOMONTH(U$4,0)<$E15),0,MIN($H15,MAX(0,MIN(EOMONTH(U$4,0),$P15)-MAX(U$4,$E15)+1)*$J15)) | V15: =IF(OR($B15="",V$4>$P15,EOMONTH(V$4,0)<$E15),0,MIN($H15,MAX(0,MIN(EOMONTH(V$4,0),$P15)-MAX(V$4,$E15)+1)*$J15)) | W15: =IF(OR($B15="",W$4>$P15,EOMONTH(W$4,0)<$E15),0,MIN($H15,MAX(0,MIN(EOMONTH(W$4,0),$P15)-MAX(W$4,$E15)+1)*$J15)) | X15: =IF(OR($B15="",X$4>$P15,EOMONTH(X$4,0)<$E15),0,MIN($H15,MAX(0,MIN(EOMONTH(X$4,0),$P15)-MAX(X$4,$E15)+1)*$J15)) | Y15: =IF(OR($B15="",Y$4>$P15,EOMONTH(Y$4,0)<$E15),0,MIN($H15,MAX(0,MIN(EOMONTH(Y$4,0),$P15)-MAX(Y$4,$E15)+1)*$J15)) | ... AC15: =IF(OR($B15="",AC$4>$P15,EOMONTH(AC$4,0)<$E15),0,MIN($H15,MAX(0,MIN(EOMONTH(AC$4,0),$P15)-MAX(AC$4,$E15)+1)*$J15)) | AD15: =IF(B15="","",ROUND(SUM(R15:AC15),0)) | AE15: =IF(B15="","",MIN(H15,ROUND(Q15+SUM(R15:AC15),0))) | AF15: =IF(B15="","",MAX(H15-AE15,0)) | AG15: =IF(B15="","",IF('Thiết lập'!$B$4<E15,"Chưa phân bổ",IF(P15<='Thiết lập'!$B$4,"Đã phân bổ","Đang phân bổ"))) | AI15: =IF(B15="","",IF(AND(C15<>"",D15<>"",E15<>"",E15>=D15,F15>0,G15>0,I15>0,COUNTIF($B$7:$B$306,B15)=1),"OK",IF(C15="","Thiếu tên; ","")&IF(D15="","Thiếu ngày tăng; ","")&IF(E15="","Thiếu ngày bắt đầu; ","")&IF(AND(D15<>"",E15<>"",E15<D15),"Ngày bắt đầu < ngày tăng; ","")&IF(OR(F15="",F15<=0),"Số lượng không hợp lệ; ","")&IF(OR(G15="",G15<=0),"Đơn giá không hợp lệ; ","")&IF(OR(I15="",I15<=0),"Số tháng không hợp lệ; ","")&IF(COUNTIF($B$7:$B$306,B15)>1,"Trùng mã CPTT; ","")))
A16: =IF(B16="","",ROW()-6) | H16: =IF(OR(F16="",G16=""),"",F16*G16) | J16: =IF(OR(H16="",E16="",P16=""),"",H16/(P16-E16+1)) | L16: =IF(B16="","",IF(AF16<=0,"Đã phân bổ",IF(P16<=EDATE('Thiết lập'!$B$4,12),"Ngắn hạn","Dài hạn"))) | P16: =IF(OR(E16="",I16=""),"",EDATE(E16,I16)-1) | Q16: =IF(OR(B16="",E16="",P16=""),0,MIN(H16,MAX(0,MIN(P16,DATE('Thiết lập'!$B$3-1,12,31))-E16+1)*J16)) | R16: =IF(OR($B16="",R$4>$P16,EOMONTH(R$4,0)<$E16),0,MIN($H16,MAX(0,MIN(EOMONTH(R$4,0),$P16)-MAX(R$4,$E16)+1)*$J16)) | S16: =IF(OR($B16="",S$4>$P16,EOMONTH(S$4,0)<$E16),0,MIN($H16,MAX(0,MIN(EOMONTH(S$4,0),$P16)-MAX(S$4,$E16)+1)*$J16)) | T16: =IF(OR($B16="",T$4>$P16,EOMONTH(T$4,0)<$E16),0,MIN($H16,MAX(0,MIN(EOMONTH(T$4,0),$P16)-MAX(T$4,$E16)+1)*$J16)) | U16: =IF(OR($B16="",U$4>$P16,EOMONTH(U$4,0)<$E16),0,MIN($H16,MAX(0,MIN(EOMONTH(U$4,0),$P16)-MAX(U$4,$E16)+1)*$J16)) | V16: =IF(OR($B16="",V$4>$P16,EOMONTH(V$4,0)<$E16),0,MIN($H16,MAX(0,MIN(EOMONTH(V$4,0),$P16)-MAX(V$4,$E16)+1)*$J16)) | W16: =IF(OR($B16="",W$4>$P16,EOMONTH(W$4,0)<$E16),0,MIN($H16,MAX(0,MIN(EOMONTH(W$4,0),$P16)-MAX(W$4,$E16)+1)*$J16)) | X16: =IF(OR($B16="",X$4>$P16,EOMONTH(X$4,0)<$E16),0,MIN($H16,MAX(0,MIN(EOMONTH(X$4,0),$P16)-MAX(X$4,$E16)+1)*$J16)) | Y16: =IF(OR($B16="",Y$4>$P16,EOMONTH(Y$4,0)<$E16),0,MIN($H16,MAX(0,MIN(EOMONTH(Y$4,0),$P16)-MAX(Y$4,$E16)+1)*$J16)) | ... AC16: =IF(OR($B16="",AC$4>$P16,EOMONTH(AC$4,0)<$E16),0,MIN($H16,MAX(0,MIN(EOMONTH(AC$4,0),$P16)-MAX(AC$4,$E16)+1)*$J16)) | AD16: =IF(B16="","",ROUND(SUM(R16:AC16),0)) | AE16: =IF(B16="","",MIN(H16,ROUND(Q16+SUM(R16:AC16),0))) | AF16: =IF(B16="","",MAX(H16-AE16,0)) | AG16: =IF(B16="","",IF('Thiết lập'!$B$4<E16,"Chưa phân bổ",IF(P16<='Thiết lập'!$B$4,"Đã phân bổ","Đang phân bổ"))) | AI16: =IF(B16="","",IF(AND(C16<>"",D16<>"",E16<>"",E16>=D16,F16>0,G16>0,I16>0,COUNTIF($B$7:$B$306,B16)=1),"OK",IF(C16="","Thiếu tên; ","")&IF(D16="","Thiếu ngày tăng; ","")&IF(E16="","Thiếu ngày bắt đầu; ","")&IF(AND(D16<>"",E16<>"",E16<D16),"Ngày bắt đầu < ngày tăng; ","")&IF(OR(F16="",F16<=0),"Số lượng không hợp lệ; ","")&IF(OR(G16="",G16<=0),"Đơn giá không hợp lệ; ","")&IF(OR(I16="",I16<=0),"Số tháng không hợp lệ; ","")&IF(COUNTIF($B$7:$B$306,B16)>1,"Trùng mã CPTT; ","")))
A17: =IF(B17="","",ROW()-6) | H17: =IF(OR(F17="",G17=""),"",F17*G17) | J17: =IF(OR(H17="",E17="",P17=""),"",H17/(P17-E17+1)) | L17: =IF(B17="","",IF(AF17<=0,"Đã phân bổ",IF(P17<=EDATE('Thiết lập'!$B$4,12),"Ngắn hạn","Dài hạn"))) | P17: =IF(OR(E17="",I17=""),"",EDATE(E17,I17)-1) | Q17: =IF(OR(B17="",E17="",P17=""),0,MIN(H17,MAX(0,MIN(P17,DATE('Thiết lập'!$B$3-1,12,31))-E17+1)*J17)) | R17: =IF(OR($B17="",R$4>$P17,EOMONTH(R$4,0)<$E17),0,MIN($H17,MAX(0,MIN(EOMONTH(R$4,0),$P17)-MAX(R$4,$E17)+1)*$J17)) | S17: =IF(OR($B17="",S$4>$P17,EOMONTH(S$4,0)<$E17),0,MIN($H17,MAX(0,MIN(EOMONTH(S$4,0),$P17)-MAX(S$4,$E17)+1)*$J17)) | T17: =IF(OR($B17="",T$4>$P17,EOMONTH(T$4,0)<$E17),0,MIN($H17,MAX(0,MIN(EOMONTH(T$4,0),$P17)-MAX(T$4,$E17)+1)*$J17)) | U17: =IF(OR($B17="",U$4>$P17,EOMONTH(U$4,0)<$E17),0,MIN($H17,MAX(0,MIN(EOMONTH(U$4,0),$P17)-MAX(U$4,$E17)+1)*$J17)) | V17: =IF(OR($B17="",V$4>$P17,EOMONTH(V$4,0)<$E17),0,MIN($H17,MAX(0,MIN(EOMONTH(V$4,0),$P17)-MAX(V$4,$E17)+1)*$J17)) | W17: =IF(OR($B17="",W$4>$P17,EOMONTH(W$4,0)<$E17),0,MIN($H17,MAX(0,MIN(EOMONTH(W$4,0),$P17)-MAX(W$4,$E17)+1)*$J17)) | X17: =IF(OR($B17="",X$4>$P17,EOMONTH(X$4,0)<$E17),0,MIN($H17,MAX(0,MIN(EOMONTH(X$4,0),$P17)-MAX(X$4,$E17)+1)*$J17)) | Y17: =IF(OR($B17="",Y$4>$P17,EOMONTH(Y$4,0)<$E17),0,MIN($H17,MAX(0,MIN(EOMONTH(Y$4,0),$P17)-MAX(Y$4,$E17)+1)*$J17)) | ... AC17: =IF(OR($B17="",AC$4>$P17,EOMONTH(AC$4,0)<$E17),0,MIN($H17,MAX(0,MIN(EOMONTH(AC$4,0),$P17)-MAX(AC$4,$E17)+1)*$J17)) | AD17: =IF(B17="","",ROUND(SUM(R17:AC17),0)) | AE17: =IF(B17="","",MIN(H17,ROUND(Q17+SUM(R17:AC17),0))) | AF17: =IF(B17="","",MAX(H17-AE17,0)) | AG17: =IF(B17="","",IF('Thiết lập'!$B$4<E17,"Chưa phân bổ",IF(P17<='Thiết lập'!$B$4,"Đã phân bổ","Đang phân bổ"))) | AI17: =IF(B17="","",IF(AND(C17<>"",D17<>"",E17<>"",E17>=D17,F17>0,G17>0,I17>0,COUNTIF($B$7:$B$306,B17)=1),"OK",IF(C17="","Thiếu tên; ","")&IF(D17="","Thiếu ngày tăng; ","")&IF(E17="","Thiếu ngày bắt đầu; ","")&IF(AND(D17<>"",E17<>"",E17<D17),"Ngày bắt đầu < ngày tăng; ","")&IF(OR(F17="",F17<=0),"Số lượng không hợp lệ; ","")&IF(OR(G17="",G17<=0),"Đơn giá không hợp lệ; ","")&IF(OR(I17="",I17<=0),"Số tháng không hợp lệ; ","")&IF(COUNTIF($B$7:$B$306,B17)>1,"Trùng mã CPTT; ","")))
A18: =IF(B18="","",ROW()-6) | H18: =IF(OR(F18="",G18=""),"",F18*G18) | J18: =IF(OR(H18="",E18="",P18=""),"",H18/(P18-E18+1)) | L18: =IF(B18="","",IF(AF18<=0,"Đã phân bổ",IF(P18<=EDATE('Thiết lập'!$B$4,12),"Ngắn hạn","Dài hạn"))) | P18: =IF(OR(E18="",I18=""),"",EDATE(E18,I18)-1) | Q18: =IF(OR(B18="",E18="",P18=""),0,MIN(H18,MAX(0,MIN(P18,DATE('Thiết lập'!$B$3-1,12,31))-E18+1)*J18)) | R18: =IF(OR($B18="",R$4>$P18,EOMONTH(R$4,0)<$E18),0,MIN($H18,MAX(0,MIN(EOMONTH(R$4,0),$P18)-MAX(R$4,$E18)+1)*$J18)) | S18: =IF(OR($B18="",S$4>$P18,EOMONTH(S$4,0)<$E18),0,MIN($H18,MAX(0,MIN(EOMONTH(S$4,0),$P18)-MAX(S$4,$E18)+1)*$J18)) | T18: =IF(OR($B18="",T$4>$P18,EOMONTH(T$4,0)<$E18),0,MIN($H18,MAX(0,MIN(EOMONTH(T$4,0),$P18)-MAX(T$4,$E18)+1)*$J18)) | U18: =IF(OR($B18="",U$4>$P18,EOMONTH(U$4,0)<$E18),0,MIN($H18,MAX(0,MIN(EOMONTH(U$4,0),$P18)-MAX(U$4,$E18)+1)*$J18)) | V18: =IF(OR($B18="",V$4>$P18,EOMONTH(V$4,0)<$E18),0,MIN($H18,MAX(0,MIN(EOMONTH(V$4,0),$P18)-MAX(V$4,$E18)+1)*$J18)) | W18: =IF(OR($B18="",W$4>$P18,EOMONTH(W$4,0)<$E18),0,MIN($H18,MAX(0,MIN(EOMONTH(W$4,0),$P18)-MAX(W$4,$E18)+1)*$J18)) | X18: =IF(OR($B18="",X$4>$P18,EOMONTH(X$4,0)<$E18),0,MIN($H18,MAX(0,MIN(EOMONTH(X$4,0),$P18)-MAX(X$4,$E18)+1)*$J18)) | Y18: =IF(OR($B18="",Y$4>$P18,EOMONTH(Y$4,0)<$E18),0,MIN($H18,MAX(0,MIN(EOMONTH(Y$4,0),$P18)-MAX(Y$4,$E18)+1)*$J18)) | ... AC18: =IF(OR($B18="",AC$4>$P18,EOMONTH(AC$4,0)<$E18),0,MIN($H18,MAX(0,MIN(EOMONTH(AC$4,0),$P18)-MAX(AC$4,$E18)+1)*$J18)) | AD18: =IF(B18="","",ROUND(SUM(R18:AC18),0)) | AE18: =IF(B18="","",MIN(H18,ROUND(Q18+SUM(R18:AC18),0))) | AF18: =IF(B18="","",MAX(H18-AE18,0)) | AG18: =IF(B18="","",IF('Thiết lập'!$B$4<E18,"Chưa phân bổ",IF(P18<='Thiết lập'!$B$4,"Đã phân bổ","Đang phân bổ"))) | AI18: =IF(B18="","",IF(AND(C18<>"",D18<>"",E18<>"",E18>=D18,F18>0,G18>0,I18>0,COUNTIF($B$7:$B$306,B18)=1),"OK",IF(C18="","Thiếu tên; ","")&IF(D18="","Thiếu ngày tăng; ","")&IF(E18="","Thiếu ngày bắt đầu; ","")&IF(AND(D18<>"",E18<>"",E18<D18),"Ngày bắt đầu < ngày tăng; ","")&IF(OR(F18="",F18<=0),"Số lượng không hợp lệ; ","")&IF(OR(G18="",G18<=0),"Đơn giá không hợp lệ; ","")&IF(OR(I18="",I18<=0),"Số tháng không hợp lệ; ","")&IF(COUNTIF($B$7:$B$306,B18)>1,"Trùng mã CPTT; ","")))
A19: =IF(B19="","",ROW()-6) | H19: =IF(OR(F19="",G19=""),"",F19*G19) | J19: =IF(OR(H19="",E19="",P19=""),"",H19/(P19-E19+1)) | L19: =IF(B19="","",IF(AF19<=0,"Đã phân bổ",IF(P19<=EDATE('Thiết lập'!$B$4,12),"Ngắn hạn","Dài hạn"))) | P19: =IF(OR(E19="",I19=""),"",EDATE(E19,I19)-1) | Q19: =IF(OR(B19="",E19="",P19=""),0,MIN(H19,MAX(0,MIN(P19,DATE('Thiết lập'!$B$3-1,12,31))-E19+1)*J19)) | R19: =IF(OR($B19="",R$4>$P19,EOMONTH(R$4,0)<$E19),0,MIN($H19,MAX(0,MIN(EOMONTH(R$4,0),$P19)-MAX(R$4,$E19)+1)*$J19)) | S19: =IF(OR($B19="",S$4>$P19,EOMONTH(S$4,0)<$E19),0,MIN($H19,MAX(0,MIN(EOMONTH(S$4,0),$P19)-MAX(S$4,$E19)+1)*$J19)) | T19: =IF(OR($B19="",T$4>$P19,EOMONTH(T$4,0)<$E19),0,MIN($H19,MAX(0,MIN(EOMONTH(T$4,0),$P19)-MAX(T$4,$E19)+1)*$J19)) | U19: =IF(OR($B19="",U$4>$P19,EOMONTH(U$4,0)<$E19),0,MIN($H19,MAX(0,MIN(EOMONTH(U$4,0),$P19)-MAX(U$4,$E19)+1)*$J19)) | V19: =IF(OR($B19="",V$4>$P19,EOMONTH(V$4,0)<$E19),0,MIN($H19,MAX(0,MIN(EOMONTH(V$4,0),$P19)-MAX(V$4,$E19)+1)*$J19)) | W19: =IF(OR($B19="",W$4>$P19,EOMONTH(W$4,0)<$E19),0,MIN($H19,MAX(0,MIN(EOMONTH(W$4,0),$P19)-MAX(W$4,$E19)+1)*$J19)) | X19: =IF(OR($B19="",X$4>$P19,EOMONTH(X$4,0)<$E19),0,MIN($H19,MAX(0,MIN(EOMONTH(X$4,0),$P19)-MAX(X$4,$E19)+1)*$J19)) | Y19: =IF(OR($B19="",Y$4>$P19,EOMONTH(Y$4,0)<$E19),0,MIN($H19,MAX(0,MIN(EOMONTH(Y$4,0),$P19)-MAX(Y$4,$E19)+1)*$J19)) | ... AC19: =IF(OR($B19="",AC$4>$P19,EOMONTH(AC$4,0)<$E19),0,MIN($H19,MAX(0,MIN(EOMONTH(AC$4,0),$P19)-MAX(AC$4,$E19)+1)*$J19)) | AD19: =IF(B19="","",ROUND(SUM(R19:AC19),0)) | AE19: =IF(B19="","",MIN(H19,ROUND(Q19+SUM(R19:AC19),0))) | AF19: =IF(B19="","",MAX(H19-AE19,0)) | AG19: =IF(B19="","",IF('Thiết lập'!$B$4<E19,"Chưa phân bổ",IF(P19<='Thiết lập'!$B$4,"Đã phân bổ","Đang phân bổ"))) | AI19: =IF(B19="","",IF(AND(C19<>"",D19<>"",E19<>"",E19>=D19,F19>0,G19>0,I19>0,COUNTIF($B$7:$B$306,B19)=1),"OK",IF(C19="","Thiếu tên; ","")&IF(D19="","Thiếu ngày tăng; ","")&IF(E19="","Thiếu ngày bắt đầu; ","")&IF(AND(D19<>"",E19<>"",E19<D19),"Ngày bắt đầu < ngày tăng; ","")&IF(OR(F19="",F19<=0),"Số lượng không hợp lệ; ","")&IF(OR(G19="",G19<=0),"Đơn giá không hợp lệ; ","")&IF(OR(I19="",I19<=0),"Số tháng không hợp lệ; ","")&IF(COUNTIF($B$7:$B$306,B19)>1,"Trùng mã CPTT; ","")))
... A306: =IF(B306="","",ROW()-6) | H306: =IF(OR(F306="",G306=""),"",F306*G306) | J306: =IF(OR(H306="",E306="",P306=""),"",H306/(P306-E306+1)) | L306: =IF(B306="","",IF(AF306<=0,"Đã phân bổ",IF(P306<=EDATE('Thiết lập'!$B$4,12),"Ngắn hạn","Dài hạn"))) | P306: =IF(OR(E306="",I306=""),"",EDATE(E306,I306)-1) | Q306: =IF(OR(B306="",E306="",P306=""),0,MIN(H306,MAX(0,MIN(P306,DATE('Thiết lập'!$B$3-1,12,31))-E306+1)*J306)) | R306: =IF(OR($B306="",R$4>$P306,EOMONTH(R$4,0)<$E306),0,MIN($H306,MAX(0,MIN(EOMONTH(R$4,0),$P306)-MAX(R$4,$E306)+1)*$J306)) | S306: =IF(OR($B306="",S$4>$P306,EOMONTH(S$4,0)<$E306),0,MIN($H306,MAX(0,MIN(EOMONTH(S$4,0),$P306)-MAX(S$4,$E306)+1)*$J306)) | T306: =IF(OR($B306="",T$4>$P306,EOMONTH(T$4,0)<$E306),0,MIN($H306,MAX(0,MIN(EOMONTH(T$4,0),$P306)-MAX(T$4,$E306)+1)*$J306)) | U306: =IF(OR($B306="",U$4>$P306,EOMONTH(U$4,0)<$E306),0,MIN($H306,MAX(0,MIN(EOMONTH(U$4,0),$P306)-MAX(U$4,$E306)+1)*$J306)) | V306: =IF(OR($B306="",V$4>$P306,EOMONTH(V$4,0)<$E306),0,MIN($H306,MAX(0,MIN(EOMONTH(V$4,0),$P306)-MAX(V$4,$E306)+1)*$J306)) | W306: =IF(OR($B306="",W$4>$P306,EOMONTH(W$4,0)<$E306),0,MIN($H306,MAX(0,MIN(EOMONTH(W$4,0),$P306)-MAX(W$4,$E306)+1)*$J306)) | X306: =IF(OR($B306="",X$4>$P306,EOMONTH(X$4,0)<$E306),0,MIN($H306,MAX(0,MIN(EOMONTH(X$4,0),$P306)-MAX(X$4,$E306)+1)*$J306)) | Y306: =IF(OR($B306="",Y$4>$P306,EOMONTH(Y$4,0)<$E306),0,MIN($H306,MAX(0,MIN(EOMONTH(Y$4,0),$P306)-MAX(Y$4,$E306)+1)*$J306)) | ... AC306: =IF(OR($B306="",AC$4>$P306,EOMONTH(AC$4,0)<$E306),0,MIN($H306,MAX(0,MIN(EOMONTH(AC$4,0),$P306)-MAX(AC$4,$E306)+1)*$J306)) | AD306: =IF(B306="","",ROUND(SUM(R306:AC306),0)) | AE306: =IF(B306="","",MIN(H306,ROUND(Q306+SUM(R306:AC306),0))) | AF306: =IF(B306="","",MAX(H306-AE306,0)) | AG306: =IF(B306="","",IF('Thiết lập'!$B$4<E306,"Chưa phân bổ",IF(P306<='Thiết lập'!$B$4,"Đã phân bổ","Đang phân bổ"))) | AI306: =IF(B306="","",IF(AND(C306<>"",D306<>"",E306<>"",E306>=D306,F306>0,G306>0,I306>0,COUNTIF($B$7:$B$306,B306)=1),"OK",IF(C306="","Thiếu tên; ","")&IF(D306="","Thiếu ngày tăng; ","")&IF(E306="","Thiếu ngày bắt đầu; ","")&IF(AND(D306<>"",E306<>"",E306<D306),"Ngày bắt đầu < ngày tăng; ","")&IF(OR(F306="",F306<=0),"Số lượng không hợp lệ; ","")&IF(OR(G306="",G306<=0),"Đơn giá không hợp lệ; ","")&IF(OR(I306="",I306<=0),"Số tháng không hợp lệ; ","")&IF(COUNTIF($B$7:$B$306,B306)>1,"Trùng mã CPTT; ","")))

Sheet Báo cáo
A1: KK HOME | Kiểm toán · Kế toán · Tư vấn Thuế BÁO CÁO TỔNG HỢP CHI PHÍ TRẢ TRƯỚC
A2: ="Năm "&'Thiết lập'!B3&" | Ngày báo cáo: "&TEXT('Thiết lập'!B4,"dd/mm/yyyy")
A4: Số mã CPTT | C4: Tổng giá trị gốc | E4: Phân bổ trong năm | G4: Giá trị còn lại | J4: KHU VỰC PHÂN TÍCH MỞ RỘNG Có thể bổ sung báo cáo theo bộ phận, mã chi phí hoặc tháng khi doanh nghiệp chốt hệ thống mã quản trị.
A5: =COUNTIF('Phân bổ'!$B$7:$B$306,"<>") | C5: =SUM('Phân bổ'!$H$7:$H$306) | E5: =SUM('Phân bổ'!$AD$7:$AD$306) | G5: =SUM('Phân bổ'!$AF$7:$AF$306)
A8: Còn lại ngắn hạn | C8: Còn lại dài hạn | E8: Đang phân bổ | G8: Bản ghi cần kiểm tra
A9: =SUMIF('Phân bổ'!$L$7:$L$306,"Ngắn hạn",'Phân bổ'!$AF$7:$AF$306) | C9: =SUMIF('Phân bổ'!$L$7:$L$306,"Dài hạn",'Phân bổ'!$AF$7:$AF$306) | E9: =COUNTIF('Phân bổ'!$AG$7:$AG$306,"Đang phân bổ") | G9: =COUNTIFS('Phân bổ'!$B$7:$B$306,"<>",'Phân bổ'!$AI$7:$AI$306,"<>OK")
A12: PHÂN BỔ TRONG NĂM THEO TÀI KHOẢN CHI PHÍ
A13: TK chi phí | B13: Giá trị phân bổ | D13: Trạng thái | E13: Số mã
A14: 154 | B14: =SUMIF('Phân bổ'!$N$7:$N$306,A14,'Phân bổ'!$AD$7:$AD$306) | D14: Chưa phân bổ | E14: =COUNTIF('Phân bổ'!$AG$7:$AG$306,D14)
A15: 627 | B15: =SUMIF('Phân bổ'!$N$7:$N$306,A15,'Phân bổ'!$AD$7:$AD$306) | D15: Đang phân bổ | E15: =COUNTIF('Phân bổ'!$AG$7:$AG$306,D15)
A16: 632 | B16: =SUMIF('Phân bổ'!$N$7:$N$306,A16,'Phân bổ'!$AD$7:$AD$306) | D16: Đã phân bổ | E16: =COUNTIF('Phân bổ'!$AG$7:$AG$306,D16)
A17: 641 | B17: =SUMIF('Phân bổ'!$N$7:$N$306,A17,'Phân bổ'!$AD$7:$AD$306)
A18: 642 | B18: =SUMIF('Phân bổ'!$N$7:$N$306,A18,'Phân bổ'!$AD$7:$AD$306)
A19: Khác | B19: =SUM('Phân bổ'!$AD$7:$AD$306)-SUM(B14:B18)
A21: Cảnh báo: Nếu “Bản ghi cần kiểm tra” > 0, lọc cột “Kiểm tra dữ liệu” tại sheet Phân bổ trước khi sử dụng số liệu.
A23: KK HOME · Kiểm toán – Kế toán – Tư vấn Thuế · Mẫu theo dõi & phân bổ chi phí trả trước (TK 242)
