Workbook

Sheet 0. Hướng dẫn
A1: CÔNG CỤ TÍNH GIÁ THÀNH THEO KỲ
B3: 6 BƯỚC SỬ DỤNG
B4: BƯỚC 1 – Chọn kỳ và phương pháp: mở [1. Danh mục & Tham số], nhập Tên DN, Kỳ, Từ ngày, Đến ngày; chọn Loại hình, Phương pháp, cách đánh giá dở dang, tiêu thức phân bổ; nhập Công suất bình thường và Mức hoạt động thực tế.
B5: BƯỚC 2 – Khai báo đối tượng: điền Danh mục đối tượng (Mã, Tên, Loại hình, ĐVT, Sản lượng, Giờ máy/Giờ công, Doanh thu, Hệ số, Giá thành ĐM, Trạng thái).
B6: BƯỚC 3 – Nhập chi phí: mở [2. Nhập chi phí]; chi phí trực tiếp chọn Mã đối tượng + Trực tiếp; chi phí chung chọn Mã = CHUNG + Chung; 627 chọn Cố định/Biến đổi. Chỉ chứng từ trong kỳ được tính.
B7: BƯỚC 4 – Nhập dở dang: mở [3. Dở dang], nhập số dư đầu kỳ và sản lượng/% dở dang.
B8: BƯỚC 5 – Kiểm tra cảnh báo: mở [6. Kiểm soát]; xử lý hết 🔴 và rà 🟡 trước khi tin kết quả.
B9: BƯỚC 6 – Xem giá thành và báo cáo: [4. Thẻ tính giá thành], [5. Báo cáo giá thành], [7. Dashboard], [8. Đối chiếu 154].
B11: CÁC Ô NÀO NGƯỜI DÙNG ĐƯỢC NHẬP?
B12: Chỉ các Ô VÀNG: khối Tham số & thông tin kỳ, Danh mục đối tượng, bảng Nhập chi phí, các ô dở dang. Tất cả ô XÁM là công thức đã khóa.
B13: Ô công thức (xám) đã khóa để tránh sửa nhầm; sheet bảo vệ KHÔNG mật khẩu, muốn sửa: Review ▸ Unprotect Sheet.
B15: NẾU XUẤT HIỆN CẢNH BÁO THÌ XỬ LÝ THẾ NÀO?
B16: 🔴 “TỔNG TIÊU THỨC = 0”: bạn có chi phí chung nhưng chưa nhập tiêu thức phân bổ cho đối tượng (giờ máy, nhân công…). Nhập tiêu thức tương ứng.
... B43: Kênh chia sẻ kiến thức Tài chính – Kế toán – Kiểm toán.

Sheet 1. Danh mục & Tham số
A1: DANH MỤC & THAM SỐ
P2: VÙNG DANH MỤC KỸ THUẬT (không sửa) | AB2: Danh sách mã (tự động)
A3: Tên doanh nghiệp | B3: Công ty TNHH ABC | P3: Sản xuất giản đơn | Q3: Sản phẩm | R3: Giản đơn | S3: Theo NVL trực tiếp | T3: NVL trực tiếp (621) | U3: NVL trực tiếp (621) | V3: Cố định | W3: Trực tiếp | X3: Đang thực hiện | Y3: NVL trực tiếp (621) | Z3: 621 | AB3: CHUNG
A4: Kỳ tính giá thành | B4: Tháng 08/2026 | P4: Sản xuất theo đơn đặt hàng | Q4: Đơn hàng | R4: Hệ số | S4: Theo sản lượng hoàn thành tương đương | T4: Nhân công trực tiếp (622) | U4: Nhân công trực tiếp (622) | V4: Biến đổi | W4: Chung | X4: Hoàn thành | Y4: Nhân công trực tiếp (622) | Z4: 622 | AB4: =IF(INDEX(DM_Ma,1)="","",INDEX(DM_Ma,1))
A5: Từ ngày | B5: 46235 | P5: Xây lắp | Q5: Công trình / Hạng mục | R5: Tỷ lệ | S5: Theo định mức | T5: Giờ máy | U5: Máy thi công (623) | V5: — | Y5: Máy thi công (623) | Z5: 623 | AB5: =IF(INDEX(DM_Ma,2)="","",INDEX(DM_Ma,2))
A6: Đến ngày | B6: 46265 | P6: Dịch vụ – gia công | Q6: Dịch vụ | R6: Đơn đặt hàng | T6: Giờ công | U6: SXC (627) | Y6: SXC (627) | Z6: 627 | AB6: =IF(INDEX(DM_Ma,3)="","",INDEX(DM_Ma,3))
A7: Đơn vị tiền tệ | B7: VND | T7: Sản lượng | U7: Phế liệu thu hồi | Y7: Phế liệu thu hồi | Z7: 154* | AB7: =IF(INDEX(DM_Ma,4)="","",INDEX(DM_Ma,4))
A8: Người lập | T8: Doanh thu | U8: SP hỏng ngoài định mức | Y8: SP hỏng ngoài định mức | Z8: 154* | AB8: =IF(INDEX(DM_Ma,5)="","",INDEX(DM_Ma,5))
A9: Ngày lập | B9: 46265 | T9: Tiêu thức khác | AB9: =IF(INDEX(DM_Ma,6)="","",INDEX(DM_Ma,6))
A10: Phiên bản file | B10: 2.0 | AB10: =IF(INDEX(DM_Ma,7)="","",INDEX(DM_Ma,7))
AB11: =IF(INDEX(DM_Ma,8)="","",INDEX(DM_Ma,8))
A12: Loại hình SXKD | B12: Sản xuất giản đơn | AB12: =IF(INDEX(DM_Ma,9)="","",INDEX(DM_Ma,9))
A13: Phương pháp tính giá thành | B13: Giản đơn | AB13: =IF(INDEX(DM_Ma,10)="","",INDEX(DM_Ma,10))
A14: Đánh giá dở dang cuối kỳ | B14: Theo sản lượng hoàn thành tương đương | AB14: =IF(INDEX(DM_Ma,11)="","",INDEX(DM_Ma,11))
A15: Tiêu thức phân bổ chi phí chung | B15: Nhân công trực tiếp (622) | AB15: =IF(INDEX(DM_Ma,12)="","",INDEX(DM_Ma,12))
A16: Công suất bình thường (giờ máy/kỳ) | B16: 1000 | AB16: =IF(INDEX(DM_Ma,13)="","",INDEX(DM_Ma,13))
A17: Mức hoạt động thực tế (giờ máy/kỳ) | B17: 900 | AB17: =IF(INDEX(DM_Ma,14)="","",INDEX(DM_Ma,14))
A18: → Tên đối tượng tính giá thành | B18: =INDEX(MAP_TenDT,MATCH(pLoaiHinh,LST_LoaiHinh,0)) | AB18: =IF(INDEX(DM_Ma,15)="","",INDEX(DM_Ma,15))
AB19: =IF(INDEX(DM_Ma,16)="","",INDEX(DM_Ma,16))
A20: DANH MỤC ĐỐI TƯỢNG TÍNH GIÁ THÀNH — thêm đối tượng tự do (đã chừa sẵn 80 dòng) | AB20: =IF(INDEX(DM_Ma,17)="","",INDEX(DM_Ma,17))
A21: Mã đối tượng | B21: Tên đối tượng | C21: Loại hình | D21: ĐVT | E21: SL hoàn thành | F21: Giờ máy | G21: Giờ công | H21: Doanh thu | I21: Tiêu thức khác | J21: Hệ số quy đổi | K21: Giá thành ĐM đơn vị | L21: Trạng thái | M21: (K.tra trùng) | N21: (K.tra mã) | AB21: =IF(INDEX(DM_Ma,18)="","",INDEX(DM_Ma,18))
M22: =IF($A22="","",IF(COUNTIF(DM_Ma,$A22)>1,"TRÙNG","")) | N22: =IF(AND($A22="",$B22<>""),"THIẾU MÃ","") | AB22: =IF(INDEX(DM_Ma,19)="","",INDEX(DM_Ma,19))
M23: =IF($A23="","",IF(COUNTIF(DM_Ma,$A23)>1,"TRÙNG","")) | N23: =IF(AND($A23="",$B23<>""),"THIẾU MÃ","") | AB23: =IF(INDEX(DM_Ma,20)="","",INDEX(DM_Ma,20))
M24: =IF($A24="","",IF(COUNTIF(DM_Ma,$A24)>1,"TRÙNG","")) | N24: =IF(AND($A24="",$B24<>""),"THIẾU MÃ","") | AB24: =IF(INDEX(DM_Ma,21)="","",INDEX(DM_Ma,21))
M25: =IF($A25="","",IF(COUNTIF(DM_Ma,$A25)>1,"TRÙNG","")) | N25: =IF(AND($A25="",$B25<>""),"THIẾU MÃ","") | AB25: =IF(INDEX(DM_Ma,22)="","",INDEX(DM_Ma,22))
M26: =IF($A26="","",IF(COUNTIF(DM_Ma,$A26)>1,"TRÙNG","")) | N26: =IF(AND($A26="",$B26<>""),"THIẾU MÃ","") | AB26: =IF(INDEX(DM_Ma,23)="","",INDEX(DM_Ma,23))
M27: =IF($A27="","",IF(COUNTIF(DM_Ma,$A27)>1,"TRÙNG","")) | N27: =IF(AND($A27="",$B27<>""),"THIẾU MÃ","") | AB27: =IF(INDEX(DM_Ma,24)="","",INDEX(DM_Ma,24))
M28: =IF($A28="","",IF(COUNTIF(DM_Ma,$A28)>1,"TRÙNG","")) | N28: =IF(AND($A28="",$B28<>""),"THIẾU MÃ","") | AB28: =IF(INDEX(DM_Ma,25)="","",INDEX(DM_Ma,25))
M29: =IF($A29="","",IF(COUNTIF(DM_Ma,$A29)>1,"TRÙNG","")) | N29: =IF(AND($A29="",$B29<>""),"THIẾU MÃ","") | AB29: =IF(INDEX(DM_Ma,26)="","",INDEX(DM_Ma,26))
M30: =IF($A30="","",IF(COUNTIF(DM_Ma,$A30)>1,"TRÙNG","")) | N30: =IF(AND($A30="",$B30<>""),"THIẾU MÃ","") | AB30: =IF(INDEX(DM_Ma,27)="","",INDEX(DM_Ma,27))
M31: =IF($A31="","",IF(COUNTIF(DM_Ma,$A31)>1,"TRÙNG","")) | N31: =IF(AND($A31="",$B31<>""),"THIẾU MÃ","") | AB31: =IF(INDEX(DM_Ma,28)="","",INDEX(DM_Ma,28))
M32: =IF($A32="","",IF(COUNTIF(DM_Ma,$A32)>1,"TRÙNG","")) | N32: =IF(AND($A32="",$B32<>""),"THIẾU MÃ","") | AB32: =IF(INDEX(DM_Ma,29)="","",INDEX(DM_Ma,29))
M33: =IF($A33="","",IF(COUNTIF(DM_Ma,$A33)>1,"TRÙNG","")) | N33: =IF(AND($A33="",$B33<>""),"THIẾU MÃ","") | AB33: =IF(INDEX(DM_Ma,30)="","",INDEX(DM_Ma,30))
M34: =IF($A34="","",IF(COUNTIF(DM_Ma,$A34)>1,"TRÙNG","")) | N34: =IF(AND($A34="",$B34<>""),"THIẾU MÃ","") | AB34: =IF(INDEX(DM_Ma,31)="","",INDEX(DM_Ma,31))
M35: =IF($A35="","",IF(COUNTIF(DM_Ma,$A35)>1,"TRÙNG","")) | N35: =IF(AND($A35="",$B35<>""),"THIẾU MÃ","") | AB35: =IF(INDEX(DM_Ma,32)="","",INDEX(DM_Ma,32))
M36: =IF($A36="","",IF(COUNTIF(DM_Ma,$A36)>1,"TRÙNG","")) | N36: =IF(AND($A36="",$B36<>""),"THIẾU MÃ","") | AB36: =IF(INDEX(DM_Ma,33)="","",INDEX(DM_Ma,33))
M37: =IF($A37="","",IF(COUNTIF(DM_Ma,$A37)>1,"TRÙNG","")) | N37: =IF(AND($A37="",$B37<>""),"THIẾU MÃ","") | AB37: =IF(INDEX(DM_Ma,34)="","",INDEX(DM_Ma,34))
M38: =IF($A38="","",IF(COUNTIF(DM_Ma,$A38)>1,"TRÙNG","")) | N38: =IF(AND($A38="",$B38<>""),"THIẾU MÃ","") | AB38: =IF(INDEX(DM_Ma,35)="","",INDEX(DM_Ma,35))
M39: =IF($A39="","",IF(COUNTIF(DM_Ma,$A39)>1,"TRÙNG","")) | N39: =IF(AND($A39="",$B39<>""),"THIẾU MÃ","") | AB39: =IF(INDEX(DM_Ma,36)="","",INDEX(DM_Ma,36))
M40: =IF($A40="","",IF(COUNTIF(DM_Ma,$A40)>1,"TRÙNG","")) | N40: =IF(AND($A40="",$B40<>""),"THIẾU MÃ","") | AB40: =IF(INDEX(DM_Ma,37)="","",INDEX(DM_Ma,37))
M41: =IF($A41="","",IF(COUNTIF(DM_Ma,$A41)>1,"TRÙNG","")) | N41: =IF(AND($A41="",$B41<>""),"THIẾU MÃ","") | AB41: =IF(INDEX(DM_Ma,38)="","",INDEX(DM_Ma,38))
M42: =IF($A42="","",IF(COUNTIF(DM_Ma,$A42)>1,"TRÙNG","")) | N42: =IF(AND($A42="",$B42<>""),"THIẾU MÃ","") | AB42: =IF(INDEX(DM_Ma,39)="","",INDEX(DM_Ma,39))
M43: =IF($A43="","",IF(COUNTIF(DM_Ma,$A43)>1,"TRÙNG","")) | N43: =IF(AND($A43="",$B43<>""),"THIẾU MÃ","") | AB43: =IF(INDEX(DM_Ma,40)="","",INDEX(DM_Ma,40))
M44: =IF($A44="","",IF(COUNTIF(DM_Ma,$A44)>1,"TRÙNG","")) | N44: =IF(AND($A44="",$B44<>""),"THIẾU MÃ","") | AB44: =IF(INDEX(DM_Ma,41)="","",INDEX(DM_Ma,41))
M45: =IF($A45="","",IF(COUNTIF(DM_Ma,$A45)>1,"TRÙNG","")) | N45: =IF(AND($A45="",$B45<>""),"THIẾU MÃ","") | AB45: =IF(INDEX(DM_Ma,42)="","",INDEX(DM_Ma,42))
M46: =IF($A46="","",IF(COUNTIF(DM_Ma,$A46)>1,"TRÙNG","")) | N46: =IF(AND($A46="",$B46<>""),"THIẾU MÃ","") | AB46: =IF(INDEX(DM_Ma,43)="","",INDEX(DM_Ma,43))
M47: =IF($A47="","",IF(COUNTIF(DM_Ma,$A47)>1,"TRÙNG","")) | N47: =IF(AND($A47="",$B47<>""),"THIẾU MÃ","") | AB47: =IF(INDEX(DM_Ma,44)="","",INDEX(DM_Ma,44))
M48: =IF($A48="","",IF(COUNTIF(DM_Ma,$A48)>1,"TRÙNG","")) | N48: =IF(AND($A48="",$B48<>""),"THIẾU MÃ","") | AB48: =IF(INDEX(DM_Ma,45)="","",INDEX(DM_Ma,45))
M49: =IF($A49="","",IF(COUNTIF(DM_Ma,$A49)>1,"TRÙNG","")) | N49: =IF(AND($A49="",$B49<>""),"THIẾU MÃ","") | AB49: =IF(INDEX(DM_Ma,46)="","",INDEX(DM_Ma,46))
M50: =IF($A50="","",IF(COUNTIF(DM_Ma,$A50)>1,"TRÙNG","")) | N50: =IF(AND($A50="",$B50<>""),"THIẾU MÃ","") | AB50: =IF(INDEX(DM_Ma,47)="","",INDEX(DM_Ma,47))
M51: =IF($A51="","",IF(COUNTIF(DM_Ma,$A51)>1,"TRÙNG","")) | N51: =IF(AND($A51="",$B51<>""),"THIẾU MÃ","") | AB51: =IF(INDEX(DM_Ma,48)="","",INDEX(DM_Ma,48))
M52: =IF($A52="","",IF(COUNTIF(DM_Ma,$A52)>1,"TRÙNG","")) | N52: =IF(AND($A52="",$B52<>""),"THIẾU MÃ","") | AB52: =IF(INDEX(DM_Ma,49)="","",INDEX(DM_Ma,49))
M53: =IF($A53="","",IF(COUNTIF(DM_Ma,$A53)>1,"TRÙNG","")) | N53: =IF(AND($A53="",$B53<>""),"THIẾU MÃ","") | AB53: =IF(INDEX(DM_Ma,50)="","",INDEX(DM_Ma,50))
M54: =IF($A54="","",IF(COUNTIF(DM_Ma,$A54)>1,"TRÙNG","")) | N54: =IF(AND($A54="",$B54<>""),"THIẾU MÃ","") | AB54: =IF(INDEX(DM_Ma,51)="","",INDEX(DM_Ma,51))
M55: =IF($A55="","",IF(COUNTIF(DM_Ma,$A55)>1,"TRÙNG","")) | N55: =IF(AND($A55="",$B55<>""),"THIẾU MÃ","") | AB55: =IF(INDEX(DM_Ma,52)="","",INDEX(DM_Ma,52))
M56: =IF($A56="","",IF(COUNTIF(DM_Ma,$A56)>1,"TRÙNG","")) | N56: =IF(AND($A56="",$B56<>""),"THIẾU MÃ","") | AB56: =IF(INDEX(DM_Ma,53)="","",INDEX(DM_Ma,53))
M57: =IF($A57="","",IF(COUNTIF(DM_Ma,$A57)>1,"TRÙNG","")) | N57: =IF(AND($A57="",$B57<>""),"THIẾU MÃ","") | AB57: =IF(INDEX(DM_Ma,54)="","",INDEX(DM_Ma,54))
M58: =IF($A58="","",IF(COUNTIF(DM_Ma,$A58)>1,"TRÙNG","")) | N58: =IF(AND($A58="",$B58<>""),"THIẾU MÃ","") | AB58: =IF(INDEX(DM_Ma,55)="","",INDEX(DM_Ma,55))
M59: =IF($A59="","",IF(COUNTIF(DM_Ma,$A59)>1,"TRÙNG","")) | N59: =IF(AND($A59="",$B59<>""),"THIẾU MÃ","") | AB59: =IF(INDEX(DM_Ma,56)="","",INDEX(DM_Ma,56))
M60: =IF($A60="","",IF(COUNTIF(DM_Ma,$A60)>1,"TRÙNG","")) | N60: =IF(AND($A60="",$B60<>""),"THIẾU MÃ","") | AB60: =IF(INDEX(DM_Ma,57)="","",INDEX(DM_Ma,57))
M61: =IF($A61="","",IF(COUNTIF(DM_Ma,$A61)>1,"TRÙNG","")) | N61: =IF(AND($A61="",$B61<>""),"THIẾU MÃ","") | AB61: =IF(INDEX(DM_Ma,58)="","",INDEX(DM_Ma,58))
M62: =IF($A62="","",IF(COUNTIF(DM_Ma,$A62)>1,"TRÙNG","")) | N62: =IF(AND($A62="",$B62<>""),"THIẾU MÃ","") | AB62: =IF(INDEX(DM_Ma,59)="","",INDEX(DM_Ma,59))
M63: =IF($A63="","",IF(COUNTIF(DM_Ma,$A63)>1,"TRÙNG","")) | N63: =IF(AND($A63="",$B63<>""),"THIẾU MÃ","") | AB63: =IF(INDEX(DM_Ma,60)="","",INDEX(DM_Ma,60))
M64: =IF($A64="","",IF(COUNTIF(DM_Ma,$A64)>1,"TRÙNG","")) | N64: =IF(AND($A64="",$B64<>""),"THIẾU MÃ","") | AB64: =IF(INDEX(DM_Ma,61)="","",INDEX(DM_Ma,61))
M65: =IF($A65="","",IF(COUNTIF(DM_Ma,$A65)>1,"TRÙNG","")) | N65: =IF(AND($A65="",$B65<>""),"THIẾU MÃ","") | AB65: =IF(INDEX(DM_Ma,62)="","",INDEX(DM_Ma,62))
M66: =IF($A66="","",IF(COUNTIF(DM_Ma,$A66)>1,"TRÙNG","")) | N66: =IF(AND($A66="",$B66<>""),"THIẾU MÃ","") | AB66: =IF(INDEX(DM_Ma,63)="","",INDEX(DM_Ma,63))
M67: =IF($A67="","",IF(COUNTIF(DM_Ma,$A67)>1,"TRÙNG","")) | N67: =IF(AND($A67="",$B67<>""),"THIẾU MÃ","") | AB67: =IF(INDEX(DM_Ma,64)="","",INDEX(DM_Ma,64))
M68: =IF($A68="","",IF(COUNTIF(DM_Ma,$A68)>1,"TRÙNG","")) | N68: =IF(AND($A68="",$B68<>""),"THIẾU MÃ","") | AB68: =IF(INDEX(DM_Ma,65)="","",INDEX(DM_Ma,65))
M69: =IF($A69="","",IF(COUNTIF(DM_Ma,$A69)>1,"TRÙNG","")) | N69: =IF(AND($A69="",$B69<>""),"THIẾU MÃ","") | AB69: =IF(INDEX(DM_Ma,66)="","",INDEX(DM_Ma,66))
M70: =IF($A70="","",IF(COUNTIF(DM_Ma,$A70)>1,"TRÙNG","")) | N70: =IF(AND($A70="",$B70<>""),"THIẾU MÃ","") | AB70: =IF(INDEX(DM_Ma,67)="","",INDEX(DM_Ma,67))
M71: =IF($A71="","",IF(COUNTIF(DM_Ma,$A71)>1,"TRÙNG","")) | N71: =IF(AND($A71="",$B71<>""),"THIẾU MÃ","") | AB71: =IF(INDEX(DM_Ma,68)="","",INDEX(DM_Ma,68))
M72: =IF($A72="","",IF(COUNTIF(DM_Ma,$A72)>1,"TRÙNG","")) | N72: =IF(AND($A72="",$B72<>""),"THIẾU MÃ","") | AB72: =IF(INDEX(DM_Ma,69)="","",INDEX(DM_Ma,69))
M73: =IF($A73="","",IF(COUNTIF(DM_Ma,$A73)>1,"TRÙNG","")) | N73: =IF(AND($A73="",$B73<>""),"THIẾU MÃ","") | AB73: =IF(INDEX(DM_Ma,70)="","",INDEX(DM_Ma,70))
M74: =IF($A74="","",IF(COUNTIF(DM_Ma,$A74)>1,"TRÙNG","")) | N74: =IF(AND($A74="",$B74<>""),"THIẾU MÃ","") | AB74: =IF(INDEX(DM_Ma,71)="","",INDEX(DM_Ma,71))
M75: =IF($A75="","",IF(COUNTIF(DM_Ma,$A75)>1,"TRÙNG","")) | N75: =IF(AND($A75="",$B75<>""),"THIẾU MÃ","") | AB75: =IF(INDEX(DM_Ma,72)="","",INDEX(DM_Ma,72))
M76: =IF($A76="","",IF(COUNTIF(DM_Ma,$A76)>1,"TRÙNG","")) | N76: =IF(AND($A76="",$B76<>""),"THIẾU MÃ","") | AB76: =IF(INDEX(DM_Ma,73)="","",INDEX(DM_Ma,73))
M77: =IF($A77="","",IF(COUNTIF(DM_Ma,$A77)>1,"TRÙNG","")) | N77: =IF(AND($A77="",$B77<>""),"THIẾU MÃ","") | AB77: =IF(INDEX(DM_Ma,74)="","",INDEX(DM_Ma,74))
M78: =IF($A78="","",IF(COUNTIF(DM_Ma,$A78)>1,"TRÙNG","")) | N78: =IF(AND($A78="",$B78<>""),"THIẾU MÃ","") | AB78: =IF(INDEX(DM_Ma,75)="","",INDEX(DM_Ma,75))
M79: =IF($A79="","",IF(COUNTIF(DM_Ma,$A79)>1,"TRÙNG","")) | N79: =IF(AND($A79="",$B79<>""),"THIẾU MÃ","") | AB79: =IF(INDEX(DM_Ma,76)="","",INDEX(DM_Ma,76))
M80: =IF($A80="","",IF(COUNTIF(DM_Ma,$A80)>1,"TRÙNG","")) | N80: =IF(AND($A80="",$B80<>""),"THIẾU MÃ","") | AB80: =IF(INDEX(DM_Ma,77)="","",INDEX(DM_Ma,77))
M81: =IF($A81="","",IF(COUNTIF(DM_Ma,$A81)>1,"TRÙNG","")) | N81: =IF(AND($A81="",$B81<>""),"THIẾU MÃ","") | AB81: =IF(INDEX(DM_Ma,78)="","",INDEX(DM_Ma,78))
M82: =IF($A82="","",IF(COUNTIF(DM_Ma,$A82)>1,"TRÙNG","")) | N82: =IF(AND($A82="",$B82<>""),"THIẾU MÃ","") | AB82: =IF(INDEX(DM_Ma,79)="","",INDEX(DM_Ma,79))
M83: =IF($A83="","",IF(COUNTIF(DM_Ma,$A83)>1,"TRÙNG","")) | N83: =IF(AND($A83="",$B83<>""),"THIẾU MÃ","") | AB83: =IF(INDEX(DM_Ma,80)="","",INDEX(DM_Ma,80))
M84: =IF($A84="","",IF(COUNTIF(DM_Ma,$A84)>1,"TRÙNG","")) | N84: =IF(AND($A84="",$B84<>""),"THIẾU MÃ","")
M85: =IF($A85="","",IF(COUNTIF(DM_Ma,$A85)>1,"TRÙNG","")) | N85: =IF(AND($A85="",$B85<>""),"THIẾU MÃ","")
M86: =IF($A86="","",IF(COUNTIF(DM_Ma,$A86)>1,"TRÙNG","")) | N86: =IF(AND($A86="",$B86<>""),"THIẾU MÃ","")
M87: =IF($A87="","",IF(COUNTIF(DM_Ma,$A87)>1,"TRÙNG","")) | N87: =IF(AND($A87="",$B87<>""),"THIẾU MÃ","")
M88: =IF($A88="","",IF(COUNTIF(DM_Ma,$A88)>1,"TRÙNG","")) | N88: =IF(AND($A88="",$B88<>""),"THIẾU MÃ","")
M89: =IF($A89="","",IF(COUNTIF(DM_Ma,$A89)>1,"TRÙNG","")) | N89: =IF(AND($A89="",$B89<>""),"THIẾU MÃ","")
M90: =IF($A90="","",IF(COUNTIF(DM_Ma,$A90)>1,"TRÙNG","")) | N90: =IF(AND($A90="",$B90<>""),"THIẾU MÃ","")
M91: =IF($A91="","",IF(COUNTIF(DM_Ma,$A91)>1,"TRÙNG","")) | N91: =IF(AND($A91="",$B91<>""),"THIẾU MÃ","")
M92: =IF($A92="","",IF(COUNTIF(DM_Ma,$A92)>1,"TRÙNG","")) | N92: =IF(AND($A92="",$B92<>""),"THIẾU MÃ","")
M93: =IF($A93="","",IF(COUNTIF(DM_Ma,$A93)>1,"TRÙNG","")) | N93: =IF(AND($A93="",$B93<>""),"THIẾU MÃ","")
M94: =IF($A94="","",IF(COUNTIF(DM_Ma,$A94)>1,"TRÙNG","")) | N94: =IF(AND($A94="",$B94<>""),"THIẾU MÃ","")
M95: =IF($A95="","",IF(COUNTIF(DM_Ma,$A95)>1,"TRÙNG","")) | N95: =IF(AND($A95="",$B95<>""),"THIẾU MÃ","")
... M101: =IF($A101="","",IF(COUNTIF(DM_Ma,$A101)>1,"TRÙNG","")) | N101: =IF(AND($A101="",$B101<>""),"THIẾU MÃ","")
A103: Công cụ tính giá thành | KK HOME •

Sheet 2. Nhập chi phí
A1: ="NHẬP CHI PHÍ — "&pTenDoiTuong&" ("&TEXT(pTu,"dd/mm/yyyy")&" ÷ "&TEXT(pDen,"dd/mm/yyyy")&")"
A2: Nhập liên tục. Chi phí trực tiếp: chọn Mã đối tượng + Trực tiếp. Chi phí chung: Mã=CHUNG + Chung (sẽ phân bổ). Chỉ chi phí có Ngày trong kỳ mới được tính.
A4: Ngày | B4: Số CT | C4: Mã đối tượng | D4: Khoản mục chi phí | E4: TK | F4: Trực tiếp/Chung | G4: Tính chất SXC | H4: Tiêu thức PB (ghi chú) | I4: Diễn giải | J4: Số tiền | K4: Ghi chú
E5: =IFERROR(INDEX(MAP_TK,MATCH($D5,MAP_KM,0)),"") | M5: =IF($C5="","",IF(OR($C5="CHUNG",COUNTIF(DM_Ma,$C5)>0),"","MÃ LẠ")) | N5: =IF($A5="","",IF(AND($A5>=pTu,$A5<=pDen),"","NGOÀI KỲ")) | O5: =IF($J5="","",IF($J5<=0,"≤0","")) | P5: =IF(AND($D5="SXC (627)",$F5="Chung"),IF(OR($G5="Cố định",$G5="Biến đổi"),"","THIẾU TÍNH CHẤT"),"")
E6: =IFERROR(INDEX(MAP_TK,MATCH($D6,MAP_KM,0)),"") | M6: =IF($C6="","",IF(OR($C6="CHUNG",COUNTIF(DM_Ma,$C6)>0),"","MÃ LẠ")) | N6: =IF($A6="","",IF(AND($A6>=pTu,$A6<=pDen),"","NGOÀI KỲ")) | O6: =IF($J6="","",IF($J6<=0,"≤0","")) | P6: =IF(AND($D6="SXC (627)",$F6="Chung"),IF(OR($G6="Cố định",$G6="Biến đổi"),"","THIẾU TÍNH CHẤT"),"")
E7: =IFERROR(INDEX(MAP_TK,MATCH($D7,MAP_KM,0)),"") | M7: =IF($C7="","",IF(OR($C7="CHUNG",COUNTIF(DM_Ma,$C7)>0),"","MÃ LẠ")) | N7: =IF($A7="","",IF(AND($A7>=pTu,$A7<=pDen),"","NGOÀI KỲ")) | O7: =IF($J7="","",IF($J7<=0,"≤0","")) | P7: =IF(AND($D7="SXC (627)",$F7="Chung"),IF(OR($G7="Cố định",$G7="Biến đổi"),"","THIẾU TÍNH CHẤT"),"")
E8: =IFERROR(INDEX(MAP_TK,MATCH($D8,MAP_KM,0)),"") | M8: =IF($C8="","",IF(OR($C8="CHUNG",COUNTIF(DM_Ma,$C8)>0),"","MÃ LẠ")) | N8: =IF($A8="","",IF(AND($A8>=pTu,$A8<=pDen),"","NGOÀI KỲ")) | O8: =IF($J8="","",IF($J8<=0,"≤0","")) | P8: =IF(AND($D8="SXC (627)",$F8="Chung"),IF(OR($G8="Cố định",$G8="Biến đổi"),"","THIẾU TÍNH CHẤT"),"")
E9: =IFERROR(INDEX(MAP_TK,MATCH($D9,MAP_KM,0)),"") | M9: =IF($C9="","",IF(OR($C9="CHUNG",COUNTIF(DM_Ma,$C9)>0),"","MÃ LẠ")) | N9: =IF($A9="","",IF(AND($A9>=pTu,$A9<=pDen),"","NGOÀI KỲ")) | O9: =IF($J9="","",IF($J9<=0,"≤0","")) | P9: =IF(AND($D9="SXC (627)",$F9="Chung"),IF(OR($G9="Cố định",$G9="Biến đổi"),"","THIẾU TÍNH CHẤT"),"")
E10: =IFERROR(INDEX(MAP_TK,MATCH($D10,MAP_KM,0)),"") | M10: =IF($C10="","",IF(OR($C10="CHUNG",COUNTIF(DM_Ma,$C10)>0),"","MÃ LẠ")) | N10: =IF($A10="","",IF(AND($A10>=pTu,$A10<=pDen),"","NGOÀI KỲ")) | O10: =IF($J10="","",IF($J10<=0,"≤0","")) | P10: =IF(AND($D10="SXC (627)",$F10="Chung"),IF(OR($G10="Cố định",$G10="Biến đổi"),"","THIẾU TÍNH CHẤT"),"")
E11: =IFERROR(INDEX(MAP_TK,MATCH($D11,MAP_KM,0)),"") | M11: =IF($C11="","",IF(OR($C11="CHUNG",COUNTIF(DM_Ma,$C11)>0),"","MÃ LẠ")) | N11: =IF($A11="","",IF(AND($A11>=pTu,$A11<=pDen),"","NGOÀI KỲ")) | O11: =IF($J11="","",IF($J11<=0,"≤0","")) | P11: =IF(AND($D11="SXC (627)",$F11="Chung"),IF(OR($G11="Cố định",$G11="Biến đổi"),"","THIẾU TÍNH CHẤT"),"")
E12: =IFERROR(INDEX(MAP_TK,MATCH($D12,MAP_KM,0)),"") | M12: =IF($C12="","",IF(OR($C12="CHUNG",COUNTIF(DM_Ma,$C12)>0),"","MÃ LẠ")) | N12: =IF($A12="","",IF(AND($A12>=pTu,$A12<=pDen),"","NGOÀI KỲ")) | O12: =IF($J12="","",IF($J12<=0,"≤0","")) | P12: =IF(AND($D12="SXC (627)",$F12="Chung"),IF(OR($G12="Cố định",$G12="Biến đổi"),"","THIẾU TÍNH CHẤT"),"")
E13: =IFERROR(INDEX(MAP_TK,MATCH($D13,MAP_KM,0)),"") | M13: =IF($C13="","",IF(OR($C13="CHUNG",COUNTIF(DM_Ma,$C13)>0),"","MÃ LẠ")) | N13: =IF($A13="","",IF(AND($A13>=pTu,$A13<=pDen),"","NGOÀI KỲ")) | O13: =IF($J13="","",IF($J13<=0,"≤0","")) | P13: =IF(AND($D13="SXC (627)",$F13="Chung"),IF(OR($G13="Cố định",$G13="Biến đổi"),"","THIẾU TÍNH CHẤT"),"")
E14: =IFERROR(INDEX(MAP_TK,MATCH($D14,MAP_KM,0)),"") | M14: =IF($C14="","",IF(OR($C14="CHUNG",COUNTIF(DM_Ma,$C14)>0),"","MÃ LẠ")) | N14: =IF($A14="","",IF(AND($A14>=pTu,$A14<=pDen),"","NGOÀI KỲ")) | O14: =IF($J14="","",IF($J14<=0,"≤0","")) | P14: =IF(AND($D14="SXC (627)",$F14="Chung"),IF(OR($G14="Cố định",$G14="Biến đổi"),"","THIẾU TÍNH CHẤT"),"")
E15: =IFERROR(INDEX(MAP_TK,MATCH($D15,MAP_KM,0)),"") | M15: =IF($C15="","",IF(OR($C15="CHUNG",COUNTIF(DM_Ma,$C15)>0),"","MÃ LẠ")) | N15: =IF($A15="","",IF(AND($A15>=pTu,$A15<=pDen),"","NGOÀI KỲ")) | O15: =IF($J15="","",IF($J15<=0,"≤0","")) | P15: =IF(AND($D15="SXC (627)",$F15="Chung"),IF(OR($G15="Cố định",$G15="Biến đổi"),"","THIẾU TÍNH CHẤT"),"")
E16: =IFERROR(INDEX(MAP_TK,MATCH($D16,MAP_KM,0)),"") | M16: =IF($C16="","",IF(OR($C16="CHUNG",COUNTIF(DM_Ma,$C16)>0),"","MÃ LẠ")) | N16: =IF($A16="","",IF(AND($A16>=pTu,$A16<=pDen),"","NGOÀI KỲ")) | O16: =IF($J16="","",IF($J16<=0,"≤0","")) | P16: =IF(AND($D16="SXC (627)",$F16="Chung"),IF(OR($G16="Cố định",$G16="Biến đổi"),"","THIẾU TÍNH CHẤT"),"")
... E804: =IFERROR(INDEX(MAP_TK,MATCH($D804,MAP_KM,0)),"") | M804: =IF($C804="","",IF(OR($C804="CHUNG",COUNTIF(DM_Ma,$C804)>0),"","MÃ LẠ")) | N804: =IF($A804="","",IF(AND($A804>=pTu,$A804<=pDen),"","NGOÀI KỲ")) | O804: =IF($J804="","",IF($J804<=0,"≤0","")) | P804: =IF(AND($D804="SXC (627)",$F804="Chung"),IF(OR($G804="Cố định",$G804="Biến đổi"),"","THIẾU TÍNH CHẤT"),"")

Sheet 3. Dở dang
A1: ="ĐÁNH GIÁ DỞ DANG — "&pDoDang
A2: Nhập số dư đầu kỳ & sản lượng dở dang (ô vàng). DDCK tự tính theo phương pháp đã chọn. Đối tượng 'Đang thực hiện' sẽ tự treo toàn bộ chi phí là dở dang.
A4: ="Mã "&pTenDoiTuong | B4: Tên | C4: Trạng thái | D4: DDĐK 621 | E4: DDĐK 622 | F4: DDĐK 623 | G4: DDĐK 627 | H4: SL dở dang | I4: % hoàn thành | J4: Đơn giá ĐM DD | K4: SL hoàn thành | L4: DDCK (kết quả) | M4: (K.tra %)
A5: =IF(INDEX(DM_Ma,1)="","",INDEX(DM_Ma,1)) | B5: =IF($A5="","",INDEX(DM_Ten,1)) | C5: =IF($A5="","",INDEX(DM_TrangThai,1)) | K5: =IF($A5="","",INDEX(DM_SLHT,1)) | L5: =IF($A5="","",'4. Thẻ tính giá thành'!$Z$14) | M5: =IF($A5="","",IF(OR(INDEX(DM_Pct_v,1)<0,INDEX(DM_Pct_v,1)>1),"❌ % SAI",""))
A6: =IF(INDEX(DM_Ma,2)="","",INDEX(DM_Ma,2)) | B6: =IF($A6="","",INDEX(DM_Ten,2)) | C6: =IF($A6="","",INDEX(DM_TrangThai,2)) | K6: =IF($A6="","",INDEX(DM_SLHT,2)) | L6: =IF($A6="","",'4. Thẻ tính giá thành'!$Z$15) | M6: =IF($A6="","",IF(OR(INDEX(DM_Pct_v,2)<0,INDEX(DM_Pct_v,2)>1),"❌ % SAI",""))
A7: =IF(INDEX(DM_Ma,3)="","",INDEX(DM_Ma,3)) | B7: =IF($A7="","",INDEX(DM_Ten,3)) | C7: =IF($A7="","",INDEX(DM_TrangThai,3)) | K7: =IF($A7="","",INDEX(DM_SLHT,3)) | L7: =IF($A7="","",'4. Thẻ tính giá thành'!$Z$16) | M7: =IF($A7="","",IF(OR(INDEX(DM_Pct_v,3)<0,INDEX(DM_Pct_v,3)>1),"❌ % SAI",""))
A8: =IF(INDEX(DM_Ma,4)="","",INDEX(DM_Ma,4)) | B8: =IF($A8="","",INDEX(DM_Ten,4)) | C8: =IF($A8="","",INDEX(DM_TrangThai,4)) | K8: =IF($A8="","",INDEX(DM_SLHT,4)) | L8: =IF($A8="","",'4. Thẻ tính giá thành'!$Z$17) | M8: =IF($A8="","",IF(OR(INDEX(DM_Pct_v,4)<0,INDEX(DM_Pct_v,4)>1),"❌ % SAI",""))
A9: =IF(INDEX(DM_Ma,5)="","",INDEX(DM_Ma,5)) | B9: =IF($A9="","",INDEX(DM_Ten,5)) | C9: =IF($A9="","",INDEX(DM_TrangThai,5)) | K9: =IF($A9="","",INDEX(DM_SLHT,5)) | L9: =IF($A9="","",'4. Thẻ tính giá thành'!$Z$18) | M9: =IF($A9="","",IF(OR(INDEX(DM_Pct_v,5)<0,INDEX(DM_Pct_v,5)>1),"❌ % SAI",""))
A10: =IF(INDEX(DM_Ma,6)="","",INDEX(DM_Ma,6)) | B10: =IF($A10="","",INDEX(DM_Ten,6)) | C10: =IF($A10="","",INDEX(DM_TrangThai,6)) | K10: =IF($A10="","",INDEX(DM_SLHT,6)) | L10: =IF($A10="","",'4. Thẻ tính giá thành'!$Z$19) | M10: =IF($A10="","",IF(OR(INDEX(DM_Pct_v,6)<0,INDEX(DM_Pct_v,6)>1),"❌ % SAI",""))
A11: =IF(INDEX(DM_Ma,7)="","",INDEX(DM_Ma,7)) | B11: =IF($A11="","",INDEX(DM_Ten,7)) | C11: =IF($A11="","",INDEX(DM_TrangThai,7)) | K11: =IF($A11="","",INDEX(DM_SLHT,7)) | L11: =IF($A11="","",'4. Thẻ tính giá thành'!$Z$20) | M11: =IF($A11="","",IF(OR(INDEX(DM_Pct_v,7)<0,INDEX(DM_Pct_v,7)>1),"❌ % SAI",""))
A12: =IF(INDEX(DM_Ma,8)="","",INDEX(DM_Ma,8)) | B12: =IF($A12="","",INDEX(DM_Ten,8)) | C12: =IF($A12="","",INDEX(DM_TrangThai,8)) | K12: =IF($A12="","",INDEX(DM_SLHT,8)) | L12: =IF($A12="","",'4. Thẻ tính giá thành'!$Z$21) | M12: =IF($A12="","",IF(OR(INDEX(DM_Pct_v,8)<0,INDEX(DM_Pct_v,8)>1),"❌ % SAI",""))
A13: =IF(INDEX(DM_Ma,9)="","",INDEX(DM_Ma,9)) | B13: =IF($A13="","",INDEX(DM_Ten,9)) | C13: =IF($A13="","",INDEX(DM_TrangThai,9)) | K13: =IF($A13="","",INDEX(DM_SLHT,9)) | L13: =IF($A13="","",'4. Thẻ tính giá thành'!$Z$22) | M13: =IF($A13="","",IF(OR(INDEX(DM_Pct_v,9)<0,INDEX(DM_Pct_v,9)>1),"❌ % SAI",""))
A14: =IF(INDEX(DM_Ma,10)="","",INDEX(DM_Ma,10)) | B14: =IF($A14="","",INDEX(DM_Ten,10)) | C14: =IF($A14="","",INDEX(DM_TrangThai,10)) | K14: =IF($A14="","",INDEX(DM_SLHT,10)) | L14: =IF($A14="","",'4. Thẻ tính giá thành'!$Z$23) | M14: =IF($A14="","",IF(OR(INDEX(DM_Pct_v,10)<0,INDEX(DM_Pct_v,10)>1),"❌ % SAI",""))
A15: =IF(INDEX(DM_Ma,11)="","",INDEX(DM_Ma,11)) | B15: =IF($A15="","",INDEX(DM_Ten,11)) | C15: =IF($A15="","",INDEX(DM_TrangThai,11)) | K15: =IF($A15="","",INDEX(DM_SLHT,11)) | L15: =IF($A15="","",'4. Thẻ tính giá thành'!$Z$24) | M15: =IF($A15="","",IF(OR(INDEX(DM_Pct_v,11)<0,INDEX(DM_Pct_v,11)>1),"❌ % SAI",""))
A16: =IF(INDEX(DM_Ma,12)="","",INDEX(DM_Ma,12)) | B16: =IF($A16="","",INDEX(DM_Ten,12)) | C16: =IF($A16="","",INDEX(DM_TrangThai,12)) | K16: =IF($A16="","",INDEX(DM_SLHT,12)) | L16: =IF($A16="","",'4. Thẻ tính giá thành'!$Z$25) | M16: =IF($A16="","",IF(OR(INDEX(DM_Pct_v,12)<0,INDEX(DM_Pct_v,12)>1),"❌ % SAI",""))
A17: =IF(INDEX(DM_Ma,13)="","",INDEX(DM_Ma,13)) | B17: =IF($A17="","",INDEX(DM_Ten,13)) | C17: =IF($A17="","",INDEX(DM_TrangThai,13)) | K17: =IF($A17="","",INDEX(DM_SLHT,13)) | L17: =IF($A17="","",'4. Thẻ tính giá thành'!$Z$26) | M17: =IF($A17="","",IF(OR(INDEX(DM_Pct_v,13)<0,INDEX(DM_Pct_v,13)>1),"❌ % SAI",""))
A18: =IF(INDEX(DM_Ma,14)="","",INDEX(DM_Ma,14)) | B18: =IF($A18="","",INDEX(DM_Ten,14)) | C18: =IF($A18="","",INDEX(DM_TrangThai,14)) | K18: =IF($A18="","",INDEX(DM_SLHT,14)) | L18: =IF($A18="","",'4. Thẻ tính giá thành'!$Z$27) | M18: =IF($A18="","",IF(OR(INDEX(DM_Pct_v,14)<0,INDEX(DM_Pct_v,14)>1),"❌ % SAI",""))
A19: =IF(INDEX(DM_Ma,15)="","",INDEX(DM_Ma,15)) | B19: =IF($A19="","",INDEX(DM_Ten,15)) | C19: =IF($A19="","",INDEX(DM_TrangThai,15)) | K19: =IF($A19="","",INDEX(DM_SLHT,15)) | L19: =IF($A19="","",'4. Thẻ tính giá thành'!$Z$28) | M19: =IF($A19="","",IF(OR(INDEX(DM_Pct_v,15)<0,INDEX(DM_Pct_v,15)>1),"❌ % SAI",""))
A20: =IF(INDEX(DM_Ma,16)="","",INDEX(DM_Ma,16)) | B20: =IF($A20="","",INDEX(DM_Ten,16)) | C20: =IF($A20="","",INDEX(DM_TrangThai,16)) | K20: =IF($A20="","",INDEX(DM_SLHT,16)) | L20: =IF($A20="","",'4. Thẻ tính giá thành'!$Z$29) | M20: =IF($A20="","",IF(OR(INDEX(DM_Pct_v,16)<0,INDEX(DM_Pct_v,16)>1),"❌ % SAI",""))
A21: =IF(INDEX(DM_Ma,17)="","",INDEX(DM_Ma,17)) | B21: =IF($A21="","",INDEX(DM_Ten,17)) | C21: =IF($A21="","",INDEX(DM_TrangThai,17)) | K21: =IF($A21="","",INDEX(DM_SLHT,17)) | L21: =IF($A21="","",'4. Thẻ tính giá thành'!$Z$30) | M21: =IF($A21="","",IF(OR(INDEX(DM_Pct_v,17)<0,INDEX(DM_Pct_v,17)>1),"❌ % SAI",""))
A22: =IF(INDEX(DM_Ma,18)="","",INDEX(DM_Ma,18)) | B22: =IF($A22="","",INDEX(DM_Ten,18)) | C22: =IF($A22="","",INDEX(DM_TrangThai,18)) | K22: =IF($A22="","",INDEX(DM_SLHT,18)) | L22: =IF($A22="","",'4. Thẻ tính giá thành'!$Z$31) | M22: =IF($A22="","",IF(OR(INDEX(DM_Pct_v,18)<0,INDEX(DM_Pct_v,18)>1),"❌ % SAI",""))
A23: =IF(INDEX(DM_Ma,19)="","",INDEX(DM_Ma,19)) | B23: =IF($A23="","",INDEX(DM_Ten,19)) | C23: =IF($A23="","",INDEX(DM_TrangThai,19)) | K23: =IF($A23="","",INDEX(DM_SLHT,19)) | L23: =IF($A23="","",'4. Thẻ tính giá thành'!$Z$32) | M23: =IF($A23="","",IF(OR(INDEX(DM_Pct_v,19)<0,INDEX(DM_Pct_v,19)>1),"❌ % SAI",""))
A24: =IF(INDEX(DM_Ma,20)="","",INDEX(DM_Ma,20)) | B24: =IF($A24="","",INDEX(DM_Ten,20)) | C24: =IF($A24="","",INDEX(DM_TrangThai,20)) | K24: =IF($A24="","",INDEX(DM_SLHT,20)) | L24: =IF($A24="","",'4. Thẻ tính giá thành'!$Z$33) | M24: =IF($A24="","",IF(OR(INDEX(DM_Pct_v,20)<0,INDEX(DM_Pct_v,20)>1),"❌ % SAI",""))
A25: =IF(INDEX(DM_Ma,21)="","",INDEX(DM_Ma,21)) | B25: =IF($A25="","",INDEX(DM_Ten,21)) | C25: =IF($A25="","",INDEX(DM_TrangThai,21)) | K25: =IF($A25="","",INDEX(DM_SLHT,21)) | L25: =IF($A25="","",'4. Thẻ tính giá thành'!$Z$34) | M25: =IF($A25="","",IF(OR(INDEX(DM_Pct_v,21)<0,INDEX(DM_Pct_v,21)>1),"❌ % SAI",""))
A26: =IF(INDEX(DM_Ma,22)="","",INDEX(DM_Ma,22)) | B26: =IF($A26="","",INDEX(DM_Ten,22)) | C26: =IF($A26="","",INDEX(DM_TrangThai,22)) | K26: =IF($A26="","",INDEX(DM_SLHT,22)) | L26: =IF($A26="","",'4. Thẻ tính giá thành'!$Z$35) | M26: =IF($A26="","",IF(OR(INDEX(DM_Pct_v,22)<0,INDEX(DM_Pct_v,22)>1),"❌ % SAI",""))
A27: =IF(INDEX(DM_Ma,23)="","",INDEX(DM_Ma,23)) | B27: =IF($A27="","",INDEX(DM_Ten,23)) | C27: =IF($A27="","",INDEX(DM_TrangThai,23)) | K27: =IF($A27="","",INDEX(DM_SLHT,23)) | L27: =IF($A27="","",'4. Thẻ tính giá thành'!$Z$36) | M27: =IF($A27="","",IF(OR(INDEX(DM_Pct_v,23)<0,INDEX(DM_Pct_v,23)>1),"❌ % SAI",""))
A28: =IF(INDEX(DM_Ma,24)="","",INDEX(DM_Ma,24)) | B28: =IF($A28="","",INDEX(DM_Ten,24)) | C28: =IF($A28="","",INDEX(DM_TrangThai,24)) | K28: =IF($A28="","",INDEX(DM_SLHT,24)) | L28: =IF($A28="","",'4. Thẻ tính giá thành'!$Z$37) | M28: =IF($A28="","",IF(OR(INDEX(DM_Pct_v,24)<0,INDEX(DM_Pct_v,24)>1),"❌ % SAI",""))
A29: =IF(INDEX(DM_Ma,25)="","",INDEX(DM_Ma,25)) | B29: =IF($A29="","",INDEX(DM_Ten,25)) | C29: =IF($A29="","",INDEX(DM_TrangThai,25)) | K29: =IF($A29="","",INDEX(DM_SLHT,25)) | L29: =IF($A29="","",'4. Thẻ tính giá thành'!$Z$38) | M29: =IF($A29="","",IF(OR(INDEX(DM_Pct_v,25)<0,INDEX(DM_Pct_v,25)>1),"❌ % SAI",""))
A30: =IF(INDEX(DM_Ma,26)="","",INDEX(DM_Ma,26)) | B30: =IF($A30="","",INDEX(DM_Ten,26)) | C30: =IF($A30="","",INDEX(DM_TrangThai,26)) | K30: =IF($A30="","",INDEX(DM_SLHT,26)) | L30: =IF($A30="","",'4. Thẻ tính giá thành'!$Z$39) | M30: =IF($A30="","",IF(OR(INDEX(DM_Pct_v,26)<0,INDEX(DM_Pct_v,26)>1),"❌ % SAI",""))
A31: =IF(INDEX(DM_Ma,27)="","",INDEX(DM_Ma,27)) | B31: =IF($A31="","",INDEX(DM_Ten,27)) | C31: =IF($A31="","",INDEX(DM_TrangThai,27)) | K31: =IF($A31="","",INDEX(DM_SLHT,27)) | L31: =IF($A31="","",'4. Thẻ tính giá thành'!$Z$40) | M31: =IF($A31="","",IF(OR(INDEX(DM_Pct_v,27)<0,INDEX(DM_Pct_v,27)>1),"❌ % SAI",""))
A32: =IF(INDEX(DM_Ma,28)="","",INDEX(DM_Ma,28)) | B32: =IF($A32="","",INDEX(DM_Ten,28)) | C32: =IF($A32="","",INDEX(DM_TrangThai,28)) | K32: =IF($A32="","",INDEX(DM_SLHT,28)) | L32: =IF($A32="","",'4. Thẻ tính giá thành'!$Z$41) | M32: =IF($A32="","",IF(OR(INDEX(DM_Pct_v,28)<0,INDEX(DM_Pct_v,28)>1),"❌ % SAI",""))
A33: =IF(INDEX(DM_Ma,29)="","",INDEX(DM_Ma,29)) | B33: =IF($A33="","",INDEX(DM_Ten,29)) | C33: =IF($A33="","",INDEX(DM_TrangThai,29)) | K33: =IF($A33="","",INDEX(DM_SLHT,29)) | L33: =IF($A33="","",'4. Thẻ tính giá thành'!$Z$42) | M33: =IF($A33="","",IF(OR(INDEX(DM_Pct_v,29)<0,INDEX(DM_Pct_v,29)>1),"❌ % SAI",""))
A34: =IF(INDEX(DM_Ma,30)="","",INDEX(DM_Ma,30)) | B34: =IF($A34="","",INDEX(DM_Ten,30)) | C34: =IF($A34="","",INDEX(DM_TrangThai,30)) | K34: =IF($A34="","",INDEX(DM_SLHT,30)) | L34: =IF($A34="","",'4. Thẻ tính giá thành'!$Z$43) | M34: =IF($A34="","",IF(OR(INDEX(DM_Pct_v,30)<0,INDEX(DM_Pct_v,30)>1),"❌ % SAI",""))
A35: =IF(INDEX(DM_Ma,31)="","",INDEX(DM_Ma,31)) | B35: =IF($A35="","",INDEX(DM_Ten,31)) | C35: =IF($A35="","",INDEX(DM_TrangThai,31)) | K35: =IF($A35="","",INDEX(DM_SLHT,31)) | L35: =IF($A35="","",'4. Thẻ tính giá thành'!$Z$44) | M35: =IF($A35="","",IF(OR(INDEX(DM_Pct_v,31)<0,INDEX(DM_Pct_v,31)>1),"❌ % SAI",""))
A36: =IF(INDEX(DM_Ma,32)="","",INDEX(DM_Ma,32)) | B36: =IF($A36="","",INDEX(DM_Ten,32)) | C36: =IF($A36="","",INDEX(DM_TrangThai,32)) | K36: =IF($A36="","",INDEX(DM_SLHT,32)) | L36: =IF($A36="","",'4. Thẻ tính giá thành'!$Z$45) | M36: =IF($A36="","",IF(OR(INDEX(DM_Pct_v,32)<0,INDEX(DM_Pct_v,32)>1),"❌ % SAI",""))
A37: =IF(INDEX(DM_Ma,33)="","",INDEX(DM_Ma,33)) | B37: =IF($A37="","",INDEX(DM_Ten,33)) | C37: =IF($A37="","",INDEX(DM_TrangThai,33)) | K37: =IF($A37="","",INDEX(DM_SLHT,33)) | L37: =IF($A37="","",'4. Thẻ tính giá thành'!$Z$46) | M37: =IF($A37="","",IF(OR(INDEX(DM_Pct_v,33)<0,INDEX(DM_Pct_v,33)>1),"❌ % SAI",""))
A38: =IF(INDEX(DM_Ma,34)="","",INDEX(DM_Ma,34)) | B38: =IF($A38="","",INDEX(DM_Ten,34)) | C38: =IF($A38="","",INDEX(DM_TrangThai,34)) | K38: =IF($A38="","",INDEX(DM_SLHT,34)) | L38: =IF($A38="","",'4. Thẻ tính giá thành'!$Z$47) | M38: =IF($A38="","",IF(OR(INDEX(DM_Pct_v,34)<0,INDEX(DM_Pct_v,34)>1),"❌ % SAI",""))
A39: =IF(INDEX(DM_Ma,35)="","",INDEX(DM_Ma,35)) | B39: =IF($A39="","",INDEX(DM_Ten,35)) | C39: =IF($A39="","",INDEX(DM_TrangThai,35)) | K39: =IF($A39="","",INDEX(DM_SLHT,35)) | L39: =IF($A39="","",'4. Thẻ tính giá thành'!$Z$48) | M39: =IF($A39="","",IF(OR(INDEX(DM_Pct_v,35)<0,INDEX(DM_Pct_v,35)>1),"❌ % SAI",""))
A40: =IF(INDEX(DM_Ma,36)="","",INDEX(DM_Ma,36)) | B40: =IF($A40="","",INDEX(DM_Ten,36)) | C40: =IF($A40="","",INDEX(DM_TrangThai,36)) | K40: =IF($A40="","",INDEX(DM_SLHT,36)) | L40: =IF($A40="","",'4. Thẻ tính giá thành'!$Z$49) | M40: =IF($A40="","",IF(OR(INDEX(DM_Pct_v,36)<0,INDEX(DM_Pct_v,36)>1),"❌ % SAI",""))
A41: =IF(INDEX(DM_Ma,37)="","",INDEX(DM_Ma,37)) | B41: =IF($A41="","",INDEX(DM_Ten,37)) | C41: =IF($A41="","",INDEX(DM_TrangThai,37)) | K41: =IF($A41="","",INDEX(DM_SLHT,37)) | L41: =IF($A41="","",'4. Thẻ tính giá thành'!$Z$50) | M41: =IF($A41="","",IF(OR(INDEX(DM_Pct_v,37)<0,INDEX(DM_Pct_v,37)>1),"❌ % SAI",""))
A42: =IF(INDEX(DM_Ma,38)="","",INDEX(DM_Ma,38)) | B42: =IF($A42="","",INDEX(DM_Ten,38)) | C42: =IF($A42="","",INDEX(DM_TrangThai,38)) | K42: =IF($A42="","",INDEX(DM_SLHT,38)) | L42: =IF($A42="","",'4. Thẻ tính giá thành'!$Z$51) | M42: =IF($A42="","",IF(OR(INDEX(DM_Pct_v,38)<0,INDEX(DM_Pct_v,38)>1),"❌ % SAI",""))
A43: =IF(INDEX(DM_Ma,39)="","",INDEX(DM_Ma,39)) | B43: =IF($A43="","",INDEX(DM_Ten,39)) | C43: =IF($A43="","",INDEX(DM_TrangThai,39)) | K43: =IF($A43="","",INDEX(DM_SLHT,39)) | L43: =IF($A43="","",'4. Thẻ tính giá thành'!$Z$52) | M43: =IF($A43="","",IF(OR(INDEX(DM_Pct_v,39)<0,INDEX(DM_Pct_v,39)>1),"❌ % SAI",""))
A44: =IF(INDEX(DM_Ma,40)="","",INDEX(DM_Ma,40)) | B44: =IF($A44="","",INDEX(DM_Ten,40)) | C44: =IF($A44="","",INDEX(DM_TrangThai,40)) | K44: =IF($A44="","",INDEX(DM_SLHT,40)) | L44: =IF($A44="","",'4. Thẻ tính giá thành'!$Z$53) | M44: =IF($A44="","",IF(OR(INDEX(DM_Pct_v,40)<0,INDEX(DM_Pct_v,40)>1),"❌ % SAI",""))
A45: =IF(INDEX(DM_Ma,41)="","",INDEX(DM_Ma,41)) | B45: =IF($A45="","",INDEX(DM_Ten,41)) | C45: =IF($A45="","",INDEX(DM_TrangThai,41)) | K45: =IF($A45="","",INDEX(DM_SLHT,41)) | L45: =IF($A45="","",'4. Thẻ tính giá thành'!$Z$54) | M45: =IF($A45="","",IF(OR(INDEX(DM_Pct_v,41)<0,INDEX(DM_Pct_v,41)>1),"❌ % SAI",""))
A46: =IF(INDEX(DM_Ma,42)="","",INDEX(DM_Ma,42)) | B46: =IF($A46="","",INDEX(DM_Ten,42)) | C46: =IF($A46="","",INDEX(DM_TrangThai,42)) | K46: =IF($A46="","",INDEX(DM_SLHT,42)) | L46: =IF($A46="","",'4. Thẻ tính giá thành'!$Z$55) | M46: =IF($A46="","",IF(OR(INDEX(DM_Pct_v,42)<0,INDEX(DM_Pct_v,42)>1),"❌ % SAI",""))
A47: =IF(INDEX(DM_Ma,43)="","",INDEX(DM_Ma,43)) | B47: =IF($A47="","",INDEX(DM_Ten,43)) | C47: =IF($A47="","",INDEX(DM_TrangThai,43)) | K47: =IF($A47="","",INDEX(DM_SLHT,43)) | L47: =IF($A47="","",'4. Thẻ tính giá thành'!$Z$56) | M47: =IF($A47="","",IF(OR(INDEX(DM_Pct_v,43)<0,INDEX(DM_Pct_v,43)>1),"❌ % SAI",""))
A48: =IF(INDEX(DM_Ma,44)="","",INDEX(DM_Ma,44)) | B48: =IF($A48="","",INDEX(DM_Ten,44)) | C48: =IF($A48="","",INDEX(DM_TrangThai,44)) | K48: =IF($A48="","",INDEX(DM_SLHT,44)) | L48: =IF($A48="","",'4. Thẻ tính giá thành'!$Z$57) | M48: =IF($A48="","",IF(OR(INDEX(DM_Pct_v,44)<0,INDEX(DM_Pct_v,44)>1),"❌ % SAI",""))
A49: =IF(INDEX(DM_Ma,45)="","",INDEX(DM_Ma,45)) | B49: =IF($A49="","",INDEX(DM_Ten,45)) | C49: =IF($A49="","",INDEX(DM_TrangThai,45)) | K49: =IF($A49="","",INDEX(DM_SLHT,45)) | L49: =IF($A49="","",'4. Thẻ tính giá thành'!$Z$58) | M49: =IF($A49="","",IF(OR(INDEX(DM_Pct_v,45)<0,INDEX(DM_Pct_v,45)>1),"❌ % SAI",""))
A50: =IF(INDEX(DM_Ma,46)="","",INDEX(DM_Ma,46)) | B50: =IF($A50="","",INDEX(DM_Ten,46)) | C50: =IF($A50="","",INDEX(DM_TrangThai,46)) | K50: =IF($A50="","",INDEX(DM_SLHT,46)) | L50: =IF($A50="","",'4. Thẻ tính giá thành'!$Z$59) | M50: =IF($A50="","",IF(OR(INDEX(DM_Pct_v,46)<0,INDEX(DM_Pct_v,46)>1),"❌ % SAI",""))
A51: =IF(INDEX(DM_Ma,47)="","",INDEX(DM_Ma,47)) | B51: =IF($A51="","",INDEX(DM_Ten,47)) | C51: =IF($A51="","",INDEX(DM_TrangThai,47)) | K51: =IF($A51="","",INDEX(DM_SLHT,47)) | L51: =IF($A51="","",'4. Thẻ tính giá thành'!$Z$60) | M51: =IF($A51="","",IF(OR(INDEX(DM_Pct_v,47)<0,INDEX(DM_Pct_v,47)>1),"❌ % SAI",""))
A52: =IF(INDEX(DM_Ma,48)="","",INDEX(DM_Ma,48)) | B52: =IF($A52="","",INDEX(DM_Ten,48)) | C52: =IF($A52="","",INDEX(DM_TrangThai,48)) | K52: =IF($A52="","",INDEX(DM_SLHT,48)) | L52: =IF($A52="","",'4. Thẻ tính giá thành'!$Z$61) | M52: =IF($A52="","",IF(OR(INDEX(DM_Pct_v,48)<0,INDEX(DM_Pct_v,48)>1),"❌ % SAI",""))
A53: =IF(INDEX(DM_Ma,49)="","",INDEX(DM_Ma,49)) | B53: =IF($A53="","",INDEX(DM_Ten,49)) | C53: =IF($A53="","",INDEX(DM_TrangThai,49)) | K53: =IF($A53="","",INDEX(DM_SLHT,49)) | L53: =IF($A53="","",'4. Thẻ tính giá thành'!$Z$62) | M53: =IF($A53="","",IF(OR(INDEX(DM_Pct_v,49)<0,INDEX(DM_Pct_v,49)>1),"❌ % SAI",""))
A54: =IF(INDEX(DM_Ma,50)="","",INDEX(DM_Ma,50)) | B54: =IF($A54="","",INDEX(DM_Ten,50)) | C54: =IF($A54="","",INDEX(DM_TrangThai,50)) | K54: =IF($A54="","",INDEX(DM_SLHT,50)) | L54: =IF($A54="","",'4. Thẻ tính giá thành'!$Z$63) | M54: =IF($A54="","",IF(OR(INDEX(DM_Pct_v,50)<0,INDEX(DM_Pct_v,50)>1),"❌ % SAI",""))
A55: =IF(INDEX(DM_Ma,51)="","",INDEX(DM_Ma,51)) | B55: =IF($A55="","",INDEX(DM_Ten,51)) | C55: =IF($A55="","",INDEX(DM_TrangThai,51)) | K55: =IF($A55="","",INDEX(DM_SLHT,51)) | L55: =IF($A55="","",'4. Thẻ tính giá thành'!$Z$64) | M55: =IF($A55="","",IF(OR(INDEX(DM_Pct_v,51)<0,INDEX(DM_Pct_v,51)>1),"❌ % SAI",""))
A56: =IF(INDEX(DM_Ma,52)="","",INDEX(DM_Ma,52)) | B56: =IF($A56="","",INDEX(DM_Ten,52)) | C56: =IF($A56="","",INDEX(DM_TrangThai,52)) | K56: =IF($A56="","",INDEX(DM_SLHT,52)) | L56: =IF($A56="","",'4. Thẻ tính giá thành'!$Z$65) | M56: =IF($A56="","",IF(OR(INDEX(DM_Pct_v,52)<0,INDEX(DM_Pct_v,52)>1),"❌ % SAI",""))
A57: =IF(INDEX(DM_Ma,53)="","",INDEX(DM_Ma,53)) | B57: =IF($A57="","",INDEX(DM_Ten,53)) | C57: =IF($A57="","",INDEX(DM_TrangThai,53)) | K57: =IF($A57="","",INDEX(DM_SLHT,53)) | L57: =IF($A57="","",'4. Thẻ tính giá thành'!$Z$66) | M57: =IF($A57="","",IF(OR(INDEX(DM_Pct_v,53)<0,INDEX(DM_Pct_v,53)>1),"❌ % SAI",""))
A58: =IF(INDEX(DM_Ma,54)="","",INDEX(DM_Ma,54)) | B58: =IF($A58="","",INDEX(DM_Ten,54)) | C58: =IF($A58="","",INDEX(DM_TrangThai,54)) | K58: =IF($A58="","",INDEX(DM_SLHT,54)) | L58: =IF($A58="","",'4. Thẻ tính giá thành'!$Z$67) | M58: =IF($A58="","",IF(OR(INDEX(DM_Pct_v,54)<0,INDEX(DM_Pct_v,54)>1),"❌ % SAI",""))
A59: =IF(INDEX(DM_Ma,55)="","",INDEX(DM_Ma,55)) | B59: =IF($A59="","",INDEX(DM_Ten,55)) | C59: =IF($A59="","",INDEX(DM_TrangThai,55)) | K59: =IF($A59="","",INDEX(DM_SLHT,55)) | L59: =IF($A59="","",'4. Thẻ tính giá thành'!$Z$68) | M59: =IF($A59="","",IF(OR(INDEX(DM_Pct_v,55)<0,INDEX(DM_Pct_v,55)>1),"❌ % SAI",""))
A60: =IF(INDEX(DM_Ma,56)="","",INDEX(DM_Ma,56)) | B60: =IF($A60="","",INDEX(DM_Ten,56)) | C60: =IF($A60="","",INDEX(DM_TrangThai,56)) | K60: =IF($A60="","",INDEX(DM_SLHT,56)) | L60: =IF($A60="","",'4. Thẻ tính giá thành'!$Z$69) | M60: =IF($A60="","",IF(OR(INDEX(DM_Pct_v,56)<0,INDEX(DM_Pct_v,56)>1),"❌ % SAI",""))
A61: =IF(INDEX(DM_Ma,57)="","",INDEX(DM_Ma,57)) | B61: =IF($A61="","",INDEX(DM_Ten,57)) | C61: =IF($A61="","",INDEX(DM_TrangThai,57)) | K61: =IF($A61="","",INDEX(DM_SLHT,57)) | L61: =IF($A61="","",'4. Thẻ tính giá thành'!$Z$70) | M61: =IF($A61="","",IF(OR(INDEX(DM_Pct_v,57)<0,INDEX(DM_Pct_v,57)>1),"❌ % SAI",""))
A62: =IF(INDEX(DM_Ma,58)="","",INDEX(DM_Ma,58)) | B62: =IF($A62="","",INDEX(DM_Ten,58)) | C62: =IF($A62="","",INDEX(DM_TrangThai,58)) | K62: =IF($A62="","",INDEX(DM_SLHT,58)) | L62: =IF($A62="","",'4. Thẻ tính giá thành'!$Z$71) | M62: =IF($A62="","",IF(OR(INDEX(DM_Pct_v,58)<0,INDEX(DM_Pct_v,58)>1),"❌ % SAI",""))
A63: =IF(INDEX(DM_Ma,59)="","",INDEX(DM_Ma,59)) | B63: =IF($A63="","",INDEX(DM_Ten,59)) | C63: =IF($A63="","",INDEX(DM_TrangThai,59)) | K63: =IF($A63="","",INDEX(DM_SLHT,59)) | L63: =IF($A63="","",'4. Thẻ tính giá thành'!$Z$72) | M63: =IF($A63="","",IF(OR(INDEX(DM_Pct_v,59)<0,INDEX(DM_Pct_v,59)>1),"❌ % SAI",""))
A64: =IF(INDEX(DM_Ma,60)="","",INDEX(DM_Ma,60)) | B64: =IF($A64="","",INDEX(DM_Ten,60)) | C64: =IF($A64="","",INDEX(DM_TrangThai,60)) | K64: =IF($A64="","",INDEX(DM_SLHT,60)) | L64: =IF($A64="","",'4. Thẻ tính giá thành'!$Z$73) | M64: =IF($A64="","",IF(OR(INDEX(DM_Pct_v,60)<0,INDEX(DM_Pct_v,60)>1),"❌ % SAI",""))
A65: =IF(INDEX(DM_Ma,61)="","",INDEX(DM_Ma,61)) | B65: =IF($A65="","",INDEX(DM_Ten,61)) | C65: =IF($A65="","",INDEX(DM_TrangThai,61)) | K65: =IF($A65="","",INDEX(DM_SLHT,61)) | L65: =IF($A65="","",'4. Thẻ tính giá thành'!$Z$74) | M65: =IF($A65="","",IF(OR(INDEX(DM_Pct_v,61)<0,INDEX(DM_Pct_v,61)>1),"❌ % SAI",""))
A66: =IF(INDEX(DM_Ma,62)="","",INDEX(DM_Ma,62)) | B66: =IF($A66="","",INDEX(DM_Ten,62)) | C66: =IF($A66="","",INDEX(DM_TrangThai,62)) | K66: =IF($A66="","",INDEX(DM_SLHT,62)) | L66: =IF($A66="","",'4. Thẻ tính giá thành'!$Z$75) | M66: =IF($A66="","",IF(OR(INDEX(DM_Pct_v,62)<0,INDEX(DM_Pct_v,62)>1),"❌ % SAI",""))
A67: =IF(INDEX(DM_Ma,63)="","",INDEX(DM_Ma,63)) | B67: =IF($A67="","",INDEX(DM_Ten,63)) | C67: =IF($A67="","",INDEX(DM_TrangThai,63)) | K67: =IF($A67="","",INDEX(DM_SLHT,63)) | L67: =IF($A67="","",'4. Thẻ tính giá thành'!$Z$76) | M67: =IF($A67="","",IF(OR(INDEX(DM_Pct_v,63)<0,INDEX(DM_Pct_v,63)>1),"❌ % SAI",""))
A68: =IF(INDEX(DM_Ma,64)="","",INDEX(DM_Ma,64)) | B68: =IF($A68="","",INDEX(DM_Ten,64)) | C68: =IF($A68="","",INDEX(DM_TrangThai,64)) | K68: =IF($A68="","",INDEX(DM_SLHT,64)) | L68: =IF($A68="","",'4. Thẻ tính giá thành'!$Z$77) | M68: =IF($A68="","",IF(OR(INDEX(DM_Pct_v,64)<0,INDEX(DM_Pct_v,64)>1),"❌ % SAI",""))
A69: =IF(INDEX(DM_Ma,65)="","",INDEX(DM_Ma,65)) | B69: =IF($A69="","",INDEX(DM_Ten,65)) | C69: =IF($A69="","",INDEX(DM_TrangThai,65)) | K69: =IF($A69="","",INDEX(DM_SLHT,65)) | L69: =IF($A69="","",'4. Thẻ tính giá thành'!$Z$78) | M69: =IF($A69="","",IF(OR(INDEX(DM_Pct_v,65)<0,INDEX(DM_Pct_v,65)>1),"❌ % SAI",""))
A70: =IF(INDEX(DM_Ma,66)="","",INDEX(DM_Ma,66)) | B70: =IF($A70="","",INDEX(DM_Ten,66)) | C70: =IF($A70="","",INDEX(DM_TrangThai,66)) | K70: =IF($A70="","",INDEX(DM_SLHT,66)) | L70: =IF($A70="","",'4. Thẻ tính giá thành'!$Z$79) | M70: =IF($A70="","",IF(OR(INDEX(DM_Pct_v,66)<0,INDEX(DM_Pct_v,66)>1),"❌ % SAI",""))
A71: =IF(INDEX(DM_Ma,67)="","",INDEX(DM_Ma,67)) | B71: =IF($A71="","",INDEX(DM_Ten,67)) | C71: =IF($A71="","",INDEX(DM_TrangThai,67)) | K71: =IF($A71="","",INDEX(DM_SLHT,67)) | L71: =IF($A71="","",'4. Thẻ tính giá thành'!$Z$80) | M71: =IF($A71="","",IF(OR(INDEX(DM_Pct_v,67)<0,INDEX(DM_Pct_v,67)>1),"❌ % SAI",""))
A72: =IF(INDEX(DM_Ma,68)="","",INDEX(DM_Ma,68)) | B72: =IF($A72="","",INDEX(DM_Ten,68)) | C72: =IF($A72="","",INDEX(DM_TrangThai,68)) | K72: =IF($A72="","",INDEX(DM_SLHT,68)) | L72: =IF($A72="","",'4. Thẻ tính giá thành'!$Z$81) | M72: =IF($A72="","",IF(OR(INDEX(DM_Pct_v,68)<0,INDEX(DM_Pct_v,68)>1),"❌ % SAI",""))
A73: =IF(INDEX(DM_Ma,69)="","",INDEX(DM_Ma,69)) | B73: =IF($A73="","",INDEX(DM_Ten,69)) | C73: =IF($A73="","",INDEX(DM_TrangThai,69)) | K73: =IF($A73="","",INDEX(DM_SLHT,69)) | L73: =IF($A73="","",'4. Thẻ tính giá thành'!$Z$82) | M73: =IF($A73="","",IF(OR(INDEX(DM_Pct_v,69)<0,INDEX(DM_Pct_v,69)>1),"❌ % SAI",""))
A74: =IF(INDEX(DM_Ma,70)="","",INDEX(DM_Ma,70)) | B74: =IF($A74="","",INDEX(DM_Ten,70)) | C74: =IF($A74="","",INDEX(DM_TrangThai,70)) | K74: =IF($A74="","",INDEX(DM_SLHT,70)) | L74: =IF($A74="","",'4. Thẻ tính giá thành'!$Z$83) | M74: =IF($A74="","",IF(OR(INDEX(DM_Pct_v,70)<0,INDEX(DM_Pct_v,70)>1),"❌ % SAI",""))
A75: =IF(INDEX(DM_Ma,71)="","",INDEX(DM_Ma,71)) | B75: =IF($A75="","",INDEX(DM_Ten,71)) | C75: =IF($A75="","",INDEX(DM_TrangThai,71)) | K75: =IF($A75="","",INDEX(DM_SLHT,71)) | L75: =IF($A75="","",'4. Thẻ tính giá thành'!$Z$84) | M75: =IF($A75="","",IF(OR(INDEX(DM_Pct_v,71)<0,INDEX(DM_Pct_v,71)>1),"❌ % SAI",""))
A76: =IF(INDEX(DM_Ma,72)="","",INDEX(DM_Ma,72)) | B76: =IF($A76="","",INDEX(DM_Ten,72)) | C76: =IF($A76="","",INDEX(DM_TrangThai,72)) | K76: =IF($A76="","",INDEX(DM_SLHT,72)) | L76: =IF($A76="","",'4. Thẻ tính giá thành'!$Z$85) | M76: =IF($A76="","",IF(OR(INDEX(DM_Pct_v,72)<0,INDEX(DM_Pct_v,72)>1),"❌ % SAI",""))
A77: =IF(INDEX(DM_Ma,73)="","",INDEX(DM_Ma,73)) | B77: =IF($A77="","",INDEX(DM_Ten,73)) | C77: =IF($A77="","",INDEX(DM_TrangThai,73)) | K77: =IF($A77="","",INDEX(DM_SLHT,73)) | L77: =IF($A77="","",'4. Thẻ tính giá thành'!$Z$86) | M77: =IF($A77="","",IF(OR(INDEX(DM_Pct_v,73)<0,INDEX(DM_Pct_v,73)>1),"❌ % SAI",""))
A78: =IF(INDEX(DM_Ma,74)="","",INDEX(DM_Ma,74)) | B78: =IF($A78="","",INDEX(DM_Ten,74)) | C78: =IF($A78="","",INDEX(DM_TrangThai,74)) | K78: =IF($A78="","",INDEX(DM_SLHT,74)) | L78: =IF($A78="","",'4. Thẻ tính giá thành'!$Z$87) | M78: =IF($A78="","",IF(OR(INDEX(DM_Pct_v,74)<0,INDEX(DM_Pct_v,74)>1),"❌ % SAI",""))
A79: =IF(INDEX(DM_Ma,75)="","",INDEX(DM_Ma,75)) | B79: =IF($A79="","",INDEX(DM_Ten,75)) | C79: =IF($A79="","",INDEX(DM_TrangThai,75)) | K79: =IF($A79="","",INDEX(DM_SLHT,75)) | L79: =IF($A79="","",'4. Thẻ tính giá thành'!$Z$88) | M79: =IF($A79="","",IF(OR(INDEX(DM_Pct_v,75)<0,INDEX(DM_Pct_v,75)>1),"❌ % SAI",""))
A80: =IF(INDEX(DM_Ma,76)="","",INDEX(DM_Ma,76)) | B80: =IF($A80="","",INDEX(DM_Ten,76)) | C80: =IF($A80="","",INDEX(DM_TrangThai,76)) | K80: =IF($A80="","",INDEX(DM_SLHT,76)) | L80: =IF($A80="","",'4. Thẻ tính giá thành'!$Z$89) | M80: =IF($A80="","",IF(OR(INDEX(DM_Pct_v,76)<0,INDEX(DM_Pct_v,76)>1),"❌ % SAI",""))
A81: =IF(INDEX(DM_Ma,77)="","",INDEX(DM_Ma,77)) | B81: =IF($A81="","",INDEX(DM_Ten,77)) | C81: =IF($A81="","",INDEX(DM_TrangThai,77)) | K81: =IF($A81="","",INDEX(DM_SLHT,77)) | L81: =IF($A81="","",'4. Thẻ tính giá thành'!$Z$90) | M81: =IF($A81="","",IF(OR(INDEX(DM_Pct_v,77)<0,INDEX(DM_Pct_v,77)>1),"❌ % SAI",""))
A82: =IF(INDEX(DM_Ma,78)="","",INDEX(DM_Ma,78)) | B82: =IF($A82="","",INDEX(DM_Ten,78)) | C82: =IF($A82="","",INDEX(DM_TrangThai,78)) | K82: =IF($A82="","",INDEX(DM_SLHT,78)) | L82: =IF($A82="","",'4. Thẻ tính giá thành'!$Z$91) | M82: =IF($A82="","",IF(OR(INDEX(DM_Pct_v,78)<0,INDEX(DM_Pct_v,78)>1),"❌ % SAI",""))
A83: =IF(INDEX(DM_Ma,79)="","",INDEX(DM_Ma,79)) | B83: =IF($A83="","",INDEX(DM_Ten,79)) | C83: =IF($A83="","",INDEX(DM_TrangThai,79)) | K83: =IF($A83="","",INDEX(DM_SLHT,79)) | L83: =IF($A83="","",'4. Thẻ tính giá thành'!$Z$92) | M83: =IF($A83="","",IF(OR(INDEX(DM_Pct_v,79)<0,INDEX(DM_Pct_v,79)>1),"❌ % SAI",""))
A84: =IF(INDEX(DM_Ma,80)="","",INDEX(DM_Ma,80)) | B84: =IF($A84="","",INDEX(DM_Ten,80)) | C84: =IF($A84="","",INDEX(DM_TrangThai,80)) | K84: =IF($A84="","",INDEX(DM_SLHT,80)) | L84: =IF($A84="","",'4. Thẻ tính giá thành'!$Z$93) | M84: =IF($A84="","",IF(OR(INDEX(DM_Pct_v,80)<0,INDEX(DM_Pct_v,80)>1),"❌ % SAI",""))
A86: Công cụ tính giá thành | KK HOME •

Sheet 4. Thẻ tính giá thành
A1: ="THẺ TÍNH GIÁ THÀNH — "&pTenDoiTuong
A3: SXC 621 chung (chờ phân bổ) | E3: =SUMIFS(L_ST,L_KM,"NVL trực tiếp (621)",L_TT,"Chung",L_Ngay,">="&pTu,L_Ngay,"<="&pDen) | G3: =IF(AND(tBase=0,(pool621+pool622+pool623+pool627BD+t627CDabs)>0),"⚠ KHÔNG THỂ PHÂN BỔ – TỔNG TIÊU THỨC = 0","")
A4: 622 chung | E4: =SUMIFS(L_ST,L_KM,"Nhân công trực tiếp (622)",L_TT,"Chung",L_Ngay,">="&pTu,L_Ngay,"<="&pDen)
A5: 623 chung | E5: =SUMIFS(L_ST,L_KM,"Máy thi công (623)",L_TT,"Chung",L_Ngay,">="&pTu,L_Ngay,"<="&pDen) | G5: =IF(AND(pCongSuat<=0,pool627CD>0),"⚠ CHƯA NHẬP CÔNG SUẤT BÌNH THƯỜNG – KHÔNG XÁC ĐỊNH ĐƯỢC SXC CỐ ĐỊNH PHÂN BỔ","")
A6: 627 biến đổi (chung) | E6: =SUMIFS(L_ST,L_KM,"SXC (627)",L_TT,"Chung",L_Tinh,"Biến đổi",L_Ngay,">="&pTu,L_Ngay,"<="&pDen)
A7: 627 cố định (chung) | E7: =SUMIFS(L_ST,L_KM,"SXC (627)",L_TT,"Chung",L_Tinh,"Cố định",L_Ngay,">="&pTu,L_Ngay,"<="&pDen)
A8: Mức hoạt động = thực tế / bình thường | E8: =IFERROR(pHoatDong/pCongSuat,0)
A9: 627 cố định ĐƯỢC phân bổ vào giá thành | E9: =IF(pCongSuat<=0,0,MIN(1,tRatio)*pool627CD)
A10: 627 cố định VƯỢT công suất → Giá vốn 632 | E10: =pool627CD-t627CDabs
A13: ="Mã "&pTenDoiTuong | B13: Tên | C13: Loại hình | D13: Trạng thái | E13: 621 t.tiếp | F13: 622 t.tiếp | G13: 623 t.tiếp | H13: 627BĐ t.tiếp | I13: 627CĐ t.tiếp | J13: Tiêu thức | K13: 621 p.bổ | L13: 622 p.bổ | M13: 623 p.bổ | N13: 627BĐ p.bổ | O13: 627CĐ p.bổ | P13: 621 | Q13: 622 | R13: 623 | S13: 627 BĐ | T13: 627 CĐ | U13: Cộng 627 | V13: DDĐK | W13: Phế liệu | X13: SP hỏng | Y13: Cộng CP PS | Z13: DDCK | AA13: TỔNG GIÁ THÀNH | AB13: SL hoàn thành | AC13: Giá thành ĐV | AD13: hlpNVLTT | AE13: hlpTĐ | AF13: hlpĐM | AG13: chkSL | AH13: chkDDam | AI13: chkZam
A14: =IF(INDEX(DM_Ma,1)="","",INDEX(DM_Ma,1)) | B14: =IF($A14="","",INDEX(DM_Ten,1)) | C14: =IF($A14="","",INDEX(DM_Loai,1)) | D14: =IF($A14="","",INDEX(DM_TrangThai,1)) | E14: =IF($A14="","",SUMIFS(L_ST,L_Ma,$A14,L_KM,"NVL trực tiếp (621)",L_TT,"Trực tiếp",L_Ngay,">="&pTu,L_Ngay,"<="&pDen)) | F14: =IF($A14="","",SUMIFS(L_ST,L_Ma,$A14,L_KM,"Nhân công trực tiếp (622)",L_TT,"Trực tiếp",L_Ngay,">="&pTu,L_Ngay,"<="&pDen)) | G14: =IF($A14="","",SUMIFS(L_ST,L_Ma,$A14,L_KM,"Máy thi công (623)",L_TT,"Trực tiếp",L_Ngay,">="&pTu,L_Ngay,"<="&pDen)) | H14: =IF($A14="","",SUMIFS(L_ST,L_Ma,$A14,L_KM,"SXC (627)",L_TT,"Trực tiếp",L_Tinh,"Biến đổi",L_Ngay,">="&pTu,L_Ngay,"<="&pDen)) | I14: =IF($A14="","",SUMIFS(L_ST,L_Ma,$A14,L_KM,"SXC (627)",L_TT,"Trực tiếp",L_Tinh,"Cố định",L_Ngay,">="&pTu,L_Ngay,"<="&pDen)) | J14: =IF($A14="","",CHOOSE(MATCH(pTieuThuc,LST_TieuThuc,0),$E14,$F14,INDEX(DM_GioMay,1),INDEX(DM_GioCong,1),INDEX(DM_SLHT,1),INDEX(DM_DThu,1),INDEX(DM_TieuKhac,1))) | K14: =IF($A14="","",IF(tBase=0,0,$J14/tBase*pool621)) | L14: =IF($A14="","",IF(tBase=0,0,$J14/tBase*pool622)) | M14: =IF($A14="","",IF(tBase=0,0,$J14/tBase*pool623)) | N14: =IF($A14="","",IF(tBase=0,0,$J14/tBase*pool627BD)) | O14: =IF($A14="","",IF(tBase=0,0,$J14/tBase*t627CDabs)) | P14: =IF($A14="","",$E14+$K14) | Q14: =IF($A14="","",$F14+$L14) | R14: =IF($A14="","",$G14+$M14) | S14: =IF($A14="","",$H14+$N14) | T14: =IF($A14="","",$I14+$O14) | U14: =IF($A14="","",$S14+$T14) | V14: =IF($A14="","",INDEX(DM_DDK621,1)+INDEX(DM_DDK622,1)+INDEX(DM_DDK623,1)+INDEX(DM_DDK627,1)) | W14: =IF($A14="","",SUMIFS(L_ST,L_Ma,$A14,L_KM,"Phế liệu thu hồi",L_Ngay,">="&pTu,L_Ngay,"<="&pDen)) | X14: =IF($A14="","",SUMIFS(L_ST,L_Ma,$A14,L_KM,"SP hỏng ngoài định mức",L_Ngay,">="&pTu,L_Ngay,"<="&pDen)) | Y14: =IF($A14="","",$P14+$Q14+$R14+$U14) | Z14: =IF($A14="","",IF($D14="Đang thực hiện",$V14+$Y14,CHOOSE(MATCH(pDoDang,LST_DoDang,0),$AE14,$AF14,$AG14))) | AA14: =IF($A14="","",$V14+$Y14-$Z14-$W14-$X14) | AB14: =IF($A14="","",INDEX(DM_SLHT,1)) | AC14: =IF($A14="","",IF($AB14<=0,"⚠ CHƯA CÓ SL",ROUND($AA14/$AB14,0))) | AE14: =IF($A14="","",IFERROR((INDEX(DM_DDK621,1)+$P14)/($AB14+INDEX(DM_SLDD,1))*INDEX(DM_SLDD,1),0)) | AF14: =IF($A14="","",IFERROR((INDEX(DM_DDK621,1)+$P14)/($AB14+INDEX(DM_SLDD,1))*INDEX(DM_SLDD,1),0)+IFERROR((INDEX(DM_DDK622,1)+$Q14)/($AB14+INDEX(DM_SLDD,1)*INDEX(DM_Pct,1))*(INDEX(DM_SLDD,1)*INDEX(DM_Pct,1)),0)+IFERROR((INDEX(DM_DDK623,1)+$R14)/($AB14+INDEX(DM_SLDD,1)*INDEX(DM_Pct,1))*(INDEX(DM_SLDD,1)*INDEX(DM_Pct,1)),0)+IFERROR((INDEX(DM_DDK627,1)+$U14)/($AB14+INDEX(DM_SLDD,1)*INDEX(DM_Pct,1))*(INDEX(DM_SLDD,1)*INDEX(DM_Pct,1)),0)) | AG14: =IF($A14="","",INDEX(DM_SLDD,1)*INDEX(DM_DGDinhMuc,1)) | AH14: =IF($A14="",0,IF(AND(ISNUMBER($AA14),$AA14>0,$AB14<=0),1,0)) | AI14: =IF($A14="",0,IF(AND(ISNUMBER($Z14),$Z14<0),1,0)) | AJ14: =IF($A14="",0,IF(AND(ISNUMBER($AA14),$AA14<0),1,0))
A15: =IF(INDEX(DM_Ma,2)="","",INDEX(DM_Ma,2)) | B15: =IF($A15="","",INDEX(DM_Ten,2)) | C15: =IF($A15="","",INDEX(DM_Loai,2)) | D15: =IF($A15="","",INDEX(DM_TrangThai,2)) | E15: =IF($A15="","",SUMIFS(L_ST,L_Ma,$A15,L_KM,"NVL trực tiếp (621)",L_TT,"Trực tiếp",L_Ngay,">="&pTu,L_Ngay,"<="&pDen)) | F15: =IF($A15="","",SUMIFS(L_ST,L_Ma,$A15,L_KM,"Nhân công trực tiếp (622)",L_TT,"Trực tiếp",L_Ngay,">="&pTu,L_Ngay,"<="&pDen)) | G15: =IF($A15="","",SUMIFS(L_ST,L_Ma,$A15,L_KM,"Máy thi công (623)",L_TT,"Trực tiếp",L_Ngay,">="&pTu,L_Ngay,"<="&pDen)) | H15: =IF($A15="","",SUMIFS(L_ST,L_Ma,$A15,L_KM,"SXC (627)",L_TT,"Trực tiếp",L_Tinh,"Biến đổi",L_Ngay,">="&pTu,L_Ngay,"<="&pDen)) | I15: =IF($A15="","",SUMIFS(L_ST,L_Ma,$A15,L_KM,"SXC (627)",L_TT,"Trực tiếp",L_Tinh,"Cố định",L_Ngay,">="&pTu,L_Ngay,"<="&pDen)) | J15: =IF($A15="","",CHOOSE(MATCH(pTieuThuc,LST_TieuThuc,0),$E15,$F15,INDEX(DM_GioMay,2),INDEX(DM_GioCong,2),INDEX(DM_SLHT,2),INDEX(DM_DThu,2),INDEX(DM_TieuKhac,2))) | K15: =IF($A15="","",IF(tBase=0,0,$J15/tBase*pool621)) | L15: =IF($A15="","",IF(tBase=0,0,$J15/tBase*pool622)) | M15: =IF($A15="","",IF(tBase=0,0,$J15/tBase*pool623)) | N15: =IF($A15="","",IF(tBase=0,0,$J15/tBase*pool627BD)) | O15: =IF($A15="","",IF(tBase=0,0,$J15/tBase*t627CDabs)) | P15: =IF($A15="","",$E15+$K15) | Q15: =IF($A15="","",$F15+$L15) | R15: =IF($A15="","",$G15+$M15) | S15: =IF($A15="","",$H15+$N15) | T15: =IF($A15="","",$I15+$O15) | U15: =IF($A15="","",$S15+$T15) | V15: =IF($A15="","",INDEX(DM_DDK621,2)+INDEX(DM_DDK622,2)+INDEX(DM_DDK623,2)+INDEX(DM_DDK627,2)) | W15: =IF($A15="","",SUMIFS(L_ST,L_Ma,$A15,L_KM,"Phế liệu thu hồi",L_Ngay,">="&pTu,L_Ngay,"<="&pDen)) | X15: =IF($A15="","",SUMIFS(L_ST,L_Ma,$A15,L_KM,"SP hỏng ngoài định mức",L_Ngay,">="&pTu,L_Ngay,"<="&pDen)) | Y15: =IF($A15="","",$P15+$Q15+$R15+$U15) | Z15: =IF($A15="","",IF($D15="Đang thực hiện",$V15+$Y15,CHOOSE(MATCH(pDoDang,LST_DoDang,0),$AE15,$AF15,$AG15))) | AA15: =IF($A15="","",$V15+$Y15-$Z15-$W15-$X15) | AB15: =IF($A15="","",INDEX(DM_SLHT,2)) | AC15: =IF($A15="","",IF($AB15<=0,"⚠ CHƯA CÓ SL",ROUND($AA15/$AB15,0))) | AE15: =IF($A15="","",IFERROR((INDEX(DM_DDK621,2)+$P15)/($AB15+INDEX(DM_SLDD,2))*INDEX(DM_SLDD,2),0)) | AF15: =IF($A15="","",IFERROR((INDEX(DM_DDK621,2)+$P15)/($AB15+INDEX(DM_SLDD,2))*INDEX(DM_SLDD,2),0)+IFERROR((INDEX(DM_DDK622,2)+$Q15)/($AB15+INDEX(DM_SLDD,2)*INDEX(DM_Pct,2))*(INDEX(DM_SLDD,2)*INDEX(DM_Pct,2)),0)+IFERROR((INDEX(DM_DDK623,2)+$R15)/($AB15+INDEX(DM_SLDD,2)*INDEX(DM_Pct,2))*(INDEX(DM_SLDD,2)*INDEX(DM_Pct,2)),0)+IFERROR((INDEX(DM_DDK627,2)+$U15)/($AB15+INDEX(DM_SLDD,2)*INDEX(DM_Pct,2))*(INDEX(DM_SLDD,2)*INDEX(DM_Pct,2)),0)) | AG15: =IF($A15="","",INDEX(DM_SLDD,2)*INDEX(DM_DGDinhMuc,2)) | AH15: =IF($A15="",0,IF(AND(ISNUMBER($AA15),$AA15>0,$AB15<=0),1,0)) | AI15: =IF($A15="",0,IF(AND(ISNUMBER($Z15),$Z15<0),1,0)) | AJ15: =IF($A15="",0,IF(AND(ISNUMBER($AA15),$AA15<0),1,0))
A16: =IF(INDEX(DM_Ma,3)="","",INDEX(DM_Ma,3)) | B16: =IF($A16="","",INDEX(DM_Ten,3)) | C16: =IF($A16="","",INDEX(DM_Loai,3)) | D16: =IF($A16="","",INDEX(DM_TrangThai,3)) | E16: =IF($A16="","",SUMIFS(L_ST,L_Ma,$A16,L_KM,"NVL trực tiếp (621)",L_TT,"Trực tiếp",L_Ngay,">="&pTu,L_Ngay,"<="&pDen)) | F16: =IF($A16="","",SUMIFS(L_ST,L_Ma,$A16,L_KM,"Nhân công trực tiếp (622)",L_TT,"Trực tiếp",L_Ngay,">="&pTu,L_Ngay,"<="&pDen)) | G16: =IF($A16="","",SUMIFS(L_ST,L_Ma,$A16,L_KM,"Máy thi công (623)",L_TT,"Trực tiếp",L_Ngay,">="&pTu,L_Ngay,"<="&pDen)) | H16: =IF($A16="","",SUMIFS(L_ST,L_Ma,$A16,L_KM,"SXC (627)",L_TT,"Trực tiếp",L_Tinh,"Biến đổi",L_Ngay,">="&pTu,L_Ngay,"<="&pDen)) | I16: =IF($A16="","",SUMIFS(L_ST,L_Ma,$A16,L_KM,"SXC (627)",L_TT,"Trực tiếp",L_Tinh,"Cố định",L_Ngay,">="&pTu,L_Ngay,"<="&pDen)) | J16: =IF($A16="","",CHOOSE(MATCH(pTieuThuc,LST_TieuThuc,0),$E16,$F16,INDEX(DM_GioMay,3),INDEX(DM_GioCong,3),INDEX(DM_SLHT,3),INDEX(DM_DThu,3),INDEX(DM_TieuKhac,3))) | K16: =IF($A16="","",IF(tBase=0,0,$J16/tBase*pool621)) | L16: =IF($A16="","",IF(tBase=0,0,$J16/tBase*pool622)) | M16: =IF($A16="","",IF(tBase=0,0,$J16/tBase*pool623)) | N16: =IF($A16="","",IF(tBase=0,0,$J16/tBase*pool627BD)) | O16: =IF($A16="","",IF(tBase=0,0,$J16/tBase*t627CDabs)) | P16: =IF($A16="","",$E16+$K16) | Q16: =IF($A16="","",$F16+$L16) | R16: =IF($A16="","",$G16+$M16) | S16: =IF($A16="","",$H16+$N16) | T16: =IF($A16="","",$I16+$O16) | U16: =IF($A16="","",$S16+$T16) | V16: =IF($A16="","",INDEX(DM_DDK621,3)+INDEX(DM_DDK622,3)+INDEX(DM_DDK623,3)+INDEX(DM_DDK627,3)) | W16: =IF($A16="","",SUMIFS(L_ST,L_Ma,$A16,L_KM,"Phế liệu thu hồi",L_Ngay,">="&pTu,L_Ngay,"<="&pDen)) | X16: =IF($A16="","",SUMIFS(L_ST,L_Ma,$A16,L_KM,"SP hỏng ngoài định mức",L_Ngay,">="&pTu,L_Ngay,"<="&pDen)) | Y16: =IF($A16="","",$P16+$Q16+$R16+$U16) | Z16: =IF($A16="","",IF($D16="Đang thực hiện",$V16+$Y16,CHOOSE(MATCH(pDoDang,LST_DoDang,0),$AE16,$AF16,$AG16))) | AA16: =IF($A16="","",$V16+$Y16-$Z16-$W16-$X16) | AB16: =IF($A16="","",INDEX(DM_SLHT,3)) | AC16: =IF($A16="","",IF($AB16<=0,"⚠ CHƯA CÓ SL",ROUND($AA16/$AB16,0))) | AE16: =IF($A16="","",IFERROR((INDEX(DM_DDK621,3)+$P16)/($AB16+INDEX(DM_SLDD,3))*INDEX(DM_SLDD,3),0)) | AF16: =IF($A16="","",IFERROR((INDEX(DM_DDK621,3)+$P16)/($AB16+INDEX(DM_SLDD,3))*INDEX(DM_SLDD,3),0)+IFERROR((INDEX(DM_DDK622,3)+$Q16)/($AB16+INDEX(DM_SLDD,3)*INDEX(DM_Pct,3))*(INDEX(DM_SLDD,3)*INDEX(DM_Pct,3)),0)+IFERROR((INDEX(DM_DDK623,3)+$R16)/($AB16+INDEX(DM_SLDD,3)*INDEX(DM_Pct,3))*(INDEX(DM_SLDD,3)*INDEX(DM_Pct,3)),0)+IFERROR((INDEX(DM_DDK627,3)+$U16)/($AB16+INDEX(DM_SLDD,3)*INDEX(DM_Pct,3))*(INDEX(DM_SLDD,3)*INDEX(DM_Pct,3)),0)) | AG16: =IF($A16="","",INDEX(DM_SLDD,3)*INDEX(DM_DGDinhMuc,3)) | AH16: =IF($A16="",0,IF(AND(ISNUMBER($AA16),$AA16>0,$AB16<=0),1,0)) | AI16: =IF($A16="",0,IF(AND(ISNUMBER($Z16),$Z16<0),1,0)) | AJ16: =IF($A16="",0,IF(AND(ISNUMBER($AA16),$AA16<0),1,0))
A17: =IF(INDEX(DM_Ma,4)="","",INDEX(DM_Ma,4)) | B17: =IF($A17="","",INDEX(DM_Ten,4)) | C17: =IF($A17="","",INDEX(DM_Loai,4)) | D17: =IF($A17="","",INDEX(DM_TrangThai,4)) | E17: =IF($A17="","",SUMIFS(L_ST,L_Ma,$A17,L_KM,"NVL trực tiếp (621)",L_TT,"Trực tiếp",L_Ngay,">="&pTu,L_Ngay,"<="&pDen)) | F17: =IF($A17="","",SUMIFS(L_ST,L_Ma,$A17,L_KM,"Nhân công trực tiếp (622)",L_TT,"Trực tiếp",L_Ngay,">="&pTu,L_Ngay,"<="&pDen)) | G17: =IF($A17="","",SUMIFS(L_ST,L_Ma,$A17,L_KM,"Máy thi công (623)",L_TT,"Trực tiếp",L_Ngay,">="&pTu,L_Ngay,"<="&pDen)) | H17: =IF($A17="","",SUMIFS(L_ST,L_Ma,$A17,L_KM,"SXC (627)",L_TT,"Trực tiếp",L_Tinh,"Biến đổi",L_Ngay,">="&pTu,L_Ngay,"<="&pDen)) | I17: =IF($A17="","",SUMIFS(L_ST,L_Ma,$A17,L_KM,"SXC (627)",L_TT,"Trực tiếp",L_Tinh,"Cố định",L_Ngay,">="&pTu,L_Ngay,"<="&pDen)) | J17: =IF($A17="","",CHOOSE(MATCH(pTieuThuc,LST_TieuThuc,0),$E17,$F17,INDEX(DM_GioMay,4),INDEX(DM_GioCong,4),INDEX(DM_SLHT,4),INDEX(DM_DThu,4),INDEX(DM_TieuKhac,4))) | K17: =IF($A17="","",IF(tBase=0,0,$J17/tBase*pool621)) | L17: =IF($A17="","",IF(tBase=0,0,$J17/tBase*pool622)) | M17: =IF($A17="","",IF(tBase=0,0,$J17/tBase*pool623)) | N17: =IF($A17="","",IF(tBase=0,0,$J17/tBase*pool627BD)) | O17: =IF($A17="","",IF(tBase=0,0,$J17/tBase*t627CDabs)) | P17: =IF($A17="","",$E17+$K17) | Q17: =IF($A17="","",$F17+$L17) | R17: =IF($A17="","",$G17+$M17) | S17: =IF($A17="","",$H17+$N17) | T17: =IF($A17="","",$I17+$O17) | U17: =IF($A17="","",$S17+$T17) | V17: =IF($A17="","",INDEX(DM_DDK621,4)+INDEX(DM_DDK622,4)+INDEX(DM_DDK623,4)+INDEX(DM_DDK627,4)) | W17: =IF($A17="","",SUMIFS(L_ST,L_Ma,$A17,L_KM,"Phế liệu thu hồi",L_Ngay,">="&pTu,L_Ngay,"<="&pDen)) | X17: =IF($A17="","",SUMIFS(L_ST,L_Ma,$A17,L_KM,"SP hỏng ngoài định mức",L_Ngay,">="&pTu,L_Ngay,"<="&pDen)) | Y17: =IF($A17="","",$P17+$Q17+$R17+$U17) | Z17: =IF($A17="","",IF($D17="Đang thực hiện",$V17+$Y17,CHOOSE(MATCH(pDoDang,LST_DoDang,0),$AE17,$AF17,$AG17))) | AA17: =IF($A17="","",$V17+$Y17-$Z17-$W17-$X17) | AB17: =IF($A17="","",INDEX(DM_SLHT,4)) | AC17: =IF($A17="","",IF($AB17<=0,"⚠ CHƯA CÓ SL",ROUND($AA17/$AB17,0))) | AE17: =IF($A17="","",IFERROR((INDEX(DM_DDK621,4)+$P17)/($AB17+INDEX(DM_SLDD,4))*INDEX(DM_SLDD,4),0)) | AF17: =IF($A17="","",IFERROR((INDEX(DM_DDK621,4)+$P17)/($AB17+INDEX(DM_SLDD,4))*INDEX(DM_SLDD,4),0)+IFERROR((INDEX(DM_DDK622,4)+$Q17)/($AB17+INDEX(DM_SLDD,4)*INDEX(DM_Pct,4))*(INDEX(DM_SLDD,4)*INDEX(DM_Pct,4)),0)+IFERROR((INDEX(DM_DDK623,4)+$R17)/($AB17+INDEX(DM_SLDD,4)*INDEX(DM_Pct,4))*(INDEX(DM_SLDD,4)*INDEX(DM_Pct,4)),0)+IFERROR((INDEX(DM_DDK627,4)+$U17)/($AB17+INDEX(DM_SLDD,4)*INDEX(DM_Pct,4))*(INDEX(DM_SLDD,4)*INDEX(DM_Pct,4)),0)) | AG17: =IF($A17="","",INDEX(DM_SLDD,4)*INDEX(DM_DGDinhMuc,4)) | AH17: =IF($A17="",0,IF(AND(ISNUMBER($AA17),$AA17>0,$AB17<=0),1,0)) | AI17: =IF($A17="",0,IF(AND(ISNUMBER($Z17),$Z17<0),1,0)) | AJ17: =IF($A17="",0,IF(AND(ISNUMBER($AA17),$AA17<0),1,0))
A18: =IF(INDEX(DM_Ma,5)="","",INDEX(DM_Ma,5)) | B18: =IF($A18="","",INDEX(DM_Ten,5)) | C18: =IF($A18="","",INDEX(DM_Loai,5)) | D18: =IF($A18="","",INDEX(DM_TrangThai,5)) | E18: =IF($A18="","",SUMIFS(L_ST,L_Ma,$A18,L_KM,"NVL trực tiếp (621)",L_TT,"Trực tiếp",L_Ngay,">="&pTu,L_Ngay,"<="&pDen)) | F18: =IF($A18="","",SUMIFS(L_ST,L_Ma,$A18,L_KM,"Nhân công trực tiếp (622)",L_TT,"Trực tiếp",L_Ngay,">="&pTu,L_Ngay,"<="&pDen)) | G18: =IF($A18="","",SUMIFS(L_ST,L_Ma,$A18,L_KM,"Máy thi công (623)",L_TT,"Trực tiếp",L_Ngay,">="&pTu,L_Ngay,"<="&pDen)) | H18: =IF($A18="","",SUMIFS(L_ST,L_Ma,$A18,L_KM,"SXC (627)",L_TT,"Trực tiếp",L_Tinh,"Biến đổi",L_Ngay,">="&pTu,L_Ngay,"<="&pDen)) | I18: =IF($A18="","",SUMIFS(L_ST,L_Ma,$A18,L_KM,"SXC (627)",L_TT,"Trực tiếp",L_Tinh,"Cố định",L_Ngay,">="&pTu,L_Ngay,"<="&pDen)) | J18: =IF($A18="","",CHOOSE(MATCH(pTieuThuc,LST_TieuThuc,0),$E18,$F18,INDEX(DM_GioMay,5),INDEX(DM_GioCong,5),INDEX(DM_SLHT,5),INDEX(DM_DThu,5),INDEX(DM_TieuKhac,5))) | K18: =IF($A18="","",IF(tBase=0,0,$J18/tBase*pool621)) | L18: =IF($A18="","",IF(tBase=0,0,$J18/tBase*pool622)) | M18: =IF($A18="","",IF(tBase=0,0,$J18/tBase*pool623)) | N18: =IF($A18="","",IF(tBase=0,0,$J18/tBase*pool627BD)) | O18: =IF($A18="","",IF(tBase=0,0,$J18/tBase*t627CDabs)) | P18: =IF($A18="","",$E18+$K18) | Q18: =IF($A18="","",$F18+$L18) | R18: =IF($A18="","",$G18+$M18) | S18: =IF($A18="","",$H18+$N18) | T18: =IF($A18="","",$I18+$O18) | U18: =IF($A18="","",$S18+$T18) | V18: =IF($A18="","",INDEX(DM_DDK621,5)+INDEX(DM_DDK622,5)+INDEX(DM_DDK623,5)+INDEX(DM_DDK627,5)) | W18: =IF($A18="","",SUMIFS(L_ST,L_Ma,$A18,L_KM,"Phế liệu thu hồi",L_Ngay,">="&pTu,L_Ngay,"<="&pDen)) | X18: =IF($A18="","",SUMIFS(L_ST,L_Ma,$A18,L_KM,"SP hỏng ngoài định mức",L_Ngay,">="&pTu,L_Ngay,"<="&pDen)) | Y18: =IF($A18="","",$P18+$Q18+$R18+$U18) | Z18: =IF($A18="","",IF($D18="Đang thực hiện",$V18+$Y18,CHOOSE(MATCH(pDoDang,LST_DoDang,0),$AE18,$AF18,$AG18))) | AA18: =IF($A18="","",$V18+$Y18-$Z18-$W18-$X18) | AB18: =IF($A18="","",INDEX(DM_SLHT,5)) | AC18: =IF($A18="","",IF($AB18<=0,"⚠ CHƯA CÓ SL",ROUND($AA18/$AB18,0))) | AE18: =IF($A18="","",IFERROR((INDEX(DM_DDK621,5)+$P18)/($AB18+INDEX(DM_SLDD,5))*INDEX(DM_SLDD,5),0)) | AF18: =IF($A18="","",IFERROR((INDEX(DM_DDK621,5)+$P18)/($AB18+INDEX(DM_SLDD,5))*INDEX(DM_SLDD,5),0)+IFERROR((INDEX(DM_DDK622,5)+$Q18)/($AB18+INDEX(DM_SLDD,5)*INDEX(DM_Pct,5))*(INDEX(DM_SLDD,5)*INDEX(DM_Pct,5)),0)+IFERROR((INDEX(DM_DDK623,5)+$R18)/($AB18+INDEX(DM_SLDD,5)*INDEX(DM_Pct,5))*(INDEX(DM_SLDD,5)*INDEX(DM_Pct,5)),0)+IFERROR((INDEX(DM_DDK627,5)+$U18)/($AB18+INDEX(DM_SLDD,5)*INDEX(DM_Pct,5))*(INDEX(DM_SLDD,5)*INDEX(DM_Pct,5)),0)) | AG18: =IF($A18="","",INDEX(DM_SLDD,5)*INDEX(DM_DGDinhMuc,5)) | AH18: =IF($A18="",0,IF(AND(ISNUMBER($AA18),$AA18>0,$AB18<=0),1,0)) | AI18: =IF($A18="",0,IF(AND(ISNUMBER($Z18),$Z18<0),1,0)) | AJ18: =IF($A18="",0,IF(AND(ISNUMBER($AA18),$AA18<0),1,0))
A19: =IF(INDEX(DM_Ma,6)="","",INDEX(DM_Ma,6)) | B19: =IF($A19="","",INDEX(DM_Ten,6)) | C19: =IF($A19="","",INDEX(DM_Loai,6)) | D19: =IF($A19="","",INDEX(DM_TrangThai,6)) | E19: =IF($A19="","",SUMIFS(L_ST,L_Ma,$A19,L_KM,"NVL trực tiếp (621)",L_TT,"Trực tiếp",L_Ngay,">="&pTu,L_Ngay,"<="&pDen)) | F19: =IF($A19="","",SUMIFS(L_ST,L_Ma,$A19,L_KM,"Nhân công trực tiếp (622)",L_TT,"Trực tiếp",L_Ngay,">="&pTu,L_Ngay,"<="&pDen)) | G19: =IF($A19="","",SUMIFS(L_ST,L_Ma,$A19,L_KM,"Máy thi công (623)",L_TT,"Trực tiếp",L_Ngay,">="&pTu,L_Ngay,"<="&pDen)) | H19: =IF($A19="","",SUMIFS(L_ST,L_Ma,$A19,L_KM,"SXC (627)",L_TT,"Trực tiếp",L_Tinh,"Biến đổi",L_Ngay,">="&pTu,L_Ngay,"<="&pDen)) | I19: =IF($A19="","",SUMIFS(L_ST,L_Ma,$A19,L_KM,"SXC (627)",L_TT,"Trực tiếp",L_Tinh,"Cố định",L_Ngay,">="&pTu,L_Ngay,"<="&pDen)) | J19: =IF($A19="","",CHOOSE(MATCH(pTieuThuc,LST_TieuThuc,0),$E19,$F19,INDEX(DM_GioMay,6),INDEX(DM_GioCong,6),INDEX(DM_SLHT,6),INDEX(DM_DThu,6),INDEX(DM_TieuKhac,6))) | K19: =IF($A19="","",IF(tBase=0,0,$J19/tBase*pool621)) | L19: =IF($A19="","",IF(tBase=0,0,$J19/tBase*pool622)) | M19: =IF($A19="","",IF(tBase=0,0,$J19/tBase*pool623)) | N19: =IF($A19="","",IF(tBase=0,0,$J19/tBase*pool627BD)) | O19: =IF($A19="","",IF(tBase=0,0,$J19/tBase*t627CDabs)) | P19: =IF($A19="","",$E19+$K19) | Q19: =IF($A19="","",$F19+$L19) | R19: =IF($A19="","",$G19+$M19) | S19: =IF($A19="","",$H19+$N19) | T19: =IF($A19="","",$I19+$O19) | U19: =IF($A19="","",$S19+$T19) | V19: =IF($A19="","",INDEX(DM_DDK621,6)+INDEX(DM_DDK622,6)+INDEX(DM_DDK623,6)+INDEX(DM_DDK627,6)) | W19: =IF($A19="","",SUMIFS(L_ST,L_Ma,$A19,L_KM,"Phế liệu thu hồi",L_Ngay,">="&pTu,L_Ngay,"<="&pDen)) | X19: =IF($A19="","",SUMIFS(L_ST,L_Ma,$A19,L_KM,"SP hỏng ngoài định mức",L_Ngay,">="&pTu,L_Ngay,"<="&pDen)) | Y19: =IF($A19="","",$P19+$Q19+$R19+$U19) | Z19: =IF($A19="","",IF($D19="Đang thực hiện",$V19+$Y19,CHOOSE(MATCH(pDoDang,LST_DoDang,0),$AE19,$AF19,$AG19))) | AA19: =IF($A19="","",$V19+$Y19-$Z19-$W19-$X19) | AB19: =IF($A19="","",INDEX(DM_SLHT,6)) | AC19: =IF($A19="","",IF($AB19<=0,"⚠ CHƯA CÓ SL",ROUND($AA19/$AB19,0))) | AE19: =IF($A19="","",IFERROR((INDEX(DM_DDK621,6)+$P19)/($AB19+INDEX(DM_SLDD,6))*INDEX(DM_SLDD,6),0)) | AF19: =IF($A19="","",IFERROR((INDEX(DM_DDK621,6)+$P19)/($AB19+INDEX(DM_SLDD,6))*INDEX(DM_SLDD,6),0)+IFERROR((INDEX(DM_DDK622,6)+$Q19)/($AB19+INDEX(DM_SLDD,6)*INDEX(DM_Pct,6))*(INDEX(DM_SLDD,6)*INDEX(DM_Pct,6)),0)+IFERROR((INDEX(DM_DDK623,6)+$R19)/($AB19+INDEX(DM_SLDD,6)*INDEX(DM_Pct,6))*(INDEX(DM_SLDD,6)*INDEX(DM_Pct,6)),0)+IFERROR((INDEX(DM_DDK627,6)+$U19)/($AB19+INDEX(DM_SLDD,6)*INDEX(DM_Pct,6))*(INDEX(DM_SLDD,6)*INDEX(DM_Pct,6)),0)) | AG19: =IF($A19="","",INDEX(DM_SLDD,6)*INDEX(DM_DGDinhMuc,6)) | AH19: =IF($A19="",0,IF(AND(ISNUMBER($AA19),$AA19>0,$AB19<=0),1,0)) | AI19: =IF($A19="",0,IF(AND(ISNUMBER($Z19),$Z19<0),1,0)) | AJ19: =IF($A19="",0,IF(AND(ISNUMBER($AA19),$AA19<0),1,0))
A20: =IF(INDEX(DM_Ma,7)="","",INDEX(DM_Ma,7)) | B20: =IF($A20="","",INDEX(DM_Ten,7)) | C20: =IF($A20="","",INDEX(DM_Loai,7)) | D20: =IF($A20="","",INDEX(DM_TrangThai,7)) | E20: =IF($A20="","",SUMIFS(L_ST,L_Ma,$A20,L_KM,"NVL trực tiếp (621)",L_TT,"Trực tiếp",L_Ngay,">="&pTu,L_Ngay,"<="&pDen)) | F20: =IF($A20="","",SUMIFS(L_ST,L_Ma,$A20,L_KM,"Nhân công trực tiếp (622)",L_TT,"Trực tiếp",L_Ngay,">="&pTu,L_Ngay,"<="&pDen)) | G20: =IF($A20="","",SUMIFS(L_ST,L_Ma,$A20,L_KM,"Máy thi công (623)",L_TT,"Trực tiếp",L_Ngay,">="&pTu,L_Ngay,"<="&pDen)) | H20: =IF($A20="","",SUMIFS(L_ST,L_Ma,$A20,L_KM,"SXC (627)",L_TT,"Trực tiếp",L_Tinh,"Biến đổi",L_Ngay,">="&pTu,L_Ngay,"<="&pDen)) | I20: =IF($A20="","",SUMIFS(L_ST,L_Ma,$A20,L_KM,"SXC (627)",L_TT,"Trực tiếp",L_Tinh,"Cố định",L_Ngay,">="&pTu,L_Ngay,"<="&pDen)) | J20: =IF($A20="","",CHOOSE(MATCH(pTieuThuc,LST_TieuThuc,0),$E20,$F20,INDEX(DM_GioMay,7),INDEX(DM_GioCong,7),INDEX(DM_SLHT,7),INDEX(DM_DThu,7),INDEX(DM_TieuKhac,7))) | K20: =IF($A20="","",IF(tBase=0,0,$J20/tBase*pool621)) | L20: =IF($A20="","",IF(tBase=0,0,$J20/tBase*pool622)) | M20: =IF($A20="","",IF(tBase=0,0,$J20/tBase*pool623)) | N20: =IF($A20="","",IF(tBase=0,0,$J20/tBase*pool627BD)) | O20: =IF($A20="","",IF(tBase=0,0,$J20/tBase*t627CDabs)) | P20: =IF($A20="","",$E20+$K20) | Q20: =IF($A20="","",$F20+$L20) | R20: =IF($A20="","",$G20+$M20) | S20: =IF($A20="","",$H20+$N20) | T20: =IF($A20="","",$I20+$O20) | U20: =IF($A20="","",$S20+$T20) | V20: =IF($A20="","",INDEX(DM_DDK621,7)+INDEX(DM_DDK622,7)+INDEX(DM_DDK623,7)+INDEX(DM_DDK627,7)) | W20: =IF($A20="","",SUMIFS(L_ST,L_Ma,$A20,L_KM,"Phế liệu thu hồi",L_Ngay,">="&pTu,L_Ngay,"<="&pDen)) | X20: =IF($A20="","",SUMIFS(L_ST,L_Ma,$A20,L_KM,"SP hỏng ngoài định mức",L_Ngay,">="&pTu,L_Ngay,"<="&pDen)) | Y20: =IF($A20="","",$P20+$Q20+$R20+$U20) | Z20: =IF($A20="","",IF($D20="Đang thực hiện",$V20+$Y20,CHOOSE(MATCH(pDoDang,LST_DoDang,0),$AE20,$AF20,$AG20))) | AA20: =IF($A20="","",$V20+$Y20-$Z20-$W20-$X20) | AB20: =IF($A20="","",INDEX(DM_SLHT,7)) | AC20: =IF($A20="","",IF($AB20<=0,"⚠ CHƯA CÓ SL",ROUND($AA20/$AB20,0))) | AE20: =IF($A20="","",IFERROR((INDEX(DM_DDK621,7)+$P20)/($AB20+INDEX(DM_SLDD,7))*INDEX(DM_SLDD,7),0)) | AF20: =IF($A20="","",IFERROR((INDEX(DM_DDK621,7)+$P20)/($AB20+INDEX(DM_SLDD,7))*INDEX(DM_SLDD,7),0)+IFERROR((INDEX(DM_DDK622,7)+$Q20)/($AB20+INDEX(DM_SLDD,7)*INDEX(DM_Pct,7))*(INDEX(DM_SLDD,7)*INDEX(DM_Pct,7)),0)+IFERROR((INDEX(DM_DDK623,7)+$R20)/($AB20+INDEX(DM_SLDD,7)*INDEX(DM_Pct,7))*(INDEX(DM_SLDD,7)*INDEX(DM_Pct,7)),0)+IFERROR((INDEX(DM_DDK627,7)+$U20)/($AB20+INDEX(DM_SLDD,7)*INDEX(DM_Pct,7))*(INDEX(DM_SLDD,7)*INDEX(DM_Pct,7)),0)) | AG20: =IF($A20="","",INDEX(DM_SLDD,7)*INDEX(DM_DGDinhMuc,7)) | AH20: =IF($A20="",0,IF(AND(ISNUMBER($AA20),$AA20>0,$AB20<=0),1,0)) | AI20: =IF($A20="",0,IF(AND(ISNUMBER($Z20),$Z20<0),1,0)) | AJ20: =IF($A20="",0,IF(AND(ISNUMBER($AA20),$AA20<0),1,0))
A21: =IF(INDEX(DM_Ma,8)="","",INDEX(DM_Ma,8)) | B21: =IF($A21="","",INDEX(DM_Ten,8)) | C21: =IF($A21="","",INDEX(DM_Loai,8)) | D21: =IF($A21="","",INDEX(DM_TrangThai,8)) | E21: =IF($A21="","",SUMIFS(L_ST,L_Ma,$A21,L_KM,"NVL trực tiếp (621)",L_TT,"Trực tiếp",L_Ngay,">="&pTu,L_Ngay,"<="&pDen)) | F21: =IF($A21="","",SUMIFS(L_ST,L_Ma,$A21,L_KM,"Nhân công trực tiếp (622)",L_TT,"Trực tiếp",L_Ngay,">="&pTu,L_Ngay,"<="&pDen)) | G21: =IF($A21="","",SUMIFS(L_ST,L_Ma,$A21,L_KM,"Máy thi công (623)",L_TT,"Trực tiếp",L_Ngay,">="&pTu,L_Ngay,"<="&pDen)) | H21: =IF($A21="","",SUMIFS(L_ST,L_Ma,$A21,L_KM,"SXC (627)",L_TT,"Trực tiếp",L_Tinh,"Biến đổi",L_Ngay,">="&pTu,L_Ngay,"<="&pDen)) | I21: =IF($A21="","",SUMIFS(L_ST,L_Ma,$A21,L_KM,"SXC (627)",L_TT,"Trực tiếp",L_Tinh,"Cố định",L_Ngay,">="&pTu,L_Ngay,"<="&pDen)) | J21: =IF($A21="","",CHOOSE(MATCH(pTieuThuc,LST_TieuThuc,0),$E21,$F21,INDEX(DM_GioMay,8),INDEX(DM_GioCong,8),INDEX(DM_SLHT,8),INDEX(DM_DThu,8),INDEX(DM_TieuKhac,8))) | K21: =IF($A21="","",IF(tBase=0,0,$J21/tBase*pool621)) | L21: =IF($A21="","",IF(tBase=0,0,$J21/tBase*pool622)) | M21: =IF($A21="","",IF(tBase=0,0,$J21/tBase*pool623)) | N21: =IF($A21="","",IF(tBase=0,0,$J21/tBase*pool627BD)) | O21: =IF($A21="","",IF(tBase=0,0,$J21/tBase*t627CDabs)) | P21: =IF($A21="","",$E21+$K21) | Q21: =IF($A21="","",$F21+$L21) | R21: =IF($A21="","",$G21+$M21) | S21: =IF($A21="","",$H21+$N21) | T21: =IF($A21="","",$I21+$O21) | U21: =IF($A21="","",$S21+$T21) | V21: =IF($A21="","",INDEX(DM_DDK621,8)+INDEX(DM_DDK622,8)+INDEX(DM_DDK623,8)+INDEX(DM_DDK627,8)) | W21: =IF($A21="","",SUMIFS(L_ST,L_Ma,$A21,L_KM,"Phế liệu thu hồi",L_Ngay,">="&pTu,L_Ngay,"<="&pDen)) | X21: =IF($A21="","",SUMIFS(L_ST,L_Ma,$A21,L_KM,"SP hỏng ngoài định mức",L_Ngay,">="&pTu,L_Ngay,"<="&pDen)) | Y21: =IF($A21="","",$P21+$Q21+$R21+$U21) | Z21: =IF($A21="","",IF($D21="Đang thực hiện",$V21+$Y21,CHOOSE(MATCH(pDoDang,LST_DoDang,0),$AE21,$AF21,$AG21))) | AA21: =IF($A21="","",$V21+$Y21-$Z21-$W21-$X21) | AB21: =IF($A21="","",INDEX(DM_SLHT,8)) | AC21: =IF($A21="","",IF($AB21<=0,"⚠ CHƯA CÓ SL",ROUND($AA21/$AB21,0))) | AE21: =IF($A21="","",IFERROR((INDEX(DM_DDK621,8)+$P21)/($AB21+INDEX(DM_SLDD,8))*INDEX(DM_SLDD,8),0)) | AF21: =IF($A21="","",IFERROR((INDEX(DM_DDK621,8)+$P21)/($AB21+INDEX(DM_SLDD,8))*INDEX(DM_SLDD,8),0)+IFERROR((INDEX(DM_DDK622,8)+$Q21)/($AB21+INDEX(DM_SLDD,8)*INDEX(DM_Pct,8))*(INDEX(DM_SLDD,8)*INDEX(DM_Pct,8)),0)+IFERROR((INDEX(DM_DDK623,8)+$R21)/($AB21+INDEX(DM_SLDD,8)*INDEX(DM_Pct,8))*(INDEX(DM_SLDD,8)*INDEX(DM_Pct,8)),0)+IFERROR((INDEX(DM_DDK627,8)+$U21)/($AB21+INDEX(DM_SLDD,8)*INDEX(DM_Pct,8))*(INDEX(DM_SLDD,8)*INDEX(DM_Pct,8)),0)) | AG21: =IF($A21="","",INDEX(DM_SLDD,8)*INDEX(DM_DGDinhMuc,8)) | AH21: =IF($A21="",0,IF(AND(ISNUMBER($AA21),$AA21>0,$AB21<=0),1,0)) | AI21: =IF($A21="",0,IF(AND(ISNUMBER($Z21),$Z21<0),1,0)) | AJ21: =IF($A21="",0,IF(AND(ISNUMBER($AA21),$AA21<0),1,0))
A22: =IF(INDEX(DM_Ma,9)="","",INDEX(DM_Ma,9)) | B22: =IF($A22="","",INDEX(DM_Ten,9)) | C22: =IF($A22="","",INDEX(DM_Loai,9)) | D22: =IF($A22="","",INDEX(DM_TrangThai,9)) | E22: =IF($A22="","",SUMIFS(L_ST,L_Ma,$A22,L_KM,"NVL trực tiếp (621)",L_TT,"Trực tiếp",L_Ngay,">="&pTu,L_Ngay,"<="&pDen)) | F22: =IF($A22="","",SUMIFS(L_ST,L_Ma,$A22,L_KM,"Nhân công trực tiếp (622)",L_TT,"Trực tiếp",L_Ngay,">="&pTu,L_Ngay,"<="&pDen)) | G22: =IF($A22="","",SUMIFS(L_ST,L_Ma,$A22,L_KM,"Máy thi công (623)",L_TT,"Trực tiếp",L_Ngay,">="&pTu,L_Ngay,"<="&pDen)) | H22: =IF($A22="","",SUMIFS(L_ST,L_Ma,$A22,L_KM,"SXC (627)",L_TT,"Trực tiếp",L_Tinh,"Biến đổi",L_Ngay,">="&pTu,L_Ngay,"<="&pDen)) | I22: =IF($A22="","",SUMIFS(L_ST,L_Ma,$A22,L_KM,"SXC (627)",L_TT,"Trực tiếp",L_Tinh,"Cố định",L_Ngay,">="&pTu,L_Ngay,"<="&pDen)) | J22: =IF($A22="","",CHOOSE(MATCH(pTieuThuc,LST_TieuThuc,0),$E22,$F22,INDEX(DM_GioMay,9),INDEX(DM_GioCong,9),INDEX(DM_SLHT,9),INDEX(DM_DThu,9),INDEX(DM_TieuKhac,9))) | K22: =IF($A22="","",IF(tBase=0,0,$J22/tBase*pool621)) | L22: =IF($A22="","",IF(tBase=0,0,$J22/tBase*pool622)) | M22: =IF($A22="","",IF(tBase=0,0,$J22/tBase*pool623)) | N22: =IF($A22="","",IF(tBase=0,0,$J22/tBase*pool627BD)) | O22: =IF($A22="","",IF(tBase=0,0,$J22/tBase*t627CDabs)) | P22: =IF($A22="","",$E22+$K22) | Q22: =IF($A22="","",$F22+$L22) | R22: =IF($A22="","",$G22+$M22) | S22: =IF($A22="","",$H22+$N22) | T22: =IF($A22="","",$I22+$O22) | U22: =IF($A22="","",$S22+$T22) | V22: =IF($A22="","",INDEX(DM_DDK621,9)+INDEX(DM_DDK622,9)+INDEX(DM_DDK623,9)+INDEX(DM_DDK627,9)) | W22: =IF($A22="","",SUMIFS(L_ST,L_Ma,$A22,L_KM,"Phế liệu thu hồi",L_Ngay,">="&pTu,L_Ngay,"<="&pDen)) | X22: =IF($A22="","",SUMIFS(L_ST,L_Ma,$A22,L_KM,"SP hỏng ngoài định mức",L_Ngay,">="&pTu,L_Ngay,"<="&pDen)) | Y22: =IF($A22="","",$P22+$Q22+$R22+$U22) | Z22: =IF($A22="","",IF($D22="Đang thực hiện",$V22+$Y22,CHOOSE(MATCH(pDoDang,LST_DoDang,0),$AE22,$AF22,$AG22))) | AA22: =IF($A22="","",$V22+$Y22-$Z22-$W22-$X22) | AB22: =IF($A22="","",INDEX(DM_SLHT,9)) | AC22: =IF($A22="","",IF($AB22<=0,"⚠ CHƯA CÓ SL",ROUND($AA22/$AB22,0))) | AE22: =IF($A22="","",IFERROR((INDEX(DM_DDK621,9)+$P22)/($AB22+INDEX(DM_SLDD,9))*INDEX(DM_SLDD,9),0)) | AF22: =IF($A22="","",IFERROR((INDEX(DM_DDK621,9)+$P22)/($AB22+INDEX(DM_SLDD,9))*INDEX(DM_SLDD,9),0)+IFERROR((INDEX(DM_DDK622,9)+$Q22)/($AB22+INDEX(DM_SLDD,9)*INDEX(DM_Pct,9))*(INDEX(DM_SLDD,9)*INDEX(DM_Pct,9)),0)+IFERROR((INDEX(DM_DDK623,9)+$R22)/($AB22+INDEX(DM_SLDD,9)*INDEX(DM_Pct,9))*(INDEX(DM_SLDD,9)*INDEX(DM_Pct,9)),0)+IFERROR((INDEX(DM_DDK627,9)+$U22)/($AB22+INDEX(DM_SLDD,9)*INDEX(DM_Pct,9))*(INDEX(DM_SLDD,9)*INDEX(DM_Pct,9)),0)) | AG22: =IF($A22="","",INDEX(DM_SLDD,9)*INDEX(DM_DGDinhMuc,9)) | AH22: =IF($A22="",0,IF(AND(ISNUMBER($AA22),$AA22>0,$AB22<=0),1,0)) | AI22: =IF($A22="",0,IF(AND(ISNUMBER($Z22),$Z22<0),1,0)) | AJ22: =IF($A22="",0,IF(AND(ISNUMBER($AA22),$AA22<0),1,0))
A23: =IF(INDEX(DM_Ma,10)="","",INDEX(DM_Ma,10)) | B23: =IF($A23="","",INDEX(DM_Ten,10)) | C23: =IF($A23="","",INDEX(DM_Loai,10)) | D23: =IF($A23="","",INDEX(DM_TrangThai,10)) | E23: =IF($A23="","",SUMIFS(L_ST,L_Ma,$A23,L_KM,"NVL trực tiếp (621)",L_TT,"Trực tiếp",L_Ngay,">="&pTu,L_Ngay,"<="&pDen)) | F23: =IF($A23="","",SUMIFS(L_ST,L_Ma,$A23,L_KM,"Nhân công trực tiếp (622)",L_TT,"Trực tiếp",L_Ngay,">="&pTu,L_Ngay,"<="&pDen)) | G23: =IF($A23="","",SUMIFS(L_ST,L_Ma,$A23,L_KM,"Máy thi công (623)",L_TT,"Trực tiếp",L_Ngay,">="&pTu,L_Ngay,"<="&pDen)) | H23: =IF($A23="","",SUMIFS(L_ST,L_Ma,$A23,L_KM,"SXC (627)",L_TT,"Trực tiếp",L_Tinh,"Biến đổi",L_Ngay,">="&pTu,L_Ngay,"<="&pDen)) | I23: =IF($A23="","",SUMIFS(L_ST,L_Ma,$A23,L_KM,"SXC (627)",L_TT,"Trực tiếp",L_Tinh,"Cố định",L_Ngay,">="&pTu,L_Ngay,"<="&pDen)) | J23: =IF($A23="","",CHOOSE(MATCH(pTieuThuc,LST_TieuThuc,0),$E23,$F23,INDEX(DM_GioMay,10),INDEX(DM_GioCong,10),INDEX(DM_SLHT,10),INDEX(DM_DThu,10),INDEX(DM_TieuKhac,10))) | K23: =IF($A23="","",IF(tBase=0,0,$J23/tBase*pool621)) | L23: =IF($A23="","",IF(tBase=0,0,$J23/tBase*pool622)) | M23: =IF($A23="","",IF(tBase=0,0,$J23/tBase*pool623)) | N23: =IF($A23="","",IF(tBase=0,0,$J23/tBase*pool627BD)) | O23: =IF($A23="","",IF(tBase=0,0,$J23/tBase*t627CDabs)) | P23: =IF($A23="","",$E23+$K23) | Q23: =IF($A23="","",$F23+$L23) | R23: =IF($A23="","",$G23+$M23) | S23: =IF($A23="","",$H23+$N23) | T23: =IF($A23="","",$I23+$O23) | U23: =IF($A23="","",$S23+$T23) | V23: =IF($A23="","",INDEX(DM_DDK621,10)+INDEX(DM_DDK622,10)+INDEX(DM_DDK623,10)+INDEX(DM_DDK627,10)) | W23: =IF($A23="","",SUMIFS(L_ST,L_Ma,$A23,L_KM,"Phế liệu thu hồi",L_Ngay,">="&pTu,L_Ngay,"<="&pDen)) | X23: =IF($A23="","",SUMIFS(L_ST,L_Ma,$A23,L_KM,"SP hỏng ngoài định mức",L_Ngay,">="&pTu,L_Ngay,"<="&pDen)) | Y23: =IF($A23="","",$P23+$Q23+$R23+$U23) | Z23: =IF($A23="","",IF($D23="Đang thực hiện",$V23+$Y23,CHOOSE(MATCH(pDoDang,LST_DoDang,0),$AE23,$AF23,$AG23))) | AA23: =IF($A23="","",$V23+$Y23-$Z23-$W23-$X23) | AB23: =IF($A23="","",INDEX(DM_SLHT,10)) | AC23: =IF($A23="","",IF($AB23<=0,"⚠ CHƯA CÓ SL",ROUND($AA23/$AB23,0))) | AE23: =IF($A23="","",IFERROR((INDEX(DM_DDK621,10)+$P23)/($AB23+INDEX(DM_SLDD,10))*INDEX(DM_SLDD,10),0)) | AF23: =IF($A23="","",IFERROR((INDEX(DM_DDK621,10)+$P23)/($AB23+INDEX(DM_SLDD,10))*INDEX(DM_SLDD,10),0)+IFERROR((INDEX(DM_DDK622,10)+$Q23)/($AB23+INDEX(DM_SLDD,10)*INDEX(DM_Pct,10))*(INDEX(DM_SLDD,10)*INDEX(DM_Pct,10)),0)+IFERROR((INDEX(DM_DDK623,10)+$R23)/($AB23+INDEX(DM_SLDD,10)*INDEX(DM_Pct,10))*(INDEX(DM_SLDD,10)*INDEX(DM_Pct,10)),0)+IFERROR((INDEX(DM_DDK627,10)+$U23)/($AB23+INDEX(DM_SLDD,10)*INDEX(DM_Pct,10))*(INDEX(DM_SLDD,10)*INDEX(DM_Pct,10)),0)) | AG23: =IF($A23="","",INDEX(DM_SLDD,10)*INDEX(DM_DGDinhMuc,10)) | AH23: =IF($A23="",0,IF(AND(ISNUMBER($AA23),$AA23>0,$AB23<=0),1,0)) | AI23: =IF($A23="",0,IF(AND(ISNUMBER($Z23),$Z23<0),1,0)) | AJ23: =IF($A23="",0,IF(AND(ISNUMBER($AA23),$AA23<0),1,0))
A24: =IF(INDEX(DM_Ma,11)="","",INDEX(DM_Ma,11)) | B24: =IF($A24="","",INDEX(DM_Ten,11)) | C24: =IF($A24="","",INDEX(DM_Loai,11)) | D24: =IF($A24="","",INDEX(DM_TrangThai,11)) | E24: =IF($A24="","",SUMIFS(L_ST,L_Ma,$A24,L_KM,"NVL trực tiếp (621)",L_TT,"Trực tiếp",L_Ngay,">="&pTu,L_Ngay,"<="&pDen)) | F24: =IF($A24="","",SUMIFS(L_ST,L_Ma,$A24,L_KM,"Nhân công trực tiếp (622)",L_TT,"Trực tiếp",L_Ngay,">="&pTu,L_Ngay,"<="&pDen)) | G24: =IF($A24="","",SUMIFS(L_ST,L_Ma,$A24,L_KM,"Máy thi công (623)",L_TT,"Trực tiếp",L_Ngay,">="&pTu,L_Ngay,"<="&pDen)) | H24: =IF($A24="","",SUMIFS(L_ST,L_Ma,$A24,L_KM,"SXC (627)",L_TT,"Trực tiếp",L_Tinh,"Biến đổi",L_Ngay,">="&pTu,L_Ngay,"<="&pDen)) | I24: =IF($A24="","",SUMIFS(L_ST,L_Ma,$A24,L_KM,"SXC (627)",L_TT,"Trực tiếp",L_Tinh,"Cố định",L_Ngay,">="&pTu,L_Ngay,"<="&pDen)) | J24: =IF($A24="","",CHOOSE(MATCH(pTieuThuc,LST_TieuThuc,0),$E24,$F24,INDEX(DM_GioMay,11),INDEX(DM_GioCong,11),INDEX(DM_SLHT,11),INDEX(DM_DThu,11),INDEX(DM_TieuKhac,11))) | K24: =IF($A24="","",IF(tBase=0,0,$J24/tBase*pool621)) | L24: =IF($A24="","",IF(tBase=0,0,$J24/tBase*pool622)) | M24: =IF($A24="","",IF(tBase=0,0,$J24/tBase*pool623)) | N24: =IF($A24="","",IF(tBase=0,0,$J24/tBase*pool627BD)) | O24: =IF($A24="","",IF(tBase=0,0,$J24/tBase*t627CDabs)) | P24: =IF($A24="","",$E24+$K24) | Q24: =IF($A24="","",$F24+$L24) | R24: =IF($A24="","",$G24+$M24) | S24: =IF($A24="","",$H24+$N24) | T24: =IF($A24="","",$I24+$O24) | U24: =IF($A24="","",$S24+$T24) | V24: =IF($A24="","",INDEX(DM_DDK621,11)+INDEX(DM_DDK622,11)+INDEX(DM_DDK623,11)+INDEX(DM_DDK627,11)) | W24: =IF($A24="","",SUMIFS(L_ST,L_Ma,$A24,L_KM,"Phế liệu thu hồi",L_Ngay,">="&pTu,L_Ngay,"<="&pDen)) | X24: =IF($A24="","",SUMIFS(L_ST,L_Ma,$A24,L_KM,"SP hỏng ngoài định mức",L_Ngay,">="&pTu,L_Ngay,"<="&pDen)) | Y24: =IF($A24="","",$P24+$Q24+$R24+$U24) | Z24: =IF($A24="","",IF($D24="Đang thực hiện",$V24+$Y24,CHOOSE(MATCH(pDoDang,LST_DoDang,0),$AE24,$AF24,$AG24))) | AA24: =IF($A24="","",$V24+$Y24-$Z24-$W24-$X24) | AB24: =IF($A24="","",INDEX(DM_SLHT,11)) | AC24: =IF($A24="","",IF($AB24<=0,"⚠ CHƯA CÓ SL",ROUND($AA24/$AB24,0))) | AE24: =IF($A24="","",IFERROR((INDEX(DM_DDK621,11)+$P24)/($AB24+INDEX(DM_SLDD,11))*INDEX(DM_SLDD,11),0)) | AF24: =IF($A24="","",IFERROR((INDEX(DM_DDK621,11)+$P24)/($AB24+INDEX(DM_SLDD,11))*INDEX(DM_SLDD,11),0)+IFERROR((INDEX(DM_DDK622,11)+$Q24)/($AB24+INDEX(DM_SLDD,11)*INDEX(DM_Pct,11))*(INDEX(DM_SLDD,11)*INDEX(DM_Pct,11)),0)+IFERROR((INDEX(DM_DDK623,11)+$R24)/($AB24+INDEX(DM_SLDD,11)*INDEX(DM_Pct,11))*(INDEX(DM_SLDD,11)*INDEX(DM_Pct,11)),0)+IFERROR((INDEX(DM_DDK627,11)+$U24)/($AB24+INDEX(DM_SLDD,11)*INDEX(DM_Pct,11))*(INDEX(DM_SLDD,11)*INDEX(DM_Pct,11)),0)) | AG24: =IF($A24="","",INDEX(DM_SLDD,11)*INDEX(DM_DGDinhMuc,11)) | AH24: =IF($A24="",0,IF(AND(ISNUMBER($AA24),$AA24>0,$AB24<=0),1,0)) | AI24: =IF($A24="",0,IF(AND(ISNUMBER($Z24),$Z24<0),1,0)) | AJ24: =IF($A24="",0,IF(AND(ISNUMBER($AA24),$AA24<0),1,0))
A25: =IF(INDEX(DM_Ma,12)="","",INDEX(DM_Ma,12)) | B25: =IF($A25="","",INDEX(DM_Ten,12)) | C25: =IF($A25="","",INDEX(DM_Loai,12)) | D25: =IF($A25="","",INDEX(DM_TrangThai,12)) | E25: =IF($A25="","",SUMIFS(L_ST,L_Ma,$A25,L_KM,"NVL trực tiếp (621)",L_TT,"Trực tiếp",L_Ngay,">="&pTu,L_Ngay,"<="&pDen)) | F25: =IF($A25="","",SUMIFS(L_ST,L_Ma,$A25,L_KM,"Nhân công trực tiếp (622)",L_TT,"Trực tiếp",L_Ngay,">="&pTu,L_Ngay,"<="&pDen)) | G25: =IF($A25="","",SUMIFS(L_ST,L_Ma,$A25,L_KM,"Máy thi công (623)",L_TT,"Trực tiếp",L_Ngay,">="&pTu,L_Ngay,"<="&pDen)) | H25: =IF($A25="","",SUMIFS(L_ST,L_Ma,$A25,L_KM,"SXC (627)",L_TT,"Trực tiếp",L_Tinh,"Biến đổi",L_Ngay,">="&pTu,L_Ngay,"<="&pDen)) | I25: =IF($A25="","",SUMIFS(L_ST,L_Ma,$A25,L_KM,"SXC (627)",L_TT,"Trực tiếp",L_Tinh,"Cố định",L_Ngay,">="&pTu,L_Ngay,"<="&pDen)) | J25: =IF($A25="","",CHOOSE(MATCH(pTieuThuc,LST_TieuThuc,0),$E25,$F25,INDEX(DM_GioMay,12),INDEX(DM_GioCong,12),INDEX(DM_SLHT,12),INDEX(DM_DThu,12),INDEX(DM_TieuKhac,12))) | K25: =IF($A25="","",IF(tBase=0,0,$J25/tBase*pool621)) | L25: =IF($A25="","",IF(tBase=0,0,$J25/tBase*pool622)) | M25: =IF($A25="","",IF(tBase=0,0,$J25/tBase*pool623)) | N25: =IF($A25="","",IF(tBase=0,0,$J25/tBase*pool627BD)) | O25: =IF($A25="","",IF(tBase=0,0,$J25/tBase*t627CDabs)) | P25: =IF($A25="","",$E25+$K25) | Q25: =IF($A25="","",$F25+$L25) | R25: =IF($A25="","",$G25+$M25) | S25: =IF($A25="","",$H25+$N25) | T25: =IF($A25="","",$I25+$O25) | U25: =IF($A25="","",$S25+$T25) | V25: =IF($A25="","",INDEX(DM_DDK621,12)+INDEX(DM_DDK622,12)+INDEX(DM_DDK623,12)+INDEX(DM_DDK627,12)) | W25: =IF($A25="","",SUMIFS(L_ST,L_Ma,$A25,L_KM,"Phế liệu thu hồi",L_Ngay,">="&pTu,L_Ngay,"<="&pDen)) | X25: =IF($A25="","",SUMIFS(L_ST,L_Ma,$A25,L_KM,"SP hỏng ngoài định mức",L_Ngay,">="&pTu,L_Ngay,"<="&pDen)) | Y25: =IF($A25="","",$P25+$Q25+$R25+$U25) | Z25: =IF($A25="","",IF($D25="Đang thực hiện",$V25+$Y25,CHOOSE(MATCH(pDoDang,LST_DoDang,0),$AE25,$AF25,$AG25))) | AA25: =IF($A25="","",$V25+$Y25-$Z25-$W25-$X25) | AB25: =IF($A25="","",INDEX(DM_SLHT,12)) | AC25: =IF($A25="","",IF($AB25<=0,"⚠ CHƯA CÓ SL",ROUND($AA25/$AB25,0))) | AE25: =IF($A25="","",IFERROR((INDEX(DM_DDK621,12)+$P25)/($AB25+INDEX(DM_SLDD,12))*INDEX(DM_SLDD,12),0)) | AF25: =IF($A25="","",IFERROR((INDEX(DM_DDK621,12)+$P25)/($AB25+INDEX(DM_SLDD,12))*INDEX(DM_SLDD,12),0)+IFERROR((INDEX(DM_DDK622,12)+$Q25)/($AB25+INDEX(DM_SLDD,12)*INDEX(DM_Pct,12))*(INDEX(DM_SLDD,12)*INDEX(DM_Pct,12)),0)+IFERROR((INDEX(DM_DDK623,12)+$R25)/($AB25+INDEX(DM_SLDD,12)*INDEX(DM_Pct,12))*(INDEX(DM_SLDD,12)*INDEX(DM_Pct,12)),0)+IFERROR((INDEX(DM_DDK627,12)+$U25)/($AB25+INDEX(DM_SLDD,12)*INDEX(DM_Pct,12))*(INDEX(DM_SLDD,12)*INDEX(DM_Pct,12)),0)) | AG25: =IF($A25="","",INDEX(DM_SLDD,12)*INDEX(DM_DGDinhMuc,12)) | AH25: =IF($A25="",0,IF(AND(ISNUMBER($AA25),$AA25>0,$AB25<=0),1,0)) | AI25: =IF($A25="",0,IF(AND(ISNUMBER($Z25),$Z25<0),1,0)) | AJ25: =IF($A25="",0,IF(AND(ISNUMBER($AA25),$AA25<0),1,0))
A26: =IF(INDEX(DM_Ma,13)="","",INDEX(DM_Ma,13)) | B26: =IF($A26="","",INDEX(DM_Ten,13)) | C26: =IF($A26="","",INDEX(DM_Loai,13)) | D26: =IF($A26="","",INDEX(DM_TrangThai,13)) | E26: =IF($A26="","",SUMIFS(L_ST,L_Ma,$A26,L_KM,"NVL trực tiếp (621)",L_TT,"Trực tiếp",L_Ngay,">="&pTu,L_Ngay,"<="&pDen)) | F26: =IF($A26="","",SUMIFS(L_ST,L_Ma,$A26,L_KM,"Nhân công trực tiếp (622)",L_TT,"Trực tiếp",L_Ngay,">="&pTu,L_Ngay,"<="&pDen)) | G26: =IF($A26="","",SUMIFS(L_ST,L_Ma,$A26,L_KM,"Máy thi công (623)",L_TT,"Trực tiếp",L_Ngay,">="&pTu,L_Ngay,"<="&pDen)) | H26: =IF($A26="","",SUMIFS(L_ST,L_Ma,$A26,L_KM,"SXC (627)",L_TT,"Trực tiếp",L_Tinh,"Biến đổi",L_Ngay,">="&pTu,L_Ngay,"<="&pDen)) | I26: =IF($A26="","",SUMIFS(L_ST,L_Ma,$A26,L_KM,"SXC (627)",L_TT,"Trực tiếp",L_Tinh,"Cố định",L_Ngay,">="&pTu,L_Ngay,"<="&pDen)) | J26: =IF($A26="","",CHOOSE(MATCH(pTieuThuc,LST_TieuThuc,0),$E26,$F26,INDEX(DM_GioMay,13),INDEX(DM_GioCong,13),INDEX(DM_SLHT,13),INDEX(DM_DThu,13),INDEX(DM_TieuKhac,13))) | K26: =IF($A26="","",IF(tBase=0,0,$J26/tBase*pool621)) | L26: =IF($A26="","",IF(tBase=0,0,$J26/tBase*pool622)) | M26: =IF($A26="","",IF(tBase=0,0,$J26/tBase*pool623)) | N26: =IF($A26="","",IF(tBase=0,0,$J26/tBase*pool627BD)) | O26: =IF($A26="","",IF(tBase=0,0,$J26/tBase*t627CDabs)) | P26: =IF($A26="","",$E26+$K26) | Q26: =IF($A26="","",$F26+$L26) | R26: =IF($A26="","",$G26+$M26) | S26: =IF($A26="","",$H26+$N26) | T26: =IF($A26="","",$I26+$O26) | U26: =IF($A26="","",$S26+$T26) | V26: =IF($A26="","",INDEX(DM_DDK621,13)+INDEX(DM_DDK622,13)+INDEX(DM_DDK623,13)+INDEX(DM_DDK627,13)) | W26: =IF($A26="","",SUMIFS(L_ST,L_Ma,$A26,L_KM,"Phế liệu thu hồi",L_Ngay,">="&pTu,L_Ngay,"<="&pDen)) | X26: =IF($A26="","",SUMIFS(L_ST,L_Ma,$A26,L_KM,"SP hỏng ngoài định mức",L_Ngay,">="&pTu,L_Ngay,"<="&pDen)) | Y26: =IF($A26="","",$P26+$Q26+$R26+$U26) | Z26: =IF($A26="","",IF($D26="Đang thực hiện",$V26+$Y26,CHOOSE(MATCH(pDoDang,LST_DoDang,0),$AE26,$AF26,$AG26))) | AA26: =IF($A26="","",$V26+$Y26-$Z26-$W26-$X26) | AB26: =IF($A26="","",INDEX(DM_SLHT,13)) | AC26: =IF($A26="","",IF($AB26<=0,"⚠ CHƯA CÓ SL",ROUND($AA26/$AB26,0))) | AE26: =IF($A26="","",IFERROR((INDEX(DM_DDK621,13)+$P26)/($AB26+INDEX(DM_SLDD,13))*INDEX(DM_SLDD,13),0)) | AF26: =IF($A26="","",IFERROR((INDEX(DM_DDK621,13)+$P26)/($AB26+INDEX(DM_SLDD,13))*INDEX(DM_SLDD,13),0)+IFERROR((INDEX(DM_DDK622,13)+$Q26)/($AB26+INDEX(DM_SLDD,13)*INDEX(DM_Pct,13))*(INDEX(DM_SLDD,13)*INDEX(DM_Pct,13)),0)+IFERROR((INDEX(DM_DDK623,13)+$R26)/($AB26+INDEX(DM_SLDD,13)*INDEX(DM_Pct,13))*(INDEX(DM_SLDD,13)*INDEX(DM_Pct,13)),0)+IFERROR((INDEX(DM_DDK627,13)+$U26)/($AB26+INDEX(DM_SLDD,13)*INDEX(DM_Pct,13))*(INDEX(DM_SLDD,13)*INDEX(DM_Pct,13)),0)) | AG26: =IF($A26="","",INDEX(DM_SLDD,13)*INDEX(DM_DGDinhMuc,13)) | AH26: =IF($A26="",0,IF(AND(ISNUMBER($AA26),$AA26>0,$AB26<=0),1,0)) | AI26: =IF($A26="",0,IF(AND(ISNUMBER($Z26),$Z26<0),1,0)) | AJ26: =IF($A26="",0,IF(AND(ISNUMBER($AA26),$AA26<0),1,0))
A27: =IF(INDEX(DM_Ma,14)="","",INDEX(DM_Ma,14)) | B27: =IF($A27="","",INDEX(DM_Ten,14)) | C27: =IF($A27="","",INDEX(DM_Loai,14)) | D27: =IF($A27="","",INDEX(DM_TrangThai,14)) | E27: =IF($A27="","",SUMIFS(L_ST,L_Ma,$A27,L_KM,"NVL trực tiếp (621)",L_TT,"Trực tiếp",L_Ngay,">="&pTu,L_Ngay,"<="&pDen)) | F27: =IF($A27="","",SUMIFS(L_ST,L_Ma,$A27,L_KM,"Nhân công trực tiếp (622)",L_TT,"Trực tiếp",L_Ngay,">="&pTu,L_Ngay,"<="&pDen)) | G27: =IF($A27="","",SUMIFS(L_ST,L_Ma,$A27,L_KM,"Máy thi công (623)",L_TT,"Trực tiếp",L_Ngay,">="&pTu,L_Ngay,"<="&pDen)) | H27: =IF($A27="","",SUMIFS(L_ST,L_Ma,$A27,L_KM,"SXC (627)",L_TT,"Trực tiếp",L_Tinh,"Biến đổi",L_Ngay,">="&pTu,L_Ngay,"<="&pDen)) | I27: =IF($A27="","",SUMIFS(L_ST,L_Ma,$A27,L_KM,"SXC (627)",L_TT,"Trực tiếp",L_Tinh,"Cố định",L_Ngay,">="&pTu,L_Ngay,"<="&pDen)) | J27: =IF($A27="","",CHOOSE(MATCH(pTieuThuc,LST_TieuThuc,0),$E27,$F27,INDEX(DM_GioMay,14),INDEX(DM_GioCong,14),INDEX(DM_SLHT,14),INDEX(DM_DThu,14),INDEX(DM_TieuKhac,14))) | K27: =IF($A27="","",IF(tBase=0,0,$J27/tBase*pool621)) | L27: =IF($A27="","",IF(tBase=0,0,$J27/tBase*pool622)) | M27: =IF($A27="","",IF(tBase=0,0,$J27/tBase*pool623)) | N27: =IF($A27="","",IF(tBase=0,0,$J27/tBase*pool627BD)) | O27: =IF($A27="","",IF(tBase=0,0,$J27/tBase*t627CDabs)) | P27: =IF($A27="","",$E27+$K27) | Q27: =IF($A27="","",$F27+$L27) | R27: =IF($A27="","",$G27+$M27) | S27: =IF($A27="","",$H27+$N27) | T27: =IF($A27="","",$I27+$O27) | U27: =IF($A27="","",$S27+$T27) | V27: =IF($A27="","",INDEX(DM_DDK621,14)+INDEX(DM_DDK622,14)+INDEX(DM_DDK623,14)+INDEX(DM_DDK627,14)) | W27: =IF($A27="","",SUMIFS(L_ST,L_Ma,$A27,L_KM,"Phế liệu thu hồi",L_Ngay,">="&pTu,L_Ngay,"<="&pDen)) | X27: =IF($A27="","",SUMIFS(L_ST,L_Ma,$A27,L_KM,"SP hỏng ngoài định mức",L_Ngay,">="&pTu,L_Ngay,"<="&pDen)) | Y27: =IF($A27="","",$P27+$Q27+$R27+$U27) | Z27: =IF($A27="","",IF($D27="Đang thực hiện",$V27+$Y27,CHOOSE(MATCH(pDoDang,LST_DoDang,0),$AE27,$AF27,$AG27))) | AA27: =IF($A27="","",$V27+$Y27-$Z27-$W27-$X27) | AB27: =IF($A27="","",INDEX(DM_SLHT,14)) | AC27: =IF($A27="","",IF($AB27<=0,"⚠ CHƯA CÓ SL",ROUND($AA27/$AB27,0))) | AE27: =IF($A27="","",IFERROR((INDEX(DM_DDK621,14)+$P27)/($AB27+INDEX(DM_SLDD,14))*INDEX(DM_SLDD,14),0)) | AF27: =IF($A27="","",IFERROR((INDEX(DM_DDK621,14)+$P27)/($AB27+INDEX(DM_SLDD,14))*INDEX(DM_SLDD,14),0)+IFERROR((INDEX(DM_DDK622,14)+$Q27)/($AB27+INDEX(DM_SLDD,14)*INDEX(DM_Pct,14))*(INDEX(DM_SLDD,14)*INDEX(DM_Pct,14)),0)+IFERROR((INDEX(DM_DDK623,14)+$R27)/($AB27+INDEX(DM_SLDD,14)*INDEX(DM_Pct,14))*(INDEX(DM_SLDD,14)*INDEX(DM_Pct,14)),0)+IFERROR((INDEX(DM_DDK627,14)+$U27)/($AB27+INDEX(DM_SLDD,14)*INDEX(DM_Pct,14))*(INDEX(DM_SLDD,14)*INDEX(DM_Pct,14)),0)) | AG27: =IF($A27="","",INDEX(DM_SLDD,14)*INDEX(DM_DGDinhMuc,14)) | AH27: =IF($A27="",0,IF(AND(ISNUMBER($AA27),$AA27>0,$AB27<=0),1,0)) | AI27: =IF($A27="",0,IF(AND(ISNUMBER($Z27),$Z27<0),1,0)) | AJ27: =IF($A27="",0,IF(AND(ISNUMBER($AA27),$AA27<0),1,0))
A28: =IF(INDEX(DM_Ma,15)="","",INDEX(DM_Ma,15)) | B28: =IF($A28="","",INDEX(DM_Ten,15)) | C28: =IF($A28="","",INDEX(DM_Loai,15)) | D28: =IF($A28="","",INDEX(DM_TrangThai,15)) | E28: =IF($A28="","",SUMIFS(L_ST,L_Ma,$A28,L_KM,"NVL trực tiếp (621)",L_TT,"Trực tiếp",L_Ngay,">="&pTu,L_Ngay,"<="&pDen)) | F28: =IF($A28="","",SUMIFS(L_ST,L_Ma,$A28,L_KM,"Nhân công trực tiếp (622)",L_TT,"Trực tiếp",L_Ngay,">="&pTu,L_Ngay,"<="&pDen)) | G28: =IF($A28="","",SUMIFS(L_ST,L_Ma,$A28,L_KM,"Máy thi công (623)",L_TT,"Trực tiếp",L_Ngay,">="&pTu,L_Ngay,"<="&pDen)) | H28: =IF($A28="","",SUMIFS(L_ST,L_Ma,$A28,L_KM,"SXC (627)",L_TT,"Trực tiếp",L_Tinh,"Biến đổi",L_Ngay,">="&pTu,L_Ngay,"<="&pDen)) | I28: =IF($A28="","",SUMIFS(L_ST,L_Ma,$A28,L_KM,"SXC (627)",L_TT,"Trực tiếp",L_Tinh,"Cố định",L_Ngay,">="&pTu,L_Ngay,"<="&pDen)) | J28: =IF($A28="","",CHOOSE(MATCH(pTieuThuc,LST_TieuThuc,0),$E28,$F28,INDEX(DM_GioMay,15),INDEX(DM_GioCong,15),INDEX(DM_SLHT,15),INDEX(DM_DThu,15),INDEX(DM_TieuKhac,15))) | K28: =IF($A28="","",IF(tBase=0,0,$J28/tBase*pool621)) | L28: =IF($A28="","",IF(tBase=0,0,$J28/tBase*pool622)) | M28: =IF($A28="","",IF(tBase=0,0,$J28/tBase*pool623)) | N28: =IF($A28="","",IF(tBase=0,0,$J28/tBase*pool627BD)) | O28: =IF($A28="","",IF(tBase=0,0,$J28/tBase*t627CDabs)) | P28: =IF($A28="","",$E28+$K28) | Q28: =IF($A28="","",$F28+$L28) | R28: =IF($A28="","",$G28+$M28) | S28: =IF($A28="","",$H28+$N28) | T28: =IF($A28="","",$I28+$O28) | U28: =IF($A28="","",$S28+$T28) | V28: =IF($A28="","",INDEX(DM_DDK621,15)+INDEX(DM_DDK622,15)+INDEX(DM_DDK623,15)+INDEX(DM_DDK627,15)) | W28: =IF($A28="","",SUMIFS(L_ST,L_Ma,$A28,L_KM,"Phế liệu thu hồi",L_Ngay,">="&pTu,L_Ngay,"<="&pDen)) | X28: =IF($A28="","",SUMIFS(L_ST,L_Ma,$A28,L_KM,"SP hỏng ngoài định mức",L_Ngay,">="&pTu,L_Ngay,"<="&pDen)) | Y28: =IF($A28="","",$P28+$Q28+$R28+$U28) | Z28: =IF($A28="","",IF($D28="Đang thực hiện",$V28+$Y28,CHOOSE(MATCH(pDoDang,LST_DoDang,0),$AE28,$AF28,$AG28))) | AA28: =IF($A28="","",$V28+$Y28-$Z28-$W28-$X28) | AB28: =IF($A28="","",INDEX(DM_SLHT,15)) | AC28: =IF($A28="","",IF($AB28<=0,"⚠ CHƯA CÓ SL",ROUND($AA28/$AB28,0))) | AE28: =IF($A28="","",IFERROR((INDEX(DM_DDK621,15)+$P28)/($AB28+INDEX(DM_SLDD,15))*INDEX(DM_SLDD,15),0)) | AF28: =IF($A28="","",IFERROR((INDEX(DM_DDK621,15)+$P28)/($AB28+INDEX(DM_SLDD,15))*INDEX(DM_SLDD,15),0)+IFERROR((INDEX(DM_DDK622,15)+$Q28)/($AB28+INDEX(DM_SLDD,15)*INDEX(DM_Pct,15))*(INDEX(DM_SLDD,15)*INDEX(DM_Pct,15)),0)+IFERROR((INDEX(DM_DDK623,15)+$R28)/($AB28+INDEX(DM_SLDD,15)*INDEX(DM_Pct,15))*(INDEX(DM_SLDD,15)*INDEX(DM_Pct,15)),0)+IFERROR((INDEX(DM_DDK627,15)+$U28)/($AB28+INDEX(DM_SLDD,15)*INDEX(DM_Pct,15))*(INDEX(DM_SLDD,15)*INDEX(DM_Pct,15)),0)) | AG28: =IF($A28="","",INDEX(DM_SLDD,15)*INDEX(DM_DGDinhMuc,15)) | AH28: =IF($A28="",0,IF(AND(ISNUMBER($AA28),$AA28>0,$AB28<=0),1,0)) | AI28: =IF($A28="",0,IF(AND(ISNUMBER($Z28),$Z28<0),1,0)) | AJ28: =IF($A28="",0,IF(AND(ISNUMBER($AA28),$AA28<0),1,0))
A29: =IF(INDEX(DM_Ma,16)="","",INDEX(DM_Ma,16)) | B29: =IF($A29="","",INDEX(DM_Ten,16)) | C29: =IF($A29="","",INDEX(DM_Loai,16)) | D29: =IF($A29="","",INDEX(DM_TrangThai,16)) | E29: =IF($A29="","",SUMIFS(L_ST,L_Ma,$A29,L_KM,"NVL trực tiếp (621)",L_TT,"Trực tiếp",L_Ngay,">="&pTu,L_Ngay,"<="&pDen)) | F29: =IF($A29="","",SUMIFS(L_ST,L_Ma,$A29,L_KM,"Nhân công trực tiếp (622)",L_TT,"Trực tiếp",L_Ngay,">="&pTu,L_Ngay,"<="&pDen)) | G29: =IF($A29="","",SUMIFS(L_ST,L_Ma,$A29,L_KM,"Máy thi công (623)",L_TT,"Trực tiếp",L_Ngay,">="&pTu,L_Ngay,"<="&pDen)) | H29: =IF($A29="","",SUMIFS(L_ST,L_Ma,$A29,L_KM,"SXC (627)",L_TT,"Trực tiếp",L_Tinh,"Biến đổi",L_Ngay,">="&pTu,L_Ngay,"<="&pDen)) | I29: =IF($A29="","",SUMIFS(L_ST,L_Ma,$A29,L_KM,"SXC (627)",L_TT,"Trực tiếp",L_Tinh,"Cố định",L_Ngay,">="&pTu,L_Ngay,"<="&pDen)) | J29: =IF($A29="","",CHOOSE(MATCH(pTieuThuc,LST_TieuThuc,0),$E29,$F29,INDEX(DM_GioMay,16),INDEX(DM_GioCong,16),INDEX(DM_SLHT,16),INDEX(DM_DThu,16),INDEX(DM_TieuKhac,16))) | K29: =IF($A29="","",IF(tBase=0,0,$J29/tBase*pool621)) | L29: =IF($A29="","",IF(tBase=0,0,$J29/tBase*pool622)) | M29: =IF($A29="","",IF(tBase=0,0,$J29/tBase*pool623)) | N29: =IF($A29="","",IF(tBase=0,0,$J29/tBase*pool627BD)) | O29: =IF($A29="","",IF(tBase=0,0,$J29/tBase*t627CDabs)) | P29: =IF($A29="","",$E29+$K29) | Q29: =IF($A29="","",$F29+$L29) | R29: =IF($A29="","",$G29+$M29) | S29: =IF($A29="","",$H29+$N29) | T29: =IF($A29="","",$I29+$O29) | U29: =IF($A29="","",$S29+$T29) | V29: =IF($A29="","",INDEX(DM_DDK621,16)+INDEX(DM_DDK622,16)+INDEX(DM_DDK623,16)+INDEX(DM_DDK627,16)) | W29: =IF($A29="","",SUMIFS(L_ST,L_Ma,$A29,L_KM,"Phế liệu thu hồi",L_Ngay,">="&pTu,L_Ngay,"<="&pDen)) | X29: =IF($A29="","",SUMIFS(L_ST,L_Ma,$A29,L_KM,"SP hỏng ngoài định mức",L_Ngay,">="&pTu,L_Ngay,"<="&pDen)) | Y29: =IF($A29="","",$P29+$Q29+$R29+$U29) | Z29: =IF($A29="","",IF($D29="Đang thực hiện",$V29+$Y29,CHOOSE(MATCH(pDoDang,LST_DoDang,0),$AE29,$AF29,$AG29))) | AA29: =IF($A29="","",$V29+$Y29-$Z29-$W29-$X29) | AB29: =IF($A29="","",INDEX(DM_SLHT,16)) | AC29: =IF($A29="","",IF($AB29<=0,"⚠ CHƯA CÓ SL",ROUND($AA29/$AB29,0))) | AE29: =IF($A29="","",IFERROR((INDEX(DM_DDK621,16)+$P29)/($AB29+INDEX(DM_SLDD,16))*INDEX(DM_SLDD,16),0)) | AF29: =IF($A29="","",IFERROR((INDEX(DM_DDK621,16)+$P29)/($AB29+INDEX(DM_SLDD,16))*INDEX(DM_SLDD,16),0)+IFERROR((INDEX(DM_DDK622,16)+$Q29)/($AB29+INDEX(DM_SLDD,16)*INDEX(DM_Pct,16))*(INDEX(DM_SLDD,16)*INDEX(DM_Pct,16)),0)+IFERROR((INDEX(DM_DDK623,16)+$R29)/($AB29+INDEX(DM_SLDD,16)*INDEX(DM_Pct,16))*(INDEX(DM_SLDD,16)*INDEX(DM_Pct,16)),0)+IFERROR((INDEX(DM_DDK627,16)+$U29)/($AB29+INDEX(DM_SLDD,16)*INDEX(DM_Pct,16))*(INDEX(DM_SLDD,16)*INDEX(DM_Pct,16)),0)) | AG29: =IF($A29="","",INDEX(DM_SLDD,16)*INDEX(DM_DGDinhMuc,16)) | AH29: =IF($A29="",0,IF(AND(ISNUMBER($AA29),$AA29>0,$AB29<=0),1,0)) | AI29: =IF($A29="",0,IF(AND(ISNUMBER($Z29),$Z29<0),1,0)) | AJ29: =IF($A29="",0,IF(AND(ISNUMBER($AA29),$AA29<0),1,0))
A30: =IF(INDEX(DM_Ma,17)="","",INDEX(DM_Ma,17)) | B30: =IF($A30="","",INDEX(DM_Ten,17)) | C30: =IF($A30="","",INDEX(DM_Loai,17)) | D30: =IF($A30="","",INDEX(DM_TrangThai,17)) | E30: =IF($A30="","",SUMIFS(L_ST,L_Ma,$A30,L_KM,"NVL trực tiếp (621)",L_TT,"Trực tiếp",L_Ngay,">="&pTu,L_Ngay,"<="&pDen)) | F30: =IF($A30="","",SUMIFS(L_ST,L_Ma,$A30,L_KM,"Nhân công trực tiếp (622)",L_TT,"Trực tiếp",L_Ngay,">="&pTu,L_Ngay,"<="&pDen)) | G30: =IF($A30="","",SUMIFS(L_ST,L_Ma,$A30,L_KM,"Máy thi công (623)",L_TT,"Trực tiếp",L_Ngay,">="&pTu,L_Ngay,"<="&pDen)) | H30: =IF($A30="","",SUMIFS(L_ST,L_Ma,$A30,L_KM,"SXC (627)",L_TT,"Trực tiếp",L_Tinh,"Biến đổi",L_Ngay,">="&pTu,L_Ngay,"<="&pDen)) | I30: =IF($A30="","",SUMIFS(L_ST,L_Ma,$A30,L_KM,"SXC (627)",L_TT,"Trực tiếp",L_Tinh,"Cố định",L_Ngay,">="&pTu,L_Ngay,"<="&pDen)) | J30: =IF($A30="","",CHOOSE(MATCH(pTieuThuc,LST_TieuThuc,0),$E30,$F30,INDEX(DM_GioMay,17),INDEX(DM_GioCong,17),INDEX(DM_SLHT,17),INDEX(DM_DThu,17),INDEX(DM_TieuKhac,17))) | K30: =IF($A30="","",IF(tBase=0,0,$J30/tBase*pool621)) | L30: =IF($A30="","",IF(tBase=0,0,$J30/tBase*pool622)) | M30: =IF($A30="","",IF(tBase=0,0,$J30/tBase*pool623)) | N30: =IF($A30="","",IF(tBase=0,0,$J30/tBase*pool627BD)) | O30: =IF($A30="","",IF(tBase=0,0,$J30/tBase*t627CDabs)) | P30: =IF($A30="","",$E30+$K30) | Q30: =IF($A30="","",$F30+$L30) | R30: =IF($A30="","",$G30+$M30) | S30: =IF($A30="","",$H30+$N30) | T30: =IF($A30="","",$I30+$O30) | U30: =IF($A30="","",$S30+$T30) | V30: =IF($A30="","",INDEX(DM_DDK621,17)+INDEX(DM_DDK622,17)+INDEX(DM_DDK623,17)+INDEX(DM_DDK627,17)) | W30: =IF($A30="","",SUMIFS(L_ST,L_Ma,$A30,L_KM,"Phế liệu thu hồi",L_Ngay,">="&pTu,L_Ngay,"<="&pDen)) | X30: =IF($A30="","",SUMIFS(L_ST,L_Ma,$A30,L_KM,"SP hỏng ngoài định mức",L_Ngay,">="&pTu,L_Ngay,"<="&pDen)) | Y30: =IF($A30="","",$P30+$Q30+$R30+$U30) | Z30: =IF($A30="","",IF($D30="Đang thực hiện",$V30+$Y30,CHOOSE(MATCH(pDoDang,LST_DoDang,0),$AE30,$AF30,$AG30))) | AA30: =IF($A30="","",$V30+$Y30-$Z30-$W30-$X30) | AB30: =IF($A30="","",INDEX(DM_SLHT,17)) | AC30: =IF($A30="","",IF($AB30<=0,"⚠ CHƯA CÓ SL",ROUND($AA30/$AB30,0))) | AE30: =IF($A30="","",IFERROR((INDEX(DM_DDK621,17)+$P30)/($AB30+INDEX(DM_SLDD,17))*INDEX(DM_SLDD,17),0)) | AF30: =IF($A30="","",IFERROR((INDEX(DM_DDK621,17)+$P30)/($AB30+INDEX(DM_SLDD,17))*INDEX(DM_SLDD,17),0)+IFERROR((INDEX(DM_DDK622,17)+$Q30)/($AB30+INDEX(DM_SLDD,17)*INDEX(DM_Pct,17))*(INDEX(DM_SLDD,17)*INDEX(DM_Pct,17)),0)+IFERROR((INDEX(DM_DDK623,17)+$R30)/($AB30+INDEX(DM_SLDD,17)*INDEX(DM_Pct,17))*(INDEX(DM_SLDD,17)*INDEX(DM_Pct,17)),0)+IFERROR((INDEX(DM_DDK627,17)+$U30)/($AB30+INDEX(DM_SLDD,17)*INDEX(DM_Pct,17))*(INDEX(DM_SLDD,17)*INDEX(DM_Pct,17)),0)) | AG30: =IF($A30="","",INDEX(DM_SLDD,17)*INDEX(DM_DGDinhMuc,17)) | AH30: =IF($A30="",0,IF(AND(ISNUMBER($AA30),$AA30>0,$AB30<=0),1,0)) | AI30: =IF($A30="",0,IF(AND(ISNUMBER($Z30),$Z30<0),1,0)) | AJ30: =IF($A30="",0,IF(AND(ISNUMBER($AA30),$AA30<0),1,0))
A31: =IF(INDEX(DM_Ma,18)="","",INDEX(DM_Ma,18)) | B31: =IF($A31="","",INDEX(DM_Ten,18)) | C31: =IF($A31="","",INDEX(DM_Loai,18)) | D31: =IF($A31="","",INDEX(DM_TrangThai,18)) | E31: =IF($A31="","",SUMIFS(L_ST,L_Ma,$A31,L_KM,"NVL trực tiếp (621)",L_TT,"Trực tiếp",L_Ngay,">="&pTu,L_Ngay,"<="&pDen)) | F31: =IF($A31="","",SUMIFS(L_ST,L_Ma,$A31,L_KM,"Nhân công trực tiếp (622)",L_TT,"Trực tiếp",L_Ngay,">="&pTu,L_Ngay,"<="&pDen)) | G31: =IF($A31="","",SUMIFS(L_ST,L_Ma,$A31,L_KM,"Máy thi công (623)",L_TT,"Trực tiếp",L_Ngay,">="&pTu,L_Ngay,"<="&pDen)) | H31: =IF($A31="","",SUMIFS(L_ST,L_Ma,$A31,L_KM,"SXC (627)",L_TT,"Trực tiếp",L_Tinh,"Biến đổi",L_Ngay,">="&pTu,L_Ngay,"<="&pDen)) | I31: =IF($A31="","",SUMIFS(L_ST,L_Ma,$A31,L_KM,"SXC (627)",L_TT,"Trực tiếp",L_Tinh,"Cố định",L_Ngay,">="&pTu,L_Ngay,"<="&pDen)) | J31: =IF($A31="","",CHOOSE(MATCH(pTieuThuc,LST_TieuThuc,0),$E31,$F31,INDEX(DM_GioMay,18),INDEX(DM_GioCong,18),INDEX(DM_SLHT,18),INDEX(DM_DThu,18),INDEX(DM_TieuKhac,18))) | K31: =IF($A31="","",IF(tBase=0,0,$J31/tBase*pool621)) | L31: =IF($A31="","",IF(tBase=0,0,$J31/tBase*pool622)) | M31: =IF($A31="","",IF(tBase=0,0,$J31/tBase*pool623)) | N31: =IF($A31="","",IF(tBase=0,0,$J31/tBase*pool627BD)) | O31: =IF($A31="","",IF(tBase=0,0,$J31/tBase*t627CDabs)) | P31: =IF($A31="","",$E31+$K31) | Q31: =IF($A31="","",$F31+$L31) | R31: =IF($A31="","",$G31+$M31) | S31: =IF($A31="","",$H31+$N31) | T31: =IF($A31="","",$I31+$O31) | U31: =IF($A31="","",$S31+$T31) | V31: =IF($A31="","",INDEX(DM_DDK621,18)+INDEX(DM_DDK622,18)+INDEX(DM_DDK623,18)+INDEX(DM_DDK627,18)) | W31: =IF($A31="","",SUMIFS(L_ST,L_Ma,$A31,L_KM,"Phế liệu thu hồi",L_Ngay,">="&pTu,L_Ngay,"<="&pDen)) | X31: =IF($A31="","",SUMIFS(L_ST,L_Ma,$A31,L_KM,"SP hỏng ngoài định mức",L_Ngay,">="&pTu,L_Ngay,"<="&pDen)) | Y31: =IF($A31="","",$P31+$Q31+$R31+$U31) | Z31: =IF($A31="","",IF($D31="Đang thực hiện",$V31+$Y31,CHOOSE(MATCH(pDoDang,LST_DoDang,0),$AE31,$AF31,$AG31))) | AA31: =IF($A31="","",$V31+$Y31-$Z31-$W31-$X31) | AB31: =IF($A31="","",INDEX(DM_SLHT,18)) | AC31: =IF($A31="","",IF($AB31<=0,"⚠ CHƯA CÓ SL",ROUND($AA31/$AB31,0))) | AE31: =IF($A31="","",IFERROR((INDEX(DM_DDK621,18)+$P31)/($AB31+INDEX(DM_SLDD,18))*INDEX(DM_SLDD,18),0)) | AF31: =IF($A31="","",IFERROR((INDEX(DM_DDK621,18)+$P31)/($AB31+INDEX(DM_SLDD,18))*INDEX(DM_SLDD,18),0)+IFERROR((INDEX(DM_DDK622,18)+$Q31)/($AB31+INDEX(DM_SLDD,18)*INDEX(DM_Pct,18))*(INDEX(DM_SLDD,18)*INDEX(DM_Pct,18)),0)+IFERROR((INDEX(DM_DDK623,18)+$R31)/($AB31+INDEX(DM_SLDD,18)*INDEX(DM_Pct,18))*(INDEX(DM_SLDD,18)*INDEX(DM_Pct,18)),0)+IFERROR((INDEX(DM_DDK627,18)+$U31)/($AB31+INDEX(DM_SLDD,18)*INDEX(DM_Pct,18))*(INDEX(DM_SLDD,18)*INDEX(DM_Pct,18)),0)) | AG31: =IF($A31="","",INDEX(DM_SLDD,18)*INDEX(DM_DGDinhMuc,18)) | AH31: =IF($A31="",0,IF(AND(ISNUMBER($AA31),$AA31>0,$AB31<=0),1,0)) | AI31: =IF($A31="",0,IF(AND(ISNUMBER($Z31),$Z31<0),1,0)) | AJ31: =IF($A31="",0,IF(AND(ISNUMBER($AA31),$AA31<0),1,0))
A32: =IF(INDEX(DM_Ma,19)="","",INDEX(DM_Ma,19)) | B32: =IF($A32="","",INDEX(DM_Ten,19)) | C32: =IF($A32="","",INDEX(DM_Loai,19)) | D32: =IF($A32="","",INDEX(DM_TrangThai,19)) | E32: =IF($A32="","",SUMIFS(L_ST,L_Ma,$A32,L_KM,"NVL trực tiếp (621)",L_TT,"Trực tiếp",L_Ngay,">="&pTu,L_Ngay,"<="&pDen)) | F32: =IF($A32="","",SUMIFS(L_ST,L_Ma,$A32,L_KM,"Nhân công trực tiếp (622)",L_TT,"Trực tiếp",L_Ngay,">="&pTu,L_Ngay,"<="&pDen)) | G32: =IF($A32="","",SUMIFS(L_ST,L_Ma,$A32,L_KM,"Máy thi công (623)",L_TT,"Trực tiếp",L_Ngay,">="&pTu,L_Ngay,"<="&pDen)) | H32: =IF($A32="","",SUMIFS(L_ST,L_Ma,$A32,L_KM,"SXC (627)",L_TT,"Trực tiếp",L_Tinh,"Biến đổi",L_Ngay,">="&pTu,L_Ngay,"<="&pDen)) | I32: =IF($A32="","",SUMIFS(L_ST,L_Ma,$A32,L_KM,"SXC (627)",L_TT,"Trực tiếp",L_Tinh,"Cố định",L_Ngay,">="&pTu,L_Ngay,"<="&pDen)) | J32: =IF($A32="","",CHOOSE(MATCH(pTieuThuc,LST_TieuThuc,0),$E32,$F32,INDEX(DM_GioMay,19),INDEX(DM_GioCong,19),INDEX(DM_SLHT,19),INDEX(DM_DThu,19),INDEX(DM_TieuKhac,19))) | K32: =IF($A32="","",IF(tBase=0,0,$J32/tBase*pool621)) | L32: =IF($A32="","",IF(tBase=0,0,$J32/tBase*pool622)) | M32: =IF($A32="","",IF(tBase=0,0,$J32/tBase*pool623)) | N32: =IF($A32="","",IF(tBase=0,0,$J32/tBase*pool627BD)) | O32: =IF($A32="","",IF(tBase=0,0,$J32/tBase*t627CDabs)) | P32: =IF($A32="","",$E32+$K32) | Q32: =IF($A32="","",$F32+$L32) | R32: =IF($A32="","",$G32+$M32) | S32: =IF($A32="","",$H32+$N32) | T32: =IF($A32="","",$I32+$O32) | U32: =IF($A32="","",$S32+$T32) | V32: =IF($A32="","",INDEX(DM_DDK621,19)+INDEX(DM_DDK622,19)+INDEX(DM_DDK623,19)+INDEX(DM_DDK627,19)) | W32: =IF($A32="","",SUMIFS(L_ST,L_Ma,$A32,L_KM,"Phế liệu thu hồi",L_Ngay,">="&pTu,L_Ngay,"<="&pDen)) | X32: =IF($A32="","",SUMIFS(L_ST,L_Ma,$A32,L_KM,"SP hỏng ngoài định mức",L_Ngay,">="&pTu,L_Ngay,"<="&pDen)) | Y32: =IF($A32="","",$P32+$Q32+$R32+$U32) | Z32: =IF($A32="","",IF($D32="Đang thực hiện",$V32+$Y32,CHOOSE(MATCH(pDoDang,LST_DoDang,0),$AE32,$AF32,$AG32))) | AA32: =IF($A32="","",$V32+$Y32-$Z32-$W32-$X32) | AB32: =IF($A32="","",INDEX(DM_SLHT,19)) | AC32: =IF($A32="","",IF($AB32<=0,"⚠ CHƯA CÓ SL",ROUND($AA32/$AB32,0))) | AE32: =IF($A32="","",IFERROR((INDEX(DM_DDK621,19)+$P32)/($AB32+INDEX(DM_SLDD,19))*INDEX(DM_SLDD,19),0)) | AF32: =IF($A32="","",IFERROR((INDEX(DM_DDK621,19)+$P32)/($AB32+INDEX(DM_SLDD,19))*INDEX(DM_SLDD,19),0)+IFERROR((INDEX(DM_DDK622,19)+$Q32)/($AB32+INDEX(DM_SLDD,19)*INDEX(DM_Pct,19))*(INDEX(DM_SLDD,19)*INDEX(DM_Pct,19)),0)+IFERROR((INDEX(DM_DDK623,19)+$R32)/($AB32+INDEX(DM_SLDD,19)*INDEX(DM_Pct,19))*(INDEX(DM_SLDD,19)*INDEX(DM_Pct,19)),0)+IFERROR((INDEX(DM_DDK627,19)+$U32)/($AB32+INDEX(DM_SLDD,19)*INDEX(DM_Pct,19))*(INDEX(DM_SLDD,19)*INDEX(DM_Pct,19)),0)) | AG32: =IF($A32="","",INDEX(DM_SLDD,19)*INDEX(DM_DGDinhMuc,19)) | AH32: =IF($A32="",0,IF(AND(ISNUMBER($AA32),$AA32>0,$AB32<=0),1,0)) | AI32: =IF($A32="",0,IF(AND(ISNUMBER($Z32),$Z32<0),1,0)) | AJ32: =IF($A32="",0,IF(AND(ISNUMBER($AA32),$AA32<0),1,0))
A33: =IF(INDEX(DM_Ma,20)="","",INDEX(DM_Ma,20)) | B33: =IF($A33="","",INDEX(DM_Ten,20)) | C33: =IF($A33="","",INDEX(DM_Loai,20)) | D33: =IF($A33="","",INDEX(DM_TrangThai,20)) | E33: =IF($A33="","",SUMIFS(L_ST,L_Ma,$A33,L_KM,"NVL trực tiếp (621)",L_TT,"Trực tiếp",L_Ngay,">="&pTu,L_Ngay,"<="&pDen)) | F33: =IF($A33="","",SUMIFS(L_ST,L_Ma,$A33,L_KM,"Nhân công trực tiếp (622)",L_TT,"Trực tiếp",L_Ngay,">="&pTu,L_Ngay,"<="&pDen)) | G33: =IF($A33="","",SUMIFS(L_ST,L_Ma,$A33,L_KM,"Máy thi công (623)",L_TT,"Trực tiếp",L_Ngay,">="&pTu,L_Ngay,"<="&pDen)) | H33: =IF($A33="","",SUMIFS(L_ST,L_Ma,$A33,L_KM,"SXC (627)",L_TT,"Trực tiếp",L_Tinh,"Biến đổi",L_Ngay,">="&pTu,L_Ngay,"<="&pDen)) | I33: =IF($A33="","",SUMIFS(L_ST,L_Ma,$A33,L_KM,"SXC (627)",L_TT,"Trực tiếp",L_Tinh,"Cố định",L_Ngay,">="&pTu,L_Ngay,"<="&pDen)) | J33: =IF($A33="","",CHOOSE(MATCH(pTieuThuc,LST_TieuThuc,0),$E33,$F33,INDEX(DM_GioMay,20),INDEX(DM_GioCong,20),INDEX(DM_SLHT,20),INDEX(DM_DThu,20),INDEX(DM_TieuKhac,20))) | K33: =IF($A33="","",IF(tBase=0,0,$J33/tBase*pool621)) | L33: =IF($A33="","",IF(tBase=0,0,$J33/tBase*pool622)) | M33: =IF($A33="","",IF(tBase=0,0,$J33/tBase*pool623)) | N33: =IF($A33="","",IF(tBase=0,0,$J33/tBase*pool627BD)) | O33: =IF($A33="","",IF(tBase=0,0,$J33/tBase*t627CDabs)) | P33: =IF($A33="","",$E33+$K33) | Q33: =IF($A33="","",$F33+$L33) | R33: =IF($A33="","",$G33+$M33) | S33: =IF($A33="","",$H33+$N33) | T33: =IF($A33="","",$I33+$O33) | U33: =IF($A33="","",$S33+$T33) | V33: =IF($A33="","",INDEX(DM_DDK621,20)+INDEX(DM_DDK622,20)+INDEX(DM_DDK623,20)+INDEX(DM_DDK627,20)) | W33: =IF($A33="","",SUMIFS(L_ST,L_Ma,$A33,L_KM,"Phế liệu thu hồi",L_Ngay,">="&pTu,L_Ngay,"<="&pDen)) | X33: =IF($A33="","",SUMIFS(L_ST,L_Ma,$A33,L_KM,"SP hỏng ngoài định mức",L_Ngay,">="&pTu,L_Ngay,"<="&pDen)) | Y33: =IF($A33="","",$P33+$Q33+$R33+$U33) | Z33: =IF($A33="","",IF($D33="Đang thực hiện",$V33+$Y33,CHOOSE(MATCH(pDoDang,LST_DoDang,0),$AE33,$AF33,$AG33))) | AA33: =IF($A33="","",$V33+$Y33-$Z33-$W33-$X33) | AB33: =IF($A33="","",INDEX(DM_SLHT,20)) | AC33: =IF($A33="","",IF($AB33<=0,"⚠ CHƯA CÓ SL",ROUND($AA33/$AB33,0))) | AE33: =IF($A33="","",IFERROR((INDEX(DM_DDK621,20)+$P33)/($AB33+INDEX(DM_SLDD,20))*INDEX(DM_SLDD,20),0)) | AF33: =IF($A33="","",IFERROR((INDEX(DM_DDK621,20)+$P33)/($AB33+INDEX(DM_SLDD,20))*INDEX(DM_SLDD,20),0)+IFERROR((INDEX(DM_DDK622,20)+$Q33)/($AB33+INDEX(DM_SLDD,20)*INDEX(DM_Pct,20))*(INDEX(DM_SLDD,20)*INDEX(DM_Pct,20)),0)+IFERROR((INDEX(DM_DDK623,20)+$R33)/($AB33+INDEX(DM_SLDD,20)*INDEX(DM_Pct,20))*(INDEX(DM_SLDD,20)*INDEX(DM_Pct,20)),0)+IFERROR((INDEX(DM_DDK627,20)+$U33)/($AB33+INDEX(DM_SLDD,20)*INDEX(DM_Pct,20))*(INDEX(DM_SLDD,20)*INDEX(DM_Pct,20)),0)) | AG33: =IF($A33="","",INDEX(DM_SLDD,20)*INDEX(DM_DGDinhMuc,20)) | AH33: =IF($A33="",0,IF(AND(ISNUMBER($AA33),$AA33>0,$AB33<=0),1,0)) | AI33: =IF($A33="",0,IF(AND(ISNUMBER($Z33),$Z33<0),1,0)) | AJ33: =IF($A33="",0,IF(AND(ISNUMBER($AA33),$AA33<0),1,0))
A34: =IF(INDEX(DM_Ma,21)="","",INDEX(DM_Ma,21)) | B34: =IF($A34="","",INDEX(DM_Ten,21)) | C34: =IF($A34="","",INDEX(DM_Loai,21)) | D34: =IF($A34="","",INDEX(DM_TrangThai,21)) | E34: =IF($A34="","",SUMIFS(L_ST,L_Ma,$A34,L_KM,"NVL trực tiếp (621)",L_TT,"Trực tiếp",L_Ngay,">="&pTu,L_Ngay,"<="&pDen)) | F34: =IF($A34="","",SUMIFS(L_ST,L_Ma,$A34,L_KM,"Nhân công trực tiếp (622)",L_TT,"Trực tiếp",L_Ngay,">="&pTu,L_Ngay,"<="&pDen)) | G34: =IF($A34="","",SUMIFS(L_ST,L_Ma,$A34,L_KM,"Máy thi công (623)",L_TT,"Trực tiếp",L_Ngay,">="&pTu,L_Ngay,"<="&pDen)) | H34: =IF($A34="","",SUMIFS(L_ST,L_Ma,$A34,L_KM,"SXC (627)",L_TT,"Trực tiếp",L_Tinh,"Biến đổi",L_Ngay,">="&pTu,L_Ngay,"<="&pDen)) | I34: =IF($A34="","",SUMIFS(L_ST,L_Ma,$A34,L_KM,"SXC (627)",L_TT,"Trực tiếp",L_Tinh,"Cố định",L_Ngay,">="&pTu,L_Ngay,"<="&pDen)) | J34: =IF($A34="","",CHOOSE(MATCH(pTieuThuc,LST_TieuThuc,0),$E34,$F34,INDEX(DM_GioMay,21),INDEX(DM_GioCong,21),INDEX(DM_SLHT,21),INDEX(DM_DThu,21),INDEX(DM_TieuKhac,21))) | K34: =IF($A34="","",IF(tBase=0,0,$J34/tBase*pool621)) | L34: =IF($A34="","",IF(tBase=0,0,$J34/tBase*pool622)) | M34: =IF($A34="","",IF(tBase=0,0,$J34/tBase*pool623)) | N34: =IF($A34="","",IF(tBase=0,0,$J34/tBase*pool627BD)) | O34: =IF($A34="","",IF(tBase=0,0,$J34/tBase*t627CDabs)) | P34: =IF($A34="","",$E34+$K34) | Q34: =IF($A34="","",$F34+$L34) | R34: =IF($A34="","",$G34+$M34) | S34: =IF($A34="","",$H34+$N34) | T34: =IF($A34="","",$I34+$O34) | U34: =IF($A34="","",$S34+$T34) | V34: =IF($A34="","",INDEX(DM_DDK621,21)+INDEX(DM_DDK622,21)+INDEX(DM_DDK623,21)+INDEX(DM_DDK627,21)) | W34: =IF($A34="","",SUMIFS(L_ST,L_Ma,$A34,L_KM,"Phế liệu thu hồi",L_Ngay,">="&pTu,L_Ngay,"<="&pDen)) | X34: =IF($A34="","",SUMIFS(L_ST,L_Ma,$A34,L_KM,"SP hỏng ngoài định mức",L_Ngay,">="&pTu,L_Ngay,"<="&pDen)) | Y34: =IF($A34="","",$P34+$Q34+$R34+$U34) | Z34: =IF($A34="","",IF($D34="Đang thực hiện",$V34+$Y34,CHOOSE(MATCH(pDoDang,LST_DoDang,0),$AE34,$AF34,$AG34))) | AA34: =IF($A34="","",$V34+$Y34-$Z34-$W34-$X34) | AB34: =IF($A34="","",INDEX(DM_SLHT,21)) | AC34: =IF($A34="","",IF($AB34<=0,"⚠ CHƯA CÓ SL",ROUND($AA34/$AB34,0))) | AE34: =IF($A34="","",IFERROR((INDEX(DM_DDK621,21)+$P34)/($AB34+INDEX(DM_SLDD,21))*INDEX(DM_SLDD,21),0)) | AF34: =IF($A34="","",IFERROR((INDEX(DM_DDK621,21)+$P34)/($AB34+INDEX(DM_SLDD,21))*INDEX(DM_SLDD,21),0)+IFERROR((INDEX(DM_DDK622,21)+$Q34)/($AB34+INDEX(DM_SLDD,21)*INDEX(DM_Pct,21))*(INDEX(DM_SLDD,21)*INDEX(DM_Pct,21)),0)+IFERROR((INDEX(DM_DDK623,21)+$R34)/($AB34+INDEX(DM_SLDD,21)*INDEX(DM_Pct,21))*(INDEX(DM_SLDD,21)*INDEX(DM_Pct,21)),0)+IFERROR((INDEX(DM_DDK627,21)+$U34)/($AB34+INDEX(DM_SLDD,21)*INDEX(DM_Pct,21))*(INDEX(DM_SLDD,21)*INDEX(DM_Pct,21)),0)) | AG34: =IF($A34="","",INDEX(DM_SLDD,21)*INDEX(DM_DGDinhMuc,21)) | AH34: =IF($A34="",0,IF(AND(ISNUMBER($AA34),$AA34>0,$AB34<=0),1,0)) | AI34: =IF($A34="",0,IF(AND(ISNUMBER($Z34),$Z34<0),1,0)) | AJ34: =IF($A34="",0,IF(AND(ISNUMBER($AA34),$AA34<0),1,0))
A35: =IF(INDEX(DM_Ma,22)="","",INDEX(DM_Ma,22)) | B35: =IF($A35="","",INDEX(DM_Ten,22)) | C35: =IF($A35="","",INDEX(DM_Loai,22)) | D35: =IF($A35="","",INDEX(DM_TrangThai,22)) | E35: =IF($A35="","",SUMIFS(L_ST,L_Ma,$A35,L_KM,"NVL trực tiếp (621)",L_TT,"Trực tiếp",L_Ngay,">="&pTu,L_Ngay,"<="&pDen)) | F35: =IF($A35="","",SUMIFS(L_ST,L_Ma,$A35,L_KM,"Nhân công trực tiếp (622)",L_TT,"Trực tiếp",L_Ngay,">="&pTu,L_Ngay,"<="&pDen)) | G35: =IF($A35="","",SUMIFS(L_ST,L_Ma,$A35,L_KM,"Máy thi công (623)",L_TT,"Trực tiếp",L_Ngay,">="&pTu,L_Ngay,"<="&pDen)) | H35: =IF($A35="","",SUMIFS(L_ST,L_Ma,$A35,L_KM,"SXC (627)",L_TT,"Trực tiếp",L_Tinh,"Biến đổi",L_Ngay,">="&pTu,L_Ngay,"<="&pDen)) | I35: =IF($A35="","",SUMIFS(L_ST,L_Ma,$A35,L_KM,"SXC (627)",L_TT,"Trực tiếp",L_Tinh,"Cố định",L_Ngay,">="&pTu,L_Ngay,"<="&pDen)) | J35: =IF($A35="","",CHOOSE(MATCH(pTieuThuc,LST_TieuThuc,0),$E35,$F35,INDEX(DM_GioMay,22),INDEX(DM_GioCong,22),INDEX(DM_SLHT,22),INDEX(DM_DThu,22),INDEX(DM_TieuKhac,22))) | K35: =IF($A35="","",IF(tBase=0,0,$J35/tBase*pool621)) | L35: =IF($A35="","",IF(tBase=0,0,$J35/tBase*pool622)) | M35: =IF($A35="","",IF(tBase=0,0,$J35/tBase*pool623)) | N35: =IF($A35="","",IF(tBase=0,0,$J35/tBase*pool627BD)) | O35: =IF($A35="","",IF(tBase=0,0,$J35/tBase*t627CDabs)) | P35: =IF($A35="","",$E35+$K35) | Q35: =IF($A35="","",$F35+$L35) | R35: =IF($A35="","",$G35+$M35) | S35: =IF($A35="","",$H35+$N35) | T35: =IF($A35="","",$I35+$O35) | U35: =IF($A35="","",$S35+$T35) | V35: =IF($A35="","",INDEX(DM_DDK621,22)+INDEX(DM_DDK622,22)+INDEX(DM_DDK623,22)+INDEX(DM_DDK627,22)) | W35: =IF($A35="","",SUMIFS(L_ST,L_Ma,$A35,L_KM,"Phế liệu thu hồi",L_Ngay,">="&pTu,L_Ngay,"<="&pDen)) | X35: =IF($A35="","",SUMIFS(L_ST,L_Ma,$A35,L_KM,"SP hỏng ngoài định mức",L_Ngay,">="&pTu,L_Ngay,"<="&pDen)) | Y35: =IF($A35="","",$P35+$Q35+$R35+$U35) | Z35: =IF($A35="","",IF($D35="Đang thực hiện",$V35+$Y35,CHOOSE(MATCH(pDoDang,LST_DoDang,0),$AE35,$AF35,$AG35))) | AA35: =IF($A35="","",$V35+$Y35-$Z35-$W35-$X35) | AB35: =IF($A35="","",INDEX(DM_SLHT,22)) | AC35: =IF($A35="","",IF($AB35<=0,"⚠ CHƯA CÓ SL",ROUND($AA35/$AB35,0))) | AE35: =IF($A35="","",IFERROR((INDEX(DM_DDK621,22)+$P35)/($AB35+INDEX(DM_SLDD,22))*INDEX(DM_SLDD,22),0)) | AF35: =IF($A35="","",IFERROR((INDEX(DM_DDK621,22)+$P35)/($AB35+INDEX(DM_SLDD,22))*INDEX(DM_SLDD,22),0)+IFERROR((INDEX(DM_DDK622,22)+$Q35)/($AB35+INDEX(DM_SLDD,22)*INDEX(DM_Pct,22))*(INDEX(DM_SLDD,22)*INDEX(DM_Pct,22)),0)+IFERROR((INDEX(DM_DDK623,22)+$R35)/($AB35+INDEX(DM_SLDD,22)*INDEX(DM_Pct,22))*(INDEX(DM_SLDD,22)*INDEX(DM_Pct,22)),0)+IFERROR((INDEX(DM_DDK627,22)+$U35)/($AB35+INDEX(DM_SLDD,22)*INDEX(DM_Pct,22))*(INDEX(DM_SLDD,22)*INDEX(DM_Pct,22)),0)) | AG35: =IF($A35="","",INDEX(DM_SLDD,22)*INDEX(DM_DGDinhMuc,22)) | AH35: =IF($A35="",0,IF(AND(ISNUMBER($AA35),$AA35>0,$AB35<=0),1,0)) | AI35: =IF($A35="",0,IF(AND(ISNUMBER($Z35),$Z35<0),1,0)) | AJ35: =IF($A35="",0,IF(AND(ISNUMBER($AA35),$AA35<0),1,0))
A36: =IF(INDEX(DM_Ma,23)="","",INDEX(DM_Ma,23)) | B36: =IF($A36="","",INDEX(DM_Ten,23)) | C36: =IF($A36="","",INDEX(DM_Loai,23)) | D36: =IF($A36="","",INDEX(DM_TrangThai,23)) | E36: =IF($A36="","",SUMIFS(L_ST,L_Ma,$A36,L_KM,"NVL trực tiếp (621)",L_TT,"Trực tiếp",L_Ngay,">="&pTu,L_Ngay,"<="&pDen)) | F36: =IF($A36="","",SUMIFS(L_ST,L_Ma,$A36,L_KM,"Nhân công trực tiếp (622)",L_TT,"Trực tiếp",L_Ngay,">="&pTu,L_Ngay,"<="&pDen)) | G36: =IF($A36="","",SUMIFS(L_ST,L_Ma,$A36,L_KM,"Máy thi công (623)",L_TT,"Trực tiếp",L_Ngay,">="&pTu,L_Ngay,"<="&pDen)) | H36: =IF($A36="","",SUMIFS(L_ST,L_Ma,$A36,L_KM,"SXC (627)",L_TT,"Trực tiếp",L_Tinh,"Biến đổi",L_Ngay,">="&pTu,L_Ngay,"<="&pDen)) | I36: =IF($A36="","",SUMIFS(L_ST,L_Ma,$A36,L_KM,"SXC (627)",L_TT,"Trực tiếp",L_Tinh,"Cố định",L_Ngay,">="&pTu,L_Ngay,"<="&pDen)) | J36: =IF($A36="","",CHOOSE(MATCH(pTieuThuc,LST_TieuThuc,0),$E36,$F36,INDEX(DM_GioMay,23),INDEX(DM_GioCong,23),INDEX(DM_SLHT,23),INDEX(DM_DThu,23),INDEX(DM_TieuKhac,23))) | K36: =IF($A36="","",IF(tBase=0,0,$J36/tBase*pool621)) | L36: =IF($A36="","",IF(tBase=0,0,$J36/tBase*pool622)) | M36: =IF($A36="","",IF(tBase=0,0,$J36/tBase*pool623)) | N36: =IF($A36="","",IF(tBase=0,0,$J36/tBase*pool627BD)) | O36: =IF($A36="","",IF(tBase=0,0,$J36/tBase*t627CDabs)) | P36: =IF($A36="","",$E36+$K36) | Q36: =IF($A36="","",$F36+$L36) | R36: =IF($A36="","",$G36+$M36) | S36: =IF($A36="","",$H36+$N36) | T36: =IF($A36="","",$I36+$O36) | U36: =IF($A36="","",$S36+$T36) | V36: =IF($A36="","",INDEX(DM_DDK621,23)+INDEX(DM_DDK622,23)+INDEX(DM_DDK623,23)+INDEX(DM_DDK627,23)) | W36: =IF($A36="","",SUMIFS(L_ST,L_Ma,$A36,L_KM,"Phế liệu thu hồi",L_Ngay,">="&pTu,L_Ngay,"<="&pDen)) | X36: =IF($A36="","",SUMIFS(L_ST,L_Ma,$A36,L_KM,"SP hỏng ngoài định mức",L_Ngay,">="&pTu,L_Ngay,"<="&pDen)) | Y36: =IF($A36="","",$P36+$Q36+$R36+$U36) | Z36: =IF($A36="","",IF($D36="Đang thực hiện",$V36+$Y36,CHOOSE(MATCH(pDoDang,LST_DoDang,0),$AE36,$AF36,$AG36))) | AA36: =IF($A36="","",$V36+$Y36-$Z36-$W36-$X36) | AB36: =IF($A36="","",INDEX(DM_SLHT,23)) | AC36: =IF($A36="","",IF($AB36<=0,"⚠ CHƯA CÓ SL",ROUND($AA36/$AB36,0))) | AE36: =IF($A36="","",IFERROR((INDEX(DM_DDK621,23)+$P36)/($AB36+INDEX(DM_SLDD,23))*INDEX(DM_SLDD,23),0)) | AF36: =IF($A36="","",IFERROR((INDEX(DM_DDK621,23)+$P36)/($AB36+INDEX(DM_SLDD,23))*INDEX(DM_SLDD,23),0)+IFERROR((INDEX(DM_DDK622,23)+$Q36)/($AB36+INDEX(DM_SLDD,23)*INDEX(DM_Pct,23))*(INDEX(DM_SLDD,23)*INDEX(DM_Pct,23)),0)+IFERROR((INDEX(DM_DDK623,23)+$R36)/($AB36+INDEX(DM_SLDD,23)*INDEX(DM_Pct,23))*(INDEX(DM_SLDD,23)*INDEX(DM_Pct,23)),0)+IFERROR((INDEX(DM_DDK627,23)+$U36)/($AB36+INDEX(DM_SLDD,23)*INDEX(DM_Pct,23))*(INDEX(DM_SLDD,23)*INDEX(DM_Pct,23)),0)) | AG36: =IF($A36="","",INDEX(DM_SLDD,23)*INDEX(DM_DGDinhMuc,23)) | AH36: =IF($A36="",0,IF(AND(ISNUMBER($AA36),$AA36>0,$AB36<=0),1,0)) | AI36: =IF($A36="",0,IF(AND(ISNUMBER($Z36),$Z36<0),1,0)) | AJ36: =IF($A36="",0,IF(AND(ISNUMBER($AA36),$AA36<0),1,0))
A37: =IF(INDEX(DM_Ma,24)="","",INDEX(DM_Ma,24)) | B37: =IF($A37="","",INDEX(DM_Ten,24)) | C37: =IF($A37="","",INDEX(DM_Loai,24)) | D37: =IF($A37="","",INDEX(DM_TrangThai,24)) | E37: =IF($A37="","",SUMIFS(L_ST,L_Ma,$A37,L_KM,"NVL trực tiếp (621)",L_TT,"Trực tiếp",L_Ngay,">="&pTu,L_Ngay,"<="&pDen)) | F37: =IF($A37="","",SUMIFS(L_ST,L_Ma,$A37,L_KM,"Nhân công trực tiếp (622)",L_TT,"Trực tiếp",L_Ngay,">="&pTu,L_Ngay,"<="&pDen)) | G37: =IF($A37="","",SUMIFS(L_ST,L_Ma,$A37,L_KM,"Máy thi công (623)",L_TT,"Trực tiếp",L_Ngay,">="&pTu,L_Ngay,"<="&pDen)) | H37: =IF($A37="","",SUMIFS(L_ST,L_Ma,$A37,L_KM,"SXC (627)",L_TT,"Trực tiếp",L_Tinh,"Biến đổi",L_Ngay,">="&pTu,L_Ngay,"<="&pDen)) | I37: =IF($A37="","",SUMIFS(L_ST,L_Ma,$A37,L_KM,"SXC (627)",L_TT,"Trực tiếp",L_Tinh,"Cố định",L_Ngay,">="&pTu,L_Ngay,"<="&pDen)) | J37: =IF($A37="","",CHOOSE(MATCH(pTieuThuc,LST_TieuThuc,0),$E37,$F37,INDEX(DM_GioMay,24),INDEX(DM_GioCong,24),INDEX(DM_SLHT,24),INDEX(DM_DThu,24),INDEX(DM_TieuKhac,24))) | K37: =IF($A37="","",IF(tBase=0,0,$J37/tBase*pool621)) | L37: =IF($A37="","",IF(tBase=0,0,$J37/tBase*pool622)) | M37: =IF($A37="","",IF(tBase=0,0,$J37/tBase*pool623)) | N37: =IF($A37="","",IF(tBase=0,0,$J37/tBase*pool627BD)) | O37: =IF($A37="","",IF(tBase=0,0,$J37/tBase*t627CDabs)) | P37: =IF($A37="","",$E37+$K37) | Q37: =IF($A37="","",$F37+$L37) | R37: =IF($A37="","",$G37+$M37) | S37: =IF($A37="","",$H37+$N37) | T37: =IF($A37="","",$I37+$O37) | U37: =IF($A37="","",$S37+$T37) | V37: =IF($A37="","",INDEX(DM_DDK621,24)+INDEX(DM_DDK622,24)+INDEX(DM_DDK623,24)+INDEX(DM_DDK627,24)) | W37: =IF($A37="","",SUMIFS(L_ST,L_Ma,$A37,L_KM,"Phế liệu thu hồi",L_Ngay,">="&pTu,L_Ngay,"<="&pDen)) | X37: =IF($A37="","",SUMIFS(L_ST,L_Ma,$A37,L_KM,"SP hỏng ngoài định mức",L_Ngay,">="&pTu,L_Ngay,"<="&pDen)) | Y37: =IF($A37="","",$P37+$Q37+$R37+$U37) | Z37: =IF($A37="","",IF($D37="Đang thực hiện",$V37+$Y37,CHOOSE(MATCH(pDoDang,LST_DoDang,0),$AE37,$AF37,$AG37))) | AA37: =IF($A37="","",$V37+$Y37-$Z37-$W37-$X37) | AB37: =IF($A37="","",INDEX(DM_SLHT,24)) | AC37: =IF($A37="","",IF($AB37<=0,"⚠ CHƯA CÓ SL",ROUND($AA37/$AB37,0))) | AE37: =IF($A37="","",IFERROR((INDEX(DM_DDK621,24)+$P37)/($AB37+INDEX(DM_SLDD,24))*INDEX(DM_SLDD,24),0)) | AF37: =IF($A37="","",IFERROR((INDEX(DM_DDK621,24)+$P37)/($AB37+INDEX(DM_SLDD,24))*INDEX(DM_SLDD,24),0)+IFERROR((INDEX(DM_DDK622,24)+$Q37)/($AB37+INDEX(DM_SLDD,24)*INDEX(DM_Pct,24))*(INDEX(DM_SLDD,24)*INDEX(DM_Pct,24)),0)+IFERROR((INDEX(DM_DDK623,24)+$R37)/($AB37+INDEX(DM_SLDD,24)*INDEX(DM_Pct,24))*(INDEX(DM_SLDD,24)*INDEX(DM_Pct,24)),0)+IFERROR((INDEX(DM_DDK627,24)+$U37)/($AB37+INDEX(DM_SLDD,24)*INDEX(DM_Pct,24))*(INDEX(DM_SLDD,24)*INDEX(DM_Pct,24)),0)) | AG37: =IF($A37="","",INDEX(DM_SLDD,24)*INDEX(DM_DGDinhMuc,24)) | AH37: =IF($A37="",0,IF(AND(ISNUMBER($AA37),$AA37>0,$AB37<=0),1,0)) | AI37: =IF($A37="",0,IF(AND(ISNUMBER($Z37),$Z37<0),1,0)) | AJ37: =IF($A37="",0,IF(AND(ISNUMBER($AA37),$AA37<0),1,0))
A38: =IF(INDEX(DM_Ma,25)="","",INDEX(DM_Ma,25)) | B38: =IF($A38="","",INDEX(DM_Ten,25)) | C38: =IF($A38="","",INDEX(DM_Loai,25)) | D38: =IF($A38="","",INDEX(DM_TrangThai,25)) | E38: =IF($A38="","",SUMIFS(L_ST,L_Ma,$A38,L_KM,"NVL trực tiếp (621)",L_TT,"Trực tiếp",L_Ngay,">="&pTu,L_Ngay,"<="&pDen)) | F38: =IF($A38="","",SUMIFS(L_ST,L_Ma,$A38,L_KM,"Nhân công trực tiếp (622)",L_TT,"Trực tiếp",L_Ngay,">="&pTu,L_Ngay,"<="&pDen)) | G38: =IF($A38="","",SUMIFS(L_ST,L_Ma,$A38,L_KM,"Máy thi công (623)",L_TT,"Trực tiếp",L_Ngay,">="&pTu,L_Ngay,"<="&pDen)) | H38: =IF($A38="","",SUMIFS(L_ST,L_Ma,$A38,L_KM,"SXC (627)",L_TT,"Trực tiếp",L_Tinh,"Biến đổi",L_Ngay,">="&pTu,L_Ngay,"<="&pDen)) | I38: =IF($A38="","",SUMIFS(L_ST,L_Ma,$A38,L_KM,"SXC (627)",L_TT,"Trực tiếp",L_Tinh,"Cố định",L_Ngay,">="&pTu,L_Ngay,"<="&pDen)) | J38: =IF($A38="","",CHOOSE(MATCH(pTieuThuc,LST_TieuThuc,0),$E38,$F38,INDEX(DM_GioMay,25),INDEX(DM_GioCong,25),INDEX(DM_SLHT,25),INDEX(DM_DThu,25),INDEX(DM_TieuKhac,25))) | K38: =IF($A38="","",IF(tBase=0,0,$J38/tBase*pool621)) | L38: =IF($A38="","",IF(tBase=0,0,$J38/tBase*pool622)) | M38: =IF($A38="","",IF(tBase=0,0,$J38/tBase*pool623)) | N38: =IF($A38="","",IF(tBase=0,0,$J38/tBase*pool627BD)) | O38: =IF($A38="","",IF(tBase=0,0,$J38/tBase*t627CDabs)) | P38: =IF($A38="","",$E38+$K38) | Q38: =IF($A38="","",$F38+$L38) | R38: =IF($A38="","",$G38+$M38) | S38: =IF($A38="","",$H38+$N38) | T38: =IF($A38="","",$I38+$O38) | U38: =IF($A38="","",$S38+$T38) | V38: =IF($A38="","",INDEX(DM_DDK621,25)+INDEX(DM_DDK622,25)+INDEX(DM_DDK623,25)+INDEX(DM_DDK627,25)) | W38: =IF($A38="","",SUMIFS(L_ST,L_Ma,$A38,L_KM,"Phế liệu thu hồi",L_Ngay,">="&pTu,L_Ngay,"<="&pDen)) | X38: =IF($A38="","",SUMIFS(L_ST,L_Ma,$A38,L_KM,"SP hỏng ngoài định mức",L_Ngay,">="&pTu,L_Ngay,"<="&pDen)) | Y38: =IF($A38="","",$P38+$Q38+$R38+$U38) | Z38: =IF($A38="","",IF($D38="Đang thực hiện",$V38+$Y38,CHOOSE(MATCH(pDoDang,LST_DoDang,0),$AE38,$AF38,$AG38))) | AA38: =IF($A38="","",$V38+$Y38-$Z38-$W38-$X38) | AB38: =IF($A38="","",INDEX(DM_SLHT,25)) | AC38: =IF($A38="","",IF($AB38<=0,"⚠ CHƯA CÓ SL",ROUND($AA38/$AB38,0))) | AE38: =IF($A38="","",IFERROR((INDEX(DM_DDK621,25)+$P38)/($AB38+INDEX(DM_SLDD,25))*INDEX(DM_SLDD,25),0)) | AF38: =IF($A38="","",IFERROR((INDEX(DM_DDK621,25)+$P38)/($AB38+INDEX(DM_SLDD,25))*INDEX(DM_SLDD,25),0)+IFERROR((INDEX(DM_DDK622,25)+$Q38)/($AB38+INDEX(DM_SLDD,25)*INDEX(DM_Pct,25))*(INDEX(DM_SLDD,25)*INDEX(DM_Pct,25)),0)+IFERROR((INDEX(DM_DDK623,25)+$R38)/($AB38+INDEX(DM_SLDD,25)*INDEX(DM_Pct,25))*(INDEX(DM_SLDD,25)*INDEX(DM_Pct,25)),0)+IFERROR((INDEX(DM_DDK627,25)+$U38)/($AB38+INDEX(DM_SLDD,25)*INDEX(DM_Pct,25))*(INDEX(DM_SLDD,25)*INDEX(DM_Pct,25)),0)) | AG38: =IF($A38="","",INDEX(DM_SLDD,25)*INDEX(DM_DGDinhMuc,25)) | AH38: =IF($A38="",0,IF(AND(ISNUMBER($AA38),$AA38>0,$AB38<=0),1,0)) | AI38: =IF($A38="",0,IF(AND(ISNUMBER($Z38),$Z38<0),1,0)) | AJ38: =IF($A38="",0,IF(AND(ISNUMBER($AA38),$AA38<0),1,0))
A39: =IF(INDEX(DM_Ma,26)="","",INDEX(DM_Ma,26)) | B39: =IF($A39="","",INDEX(DM_Ten,26)) | C39: =IF($A39="","",INDEX(DM_Loai,26)) | D39: =IF($A39="","",INDEX(DM_TrangThai,26)) | E39: =IF($A39="","",SUMIFS(L_ST,L_Ma,$A39,L_KM,"NVL trực tiếp (621)",L_TT,"Trực tiếp",L_Ngay,">="&pTu,L_Ngay,"<="&pDen)) | F39: =IF($A39="","",SUMIFS(L_ST,L_Ma,$A39,L_KM,"Nhân công trực tiếp (622)",L_TT,"Trực tiếp",L_Ngay,">="&pTu,L_Ngay,"<="&pDen)) | G39: =IF($A39="","",SUMIFS(L_ST,L_Ma,$A39,L_KM,"Máy thi công (623)",L_TT,"Trực tiếp",L_Ngay,">="&pTu,L_Ngay,"<="&pDen)) | H39: =IF($A39="","",SUMIFS(L_ST,L_Ma,$A39,L_KM,"SXC (627)",L_TT,"Trực tiếp",L_Tinh,"Biến đổi",L_Ngay,">="&pTu,L_Ngay,"<="&pDen)) | I39: =IF($A39="","",SUMIFS(L_ST,L_Ma,$A39,L_KM,"SXC (627)",L_TT,"Trực tiếp",L_Tinh,"Cố định",L_Ngay,">="&pTu,L_Ngay,"<="&pDen)) | J39: =IF($A39="","",CHOOSE(MATCH(pTieuThuc,LST_TieuThuc,0),$E39,$F39,INDEX(DM_GioMay,26),INDEX(DM_GioCong,26),INDEX(DM_SLHT,26),INDEX(DM_DThu,26),INDEX(DM_TieuKhac,26))) | K39: =IF($A39="","",IF(tBase=0,0,$J39/tBase*pool621)) | L39: =IF($A39="","",IF(tBase=0,0,$J39/tBase*pool622)) | M39: =IF($A39="","",IF(tBase=0,0,$J39/tBase*pool623)) | N39: =IF($A39="","",IF(tBase=0,0,$J39/tBase*pool627BD)) | O39: =IF($A39="","",IF(tBase=0,0,$J39/tBase*t627CDabs)) | P39: =IF($A39="","",$E39+$K39) | Q39: =IF($A39="","",$F39+$L39) | R39: =IF($A39="","",$G39+$M39) | S39: =IF($A39="","",$H39+$N39) | T39: =IF($A39="","",$I39+$O39) | U39: =IF($A39="","",$S39+$T39) | V39: =IF($A39="","",INDEX(DM_DDK621,26)+INDEX(DM_DDK622,26)+INDEX(DM_DDK623,26)+INDEX(DM_DDK627,26)) | W39: =IF($A39="","",SUMIFS(L_ST,L_Ma,$A39,L_KM,"Phế liệu thu hồi",L_Ngay,">="&pTu,L_Ngay,"<="&pDen)) | X39: =IF($A39="","",SUMIFS(L_ST,L_Ma,$A39,L_KM,"SP hỏng ngoài định mức",L_Ngay,">="&pTu,L_Ngay,"<="&pDen)) | Y39: =IF($A39="","",$P39+$Q39+$R39+$U39) | Z39: =IF($A39="","",IF($D39="Đang thực hiện",$V39+$Y39,CHOOSE(MATCH(pDoDang,LST_DoDang,0),$AE39,$AF39,$AG39))) | AA39: =IF($A39="","",$V39+$Y39-$Z39-$W39-$X39) | AB39: =IF($A39="","",INDEX(DM_SLHT,26)) | AC39: =IF($A39="","",IF($AB39<=0,"⚠ CHƯA CÓ SL",ROUND($AA39/$AB39,0))) | AE39: =IF($A39="","",IFERROR((INDEX(DM_DDK621,26)+$P39)/($AB39+INDEX(DM_SLDD,26))*INDEX(DM_SLDD,26),0)) | AF39: =IF($A39="","",IFERROR((INDEX(DM_DDK621,26)+$P39)/($AB39+INDEX(DM_SLDD,26))*INDEX(DM_SLDD,26),0)+IFERROR((INDEX(DM_DDK622,26)+$Q39)/($AB39+INDEX(DM_SLDD,26)*INDEX(DM_Pct,26))*(INDEX(DM_SLDD,26)*INDEX(DM_Pct,26)),0)+IFERROR((INDEX(DM_DDK623,26)+$R39)/($AB39+INDEX(DM_SLDD,26)*INDEX(DM_Pct,26))*(INDEX(DM_SLDD,26)*INDEX(DM_Pct,26)),0)+IFERROR((INDEX(DM_DDK627,26)+$U39)/($AB39+INDEX(DM_SLDD,26)*INDEX(DM_Pct,26))*(INDEX(DM_SLDD,26)*INDEX(DM_Pct,26)),0)) | AG39: =IF($A39="","",INDEX(DM_SLDD,26)*INDEX(DM_DGDinhMuc,26)) | AH39: =IF($A39="",0,IF(AND(ISNUMBER($AA39),$AA39>0,$AB39<=0),1,0)) | AI39: =IF($A39="",0,IF(AND(ISNUMBER($Z39),$Z39<0),1,0)) | AJ39: =IF($A39="",0,IF(AND(ISNUMBER($AA39),$AA39<0),1,0))
A40: =IF(INDEX(DM_Ma,27)="","",INDEX(DM_Ma,27)) | B40: =IF($A40="","",INDEX(DM_Ten,27)) | C40: =IF($A40="","",INDEX(DM_Loai,27)) | D40: =IF($A40="","",INDEX(DM_TrangThai,27)) | E40: =IF($A40="","",SUMIFS(L_ST,L_Ma,$A40,L_KM,"NVL trực tiếp (621)",L_TT,"Trực tiếp",L_Ngay,">="&pTu,L_Ngay,"<="&pDen)) | F40: =IF($A40="","",SUMIFS(L_ST,L_Ma,$A40,L_KM,"Nhân công trực tiếp (622)",L_TT,"Trực tiếp",L_Ngay,">="&pTu,L_Ngay,"<="&pDen)) | G40: =IF($A40="","",SUMIFS(L_ST,L_Ma,$A40,L_KM,"Máy thi công (623)",L_TT,"Trực tiếp",L_Ngay,">="&pTu,L_Ngay,"<="&pDen)) | H40: =IF($A40="","",SUMIFS(L_ST,L_Ma,$A40,L_KM,"SXC (627)",L_TT,"Trực tiếp",L_Tinh,"Biến đổi",L_Ngay,">="&pTu,L_Ngay,"<="&pDen)) | I40: =IF($A40="","",SUMIFS(L_ST,L_Ma,$A40,L_KM,"SXC (627)",L_TT,"Trực tiếp",L_Tinh,"Cố định",L_Ngay,">="&pTu,L_Ngay,"<="&pDen)) | J40: =IF($A40="","",CHOOSE(MATCH(pTieuThuc,LST_TieuThuc,0),$E40,$F40,INDEX(DM_GioMay,27),INDEX(DM_GioCong,27),INDEX(DM_SLHT,27),INDEX(DM_DThu,27),INDEX(DM_TieuKhac,27))) | K40: =IF($A40="","",IF(tBase=0,0,$J40/tBase*pool621)) | L40: =IF($A40="","",IF(tBase=0,0,$J40/tBase*pool622)) | M40: =IF($A40="","",IF(tBase=0,0,$J40/tBase*pool623)) | N40: =IF($A40="","",IF(tBase=0,0,$J40/tBase*pool627BD)) | O40: =IF($A40="","",IF(tBase=0,0,$J40/tBase*t627CDabs)) | P40: =IF($A40="","",$E40+$K40) | Q40: =IF($A40="","",$F40+$L40) | R40: =IF($A40="","",$G40+$M40) | S40: =IF($A40="","",$H40+$N40) | T40: =IF($A40="","",$I40+$O40) | U40: =IF($A40="","",$S40+$T40) | V40: =IF($A40="","",INDEX(DM_DDK621,27)+INDEX(DM_DDK622,27)+INDEX(DM_DDK623,27)+INDEX(DM_DDK627,27)) | W40: =IF($A40="","",SUMIFS(L_ST,L_Ma,$A40,L_KM,"Phế liệu thu hồi",L_Ngay,">="&pTu,L_Ngay,"<="&pDen)) | X40: =IF($A40="","",SUMIFS(L_ST,L_Ma,$A40,L_KM,"SP hỏng ngoài định mức",L_Ngay,">="&pTu,L_Ngay,"<="&pDen)) | Y40: =IF($A40="","",$P40+$Q40+$R40+$U40) | Z40: =IF($A40="","",IF($D40="Đang thực hiện",$V40+$Y40,CHOOSE(MATCH(pDoDang,LST_DoDang,0),$AE40,$AF40,$AG40))) | AA40: =IF($A40="","",$V40+$Y40-$Z40-$W40-$X40) | AB40: =IF($A40="","",INDEX(DM_SLHT,27)) | AC40: =IF($A40="","",IF($AB40<=0,"⚠ CHƯA CÓ SL",ROUND($AA40/$AB40,0))) | AE40: =IF($A40="","",IFERROR((INDEX(DM_DDK621,27)+$P40)/($AB40+INDEX(DM_SLDD,27))*INDEX(DM_SLDD,27),0)) | AF40: =IF($A40="","",IFERROR((INDEX(DM_DDK621,27)+$P40)/($AB40+INDEX(DM_SLDD,27))*INDEX(DM_SLDD,27),0)+IFERROR((INDEX(DM_DDK622,27)+$Q40)/($AB40+INDEX(DM_SLDD,27)*INDEX(DM_Pct,27))*(INDEX(DM_SLDD,27)*INDEX(DM_Pct,27)),0)+IFERROR((INDEX(DM_DDK623,27)+$R40)/($AB40+INDEX(DM_SLDD,27)*INDEX(DM_Pct,27))*(INDEX(DM_SLDD,27)*INDEX(DM_Pct,27)),0)+IFERROR((INDEX(DM_DDK627,27)+$U40)/($AB40+INDEX(DM_SLDD,27)*INDEX(DM_Pct,27))*(INDEX(DM_SLDD,27)*INDEX(DM_Pct,27)),0)) | AG40: =IF($A40="","",INDEX(DM_SLDD,27)*INDEX(DM_DGDinhMuc,27)) | AH40: =IF($A40="",0,IF(AND(ISNUMBER($AA40),$AA40>0,$AB40<=0),1,0)) | AI40: =IF($A40="",0,IF(AND(ISNUMBER($Z40),$Z40<0),1,0)) | AJ40: =IF($A40="",0,IF(AND(ISNUMBER($AA40),$AA40<0),1,0))
A41: =IF(INDEX(DM_Ma,28)="","",INDEX(DM_Ma,28)) | B41: =IF($A41="","",INDEX(DM_Ten,28)) | C41: =IF($A41="","",INDEX(DM_Loai,28)) | D41: =IF($A41="","",INDEX(DM_TrangThai,28)) | E41: =IF($A41="","",SUMIFS(L_ST,L_Ma,$A41,L_KM,"NVL trực tiếp (621)",L_TT,"Trực tiếp",L_Ngay,">="&pTu,L_Ngay,"<="&pDen)) | F41: =IF($A41="","",SUMIFS(L_ST,L_Ma,$A41,L_KM,"Nhân công trực tiếp (622)",L_TT,"Trực tiếp",L_Ngay,">="&pTu,L_Ngay,"<="&pDen)) | G41: =IF($A41="","",SUMIFS(L_ST,L_Ma,$A41,L_KM,"Máy thi công (623)",L_TT,"Trực tiếp",L_Ngay,">="&pTu,L_Ngay,"<="&pDen)) | H41: =IF($A41="","",SUMIFS(L_ST,L_Ma,$A41,L_KM,"SXC (627)",L_TT,"Trực tiếp",L_Tinh,"Biến đổi",L_Ngay,">="&pTu,L_Ngay,"<="&pDen)) | I41: =IF($A41="","",SUMIFS(L_ST,L_Ma,$A41,L_KM,"SXC (627)",L_TT,"Trực tiếp",L_Tinh,"Cố định",L_Ngay,">="&pTu,L_Ngay,"<="&pDen)) | J41: =IF($A41="","",CHOOSE(MATCH(pTieuThuc,LST_TieuThuc,0),$E41,$F41,INDEX(DM_GioMay,28),INDEX(DM_GioCong,28),INDEX(DM_SLHT,28),INDEX(DM_DThu,28),INDEX(DM_TieuKhac,28))) | K41: =IF($A41="","",IF(tBase=0,0,$J41/tBase*pool621)) | L41: =IF($A41="","",IF(tBase=0,0,$J41/tBase*pool622)) | M41: =IF($A41="","",IF(tBase=0,0,$J41/tBase*pool623)) | N41: =IF($A41="","",IF(tBase=0,0,$J41/tBase*pool627BD)) | O41: =IF($A41="","",IF(tBase=0,0,$J41/tBase*t627CDabs)) | P41: =IF($A41="","",$E41+$K41) | Q41: =IF($A41="","",$F41+$L41) | R41: =IF($A41="","",$G41+$M41) | S41: =IF($A41="","",$H41+$N41) | T41: =IF($A41="","",$I41+$O41) | U41: =IF($A41="","",$S41+$T41) | V41: =IF($A41="","",INDEX(DM_DDK621,28)+INDEX(DM_DDK622,28)+INDEX(DM_DDK623,28)+INDEX(DM_DDK627,28)) | W41: =IF($A41="","",SUMIFS(L_ST,L_Ma,$A41,L_KM,"Phế liệu thu hồi",L_Ngay,">="&pTu,L_Ngay,"<="&pDen)) | X41: =IF($A41="","",SUMIFS(L_ST,L_Ma,$A41,L_KM,"SP hỏng ngoài định mức",L_Ngay,">="&pTu,L_Ngay,"<="&pDen)) | Y41: =IF($A41="","",$P41+$Q41+$R41+$U41) | Z41: =IF($A41="","",IF($D41="Đang thực hiện",$V41+$Y41,CHOOSE(MATCH(pDoDang,LST_DoDang,0),$AE41,$AF41,$AG41))) | AA41: =IF($A41="","",$V41+$Y41-$Z41-$W41-$X41) | AB41: =IF($A41="","",INDEX(DM_SLHT,28)) | AC41: =IF($A41="","",IF($AB41<=0,"⚠ CHƯA CÓ SL",ROUND($AA41/$AB41,0))) | AE41: =IF($A41="","",IFERROR((INDEX(DM_DDK621,28)+$P41)/($AB41+INDEX(DM_SLDD,28))*INDEX(DM_SLDD,28),0)) | AF41: =IF($A41="","",IFERROR((INDEX(DM_DDK621,28)+$P41)/($AB41+INDEX(DM_SLDD,28))*INDEX(DM_SLDD,28),0)+IFERROR((INDEX(DM_DDK622,28)+$Q41)/($AB41+INDEX(DM_SLDD,28)*INDEX(DM_Pct,28))*(INDEX(DM_SLDD,28)*INDEX(DM_Pct,28)),0)+IFERROR((INDEX(DM_DDK623,28)+$R41)/($AB41+INDEX(DM_SLDD,28)*INDEX(DM_Pct,28))*(INDEX(DM_SLDD,28)*INDEX(DM_Pct,28)),0)+IFERROR((INDEX(DM_DDK627,28)+$U41)/($AB41+INDEX(DM_SLDD,28)*INDEX(DM_Pct,28))*(INDEX(DM_SLDD,28)*INDEX(DM_Pct,28)),0)) | AG41: =IF($A41="","",INDEX(DM_SLDD,28)*INDEX(DM_DGDinhMuc,28)) | AH41: =IF($A41="",0,IF(AND(ISNUMBER($AA41),$AA41>0,$AB41<=0),1,0)) | AI41: =IF($A41="",0,IF(AND(ISNUMBER($Z41),$Z41<0),1,0)) | AJ41: =IF($A41="",0,IF(AND(ISNUMBER($AA41),$AA41<0),1,0))
A42: =IF(INDEX(DM_Ma,29)="","",INDEX(DM_Ma,29)) | B42: =IF($A42="","",INDEX(DM_Ten,29)) | C42: =IF($A42="","",INDEX(DM_Loai,29)) | D42: =IF($A42="","",INDEX(DM_TrangThai,29)) | E42: =IF($A42="","",SUMIFS(L_ST,L_Ma,$A42,L_KM,"NVL trực tiếp (621)",L_TT,"Trực tiếp",L_Ngay,">="&pTu,L_Ngay,"<="&pDen)) | F42: =IF($A42="","",SUMIFS(L_ST,L_Ma,$A42,L_KM,"Nhân công trực tiếp (622)",L_TT,"Trực tiếp",L_Ngay,">="&pTu,L_Ngay,"<="&pDen)) | G42: =IF($A42="","",SUMIFS(L_ST,L_Ma,$A42,L_KM,"Máy thi công (623)",L_TT,"Trực tiếp",L_Ngay,">="&pTu,L_Ngay,"<="&pDen)) | H42: =IF($A42="","",SUMIFS(L_ST,L_Ma,$A42,L_KM,"SXC (627)",L_TT,"Trực tiếp",L_Tinh,"Biến đổi",L_Ngay,">="&pTu,L_Ngay,"<="&pDen)) | I42: =IF($A42="","",SUMIFS(L_ST,L_Ma,$A42,L_KM,"SXC (627)",L_TT,"Trực tiếp",L_Tinh,"Cố định",L_Ngay,">="&pTu,L_Ngay,"<="&pDen)) | J42: =IF($A42="","",CHOOSE(MATCH(pTieuThuc,LST_TieuThuc,0),$E42,$F42,INDEX(DM_GioMay,29),INDEX(DM_GioCong,29),INDEX(DM_SLHT,29),INDEX(DM_DThu,29),INDEX(DM_TieuKhac,29))) | K42: =IF($A42="","",IF(tBase=0,0,$J42/tBase*pool621)) | L42: =IF($A42="","",IF(tBase=0,0,$J42/tBase*pool622)) | M42: =IF($A42="","",IF(tBase=0,0,$J42/tBase*pool623)) | N42: =IF($A42="","",IF(tBase=0,0,$J42/tBase*pool627BD)) | O42: =IF($A42="","",IF(tBase=0,0,$J42/tBase*t627CDabs)) | P42: =IF($A42="","",$E42+$K42) | Q42: =IF($A42="","",$F42+$L42) | R42: =IF($A42="","",$G42+$M42) | S42: =IF($A42="","",$H42+$N42) | T42: =IF($A42="","",$I42+$O42) | U42: =IF($A42="","",$S42+$T42) | V42: =IF($A42="","",INDEX(DM_DDK621,29)+INDEX(DM_DDK622,29)+INDEX(DM_DDK623,29)+INDEX(DM_DDK627,29)) | W42: =IF($A42="","",SUMIFS(L_ST,L_Ma,$A42,L_KM,"Phế liệu thu hồi",L_Ngay,">="&pTu,L_Ngay,"<="&pDen)) | X42: =IF($A42="","",SUMIFS(L_ST,L_Ma,$A42,L_KM,"SP hỏng ngoài định mức",L_Ngay,">="&pTu,L_Ngay,"<="&pDen)) | Y42: =IF($A42="","",$P42+$Q42+$R42+$U42) | Z42: =IF($A42="","",IF($D42="Đang thực hiện",$V42+$Y42,CHOOSE(MATCH(pDoDang,LST_DoDang,0),$AE42,$AF42,$AG42))) | AA42: =IF($A42="","",$V42+$Y42-$Z42-$W42-$X42) | AB42: =IF($A42="","",INDEX(DM_SLHT,29)) | AC42: =IF($A42="","",IF($AB42<=0,"⚠ CHƯA CÓ SL",ROUND($AA42/$AB42,0))) | AE42: =IF($A42="","",IFERROR((INDEX(DM_DDK621,29)+$P42)/($AB42+INDEX(DM_SLDD,29))*INDEX(DM_SLDD,29),0)) | AF42: =IF($A42="","",IFERROR((INDEX(DM_DDK621,29)+$P42)/($AB42+INDEX(DM_SLDD,29))*INDEX(DM_SLDD,29),0)+IFERROR((INDEX(DM_DDK622,29)+$Q42)/($AB42+INDEX(DM_SLDD,29)*INDEX(DM_Pct,29))*(INDEX(DM_SLDD,29)*INDEX(DM_Pct,29)),0)+IFERROR((INDEX(DM_DDK623,29)+$R42)/($AB42+INDEX(DM_SLDD,29)*INDEX(DM_Pct,29))*(INDEX(DM_SLDD,29)*INDEX(DM_Pct,29)),0)+IFERROR((INDEX(DM_DDK627,29)+$U42)/($AB42+INDEX(DM_SLDD,29)*INDEX(DM_Pct,29))*(INDEX(DM_SLDD,29)*INDEX(DM_Pct,29)),0)) | AG42: =IF($A42="","",INDEX(DM_SLDD,29)*INDEX(DM_DGDinhMuc,29)) | AH42: =IF($A42="",0,IF(AND(ISNUMBER($AA42),$AA42>0,$AB42<=0),1,0)) | AI42: =IF($A42="",0,IF(AND(ISNUMBER($Z42),$Z42<0),1,0)) | AJ42: =IF($A42="",0,IF(AND(ISNUMBER($AA42),$AA42<0),1,0))
A43: =IF(INDEX(DM_Ma,30)="","",INDEX(DM_Ma,30)) | B43: =IF($A43="","",INDEX(DM_Ten,30)) | C43: =IF($A43="","",INDEX(DM_Loai,30)) | D43: =IF($A43="","",INDEX(DM_TrangThai,30)) | E43: =IF($A43="","",SUMIFS(L_ST,L_Ma,$A43,L_KM,"NVL trực tiếp (621)",L_TT,"Trực tiếp",L_Ngay,">="&pTu,L_Ngay,"<="&pDen)) | F43: =IF($A43="","",SUMIFS(L_ST,L_Ma,$A43,L_KM,"Nhân công trực tiếp (622)",L_TT,"Trực tiếp",L_Ngay,">="&pTu,L_Ngay,"<="&pDen)) | G43: =IF($A43="","",SUMIFS(L_ST,L_Ma,$A43,L_KM,"Máy thi công (623)",L_TT,"Trực tiếp",L_Ngay,">="&pTu,L_Ngay,"<="&pDen)) | H43: =IF($A43="","",SUMIFS(L_ST,L_Ma,$A43,L_KM,"SXC (627)",L_TT,"Trực tiếp",L_Tinh,"Biến đổi",L_Ngay,">="&pTu,L_Ngay,"<="&pDen)) | I43: =IF($A43="","",SUMIFS(L_ST,L_Ma,$A43,L_KM,"SXC (627)",L_TT,"Trực tiếp",L_Tinh,"Cố định",L_Ngay,">="&pTu,L_Ngay,"<="&pDen)) | J43: =IF($A43="","",CHOOSE(MATCH(pTieuThuc,LST_TieuThuc,0),$E43,$F43,INDEX(DM_GioMay,30),INDEX(DM_GioCong,30),INDEX(DM_SLHT,30),INDEX(DM_DThu,30),INDEX(DM_TieuKhac,30))) | K43: =IF($A43="","",IF(tBase=0,0,$J43/tBase*pool621)) | L43: =IF($A43="","",IF(tBase=0,0,$J43/tBase*pool622)) | M43: =IF($A43="","",IF(tBase=0,0,$J43/tBase*pool623)) | N43: =IF($A43="","",IF(tBase=0,0,$J43/tBase*pool627BD)) | O43: =IF($A43="","",IF(tBase=0,0,$J43/tBase*t627CDabs)) | P43: =IF($A43="","",$E43+$K43) | Q43: =IF($A43="","",$F43+$L43) | R43: =IF($A43="","",$G43+$M43) | S43: =IF($A43="","",$H43+$N43) | T43: =IF($A43="","",$I43+$O43) | U43: =IF($A43="","",$S43+$T43) | V43: =IF($A43="","",INDEX(DM_DDK621,30)+INDEX(DM_DDK622,30)+INDEX(DM_DDK623,30)+INDEX(DM_DDK627,30)) | W43: =IF($A43="","",SUMIFS(L_ST,L_Ma,$A43,L_KM,"Phế liệu thu hồi",L_Ngay,">="&pTu,L_Ngay,"<="&pDen)) | X43: =IF($A43="","",SUMIFS(L_ST,L_Ma,$A43,L_KM,"SP hỏng ngoài định mức",L_Ngay,">="&pTu,L_Ngay,"<="&pDen)) | Y43: =IF($A43="","",$P43+$Q43+$R43+$U43) | Z43: =IF($A43="","",IF($D43="Đang thực hiện",$V43+$Y43,CHOOSE(MATCH(pDoDang,LST_DoDang,0),$AE43,$AF43,$AG43))) | AA43: =IF($A43="","",$V43+$Y43-$Z43-$W43-$X43) | AB43: =IF($A43="","",INDEX(DM_SLHT,30)) | AC43: =IF($A43="","",IF($AB43<=0,"⚠ CHƯA CÓ SL",ROUND($AA43/$AB43,0))) | AE43: =IF($A43="","",IFERROR((INDEX(DM_DDK621,30)+$P43)/($AB43+INDEX(DM_SLDD,30))*INDEX(DM_SLDD,30),0)) | AF43: =IF($A43="","",IFERROR((INDEX(DM_DDK621,30)+$P43)/($AB43+INDEX(DM_SLDD,30))*INDEX(DM_SLDD,30),0)+IFERROR((INDEX(DM_DDK622,30)+$Q43)/($AB43+INDEX(DM_SLDD,30)*INDEX(DM_Pct,30))*(INDEX(DM_SLDD,30)*INDEX(DM_Pct,30)),0)+IFERROR((INDEX(DM_DDK623,30)+$R43)/($AB43+INDEX(DM_SLDD,30)*INDEX(DM_Pct,30))*(INDEX(DM_SLDD,30)*INDEX(DM_Pct,30)),0)+IFERROR((INDEX(DM_DDK627,30)+$U43)/($AB43+INDEX(DM_SLDD,30)*INDEX(DM_Pct,30))*(INDEX(DM_SLDD,30)*INDEX(DM_Pct,30)),0)) | AG43: =IF($A43="","",INDEX(DM_SLDD,30)*INDEX(DM_DGDinhMuc,30)) | AH43: =IF($A43="",0,IF(AND(ISNUMBER($AA43),$AA43>0,$AB43<=0),1,0)) | AI43: =IF($A43="",0,IF(AND(ISNUMBER($Z43),$Z43<0),1,0)) | AJ43: =IF($A43="",0,IF(AND(ISNUMBER($AA43),$AA43<0),1,0))
A44: =IF(INDEX(DM_Ma,31)="","",INDEX(DM_Ma,31)) | B44: =IF($A44="","",INDEX(DM_Ten,31)) | C44: =IF($A44="","",INDEX(DM_Loai,31)) | D44: =IF($A44="","",INDEX(DM_TrangThai,31)) | E44: =IF($A44="","",SUMIFS(L_ST,L_Ma,$A44,L_KM,"NVL trực tiếp (621)",L_TT,"Trực tiếp",L_Ngay,">="&pTu,L_Ngay,"<="&pDen)) | F44: =IF($A44="","",SUMIFS(L_ST,L_Ma,$A44,L_KM,"Nhân công trực tiếp (622)",L_TT,"Trực tiếp",L_Ngay,">="&pTu,L_Ngay,"<="&pDen)) | G44: =IF($A44="","",SUMIFS(L_ST,L_Ma,$A44,L_KM,"Máy thi công (623)",L_TT,"Trực tiếp",L_Ngay,">="&pTu,L_Ngay,"<="&pDen)) | H44: =IF($A44="","",SUMIFS(L_ST,L_Ma,$A44,L_KM,"SXC (627)",L_TT,"Trực tiếp",L_Tinh,"Biến đổi",L_Ngay,">="&pTu,L_Ngay,"<="&pDen)) | I44: =IF($A44="","",SUMIFS(L_ST,L_Ma,$A44,L_KM,"SXC (627)",L_TT,"Trực tiếp",L_Tinh,"Cố định",L_Ngay,">="&pTu,L_Ngay,"<="&pDen)) | J44: =IF($A44="","",CHOOSE(MATCH(pTieuThuc,LST_TieuThuc,0),$E44,$F44,INDEX(DM_GioMay,31),INDEX(DM_GioCong,31),INDEX(DM_SLHT,31),INDEX(DM_DThu,31),INDEX(DM_TieuKhac,31))) | K44: =IF($A44="","",IF(tBase=0,0,$J44/tBase*pool621)) | L44: =IF($A44="","",IF(tBase=0,0,$J44/tBase*pool622)) | M44: =IF($A44="","",IF(tBase=0,0,$J44/tBase*pool623)) | N44: =IF($A44="","",IF(tBase=0,0,$J44/tBase*pool627BD)) | O44: =IF($A44="","",IF(tBase=0,0,$J44/tBase*t627CDabs)) | P44: =IF($A44="","",$E44+$K44) | Q44: =IF($A44="","",$F44+$L44) | R44: =IF($A44="","",$G44+$M44) | S44: =IF($A44="","",$H44+$N44) | T44: =IF($A44="","",$I44+$O44) | U44: =IF($A44="","",$S44+$T44) | V44: =IF($A44="","",INDEX(DM_DDK621,31)+INDEX(DM_DDK622,31)+INDEX(DM_DDK623,31)+INDEX(DM_DDK627,31)) | W44: =IF($A44="","",SUMIFS(L_ST,L_Ma,$A44,L_KM,"Phế liệu thu hồi",L_Ngay,">="&pTu,L_Ngay,"<="&pDen)) | X44: =IF($A44="","",SUMIFS(L_ST,L_Ma,$A44,L_KM,"SP hỏng ngoài định mức",L_Ngay,">="&pTu,L_Ngay,"<="&pDen)) | Y44: =IF($A44="","",$P44+$Q44+$R44+$U44) | Z44: =IF($A44="","",IF($D44="Đang thực hiện",$V44+$Y44,CHOOSE(MATCH(pDoDang,LST_DoDang,0),$AE44,$AF44,$AG44))) | AA44: =IF($A44="","",$V44+$Y44-$Z44-$W44-$X44) | AB44: =IF($A44="","",INDEX(DM_SLHT,31)) | AC44: =IF($A44="","",IF($AB44<=0,"⚠ CHƯA CÓ SL",ROUND($AA44/$AB44,0))) | AE44: =IF($A44="","",IFERROR((INDEX(DM_DDK621,31)+$P44)/($AB44+INDEX(DM_SLDD,31))*INDEX(DM_SLDD,31),0)) | AF44: =IF($A44="","",IFERROR((INDEX(DM_DDK621,31)+$P44)/($AB44+INDEX(DM_SLDD,31))*INDEX(DM_SLDD,31),0)+IFERROR((INDEX(DM_DDK622,31)+$Q44)/($AB44+INDEX(DM_SLDD,31)*INDEX(DM_Pct,31))*(INDEX(DM_SLDD,31)*INDEX(DM_Pct,31)),0)+IFERROR((INDEX(DM_DDK623,31)+$R44)/($AB44+INDEX(DM_SLDD,31)*INDEX(DM_Pct,31))*(INDEX(DM_SLDD,31)*INDEX(DM_Pct,31)),0)+IFERROR((INDEX(DM_DDK627,31)+$U44)/($AB44+INDEX(DM_SLDD,31)*INDEX(DM_Pct,31))*(INDEX(DM_SLDD,31)*INDEX(DM_Pct,31)),0)) | AG44: =IF($A44="","",INDEX(DM_SLDD,31)*INDEX(DM_DGDinhMuc,31)) | AH44: =IF($A44="",0,IF(AND(ISNUMBER($AA44),$AA44>0,$AB44<=0),1,0)) | AI44: =IF($A44="",0,IF(AND(ISNUMBER($Z44),$Z44<0),1,0)) | AJ44: =IF($A44="",0,IF(AND(ISNUMBER($AA44),$AA44<0),1,0))
A45: =IF(INDEX(DM_Ma,32)="","",INDEX(DM_Ma,32)) | B45: =IF($A45="","",INDEX(DM_Ten,32)) | C45: =IF($A45="","",INDEX(DM_Loai,32)) | D45: =IF($A45="","",INDEX(DM_TrangThai,32)) | E45: =IF($A45="","",SUMIFS(L_ST,L_Ma,$A45,L_KM,"NVL trực tiếp (621)",L_TT,"Trực tiếp",L_Ngay,">="&pTu,L_Ngay,"<="&pDen)) | F45: =IF($A45="","",SUMIFS(L_ST,L_Ma,$A45,L_KM,"Nhân công trực tiếp (622)",L_TT,"Trực tiếp",L_Ngay,">="&pTu,L_Ngay,"<="&pDen)) | G45: =IF($A45="","",SUMIFS(L_ST,L_Ma,$A45,L_KM,"Máy thi công (623)",L_TT,"Trực tiếp",L_Ngay,">="&pTu,L_Ngay,"<="&pDen)) | H45: =IF($A45="","",SUMIFS(L_ST,L_Ma,$A45,L_KM,"SXC (627)",L_TT,"Trực tiếp",L_Tinh,"Biến đổi",L_Ngay,">="&pTu,L_Ngay,"<="&pDen)) | I45: =IF($A45="","",SUMIFS(L_ST,L_Ma,$A45,L_KM,"SXC (627)",L_TT,"Trực tiếp",L_Tinh,"Cố định",L_Ngay,">="&pTu,L_Ngay,"<="&pDen)) | J45: =IF($A45="","",CHOOSE(MATCH(pTieuThuc,LST_TieuThuc,0),$E45,$F45,INDEX(DM_GioMay,32),INDEX(DM_GioCong,32),INDEX(DM_SLHT,32),INDEX(DM_DThu,32),INDEX(DM_TieuKhac,32))) | K45: =IF($A45="","",IF(tBase=0,0,$J45/tBase*pool621)) | L45: =IF($A45="","",IF(tBase=0,0,$J45/tBase*pool622)) | M45: =IF($A45="","",IF(tBase=0,0,$J45/tBase*pool623)) | N45: =IF($A45="","",IF(tBase=0,0,$J45/tBase*pool627BD)) | O45: =IF($A45="","",IF(tBase=0,0,$J45/tBase*t627CDabs)) | P45: =IF($A45="","",$E45+$K45) | Q45: =IF($A45="","",$F45+$L45) | R45: =IF($A45="","",$G45+$M45) | S45: =IF($A45="","",$H45+$N45) | T45: =IF($A45="","",$I45+$O45) | U45: =IF($A45="","",$S45+$T45) | V45: =IF($A45="","",INDEX(DM_DDK621,32)+INDEX(DM_DDK622,32)+INDEX(DM_DDK623,32)+INDEX(DM_DDK627,32)) | W45: =IF($A45="","",SUMIFS(L_ST,L_Ma,$A45,L_KM,"Phế liệu thu hồi",L_Ngay,">="&pTu,L_Ngay,"<="&pDen)) | X45: =IF($A45="","",SUMIFS(L_ST,L_Ma,$A45,L_KM,"SP hỏng ngoài định mức",L_Ngay,">="&pTu,L_Ngay,"<="&pDen)) | Y45: =IF($A45="","",$P45+$Q45+$R45+$U45) | Z45: =IF($A45="","",IF($D45="Đang thực hiện",$V45+$Y45,CHOOSE(MATCH(pDoDang,LST_DoDang,0),$AE45,$AF45,$AG45))) | AA45: =IF($A45="","",$V45+$Y45-$Z45-$W45-$X45) | AB45: =IF($A45="","",INDEX(DM_SLHT,32)) | AC45: =IF($A45="","",IF($AB45<=0,"⚠ CHƯA CÓ SL",ROUND($AA45/$AB45,0))) | AE45: =IF($A45="","",IFERROR((INDEX(DM_DDK621,32)+$P45)/($AB45+INDEX(DM_SLDD,32))*INDEX(DM_SLDD,32),0)) | AF45: =IF($A45="","",IFERROR((INDEX(DM_DDK621,32)+$P45)/($AB45+INDEX(DM_SLDD,32))*INDEX(DM_SLDD,32),0)+IFERROR((INDEX(DM_DDK622,32)+$Q45)/($AB45+INDEX(DM_SLDD,32)*INDEX(DM_Pct,32))*(INDEX(DM_SLDD,32)*INDEX(DM_Pct,32)),0)+IFERROR((INDEX(DM_DDK623,32)+$R45)/($AB45+INDEX(DM_SLDD,32)*INDEX(DM_Pct,32))*(INDEX(DM_SLDD,32)*INDEX(DM_Pct,32)),0)+IFERROR((INDEX(DM_DDK627,32)+$U45)/($AB45+INDEX(DM_SLDD,32)*INDEX(DM_Pct,32))*(INDEX(DM_SLDD,32)*INDEX(DM_Pct,32)),0)) | AG45: =IF($A45="","",INDEX(DM_SLDD,32)*INDEX(DM_DGDinhMuc,32)) | AH45: =IF($A45="",0,IF(AND(ISNUMBER($AA45),$AA45>0,$AB45<=0),1,0)) | AI45: =IF($A45="",0,IF(AND(ISNUMBER($Z45),$Z45<0),1,0)) | AJ45: =IF($A45="",0,IF(AND(ISNUMBER($AA45),$AA45<0),1,0))
A46: =IF(INDEX(DM_Ma,33)="","",INDEX(DM_Ma,33)) | B46: =IF($A46="","",INDEX(DM_Ten,33)) | C46: =IF($A46="","",INDEX(DM_Loai,33)) | D46: =IF($A46="","",INDEX(DM_TrangThai,33)) | E46: =IF($A46="","",SUMIFS(L_ST,L_Ma,$A46,L_KM,"NVL trực tiếp (621)",L_TT,"Trực tiếp",L_Ngay,">="&pTu,L_Ngay,"<="&pDen)) | F46: =IF($A46="","",SUMIFS(L_ST,L_Ma,$A46,L_KM,"Nhân công trực tiếp (622)",L_TT,"Trực tiếp",L_Ngay,">="&pTu,L_Ngay,"<="&pDen)) | G46: =IF($A46="","",SUMIFS(L_ST,L_Ma,$A46,L_KM,"Máy thi công (623)",L_TT,"Trực tiếp",L_Ngay,">="&pTu,L_Ngay,"<="&pDen)) | H46: =IF($A46="","",SUMIFS(L_ST,L_Ma,$A46,L_KM,"SXC (627)",L_TT,"Trực tiếp",L_Tinh,"Biến đổi",L_Ngay,">="&pTu,L_Ngay,"<="&pDen)) | I46: =IF($A46="","",SUMIFS(L_ST,L_Ma,$A46,L_KM,"SXC (627)",L_TT,"Trực tiếp",L_Tinh,"Cố định",L_Ngay,">="&pTu,L_Ngay,"<="&pDen)) | J46: =IF($A46="","",CHOOSE(MATCH(pTieuThuc,LST_TieuThuc,0),$E46,$F46,INDEX(DM_GioMay,33),INDEX(DM_GioCong,33),INDEX(DM_SLHT,33),INDEX(DM_DThu,33),INDEX(DM_TieuKhac,33))) | K46: =IF($A46="","",IF(tBase=0,0,$J46/tBase*pool621)) | L46: =IF($A46="","",IF(tBase=0,0,$J46/tBase*pool622)) | M46: =IF($A46="","",IF(tBase=0,0,$J46/tBase*pool623)) | N46: =IF($A46="","",IF(tBase=0,0,$J46/tBase*pool627BD)) | O46: =IF($A46="","",IF(tBase=0,0,$J46/tBase*t627CDabs)) | P46: =IF($A46="","",$E46+$K46) | Q46: =IF($A46="","",$F46+$L46) | R46: =IF($A46="","",$G46+$M46) | S46: =IF($A46="","",$H46+$N46) | T46: =IF($A46="","",$I46+$O46) | U46: =IF($A46="","",$S46+$T46) | V46: =IF($A46="","",INDEX(DM_DDK621,33)+INDEX(DM_DDK622,33)+INDEX(DM_DDK623,33)+INDEX(DM_DDK627,33)) | W46: =IF($A46="","",SUMIFS(L_ST,L_Ma,$A46,L_KM,"Phế liệu thu hồi",L_Ngay,">="&pTu,L_Ngay,"<="&pDen)) | X46: =IF($A46="","",SUMIFS(L_ST,L_Ma,$A46,L_KM,"SP hỏng ngoài định mức",L_Ngay,">="&pTu,L_Ngay,"<="&pDen)) | Y46: =IF($A46="","",$P46+$Q46+$R46+$U46) | Z46: =IF($A46="","",IF($D46="Đang thực hiện",$V46+$Y46,CHOOSE(MATCH(pDoDang,LST_DoDang,0),$AE46,$AF46,$AG46))) | AA46: =IF($A46="","",$V46+$Y46-$Z46-$W46-$X46) | AB46: =IF($A46="","",INDEX(DM_SLHT,33)) | AC46: =IF($A46="","",IF($AB46<=0,"⚠ CHƯA CÓ SL",ROUND($AA46/$AB46,0))) | AE46: =IF($A46="","",IFERROR((INDEX(DM_DDK621,33)+$P46)/($AB46+INDEX(DM_SLDD,33))*INDEX(DM_SLDD,33),0)) | AF46: =IF($A46="","",IFERROR((INDEX(DM_DDK621,33)+$P46)/($AB46+INDEX(DM_SLDD,33))*INDEX(DM_SLDD,33),0)+IFERROR((INDEX(DM_DDK622,33)+$Q46)/($AB46+INDEX(DM_SLDD,33)*INDEX(DM_Pct,33))*(INDEX(DM_SLDD,33)*INDEX(DM_Pct,33)),0)+IFERROR((INDEX(DM_DDK623,33)+$R46)/($AB46+INDEX(DM_SLDD,33)*INDEX(DM_Pct,33))*(INDEX(DM_SLDD,33)*INDEX(DM_Pct,33)),0)+IFERROR((INDEX(DM_DDK627,33)+$U46)/($AB46+INDEX(DM_SLDD,33)*INDEX(DM_Pct,33))*(INDEX(DM_SLDD,33)*INDEX(DM_Pct,33)),0)) | AG46: =IF($A46="","",INDEX(DM_SLDD,33)*INDEX(DM_DGDinhMuc,33)) | AH46: =IF($A46="",0,IF(AND(ISNUMBER($AA46),$AA46>0,$AB46<=0),1,0)) | AI46: =IF($A46="",0,IF(AND(ISNUMBER($Z46),$Z46<0),1,0)) | AJ46: =IF($A46="",0,IF(AND(ISNUMBER($AA46),$AA46<0),1,0))
A47: =IF(INDEX(DM_Ma,34)="","",INDEX(DM_Ma,34)) | B47: =IF($A47="","",INDEX(DM_Ten,34)) | C47: =IF($A47="","",INDEX(DM_Loai,34)) | D47: =IF($A47="","",INDEX(DM_TrangThai,34)) | E47: =IF($A47="","",SUMIFS(L_ST,L_Ma,$A47,L_KM,"NVL trực tiếp (621)",L_TT,"Trực tiếp",L_Ngay,">="&pTu,L_Ngay,"<="&pDen)) | F47: =IF($A47="","",SUMIFS(L_ST,L_Ma,$A47,L_KM,"Nhân công trực tiếp (622)",L_TT,"Trực tiếp",L_Ngay,">="&pTu,L_Ngay,"<="&pDen)) | G47: =IF($A47="","",SUMIFS(L_ST,L_Ma,$A47,L_KM,"Máy thi công (623)",L_TT,"Trực tiếp",L_Ngay,">="&pTu,L_Ngay,"<="&pDen)) | H47: =IF($A47="","",SUMIFS(L_ST,L_Ma,$A47,L_KM,"SXC (627)",L_TT,"Trực tiếp",L_Tinh,"Biến đổi",L_Ngay,">="&pTu,L_Ngay,"<="&pDen)) | I47: =IF($A47="","",SUMIFS(L_ST,L_Ma,$A47,L_KM,"SXC (627)",L_TT,"Trực tiếp",L_Tinh,"Cố định",L_Ngay,">="&pTu,L_Ngay,"<="&pDen)) | J47: =IF($A47="","",CHOOSE(MATCH(pTieuThuc,LST_TieuThuc,0),$E47,$F47,INDEX(DM_GioMay,34),INDEX(DM_GioCong,34),INDEX(DM_SLHT,34),INDEX(DM_DThu,34),INDEX(DM_TieuKhac,34))) | K47: =IF($A47="","",IF(tBase=0,0,$J47/tBase*pool621)) | L47: =IF($A47="","",IF(tBase=0,0,$J47/tBase*pool622)) | M47: =IF($A47="","",IF(tBase=0,0,$J47/tBase*pool623)) | N47: =IF($A47="","",IF(tBase=0,0,$J47/tBase*pool627BD)) | O47: =IF($A47="","",IF(tBase=0,0,$J47/tBase*t627CDabs)) | P47: =IF($A47="","",$E47+$K47) | Q47: =IF($A47="","",$F47+$L47) | R47: =IF($A47="","",$G47+$M47) | S47: =IF($A47="","",$H47+$N47) | T47: =IF($A47="","",$I47+$O47) | U47: =IF($A47="","",$S47+$T47) | V47: =IF($A47="","",INDEX(DM_DDK621,34)+INDEX(DM_DDK622,34)+INDEX(DM_DDK623,34)+INDEX(DM_DDK627,34)) | W47: =IF($A47="","",SUMIFS(L_ST,L_Ma,$A47,L_KM,"Phế liệu thu hồi",L_Ngay,">="&pTu,L_Ngay,"<="&pDen)) | X47: =IF($A47="","",SUMIFS(L_ST,L_Ma,$A47,L_KM,"SP hỏng ngoài định mức",L_Ngay,">="&pTu,L_Ngay,"<="&pDen)) | Y47: =IF($A47="","",$P47+$Q47+$R47+$U47) | Z47: =IF($A47="","",IF($D47="Đang thực hiện",$V47+$Y47,CHOOSE(MATCH(pDoDang,LST_DoDang,0),$AE47,$AF47,$AG47))) | AA47: =IF($A47="","",$V47+$Y47-$Z47-$W47-$X47) | AB47: =IF($A47="","",INDEX(DM_SLHT,34)) | AC47: =IF($A47="","",IF($AB47<=0,"⚠ CHƯA CÓ SL",ROUND($AA47/$AB47,0))) | AE47: =IF($A47="","",IFERROR((INDEX(DM_DDK621,34)+$P47)/($AB47+INDEX(DM_SLDD,34))*INDEX(DM_SLDD,34),0)) | AF47: =IF($A47="","",IFERROR((INDEX(DM_DDK621,34)+$P47)/($AB47+INDEX(DM_SLDD,34))*INDEX(DM_SLDD,34),0)+IFERROR((INDEX(DM_DDK622,34)+$Q47)/($AB47+INDEX(DM_SLDD,34)*INDEX(DM_Pct,34))*(INDEX(DM_SLDD,34)*INDEX(DM_Pct,34)),0)+IFERROR((INDEX(DM_DDK623,34)+$R47)/($AB47+INDEX(DM_SLDD,34)*INDEX(DM_Pct,34))*(INDEX(DM_SLDD,34)*INDEX(DM_Pct,34)),0)+IFERROR((INDEX(DM_DDK627,34)+$U47)/($AB47+INDEX(DM_SLDD,34)*INDEX(DM_Pct,34))*(INDEX(DM_SLDD,34)*INDEX(DM_Pct,34)),0)) | AG47: =IF($A47="","",INDEX(DM_SLDD,34)*INDEX(DM_DGDinhMuc,34)) | AH47: =IF($A47="",0,IF(AND(ISNUMBER($AA47),$AA47>0,$AB47<=0),1,0)) | AI47: =IF($A47="",0,IF(AND(ISNUMBER($Z47),$Z47<0),1,0)) | AJ47: =IF($A47="",0,IF(AND(ISNUMBER($AA47),$AA47<0),1,0))
A48: =IF(INDEX(DM_Ma,35)="","",INDEX(DM_Ma,35)) | B48: =IF($A48="","",INDEX(DM_Ten,35)) | C48: =IF($A48="","",INDEX(DM_Loai,35)) | D48: =IF($A48="","",INDEX(DM_TrangThai,35)) | E48: =IF($A48="","",SUMIFS(L_ST,L_Ma,$A48,L_KM,"NVL trực tiếp (621)",L_TT,"Trực tiếp",L_Ngay,">="&pTu,L_Ngay,"<="&pDen)) | F48: =IF($A48="","",SUMIFS(L_ST,L_Ma,$A48,L_KM,"Nhân công trực tiếp (622)",L_TT,"Trực tiếp",L_Ngay,">="&pTu,L_Ngay,"<="&pDen)) | G48: =IF($A48="","",SUMIFS(L_ST,L_Ma,$A48,L_KM,"Máy thi công (623)",L_TT,"Trực tiếp",L_Ngay,">="&pTu,L_Ngay,"<="&pDen)) | H48: =IF($A48="","",SUMIFS(L_ST,L_Ma,$A48,L_KM,"SXC (627)",L_TT,"Trực tiếp",L_Tinh,"Biến đổi",L_Ngay,">="&pTu,L_Ngay,"<="&pDen)) | I48: =IF($A48="","",SUMIFS(L_ST,L_Ma,$A48,L_KM,"SXC (627)",L_TT,"Trực tiếp",L_Tinh,"Cố định",L_Ngay,">="&pTu,L_Ngay,"<="&pDen)) | J48: =IF($A48="","",CHOOSE(MATCH(pTieuThuc,LST_TieuThuc,0),$E48,$F48,INDEX(DM_GioMay,35),INDEX(DM_GioCong,35),INDEX(DM_SLHT,35),INDEX(DM_DThu,35),INDEX(DM_TieuKhac,35))) | K48: =IF($A48="","",IF(tBase=0,0,$J48/tBase*pool621)) | L48: =IF($A48="","",IF(tBase=0,0,$J48/tBase*pool622)) | M48: =IF($A48="","",IF(tBase=0,0,$J48/tBase*pool623)) | N48: =IF($A48="","",IF(tBase=0,0,$J48/tBase*pool627BD)) | O48: =IF($A48="","",IF(tBase=0,0,$J48/tBase*t627CDabs)) | P48: =IF($A48="","",$E48+$K48) | Q48: =IF($A48="","",$F48+$L48) | R48: =IF($A48="","",$G48+$M48) | S48: =IF($A48="","",$H48+$N48) | T48: =IF($A48="","",$I48+$O48) | U48: =IF($A48="","",$S48+$T48) | V48: =IF($A48="","",INDEX(DM_DDK621,35)+INDEX(DM_DDK622,35)+INDEX(DM_DDK623,35)+INDEX(DM_DDK627,35)) | W48: =IF($A48="","",SUMIFS(L_ST,L_Ma,$A48,L_KM,"Phế liệu thu hồi",L_Ngay,">="&pTu,L_Ngay,"<="&pDen)) | X48: =IF($A48="","",SUMIFS(L_ST,L_Ma,$A48,L_KM,"SP hỏng ngoài định mức",L_Ngay,">="&pTu,L_Ngay,"<="&pDen)) | Y48: =IF($A48="","",$P48+$Q48+$R48+$U48) | Z48: =IF($A48="","",IF($D48="Đang thực hiện",$V48+$Y48,CHOOSE(MATCH(pDoDang,LST_DoDang,0),$AE48,$AF48,$AG48))) | AA48: =IF($A48="","",$V48+$Y48-$Z48-$W48-$X48) | AB48: =IF($A48="","",INDEX(DM_SLHT,35)) | AC48: =IF($A48="","",IF($AB48<=0,"⚠ CHƯA CÓ SL",ROUND($AA48/$AB48,0))) | AE48: =IF($A48="","",IFERROR((INDEX(DM_DDK621,35)+$P48)/($AB48+INDEX(DM_SLDD,35))*INDEX(DM_SLDD,35),0)) | AF48: =IF($A48="","",IFERROR((INDEX(DM_DDK621,35)+$P48)/($AB48+INDEX(DM_SLDD,35))*INDEX(DM_SLDD,35),0)+IFERROR((INDEX(DM_DDK622,35)+$Q48)/($AB48+INDEX(DM_SLDD,35)*INDEX(DM_Pct,35))*(INDEX(DM_SLDD,35)*INDEX(DM_Pct,35)),0)+IFERROR((INDEX(DM_DDK623,35)+$R48)/($AB48+INDEX(DM_SLDD,35)*INDEX(DM_Pct,35))*(INDEX(DM_SLDD,35)*INDEX(DM_Pct,35)),0)+IFERROR((INDEX(DM_DDK627,35)+$U48)/($AB48+INDEX(DM_SLDD,35)*INDEX(DM_Pct,35))*(INDEX(DM_SLDD,35)*INDEX(DM_Pct,35)),0)) | AG48: =IF($A48="","",INDEX(DM_SLDD,35)*INDEX(DM_DGDinhMuc,35)) | AH48: =IF($A48="",0,IF(AND(ISNUMBER($AA48),$AA48>0,$AB48<=0),1,0)) | AI48: =IF($A48="",0,IF(AND(ISNUMBER($Z48),$Z48<0),1,0)) | AJ48: =IF($A48="",0,IF(AND(ISNUMBER($AA48),$AA48<0),1,0))
A49: =IF(INDEX(DM_Ma,36)="","",INDEX(DM_Ma,36)) | B49: =IF($A49="","",INDEX(DM_Ten,36)) | C49: =IF($A49="","",INDEX(DM_Loai,36)) | D49: =IF($A49="","",INDEX(DM_TrangThai,36)) | E49: =IF($A49="","",SUMIFS(L_ST,L_Ma,$A49,L_KM,"NVL trực tiếp (621)",L_TT,"Trực tiếp",L_Ngay,">="&pTu,L_Ngay,"<="&pDen)) | F49: =IF($A49="","",SUMIFS(L_ST,L_Ma,$A49,L_KM,"Nhân công trực tiếp (622)",L_TT,"Trực tiếp",L_Ngay,">="&pTu,L_Ngay,"<="&pDen)) | G49: =IF($A49="","",SUMIFS(L_ST,L_Ma,$A49,L_KM,"Máy thi công (623)",L_TT,"Trực tiếp",L_Ngay,">="&pTu,L_Ngay,"<="&pDen)) | H49: =IF($A49="","",SUMIFS(L_ST,L_Ma,$A49,L_KM,"SXC (627)",L_TT,"Trực tiếp",L_Tinh,"Biến đổi",L_Ngay,">="&pTu,L_Ngay,"<="&pDen)) | I49: =IF($A49="","",SUMIFS(L_ST,L_Ma,$A49,L_KM,"SXC (627)",L_TT,"Trực tiếp",L_Tinh,"Cố định",L_Ngay,">="&pTu,L_Ngay,"<="&pDen)) | J49: =IF($A49="","",CHOOSE(MATCH(pTieuThuc,LST_TieuThuc,0),$E49,$F49,INDEX(DM_GioMay,36),INDEX(DM_GioCong,36),INDEX(DM_SLHT,36),INDEX(DM_DThu,36),INDEX(DM_TieuKhac,36))) | K49: =IF($A49="","",IF(tBase=0,0,$J49/tBase*pool621)) | L49: =IF($A49="","",IF(tBase=0,0,$J49/tBase*pool622)) | M49: =IF($A49="","",IF(tBase=0,0,$J49/tBase*pool623)) | N49: =IF($A49="","",IF(tBase=0,0,$J49/tBase*pool627BD)) | O49: =IF($A49="","",IF(tBase=0,0,$J49/tBase*t627CDabs)) | P49: =IF($A49="","",$E49+$K49) | Q49: =IF($A49="","",$F49+$L49) | R49: =IF($A49="","",$G49+$M49) | S49: =IF($A49="","",$H49+$N49) | T49: =IF($A49="","",$I49+$O49) | U49: =IF($A49="","",$S49+$T49) | V49: =IF($A49="","",INDEX(DM_DDK621,36)+INDEX(DM_DDK622,36)+INDEX(DM_DDK623,36)+INDEX(DM_DDK627,36)) | W49: =IF($A49="","",SUMIFS(L_ST,L_Ma,$A49,L_KM,"Phế liệu thu hồi",L_Ngay,">="&pTu,L_Ngay,"<="&pDen)) | X49: =IF($A49="","",SUMIFS(L_ST,L_Ma,$A49,L_KM,"SP hỏng ngoài định mức",L_Ngay,">="&pTu,L_Ngay,"<="&pDen)) | Y49: =IF($A49="","",$P49+$Q49+$R49+$U49) | Z49: =IF($A49="","",IF($D49="Đang thực hiện",$V49+$Y49,CHOOSE(MATCH(pDoDang,LST_DoDang,0),$AE49,$AF49,$AG49))) | AA49: =IF($A49="","",$V49+$Y49-$Z49-$W49-$X49) | AB49: =IF($A49="","",INDEX(DM_SLHT,36)) | AC49: =IF($A49="","",IF($AB49<=0,"⚠ CHƯA CÓ SL",ROUND($AA49/$AB49,0))) | AE49: =IF($A49="","",IFERROR((INDEX(DM_DDK621,36)+$P49)/($AB49+INDEX(DM_SLDD,36))*INDEX(DM_SLDD,36),0)) | AF49: =IF($A49="","",IFERROR((INDEX(DM_DDK621,36)+$P49)/($AB49+INDEX(DM_SLDD,36))*INDEX(DM_SLDD,36),0)+IFERROR((INDEX(DM_DDK622,36)+$Q49)/($AB49+INDEX(DM_SLDD,36)*INDEX(DM_Pct,36))*(INDEX(DM_SLDD,36)*INDEX(DM_Pct,36)),0)+IFERROR((INDEX(DM_DDK623,36)+$R49)/($AB49+INDEX(DM_SLDD,36)*INDEX(DM_Pct,36))*(INDEX(DM_SLDD,36)*INDEX(DM_Pct,36)),0)+IFERROR((INDEX(DM_DDK627,36)+$U49)/($AB49+INDEX(DM_SLDD,36)*INDEX(DM_Pct,36))*(INDEX(DM_SLDD,36)*INDEX(DM_Pct,36)),0)) | AG49: =IF($A49="","",INDEX(DM_SLDD,36)*INDEX(DM_DGDinhMuc,36)) | AH49: =IF($A49="",0,IF(AND(ISNUMBER($AA49),$AA49>0,$AB49<=0),1,0)) | AI49: =IF($A49="",0,IF(AND(ISNUMBER($Z49),$Z49<0),1,0)) | AJ49: =IF($A49="",0,IF(AND(ISNUMBER($AA49),$AA49<0),1,0))
A50: =IF(INDEX(DM_Ma,37)="","",INDEX(DM_Ma,37)) | B50: =IF($A50="","",INDEX(DM_Ten,37)) | C50: =IF($A50="","",INDEX(DM_Loai,37)) | D50: =IF($A50="","",INDEX(DM_TrangThai,37)) | E50: =IF($A50="","",SUMIFS(L_ST,L_Ma,$A50,L_KM,"NVL trực tiếp (621)",L_TT,"Trực tiếp",L_Ngay,">="&pTu,L_Ngay,"<="&pDen)) | F50: =IF($A50="","",SUMIFS(L_ST,L_Ma,$A50,L_KM,"Nhân công trực tiếp (622)",L_TT,"Trực tiếp",L_Ngay,">="&pTu,L_Ngay,"<="&pDen)) | G50: =IF($A50="","",SUMIFS(L_ST,L_Ma,$A50,L_KM,"Máy thi công (623)",L_TT,"Trực tiếp",L_Ngay,">="&pTu,L_Ngay,"<="&pDen)) | H50: =IF($A50="","",SUMIFS(L_ST,L_Ma,$A50,L_KM,"SXC (627)",L_TT,"Trực tiếp",L_Tinh,"Biến đổi",L_Ngay,">="&pTu,L_Ngay,"<="&pDen)) | I50: =IF($A50="","",SUMIFS(L_ST,L_Ma,$A50,L_KM,"SXC (627)",L_TT,"Trực tiếp",L_Tinh,"Cố định",L_Ngay,">="&pTu,L_Ngay,"<="&pDen)) | J50: =IF($A50="","",CHOOSE(MATCH(pTieuThuc,LST_TieuThuc,0),$E50,$F50,INDEX(DM_GioMay,37),INDEX(DM_GioCong,37),INDEX(DM_SLHT,37),INDEX(DM_DThu,37),INDEX(DM_TieuKhac,37))) | K50: =IF($A50="","",IF(tBase=0,0,$J50/tBase*pool621)) | L50: =IF($A50="","",IF(tBase=0,0,$J50/tBase*pool622)) | M50: =IF($A50="","",IF(tBase=0,0,$J50/tBase*pool623)) | N50: =IF($A50="","",IF(tBase=0,0,$J50/tBase*pool627BD)) | O50: =IF($A50="","",IF(tBase=0,0,$J50/tBase*t627CDabs)) | P50: =IF($A50="","",$E50+$K50) | Q50: =IF($A50="","",$F50+$L50) | R50: =IF($A50="","",$G50+$M50) | S50: =IF($A50="","",$H50+$N50) | T50: =IF($A50="","",$I50+$O50) | U50: =IF($A50="","",$S50+$T50) | V50: =IF($A50="","",INDEX(DM_DDK621,37)+INDEX(DM_DDK622,37)+INDEX(DM_DDK623,37)+INDEX(DM_DDK627,37)) | W50: =IF($A50="","",SUMIFS(L_ST,L_Ma,$A50,L_KM,"Phế liệu thu hồi",L_Ngay,">="&pTu,L_Ngay,"<="&pDen)) | X50: =IF($A50="","",SUMIFS(L_ST,L_Ma,$A50,L_KM,"SP hỏng ngoài định mức",L_Ngay,">="&pTu,L_Ngay,"<="&pDen)) | Y50: =IF($A50="","",$P50+$Q50+$R50+$U50) | Z50: =IF($A50="","",IF($D50="Đang thực hiện",$V50+$Y50,CHOOSE(MATCH(pDoDang,LST_DoDang,0),$AE50,$AF50,$AG50))) | AA50: =IF($A50="","",$V50+$Y50-$Z50-$W50-$X50) | AB50: =IF($A50="","",INDEX(DM_SLHT,37)) | AC50: =IF($A50="","",IF($AB50<=0,"⚠ CHƯA CÓ SL",ROUND($AA50/$AB50,0))) | AE50: =IF($A50="","",IFERROR((INDEX(DM_DDK621,37)+$P50)/($AB50+INDEX(DM_SLDD,37))*INDEX(DM_SLDD,37),0)) | AF50: =IF($A50="","",IFERROR((INDEX(DM_DDK621,37)+$P50)/($AB50+INDEX(DM_SLDD,37))*INDEX(DM_SLDD,37),0)+IFERROR((INDEX(DM_DDK622,37)+$Q50)/($AB50+INDEX(DM_SLDD,37)*INDEX(DM_Pct,37))*(INDEX(DM_SLDD,37)*INDEX(DM_Pct,37)),0)+IFERROR((INDEX(DM_DDK623,37)+$R50)/($AB50+INDEX(DM_SLDD,37)*INDEX(DM_Pct,37))*(INDEX(DM_SLDD,37)*INDEX(DM_Pct,37)),0)+IFERROR((INDEX(DM_DDK627,37)+$U50)/($AB50+INDEX(DM_SLDD,37)*INDEX(DM_Pct,37))*(INDEX(DM_SLDD,37)*INDEX(DM_Pct,37)),0)) | AG50: =IF($A50="","",INDEX(DM_SLDD,37)*INDEX(DM_DGDinhMuc,37)) | AH50: =IF($A50="",0,IF(AND(ISNUMBER($AA50),$AA50>0,$AB50<=0),1,0)) | AI50: =IF($A50="",0,IF(AND(ISNUMBER($Z50),$Z50<0),1,0)) | AJ50: =IF($A50="",0,IF(AND(ISNUMBER($AA50),$AA50<0),1,0))
A51: =IF(INDEX(DM_Ma,38)="","",INDEX(DM_Ma,38)) | B51: =IF($A51="","",INDEX(DM_Ten,38)) | C51: =IF($A51="","",INDEX(DM_Loai,38)) | D51: =IF($A51="","",INDEX(DM_TrangThai,38)) | E51: =IF($A51="","",SUMIFS(L_ST,L_Ma,$A51,L_KM,"NVL trực tiếp (621)",L_TT,"Trực tiếp",L_Ngay,">="&pTu,L_Ngay,"<="&pDen)) | F51: =IF($A51="","",SUMIFS(L_ST,L_Ma,$A51,L_KM,"Nhân công trực tiếp (622)",L_TT,"Trực tiếp",L_Ngay,">="&pTu,L_Ngay,"<="&pDen)) | G51: =IF($A51="","",SUMIFS(L_ST,L_Ma,$A51,L_KM,"Máy thi công (623)",L_TT,"Trực tiếp",L_Ngay,">="&pTu,L_Ngay,"<="&pDen)) | H51: =IF($A51="","",SUMIFS(L_ST,L_Ma,$A51,L_KM,"SXC (627)",L_TT,"Trực tiếp",L_Tinh,"Biến đổi",L_Ngay,">="&pTu,L_Ngay,"<="&pDen)) | I51: =IF($A51="","",SUMIFS(L_ST,L_Ma,$A51,L_KM,"SXC (627)",L_TT,"Trực tiếp",L_Tinh,"Cố định",L_Ngay,">="&pTu,L_Ngay,"<="&pDen)) | J51: =IF($A51="","",CHOOSE(MATCH(pTieuThuc,LST_TieuThuc,0),$E51,$F51,INDEX(DM_GioMay,38),INDEX(DM_GioCong,38),INDEX(DM_SLHT,38),INDEX(DM_DThu,38),INDEX(DM_TieuKhac,38))) | K51: =IF($A51="","",IF(tBase=0,0,$J51/tBase*pool621)) | L51: =IF($A51="","",IF(tBase=0,0,$J51/tBase*pool622)) | M51: =IF($A51="","",IF(tBase=0,0,$J51/tBase*pool623)) | N51: =IF($A51="","",IF(tBase=0,0,$J51/tBase*pool627BD)) | O51: =IF($A51="","",IF(tBase=0,0,$J51/tBase*t627CDabs)) | P51: =IF($A51="","",$E51+$K51) | Q51: =IF($A51="","",$F51+$L51) | R51: =IF($A51="","",$G51+$M51) | S51: =IF($A51="","",$H51+$N51) | T51: =IF($A51="","",$I51+$O51) | U51: =IF($A51="","",$S51+$T51) | V51: =IF($A51="","",INDEX(DM_DDK621,38)+INDEX(DM_DDK622,38)+INDEX(DM_DDK623,38)+INDEX(DM_DDK627,38)) | W51: =IF($A51="","",SUMIFS(L_ST,L_Ma,$A51,L_KM,"Phế liệu thu hồi",L_Ngay,">="&pTu,L_Ngay,"<="&pDen)) | X51: =IF($A51="","",SUMIFS(L_ST,L_Ma,$A51,L_KM,"SP hỏng ngoài định mức",L_Ngay,">="&pTu,L_Ngay,"<="&pDen)) | Y51: =IF($A51="","",$P51+$Q51+$R51+$U51) | Z51: =IF($A51="","",IF($D51="Đang thực hiện",$V51+$Y51,CHOOSE(MATCH(pDoDang,LST_DoDang,0),$AE51,$AF51,$AG51))) | AA51: =IF($A51="","",$V51+$Y51-$Z51-$W51-$X51) | AB51: =IF($A51="","",INDEX(DM_SLHT,38)) | AC51: =IF($A51="","",IF($AB51<=0,"⚠ CHƯA CÓ SL",ROUND($AA51/$AB51,0))) | AE51: =IF($A51="","",IFERROR((INDEX(DM_DDK621,38)+$P51)/($AB51+INDEX(DM_SLDD,38))*INDEX(DM_SLDD,38),0)) | AF51: =IF($A51="","",IFERROR((INDEX(DM_DDK621,38)+$P51)/($AB51+INDEX(DM_SLDD,38))*INDEX(DM_SLDD,38),0)+IFERROR((INDEX(DM_DDK622,38)+$Q51)/($AB51+INDEX(DM_SLDD,38)*INDEX(DM_Pct,38))*(INDEX(DM_SLDD,38)*INDEX(DM_Pct,38)),0)+IFERROR((INDEX(DM_DDK623,38)+$R51)/($AB51+INDEX(DM_SLDD,38)*INDEX(DM_Pct,38))*(INDEX(DM_SLDD,38)*INDEX(DM_Pct,38)),0)+IFERROR((INDEX(DM_DDK627,38)+$U51)/($AB51+INDEX(DM_SLDD,38)*INDEX(DM_Pct,38))*(INDEX(DM_SLDD,38)*INDEX(DM_Pct,38)),0)) | AG51: =IF($A51="","",INDEX(DM_SLDD,38)*INDEX(DM_DGDinhMuc,38)) | AH51: =IF($A51="",0,IF(AND(ISNUMBER($AA51),$AA51>0,$AB51<=0),1,0)) | AI51: =IF($A51="",0,IF(AND(ISNUMBER($Z51),$Z51<0),1,0)) | AJ51: =IF($A51="",0,IF(AND(ISNUMBER($AA51),$AA51<0),1,0))
A52: =IF(INDEX(DM_Ma,39)="","",INDEX(DM_Ma,39)) | B52: =IF($A52="","",INDEX(DM_Ten,39)) | C52: =IF($A52="","",INDEX(DM_Loai,39)) | D52: =IF($A52="","",INDEX(DM_TrangThai,39)) | E52: =IF($A52="","",SUMIFS(L_ST,L_Ma,$A52,L_KM,"NVL trực tiếp (621)",L_TT,"Trực tiếp",L_Ngay,">="&pTu,L_Ngay,"<="&pDen)) | F52: =IF($A52="","",SUMIFS(L_ST,L_Ma,$A52,L_KM,"Nhân công trực tiếp (622)",L_TT,"Trực tiếp",L_Ngay,">="&pTu,L_Ngay,"<="&pDen)) | G52: =IF($A52="","",SUMIFS(L_ST,L_Ma,$A52,L_KM,"Máy thi công (623)",L_TT,"Trực tiếp",L_Ngay,">="&pTu,L_Ngay,"<="&pDen)) | H52: =IF($A52="","",SUMIFS(L_ST,L_Ma,$A52,L_KM,"SXC (627)",L_TT,"Trực tiếp",L_Tinh,"Biến đổi",L_Ngay,">="&pTu,L_Ngay,"<="&pDen)) | I52: =IF($A52="","",SUMIFS(L_ST,L_Ma,$A52,L_KM,"SXC (627)",L_TT,"Trực tiếp",L_Tinh,"Cố định",L_Ngay,">="&pTu,L_Ngay,"<="&pDen)) | J52: =IF($A52="","",CHOOSE(MATCH(pTieuThuc,LST_TieuThuc,0),$E52,$F52,INDEX(DM_GioMay,39),INDEX(DM_GioCong,39),INDEX(DM_SLHT,39),INDEX(DM_DThu,39),INDEX(DM_TieuKhac,39))) | K52: =IF($A52="","",IF(tBase=0,0,$J52/tBase*pool621)) | L52: =IF($A52="","",IF(tBase=0,0,$J52/tBase*pool622)) | M52: =IF($A52="","",IF(tBase=0,0,$J52/tBase*pool623)) | N52: =IF($A52="","",IF(tBase=0,0,$J52/tBase*pool627BD)) | O52: =IF($A52="","",IF(tBase=0,0,$J52/tBase*t627CDabs)) | P52: =IF($A52="","",$E52+$K52) | Q52: =IF($A52="","",$F52+$L52) | R52: =IF($A52="","",$G52+$M52) | S52: =IF($A52="","",$H52+$N52) | T52: =IF($A52="","",$I52+$O52) | U52: =IF($A52="","",$S52+$T52) | V52: =IF($A52="","",INDEX(DM_DDK621,39)+INDEX(DM_DDK622,39)+INDEX(DM_DDK623,39)+INDEX(DM_DDK627,39)) | W52: =IF($A52="","",SUMIFS(L_ST,L_Ma,$A52,L_KM,"Phế liệu thu hồi",L_Ngay,">="&pTu,L_Ngay,"<="&pDen)) | X52: =IF($A52="","",SUMIFS(L_ST,L_Ma,$A52,L_KM,"SP hỏng ngoài định mức",L_Ngay,">="&pTu,L_Ngay,"<="&pDen)) | Y52: =IF($A52="","",$P52+$Q52+$R52+$U52) | Z52: =IF($A52="","",IF($D52="Đang thực hiện",$V52+$Y52,CHOOSE(MATCH(pDoDang,LST_DoDang,0),$AE52,$AF52,$AG52))) | AA52: =IF($A52="","",$V52+$Y52-$Z52-$W52-$X52) | AB52: =IF($A52="","",INDEX(DM_SLHT,39)) | AC52: =IF($A52="","",IF($AB52<=0,"⚠ CHƯA CÓ SL",ROUND($AA52/$AB52,0))) | AE52: =IF($A52="","",IFERROR((INDEX(DM_DDK621,39)+$P52)/($AB52+INDEX(DM_SLDD,39))*INDEX(DM_SLDD,39),0)) | AF52: =IF($A52="","",IFERROR((INDEX(DM_DDK621,39)+$P52)/($AB52+INDEX(DM_SLDD,39))*INDEX(DM_SLDD,39),0)+IFERROR((INDEX(DM_DDK622,39)+$Q52)/($AB52+INDEX(DM_SLDD,39)*INDEX(DM_Pct,39))*(INDEX(DM_SLDD,39)*INDEX(DM_Pct,39)),0)+IFERROR((INDEX(DM_DDK623,39)+$R52)/($AB52+INDEX(DM_SLDD,39)*INDEX(DM_Pct,39))*(INDEX(DM_SLDD,39)*INDEX(DM_Pct,39)),0)+IFERROR((INDEX(DM_DDK627,39)+$U52)/($AB52+INDEX(DM_SLDD,39)*INDEX(DM_Pct,39))*(INDEX(DM_SLDD,39)*INDEX(DM_Pct,39)),0)) | AG52: =IF($A52="","",INDEX(DM_SLDD,39)*INDEX(DM_DGDinhMuc,39)) | AH52: =IF($A52="",0,IF(AND(ISNUMBER($AA52),$AA52>0,$AB52<=0),1,0)) | AI52: =IF($A52="",0,IF(AND(ISNUMBER($Z52),$Z52<0),1,0)) | AJ52: =IF($A52="",0,IF(AND(ISNUMBER($AA52),$AA52<0),1,0))
A53: =IF(INDEX(DM_Ma,40)="","",INDEX(DM_Ma,40)) | B53: =IF($A53="","",INDEX(DM_Ten,40)) | C53: =IF($A53="","",INDEX(DM_Loai,40)) | D53: =IF($A53="","",INDEX(DM_TrangThai,40)) | E53: =IF($A53="","",SUMIFS(L_ST,L_Ma,$A53,L_KM,"NVL trực tiếp (621)",L_TT,"Trực tiếp",L_Ngay,">="&pTu,L_Ngay,"<="&pDen)) | F53: =IF($A53="","",SUMIFS(L_ST,L_Ma,$A53,L_KM,"Nhân công trực tiếp (622)",L_TT,"Trực tiếp",L_Ngay,">="&pTu,L_Ngay,"<="&pDen)) | G53: =IF($A53="","",SUMIFS(L_ST,L_Ma,$A53,L_KM,"Máy thi công (623)",L_TT,"Trực tiếp",L_Ngay,">="&pTu,L_Ngay,"<="&pDen)) | H53: =IF($A53="","",SUMIFS(L_ST,L_Ma,$A53,L_KM,"SXC (627)",L_TT,"Trực tiếp",L_Tinh,"Biến đổi",L_Ngay,">="&pTu,L_Ngay,"<="&pDen)) | I53: =IF($A53="","",SUMIFS(L_ST,L_Ma,$A53,L_KM,"SXC (627)",L_TT,"Trực tiếp",L_Tinh,"Cố định",L_Ngay,">="&pTu,L_Ngay,"<="&pDen)) | J53: =IF($A53="","",CHOOSE(MATCH(pTieuThuc,LST_TieuThuc,0),$E53,$F53,INDEX(DM_GioMay,40),INDEX(DM_GioCong,40),INDEX(DM_SLHT,40),INDEX(DM_DThu,40),INDEX(DM_TieuKhac,40))) | K53: =IF($A53="","",IF(tBase=0,0,$J53/tBase*pool621)) | L53: =IF($A53="","",IF(tBase=0,0,$J53/tBase*pool622)) | M53: =IF($A53="","",IF(tBase=0,0,$J53/tBase*pool623)) | N53: =IF($A53="","",IF(tBase=0,0,$J53/tBase*pool627BD)) | O53: =IF($A53="","",IF(tBase=0,0,$J53/tBase*t627CDabs)) | P53: =IF($A53="","",$E53+$K53) | Q53: =IF($A53="","",$F53+$L53) | R53: =IF($A53="","",$G53+$M53) | S53: =IF($A53="","",$H53+$N53) | T53: =IF($A53="","",$I53+$O53) | U53: =IF($A53="","",$S53+$T53) | V53: =IF($A53="","",INDEX(DM_DDK621,40)+INDEX(DM_DDK622,40)+INDEX(DM_DDK623,40)+INDEX(DM_DDK627,40)) | W53: =IF($A53="","",SUMIFS(L_ST,L_Ma,$A53,L_KM,"Phế liệu thu hồi",L_Ngay,">="&pTu,L_Ngay,"<="&pDen)) | X53: =IF($A53="","",SUMIFS(L_ST,L_Ma,$A53,L_KM,"SP hỏng ngoài định mức",L_Ngay,">="&pTu,L_Ngay,"<="&pDen)) | Y53: =IF($A53="","",$P53+$Q53+$R53+$U53) | Z53: =IF($A53="","",IF($D53="Đang thực hiện",$V53+$Y53,CHOOSE(MATCH(pDoDang,LST_DoDang,0),$AE53,$AF53,$AG53))) | AA53: =IF($A53="","",$V53+$Y53-$Z53-$W53-$X53) | AB53: =IF($A53="","",INDEX(DM_SLHT,40)) | AC53: =IF($A53="","",IF($AB53<=0,"⚠ CHƯA CÓ SL",ROUND($AA53/$AB53,0))) | AE53: =IF($A53="","",IFERROR((INDEX(DM_DDK621,40)+$P53)/($AB53+INDEX(DM_SLDD,40))*INDEX(DM_SLDD,40),0)) | AF53: =IF($A53="","",IFERROR((INDEX(DM_DDK621,40)+$P53)/($AB53+INDEX(DM_SLDD,40))*INDEX(DM_SLDD,40),0)+IFERROR((INDEX(DM_DDK622,40)+$Q53)/($AB53+INDEX(DM_SLDD,40)*INDEX(DM_Pct,40))*(INDEX(DM_SLDD,40)*INDEX(DM_Pct,40)),0)+IFERROR((INDEX(DM_DDK623,40)+$R53)/($AB53+INDEX(DM_SLDD,40)*INDEX(DM_Pct,40))*(INDEX(DM_SLDD,40)*INDEX(DM_Pct,40)),0)+IFERROR((INDEX(DM_DDK627,40)+$U53)/($AB53+INDEX(DM_SLDD,40)*INDEX(DM_Pct,40))*(INDEX(DM_SLDD,40)*INDEX(DM_Pct,40)),0)) | AG53: =IF($A53="","",INDEX(DM_SLDD,40)*INDEX(DM_DGDinhMuc,40)) | AH53: =IF($A53="",0,IF(AND(ISNUMBER($AA53),$AA53>0,$AB53<=0),1,0)) | AI53: =IF($A53="",0,IF(AND(ISNUMBER($Z53),$Z53<0),1,0)) | AJ53: =IF($A53="",0,IF(AND(ISNUMBER($AA53),$AA53<0),1,0))
A54: =IF(INDEX(DM_Ma,41)="","",INDEX(DM_Ma,41)) | B54: =IF($A54="","",INDEX(DM_Ten,41)) | C54: =IF($A54="","",INDEX(DM_Loai,41)) | D54: =IF($A54="","",INDEX(DM_TrangThai,41)) | E54: =IF($A54="","",SUMIFS(L_ST,L_Ma,$A54,L_KM,"NVL trực tiếp (621)",L_TT,"Trực tiếp",L_Ngay,">="&pTu,L_Ngay,"<="&pDen)) | F54: =IF($A54="","",SUMIFS(L_ST,L_Ma,$A54,L_KM,"Nhân công trực tiếp (622)",L_TT,"Trực tiếp",L_Ngay,">="&pTu,L_Ngay,"<="&pDen)) | G54: =IF($A54="","",SUMIFS(L_ST,L_Ma,$A54,L_KM,"Máy thi công (623)",L_TT,"Trực tiếp",L_Ngay,">="&pTu,L_Ngay,"<="&pDen)) | H54: =IF($A54="","",SUMIFS(L_ST,L_Ma,$A54,L_KM,"SXC (627)",L_TT,"Trực tiếp",L_Tinh,"Biến đổi",L_Ngay,">="&pTu,L_Ngay,"<="&pDen)) | I54: =IF($A54="","",SUMIFS(L_ST,L_Ma,$A54,L_KM,"SXC (627)",L_TT,"Trực tiếp",L_Tinh,"Cố định",L_Ngay,">="&pTu,L_Ngay,"<="&pDen)) | J54: =IF($A54="","",CHOOSE(MATCH(pTieuThuc,LST_TieuThuc,0),$E54,$F54,INDEX(DM_GioMay,41),INDEX(DM_GioCong,41),INDEX(DM_SLHT,41),INDEX(DM_DThu,41),INDEX(DM_TieuKhac,41))) | K54: =IF($A54="","",IF(tBase=0,0,$J54/tBase*pool621)) | L54: =IF($A54="","",IF(tBase=0,0,$J54/tBase*pool622)) | M54: =IF($A54="","",IF(tBase=0,0,$J54/tBase*pool623)) | N54: =IF($A54="","",IF(tBase=0,0,$J54/tBase*pool627BD)) | O54: =IF($A54="","",IF(tBase=0,0,$J54/tBase*t627CDabs)) | P54: =IF($A54="","",$E54+$K54) | Q54: =IF($A54="","",$F54+$L54) | R54: =IF($A54="","",$G54+$M54) | S54: =IF($A54="","",$H54+$N54) | T54: =IF($A54="","",$I54+$O54) | U54: =IF($A54="","",$S54+$T54) | V54: =IF($A54="","",INDEX(DM_DDK621,41)+INDEX(DM_DDK622,41)+INDEX(DM_DDK623,41)+INDEX(DM_DDK627,41)) | W54: =IF($A54="","",SUMIFS(L_ST,L_Ma,$A54,L_KM,"Phế liệu thu hồi",L_Ngay,">="&pTu,L_Ngay,"<="&pDen)) | X54: =IF($A54="","",SUMIFS(L_ST,L_Ma,$A54,L_KM,"SP hỏng ngoài định mức",L_Ngay,">="&pTu,L_Ngay,"<="&pDen)) | Y54: =IF($A54="","",$P54+$Q54+$R54+$U54) | Z54: =IF($A54="","",IF($D54="Đang thực hiện",$V54+$Y54,CHOOSE(MATCH(pDoDang,LST_DoDang,0),$AE54,$AF54,$AG54))) | AA54: =IF($A54="","",$V54+$Y54-$Z54-$W54-$X54) | AB54: =IF($A54="","",INDEX(DM_SLHT,41)) | AC54: =IF($A54="","",IF($AB54<=0,"⚠ CHƯA CÓ SL",ROUND($AA54/$AB54,0))) | AE54: =IF($A54="","",IFERROR((INDEX(DM_DDK621,41)+$P54)/($AB54+INDEX(DM_SLDD,41))*INDEX(DM_SLDD,41),0)) | AF54: =IF($A54="","",IFERROR((INDEX(DM_DDK621,41)+$P54)/($AB54+INDEX(DM_SLDD,41))*INDEX(DM_SLDD,41),0)+IFERROR((INDEX(DM_DDK622,41)+$Q54)/($AB54+INDEX(DM_SLDD,41)*INDEX(DM_Pct,41))*(INDEX(DM_SLDD,41)*INDEX(DM_Pct,41)),0)+IFERROR((INDEX(DM_DDK623,41)+$R54)/($AB54+INDEX(DM_SLDD,41)*INDEX(DM_Pct,41))*(INDEX(DM_SLDD,41)*INDEX(DM_Pct,41)),0)+IFERROR((INDEX(DM_DDK627,41)+$U54)/($AB54+INDEX(DM_SLDD,41)*INDEX(DM_Pct,41))*(INDEX(DM_SLDD,41)*INDEX(DM_Pct,41)),0)) | AG54: =IF($A54="","",INDEX(DM_SLDD,41)*INDEX(DM_DGDinhMuc,41)) | AH54: =IF($A54="",0,IF(AND(ISNUMBER($AA54),$AA54>0,$AB54<=0),1,0)) | AI54: =IF($A54="",0,IF(AND(ISNUMBER($Z54),$Z54<0),1,0)) | AJ54: =IF($A54="",0,IF(AND(ISNUMBER($AA54),$AA54<0),1,0))
A55: =IF(INDEX(DM_Ma,42)="","",INDEX(DM_Ma,42)) | B55: =IF($A55="","",INDEX(DM_Ten,42)) | C55: =IF($A55="","",INDEX(DM_Loai,42)) | D55: =IF($A55="","",INDEX(DM_TrangThai,42)) | E55: =IF($A55="","",SUMIFS(L_ST,L_Ma,$A55,L_KM,"NVL trực tiếp (621)",L_TT,"Trực tiếp",L_Ngay,">="&pTu,L_Ngay,"<="&pDen)) | F55: =IF($A55="","",SUMIFS(L_ST,L_Ma,$A55,L_KM,"Nhân công trực tiếp (622)",L_TT,"Trực tiếp",L_Ngay,">="&pTu,L_Ngay,"<="&pDen)) | G55: =IF($A55="","",SUMIFS(L_ST,L_Ma,$A55,L_KM,"Máy thi công (623)",L_TT,"Trực tiếp",L_Ngay,">="&pTu,L_Ngay,"<="&pDen)) | H55: =IF($A55="","",SUMIFS(L_ST,L_Ma,$A55,L_KM,"SXC (627)",L_TT,"Trực tiếp",L_Tinh,"Biến đổi",L_Ngay,">="&pTu,L_Ngay,"<="&pDen)) | I55: =IF($A55="","",SUMIFS(L_ST,L_Ma,$A55,L_KM,"SXC (627)",L_TT,"Trực tiếp",L_Tinh,"Cố định",L_Ngay,">="&pTu,L_Ngay,"<="&pDen)) | J55: =IF($A55="","",CHOOSE(MATCH(pTieuThuc,LST_TieuThuc,0),$E55,$F55,INDEX(DM_GioMay,42),INDEX(DM_GioCong,42),INDEX(DM_SLHT,42),INDEX(DM_DThu,42),INDEX(DM_TieuKhac,42))) | K55: =IF($A55="","",IF(tBase=0,0,$J55/tBase*pool621)) | L55: =IF($A55="","",IF(tBase=0,0,$J55/tBase*pool622)) | M55: =IF($A55="","",IF(tBase=0,0,$J55/tBase*pool623)) | N55: =IF($A55="","",IF(tBase=0,0,$J55/tBase*pool627BD)) | O55: =IF($A55="","",IF(tBase=0,0,$J55/tBase*t627CDabs)) | P55: =IF($A55="","",$E55+$K55) | Q55: =IF($A55="","",$F55+$L55) | R55: =IF($A55="","",$G55+$M55) | S55: =IF($A55="","",$H55+$N55) | T55: =IF($A55="","",$I55+$O55) | U55: =IF($A55="","",$S55+$T55) | V55: =IF($A55="","",INDEX(DM_DDK621,42)+INDEX(DM_DDK622,42)+INDEX(DM_DDK623,42)+INDEX(DM_DDK627,42)) | W55: =IF($A55="","",SUMIFS(L_ST,L_Ma,$A55,L_KM,"Phế liệu thu hồi",L_Ngay,">="&pTu,L_Ngay,"<="&pDen)) | X55: =IF($A55="","",SUMIFS(L_ST,L_Ma,$A55,L_KM,"SP hỏng ngoài định mức",L_Ngay,">="&pTu,L_Ngay,"<="&pDen)) | Y55: =IF($A55="","",$P55+$Q55+$R55+$U55) | Z55: =IF($A55="","",IF($D55="Đang thực hiện",$V55+$Y55,CHOOSE(MATCH(pDoDang,LST_DoDang,0),$AE55,$AF55,$AG55))) | AA55: =IF($A55="","",$V55+$Y55-$Z55-$W55-$X55) | AB55: =IF($A55="","",INDEX(DM_SLHT,42)) | AC55: =IF($A55="","",IF($AB55<=0,"⚠ CHƯA CÓ SL",ROUND($AA55/$AB55,0))) | AE55: =IF($A55="","",IFERROR((INDEX(DM_DDK621,42)+$P55)/($AB55+INDEX(DM_SLDD,42))*INDEX(DM_SLDD,42),0)) | AF55: =IF($A55="","",IFERROR((INDEX(DM_DDK621,42)+$P55)/($AB55+INDEX(DM_SLDD,42))*INDEX(DM_SLDD,42),0)+IFERROR((INDEX(DM_DDK622,42)+$Q55)/($AB55+INDEX(DM_SLDD,42)*INDEX(DM_Pct,42))*(INDEX(DM_SLDD,42)*INDEX(DM_Pct,42)),0)+IFERROR((INDEX(DM_DDK623,42)+$R55)/($AB55+INDEX(DM_SLDD,42)*INDEX(DM_Pct,42))*(INDEX(DM_SLDD,42)*INDEX(DM_Pct,42)),0)+IFERROR((INDEX(DM_DDK627,42)+$U55)/($AB55+INDEX(DM_SLDD,42)*INDEX(DM_Pct,42))*(INDEX(DM_SLDD,42)*INDEX(DM_Pct,42)),0)) | AG55: =IF($A55="","",INDEX(DM_SLDD,42)*INDEX(DM_DGDinhMuc,42)) | AH55: =IF($A55="",0,IF(AND(ISNUMBER($AA55),$AA55>0,$AB55<=0),1,0)) | AI55: =IF($A55="",0,IF(AND(ISNUMBER($Z55),$Z55<0),1,0)) | AJ55: =IF($A55="",0,IF(AND(ISNUMBER($AA55),$AA55<0),1,0))
A56: =IF(INDEX(DM_Ma,43)="","",INDEX(DM_Ma,43)) | B56: =IF($A56="","",INDEX(DM_Ten,43)) | C56: =IF($A56="","",INDEX(DM_Loai,43)) | D56: =IF($A56="","",INDEX(DM_TrangThai,43)) | E56: =IF($A56="","",SUMIFS(L_ST,L_Ma,$A56,L_KM,"NVL trực tiếp (621)",L_TT,"Trực tiếp",L_Ngay,">="&pTu,L_Ngay,"<="&pDen)) | F56: =IF($A56="","",SUMIFS(L_ST,L_Ma,$A56,L_KM,"Nhân công trực tiếp (622)",L_TT,"Trực tiếp",L_Ngay,">="&pTu,L_Ngay,"<="&pDen)) | G56: =IF($A56="","",SUMIFS(L_ST,L_Ma,$A56,L_KM,"Máy thi công (623)",L_TT,"Trực tiếp",L_Ngay,">="&pTu,L_Ngay,"<="&pDen)) | H56: =IF($A56="","",SUMIFS(L_ST,L_Ma,$A56,L_KM,"SXC (627)",L_TT,"Trực tiếp",L_Tinh,"Biến đổi",L_Ngay,">="&pTu,L_Ngay,"<="&pDen)) | I56: =IF($A56="","",SUMIFS(L_ST,L_Ma,$A56,L_KM,"SXC (627)",L_TT,"Trực tiếp",L_Tinh,"Cố định",L_Ngay,">="&pTu,L_Ngay,"<="&pDen)) | J56: =IF($A56="","",CHOOSE(MATCH(pTieuThuc,LST_TieuThuc,0),$E56,$F56,INDEX(DM_GioMay,43),INDEX(DM_GioCong,43),INDEX(DM_SLHT,43),INDEX(DM_DThu,43),INDEX(DM_TieuKhac,43))) | K56: =IF($A56="","",IF(tBase=0,0,$J56/tBase*pool621)) | L56: =IF($A56="","",IF(tBase=0,0,$J56/tBase*pool622)) | M56: =IF($A56="","",IF(tBase=0,0,$J56/tBase*pool623)) | N56: =IF($A56="","",IF(tBase=0,0,$J56/tBase*pool627BD)) | O56: =IF($A56="","",IF(tBase=0,0,$J56/tBase*t627CDabs)) | P56: =IF($A56="","",$E56+$K56) | Q56: =IF($A56="","",$F56+$L56) | R56: =IF($A56="","",$G56+$M56) | S56: =IF($A56="","",$H56+$N56) | T56: =IF($A56="","",$I56+$O56) | U56: =IF($A56="","",$S56+$T56) | V56: =IF($A56="","",INDEX(DM_DDK621,43)+INDEX(DM_DDK622,43)+INDEX(DM_DDK623,43)+INDEX(DM_DDK627,43)) | W56: =IF($A56="","",SUMIFS(L_ST,L_Ma,$A56,L_KM,"Phế liệu thu hồi",L_Ngay,">="&pTu,L_Ngay,"<="&pDen)) | X56: =IF($A56="","",SUMIFS(L_ST,L_Ma,$A56,L_KM,"SP hỏng ngoài định mức",L_Ngay,">="&pTu,L_Ngay,"<="&pDen)) | Y56: =IF($A56="","",$P56+$Q56+$R56+$U56) | Z56: =IF($A56="","",IF($D56="Đang thực hiện",$V56+$Y56,CHOOSE(MATCH(pDoDang,LST_DoDang,0),$AE56,$AF56,$AG56))) | AA56: =IF($A56="","",$V56+$Y56-$Z56-$W56-$X56) | AB56: =IF($A56="","",INDEX(DM_SLHT,43)) | AC56: =IF($A56="","",IF($AB56<=0,"⚠ CHƯA CÓ SL",ROUND($AA56/$AB56,0))) | AE56: =IF($A56="","",IFERROR((INDEX(DM_DDK621,43)+$P56)/($AB56+INDEX(DM_SLDD,43))*INDEX(DM_SLDD,43),0)) | AF56: =IF($A56="","",IFERROR((INDEX(DM_DDK621,43)+$P56)/($AB56+INDEX(DM_SLDD,43))*INDEX(DM_SLDD,43),0)+IFERROR((INDEX(DM_DDK622,43)+$Q56)/($AB56+INDEX(DM_SLDD,43)*INDEX(DM_Pct,43))*(INDEX(DM_SLDD,43)*INDEX(DM_Pct,43)),0)+IFERROR((INDEX(DM_DDK623,43)+$R56)/($AB56+INDEX(DM_SLDD,43)*INDEX(DM_Pct,43))*(INDEX(DM_SLDD,43)*INDEX(DM_Pct,43)),0)+IFERROR((INDEX(DM_DDK627,43)+$U56)/($AB56+INDEX(DM_SLDD,43)*INDEX(DM_Pct,43))*(INDEX(DM_SLDD,43)*INDEX(DM_Pct,43)),0)) | AG56: =IF($A56="","",INDEX(DM_SLDD,43)*INDEX(DM_DGDinhMuc,43)) | AH56: =IF($A56="",0,IF(AND(ISNUMBER($AA56),$AA56>0,$AB56<=0),1,0)) | AI56: =IF($A56="",0,IF(AND(ISNUMBER($Z56),$Z56<0),1,0)) | AJ56: =IF($A56="",0,IF(AND(ISNUMBER($AA56),$AA56<0),1,0))
A57: =IF(INDEX(DM_Ma,44)="","",INDEX(DM_Ma,44)) | B57: =IF($A57="","",INDEX(DM_Ten,44)) | C57: =IF($A57="","",INDEX(DM_Loai,44)) | D57: =IF($A57="","",INDEX(DM_TrangThai,44)) | E57: =IF($A57="","",SUMIFS(L_ST,L_Ma,$A57,L_KM,"NVL trực tiếp (621)",L_TT,"Trực tiếp",L_Ngay,">="&pTu,L_Ngay,"<="&pDen)) | F57: =IF($A57="","",SUMIFS(L_ST,L_Ma,$A57,L_KM,"Nhân công trực tiếp (622)",L_TT,"Trực tiếp",L_Ngay,">="&pTu,L_Ngay,"<="&pDen)) | G57: =IF($A57="","",SUMIFS(L_ST,L_Ma,$A57,L_KM,"Máy thi công (623)",L_TT,"Trực tiếp",L_Ngay,">="&pTu,L_Ngay,"<="&pDen)) | H57: =IF($A57="","",SUMIFS(L_ST,L_Ma,$A57,L_KM,"SXC (627)",L_TT,"Trực tiếp",L_Tinh,"Biến đổi",L_Ngay,">="&pTu,L_Ngay,"<="&pDen)) | I57: =IF($A57="","",SUMIFS(L_ST,L_Ma,$A57,L_KM,"SXC (627)",L_TT,"Trực tiếp",L_Tinh,"Cố định",L_Ngay,">="&pTu,L_Ngay,"<="&pDen)) | J57: =IF($A57="","",CHOOSE(MATCH(pTieuThuc,LST_TieuThuc,0),$E57,$F57,INDEX(DM_GioMay,44),INDEX(DM_GioCong,44),INDEX(DM_SLHT,44),INDEX(DM_DThu,44),INDEX(DM_TieuKhac,44))) | K57: =IF($A57="","",IF(tBase=0,0,$J57/tBase*pool621)) | L57: =IF($A57="","",IF(tBase=0,0,$J57/tBase*pool622)) | M57: =IF($A57="","",IF(tBase=0,0,$J57/tBase*pool623)) | N57: =IF($A57="","",IF(tBase=0,0,$J57/tBase*pool627BD)) | O57: =IF($A57="","",IF(tBase=0,0,$J57/tBase*t627CDabs)) | P57: =IF($A57="","",$E57+$K57) | Q57: =IF($A57="","",$F57+$L57) | R57: =IF($A57="","",$G57+$M57) | S57: =IF($A57="","",$H57+$N57) | T57: =IF($A57="","",$I57+$O57) | U57: =IF($A57="","",$S57+$T57) | V57: =IF($A57="","",INDEX(DM_DDK621,44)+INDEX(DM_DDK622,44)+INDEX(DM_DDK623,44)+INDEX(DM_DDK627,44)) | W57: =IF($A57="","",SUMIFS(L_ST,L_Ma,$A57,L_KM,"Phế liệu thu hồi",L_Ngay,">="&pTu,L_Ngay,"<="&pDen)) | X57: =IF($A57="","",SUMIFS(L_ST,L_Ma,$A57,L_KM,"SP hỏng ngoài định mức",L_Ngay,">="&pTu,L_Ngay,"<="&pDen)) | Y57: =IF($A57="","",$P57+$Q57+$R57+$U57) | Z57: =IF($A57="","",IF($D57="Đang thực hiện",$V57+$Y57,CHOOSE(MATCH(pDoDang,LST_DoDang,0),$AE57,$AF57,$AG57))) | AA57: =IF($A57="","",$V57+$Y57-$Z57-$W57-$X57) | AB57: =IF($A57="","",INDEX(DM_SLHT,44)) | AC57: =IF($A57="","",IF($AB57<=0,"⚠ CHƯA CÓ SL",ROUND($AA57/$AB57,0))) | AE57: =IF($A57="","",IFERROR((INDEX(DM_DDK621,44)+$P57)/($AB57+INDEX(DM_SLDD,44))*INDEX(DM_SLDD,44),0)) | AF57: =IF($A57="","",IFERROR((INDEX(DM_DDK621,44)+$P57)/($AB57+INDEX(DM_SLDD,44))*INDEX(DM_SLDD,44),0)+IFERROR((INDEX(DM_DDK622,44)+$Q57)/($AB57+INDEX(DM_SLDD,44)*INDEX(DM_Pct,44))*(INDEX(DM_SLDD,44)*INDEX(DM_Pct,44)),0)+IFERROR((INDEX(DM_DDK623,44)+$R57)/($AB57+INDEX(DM_SLDD,44)*INDEX(DM_Pct,44))*(INDEX(DM_SLDD,44)*INDEX(DM_Pct,44)),0)+IFERROR((INDEX(DM_DDK627,44)+$U57)/($AB57+INDEX(DM_SLDD,44)*INDEX(DM_Pct,44))*(INDEX(DM_SLDD,44)*INDEX(DM_Pct,44)),0)) | AG57: =IF($A57="","",INDEX(DM_SLDD,44)*INDEX(DM_DGDinhMuc,44)) | AH57: =IF($A57="",0,IF(AND(ISNUMBER($AA57),$AA57>0,$AB57<=0),1,0)) | AI57: =IF($A57="",0,IF(AND(ISNUMBER($Z57),$Z57<0),1,0)) | AJ57: =IF($A57="",0,IF(AND(ISNUMBER($AA57),$AA57<0),1,0))
A58: =IF(INDEX(DM_Ma,45)="","",INDEX(DM_Ma,45)) | B58: =IF($A58="","",INDEX(DM_Ten,45)) | C58: =IF($A58="","",INDEX(DM_Loai,45)) | D58: =IF($A58="","",INDEX(DM_TrangThai,45)) | E58: =IF($A58="","",SUMIFS(L_ST,L_Ma,$A58,L_KM,"NVL trực tiếp (621)",L_TT,"Trực tiếp",L_Ngay,">="&pTu,L_Ngay,"<="&pDen)) | F58: =IF($A58="","",SUMIFS(L_ST,L_Ma,$A58,L_KM,"Nhân công trực tiếp (622)",L_TT,"Trực tiếp",L_Ngay,">="&pTu,L_Ngay,"<="&pDen)) | G58: =IF($A58="","",SUMIFS(L_ST,L_Ma,$A58,L_KM,"Máy thi công (623)",L_TT,"Trực tiếp",L_Ngay,">="&pTu,L_Ngay,"<="&pDen)) | H58: =IF($A58="","",SUMIFS(L_ST,L_Ma,$A58,L_KM,"SXC (627)",L_TT,"Trực tiếp",L_Tinh,"Biến đổi",L_Ngay,">="&pTu,L_Ngay,"<="&pDen)) | I58: =IF($A58="","",SUMIFS(L_ST,L_Ma,$A58,L_KM,"SXC (627)",L_TT,"Trực tiếp",L_Tinh,"Cố định",L_Ngay,">="&pTu,L_Ngay,"<="&pDen)) | J58: =IF($A58="","",CHOOSE(MATCH(pTieuThuc,LST_TieuThuc,0),$E58,$F58,INDEX(DM_GioMay,45),INDEX(DM_GioCong,45),INDEX(DM_SLHT,45),INDEX(DM_DThu,45),INDEX(DM_TieuKhac,45))) | K58: =IF($A58="","",IF(tBase=0,0,$J58/tBase*pool621)) | L58: =IF($A58="","",IF(tBase=0,0,$J58/tBase*pool622)) | M58: =IF($A58="","",IF(tBase=0,0,$J58/tBase*pool623)) | N58: =IF($A58="","",IF(tBase=0,0,$J58/tBase*pool627BD)) | O58: =IF($A58="","",IF(tBase=0,0,$J58/tBase*t627CDabs)) | P58: =IF($A58="","",$E58+$K58) | Q58: =IF($A58="","",$F58+$L58) | R58: =IF($A58="","",$G58+$M58) | S58: =IF($A58="","",$H58+$N58) | T58: =IF($A58="","",$I58+$O58) | U58: =IF($A58="","",$S58+$T58) | V58: =IF($A58="","",INDEX(DM_DDK621,45)+INDEX(DM_DDK622,45)+INDEX(DM_DDK623,45)+INDEX(DM_DDK627,45)) | W58: =IF($A58="","",SUMIFS(L_ST,L_Ma,$A58,L_KM,"Phế liệu thu hồi",L_Ngay,">="&pTu,L_Ngay,"<="&pDen)) | X58: =IF($A58="","",SUMIFS(L_ST,L_Ma,$A58,L_KM,"SP hỏng ngoài định mức",L_Ngay,">="&pTu,L_Ngay,"<="&pDen)) | Y58: =IF($A58="","",$P58+$Q58+$R58+$U58) | Z58: =IF($A58="","",IF($D58="Đang thực hiện",$V58+$Y58,CHOOSE(MATCH(pDoDang,LST_DoDang,0),$AE58,$AF58,$AG58))) | AA58: =IF($A58="","",$V58+$Y58-$Z58-$W58-$X58) | AB58: =IF($A58="","",INDEX(DM_SLHT,45)) | AC58: =IF($A58="","",IF($AB58<=0,"⚠ CHƯA CÓ SL",ROUND($AA58/$AB58,0))) | AE58: =IF($A58="","",IFERROR((INDEX(DM_DDK621,45)+$P58)/($AB58+INDEX(DM_SLDD,45))*INDEX(DM_SLDD,45),0)) | AF58: =IF($A58="","",IFERROR((INDEX(DM_DDK621,45)+$P58)/($AB58+INDEX(DM_SLDD,45))*INDEX(DM_SLDD,45),0)+IFERROR((INDEX(DM_DDK622,45)+$Q58)/($AB58+INDEX(DM_SLDD,45)*INDEX(DM_Pct,45))*(INDEX(DM_SLDD,45)*INDEX(DM_Pct,45)),0)+IFERROR((INDEX(DM_DDK623,45)+$R58)/($AB58+INDEX(DM_SLDD,45)*INDEX(DM_Pct,45))*(INDEX(DM_SLDD,45)*INDEX(DM_Pct,45)),0)+IFERROR((INDEX(DM_DDK627,45)+$U58)/($AB58+INDEX(DM_SLDD,45)*INDEX(DM_Pct,45))*(INDEX(DM_SLDD,45)*INDEX(DM_Pct,45)),0)) | AG58: =IF($A58="","",INDEX(DM_SLDD,45)*INDEX(DM_DGDinhMuc,45)) | AH58: =IF($A58="",0,IF(AND(ISNUMBER($AA58),$AA58>0,$AB58<=0),1,0)) | AI58: =IF($A58="",0,IF(AND(ISNUMBER($Z58),$Z58<0),1,0)) | AJ58: =IF($A58="",0,IF(AND(ISNUMBER($AA58),$AA58<0),1,0))
A59: =IF(INDEX(DM_Ma,46)="","",INDEX(DM_Ma,46)) | B59: =IF($A59="","",INDEX(DM_Ten,46)) | C59: =IF($A59="","",INDEX(DM_Loai,46)) | D59: =IF($A59="","",INDEX(DM_TrangThai,46)) | E59: =IF($A59="","",SUMIFS(L_ST,L_Ma,$A59,L_KM,"NVL trực tiếp (621)",L_TT,"Trực tiếp",L_Ngay,">="&pTu,L_Ngay,"<="&pDen)) | F59: =IF($A59="","",SUMIFS(L_ST,L_Ma,$A59,L_KM,"Nhân công trực tiếp (622)",L_TT,"Trực tiếp",L_Ngay,">="&pTu,L_Ngay,"<="&pDen)) | G59: =IF($A59="","",SUMIFS(L_ST,L_Ma,$A59,L_KM,"Máy thi công (623)",L_TT,"Trực tiếp",L_Ngay,">="&pTu,L_Ngay,"<="&pDen)) | H59: =IF($A59="","",SUMIFS(L_ST,L_Ma,$A59,L_KM,"SXC (627)",L_TT,"Trực tiếp",L_Tinh,"Biến đổi",L_Ngay,">="&pTu,L_Ngay,"<="&pDen)) | I59: =IF($A59="","",SUMIFS(L_ST,L_Ma,$A59,L_KM,"SXC (627)",L_TT,"Trực tiếp",L_Tinh,"Cố định",L_Ngay,">="&pTu,L_Ngay,"<="&pDen)) | J59: =IF($A59="","",CHOOSE(MATCH(pTieuThuc,LST_TieuThuc,0),$E59,$F59,INDEX(DM_GioMay,46),INDEX(DM_GioCong,46),INDEX(DM_SLHT,46),INDEX(DM_DThu,46),INDEX(DM_TieuKhac,46))) | K59: =IF($A59="","",IF(tBase=0,0,$J59/tBase*pool621)) | L59: =IF($A59="","",IF(tBase=0,0,$J59/tBase*pool622)) | M59: =IF($A59="","",IF(tBase=0,0,$J59/tBase*pool623)) | N59: =IF($A59="","",IF(tBase=0,0,$J59/tBase*pool627BD)) | O59: =IF($A59="","",IF(tBase=0,0,$J59/tBase*t627CDabs)) | P59: =IF($A59="","",$E59+$K59) | Q59: =IF($A59="","",$F59+$L59) | R59: =IF($A59="","",$G59+$M59) | S59: =IF($A59="","",$H59+$N59) | T59: =IF($A59="","",$I59+$O59) | U59: =IF($A59="","",$S59+$T59) | V59: =IF($A59="","",INDEX(DM_DDK621,46)+INDEX(DM_DDK622,46)+INDEX(DM_DDK623,46)+INDEX(DM_DDK627,46)) | W59: =IF($A59="","",SUMIFS(L_ST,L_Ma,$A59,L_KM,"Phế liệu thu hồi",L_Ngay,">="&pTu,L_Ngay,"<="&pDen)) | X59: =IF($A59="","",SUMIFS(L_ST,L_Ma,$A59,L_KM,"SP hỏng ngoài định mức",L_Ngay,">="&pTu,L_Ngay,"<="&pDen)) | Y59: =IF($A59="","",$P59+$Q59+$R59+$U59) | Z59: =IF($A59="","",IF($D59="Đang thực hiện",$V59+$Y59,CHOOSE(MATCH(pDoDang,LST_DoDang,0),$AE59,$AF59,$AG59))) | AA59: =IF($A59="","",$V59+$Y59-$Z59-$W59-$X59) | AB59: =IF($A59="","",INDEX(DM_SLHT,46)) | AC59: =IF($A59="","",IF($AB59<=0,"⚠ CHƯA CÓ SL",ROUND($AA59/$AB59,0))) | AE59: =IF($A59="","",IFERROR((INDEX(DM_DDK621,46)+$P59)/($AB59+INDEX(DM_SLDD,46))*INDEX(DM_SLDD,46),0)) | AF59: =IF($A59="","",IFERROR((INDEX(DM_DDK621,46)+$P59)/($AB59+INDEX(DM_SLDD,46))*INDEX(DM_SLDD,46),0)+IFERROR((INDEX(DM_DDK622,46)+$Q59)/($AB59+INDEX(DM_SLDD,46)*INDEX(DM_Pct,46))*(INDEX(DM_SLDD,46)*INDEX(DM_Pct,46)),0)+IFERROR((INDEX(DM_DDK623,46)+$R59)/($AB59+INDEX(DM_SLDD,46)*INDEX(DM_Pct,46))*(INDEX(DM_SLDD,46)*INDEX(DM_Pct,46)),0)+IFERROR((INDEX(DM_DDK627,46)+$U59)/($AB59+INDEX(DM_SLDD,46)*INDEX(DM_Pct,46))*(INDEX(DM_SLDD,46)*INDEX(DM_Pct,46)),0)) | AG59: =IF($A59="","",INDEX(DM_SLDD,46)*INDEX(DM_DGDinhMuc,46)) | AH59: =IF($A59="",0,IF(AND(ISNUMBER($AA59),$AA59>0,$AB59<=0),1,0)) | AI59: =IF($A59="",0,IF(AND(ISNUMBER($Z59),$Z59<0),1,0)) | AJ59: =IF($A59="",0,IF(AND(ISNUMBER($AA59),$AA59<0),1,0))
A60: =IF(INDEX(DM_Ma,47)="","",INDEX(DM_Ma,47)) | B60: =IF($A60="","",INDEX(DM_Ten,47)) | C60: =IF($A60="","",INDEX(DM_Loai,47)) | D60: =IF($A60="","",INDEX(DM_TrangThai,47)) | E60: =IF($A60="","",SUMIFS(L_ST,L_Ma,$A60,L_KM,"NVL trực tiếp (621)",L_TT,"Trực tiếp",L_Ngay,">="&pTu,L_Ngay,"<="&pDen)) | F60: =IF($A60="","",SUMIFS(L_ST,L_Ma,$A60,L_KM,"Nhân công trực tiếp (622)",L_TT,"Trực tiếp",L_Ngay,">="&pTu,L_Ngay,"<="&pDen)) | G60: =IF($A60="","",SUMIFS(L_ST,L_Ma,$A60,L_KM,"Máy thi công (623)",L_TT,"Trực tiếp",L_Ngay,">="&pTu,L_Ngay,"<="&pDen)) | H60: =IF($A60="","",SUMIFS(L_ST,L_Ma,$A60,L_KM,"SXC (627)",L_TT,"Trực tiếp",L_Tinh,"Biến đổi",L_Ngay,">="&pTu,L_Ngay,"<="&pDen)) | I60: =IF($A60="","",SUMIFS(L_ST,L_Ma,$A60,L_KM,"SXC (627)",L_TT,"Trực tiếp",L_Tinh,"Cố định",L_Ngay,">="&pTu,L_Ngay,"<="&pDen)) | J60: =IF($A60="","",CHOOSE(MATCH(pTieuThuc,LST_TieuThuc,0),$E60,$F60,INDEX(DM_GioMay,47),INDEX(DM_GioCong,47),INDEX(DM_SLHT,47),INDEX(DM_DThu,47),INDEX(DM_TieuKhac,47))) | K60: =IF($A60="","",IF(tBase=0,0,$J60/tBase*pool621)) | L60: =IF($A60="","",IF(tBase=0,0,$J60/tBase*pool622)) | M60: =IF($A60="","",IF(tBase=0,0,$J60/tBase*pool623)) | N60: =IF($A60="","",IF(tBase=0,0,$J60/tBase*pool627BD)) | O60: =IF($A60="","",IF(tBase=0,0,$J60/tBase*t627CDabs)) | P60: =IF($A60="","",$E60+$K60) | Q60: =IF($A60="","",$F60+$L60) | R60: =IF($A60="","",$G60+$M60) | S60: =IF($A60="","",$H60+$N60) | T60: =IF($A60="","",$I60+$O60) | U60: =IF($A60="","",$S60+$T60) | V60: =IF($A60="","",INDEX(DM_DDK621,47)+INDEX(DM_DDK622,47)+INDEX(DM_DDK623,47)+INDEX(DM_DDK627,47)) | W60: =IF($A60="","",SUMIFS(L_ST,L_Ma,$A60,L_KM,"Phế liệu thu hồi",L_Ngay,">="&pTu,L_Ngay,"<="&pDen)) | X60: =IF($A60="","",SUMIFS(L_ST,L_Ma,$A60,L_KM,"SP hỏng ngoài định mức",L_Ngay,">="&pTu,L_Ngay,"<="&pDen)) | Y60: =IF($A60="","",$P60+$Q60+$R60+$U60) | Z60: =IF($A60="","",IF($D60="Đang thực hiện",$V60+$Y60,CHOOSE(MATCH(pDoDang,LST_DoDang,0),$AE60,$AF60,$AG60))) | AA60: =IF($A60="","",$V60+$Y60-$Z60-$W60-$X60) | AB60: =IF($A60="","",INDEX(DM_SLHT,47)) | AC60: =IF($A60="","",IF($AB60<=0,"⚠ CHƯA CÓ SL",ROUND($AA60/$AB60,0))) | AE60: =IF($A60="","",IFERROR((INDEX(DM_DDK621,47)+$P60)/($AB60+INDEX(DM_SLDD,47))*INDEX(DM_SLDD,47),0)) | AF60: =IF($A60="","",IFERROR((INDEX(DM_DDK621,47)+$P60)/($AB60+INDEX(DM_SLDD,47))*INDEX(DM_SLDD,47),0)+IFERROR((INDEX(DM_DDK622,47)+$Q60)/($AB60+INDEX(DM_SLDD,47)*INDEX(DM_Pct,47))*(INDEX(DM_SLDD,47)*INDEX(DM_Pct,47)),0)+IFERROR((INDEX(DM_DDK623,47)+$R60)/($AB60+INDEX(DM_SLDD,47)*INDEX(DM_Pct,47))*(INDEX(DM_SLDD,47)*INDEX(DM_Pct,47)),0)+IFERROR((INDEX(DM_DDK627,47)+$U60)/($AB60+INDEX(DM_SLDD,47)*INDEX(DM_Pct,47))*(INDEX(DM_SLDD,47)*INDEX(DM_Pct,47)),0)) | AG60: =IF($A60="","",INDEX(DM_SLDD,47)*INDEX(DM_DGDinhMuc,47)) | AH60: =IF($A60="",0,IF(AND(ISNUMBER($AA60),$AA60>0,$AB60<=0),1,0)) | AI60: =IF($A60="",0,IF(AND(ISNUMBER($Z60),$Z60<0),1,0)) | AJ60: =IF($A60="",0,IF(AND(ISNUMBER($AA60),$AA60<0),1,0))
A61: =IF(INDEX(DM_Ma,48)="","",INDEX(DM_Ma,48)) | B61: =IF($A61="","",INDEX(DM_Ten,48)) | C61: =IF($A61="","",INDEX(DM_Loai,48)) | D61: =IF($A61="","",INDEX(DM_TrangThai,48)) | E61: =IF($A61="","",SUMIFS(L_ST,L_Ma,$A61,L_KM,"NVL trực tiếp (621)",L_TT,"Trực tiếp",L_Ngay,">="&pTu,L_Ngay,"<="&pDen)) | F61: =IF($A61="","",SUMIFS(L_ST,L_Ma,$A61,L_KM,"Nhân công trực tiếp (622)",L_TT,"Trực tiếp",L_Ngay,">="&pTu,L_Ngay,"<="&pDen)) | G61: =IF($A61="","",SUMIFS(L_ST,L_Ma,$A61,L_KM,"Máy thi công (623)",L_TT,"Trực tiếp",L_Ngay,">="&pTu,L_Ngay,"<="&pDen)) | H61: =IF($A61="","",SUMIFS(L_ST,L_Ma,$A61,L_KM,"SXC (627)",L_TT,"Trực tiếp",L_Tinh,"Biến đổi",L_Ngay,">="&pTu,L_Ngay,"<="&pDen)) | I61: =IF($A61="","",SUMIFS(L_ST,L_Ma,$A61,L_KM,"SXC (627)",L_TT,"Trực tiếp",L_Tinh,"Cố định",L_Ngay,">="&pTu,L_Ngay,"<="&pDen)) | J61: =IF($A61="","",CHOOSE(MATCH(pTieuThuc,LST_TieuThuc,0),$E61,$F61,INDEX(DM_GioMay,48),INDEX(DM_GioCong,48),INDEX(DM_SLHT,48),INDEX(DM_DThu,48),INDEX(DM_TieuKhac,48))) | K61: =IF($A61="","",IF(tBase=0,0,$J61/tBase*pool621)) | L61: =IF($A61="","",IF(tBase=0,0,$J61/tBase*pool622)) | M61: =IF($A61="","",IF(tBase=0,0,$J61/tBase*pool623)) | N61: =IF($A61="","",IF(tBase=0,0,$J61/tBase*pool627BD)) | O61: =IF($A61="","",IF(tBase=0,0,$J61/tBase*t627CDabs)) | P61: =IF($A61="","",$E61+$K61) | Q61: =IF($A61="","",$F61+$L61) | R61: =IF($A61="","",$G61+$M61) | S61: =IF($A61="","",$H61+$N61) | T61: =IF($A61="","",$I61+$O61) | U61: =IF($A61="","",$S61+$T61) | V61: =IF($A61="","",INDEX(DM_DDK621,48)+INDEX(DM_DDK622,48)+INDEX(DM_DDK623,48)+INDEX(DM_DDK627,48)) | W61: =IF($A61="","",SUMIFS(L_ST,L_Ma,$A61,L_KM,"Phế liệu thu hồi",L_Ngay,">="&pTu,L_Ngay,"<="&pDen)) | X61: =IF($A61="","",SUMIFS(L_ST,L_Ma,$A61,L_KM,"SP hỏng ngoài định mức",L_Ngay,">="&pTu,L_Ngay,"<="&pDen)) | Y61: =IF($A61="","",$P61+$Q61+$R61+$U61) | Z61: =IF($A61="","",IF($D61="Đang thực hiện",$V61+$Y61,CHOOSE(MATCH(pDoDang,LST_DoDang,0),$AE61,$AF61,$AG61))) | AA61: =IF($A61="","",$V61+$Y61-$Z61-$W61-$X61) | AB61: =IF($A61="","",INDEX(DM_SLHT,48)) | AC61: =IF($A61="","",IF($AB61<=0,"⚠ CHƯA CÓ SL",ROUND($AA61/$AB61,0))) | AE61: =IF($A61="","",IFERROR((INDEX(DM_DDK621,48)+$P61)/($AB61+INDEX(DM_SLDD,48))*INDEX(DM_SLDD,48),0)) | AF61: =IF($A61="","",IFERROR((INDEX(DM_DDK621,48)+$P61)/($AB61+INDEX(DM_SLDD,48))*INDEX(DM_SLDD,48),0)+IFERROR((INDEX(DM_DDK622,48)+$Q61)/($AB61+INDEX(DM_SLDD,48)*INDEX(DM_Pct,48))*(INDEX(DM_SLDD,48)*INDEX(DM_Pct,48)),0)+IFERROR((INDEX(DM_DDK623,48)+$R61)/($AB61+INDEX(DM_SLDD,48)*INDEX(DM_Pct,48))*(INDEX(DM_SLDD,48)*INDEX(DM_Pct,48)),0)+IFERROR((INDEX(DM_DDK627,48)+$U61)/($AB61+INDEX(DM_SLDD,48)*INDEX(DM_Pct,48))*(INDEX(DM_SLDD,48)*INDEX(DM_Pct,48)),0)) | AG61: =IF($A61="","",INDEX(DM_SLDD,48)*INDEX(DM_DGDinhMuc,48)) | AH61: =IF($A61="",0,IF(AND(ISNUMBER($AA61),$AA61>0,$AB61<=0),1,0)) | AI61: =IF($A61="",0,IF(AND(ISNUMBER($Z61),$Z61<0),1,0)) | AJ61: =IF($A61="",0,IF(AND(ISNUMBER($AA61),$AA61<0),1,0))
A62: =IF(INDEX(DM_Ma,49)="","",INDEX(DM_Ma,49)) | B62: =IF($A62="","",INDEX(DM_Ten,49)) | C62: =IF($A62="","",INDEX(DM_Loai,49)) | D62: =IF($A62="","",INDEX(DM_TrangThai,49)) | E62: =IF($A62="","",SUMIFS(L_ST,L_Ma,$A62,L_KM,"NVL trực tiếp (621)",L_TT,"Trực tiếp",L_Ngay,">="&pTu,L_Ngay,"<="&pDen)) | F62: =IF($A62="","",SUMIFS(L_ST,L_Ma,$A62,L_KM,"Nhân công trực tiếp (622)",L_TT,"Trực tiếp",L_Ngay,">="&pTu,L_Ngay,"<="&pDen)) | G62: =IF($A62="","",SUMIFS(L_ST,L_Ma,$A62,L_KM,"Máy thi công (623)",L_TT,"Trực tiếp",L_Ngay,">="&pTu,L_Ngay,"<="&pDen)) | H62: =IF($A62="","",SUMIFS(L_ST,L_Ma,$A62,L_KM,"SXC (627)",L_TT,"Trực tiếp",L_Tinh,"Biến đổi",L_Ngay,">="&pTu,L_Ngay,"<="&pDen)) | I62: =IF($A62="","",SUMIFS(L_ST,L_Ma,$A62,L_KM,"SXC (627)",L_TT,"Trực tiếp",L_Tinh,"Cố định",L_Ngay,">="&pTu,L_Ngay,"<="&pDen)) | J62: =IF($A62="","",CHOOSE(MATCH(pTieuThuc,LST_TieuThuc,0),$E62,$F62,INDEX(DM_GioMay,49),INDEX(DM_GioCong,49),INDEX(DM_SLHT,49),INDEX(DM_DThu,49),INDEX(DM_TieuKhac,49))) | K62: =IF($A62="","",IF(tBase=0,0,$J62/tBase*pool621)) | L62: =IF($A62="","",IF(tBase=0,0,$J62/tBase*pool622)) | M62: =IF($A62="","",IF(tBase=0,0,$J62/tBase*pool623)) | N62: =IF($A62="","",IF(tBase=0,0,$J62/tBase*pool627BD)) | O62: =IF($A62="","",IF(tBase=0,0,$J62/tBase*t627CDabs)) | P62: =IF($A62="","",$E62+$K62) | Q62: =IF($A62="","",$F62+$L62) | R62: =IF($A62="","",$G62+$M62) | S62: =IF($A62="","",$H62+$N62) | T62: =IF($A62="","",$I62+$O62) | U62: =IF($A62="","",$S62+$T62) | V62: =IF($A62="","",INDEX(DM_DDK621,49)+INDEX(DM_DDK622,49)+INDEX(DM_DDK623,49)+INDEX(DM_DDK627,49)) | W62: =IF($A62="","",SUMIFS(L_ST,L_Ma,$A62,L_KM,"Phế liệu thu hồi",L_Ngay,">="&pTu,L_Ngay,"<="&pDen)) | X62: =IF($A62="","",SUMIFS(L_ST,L_Ma,$A62,L_KM,"SP hỏng ngoài định mức",L_Ngay,">="&pTu,L_Ngay,"<="&pDen)) | Y62: =IF($A62="","",$P62+$Q62+$R62+$U62) | Z62: =IF($A62="","",IF($D62="Đang thực hiện",$V62+$Y62,CHOOSE(MATCH(pDoDang,LST_DoDang,0),$AE62,$AF62,$AG62))) | AA62: =IF($A62="","",$V62+$Y62-$Z62-$W62-$X62) | AB62: =IF($A62="","",INDEX(DM_SLHT,49)) | AC62: =IF($A62="","",IF($AB62<=0,"⚠ CHƯA CÓ SL",ROUND($AA62/$AB62,0))) | AE62: =IF($A62="","",IFERROR((INDEX(DM_DDK621,49)+$P62)/($AB62+INDEX(DM_SLDD,49))*INDEX(DM_SLDD,49),0)) | AF62: =IF($A62="","",IFERROR((INDEX(DM_DDK621,49)+$P62)/($AB62+INDEX(DM_SLDD,49))*INDEX(DM_SLDD,49),0)+IFERROR((INDEX(DM_DDK622,49)+$Q62)/($AB62+INDEX(DM_SLDD,49)*INDEX(DM_Pct,49))*(INDEX(DM_SLDD,49)*INDEX(DM_Pct,49)),0)+IFERROR((INDEX(DM_DDK623,49)+$R62)/($AB62+INDEX(DM_SLDD,49)*INDEX(DM_Pct,49))*(INDEX(DM_SLDD,49)*INDEX(DM_Pct,49)),0)+IFERROR((INDEX(DM_DDK627,49)+$U62)/($AB62+INDEX(DM_SLDD,49)*INDEX(DM_Pct,49))*(INDEX(DM_SLDD,49)*INDEX(DM_Pct,49)),0)) | AG62: =IF($A62="","",INDEX(DM_SLDD,49)*INDEX(DM_DGDinhMuc,49)) | AH62: =IF($A62="",0,IF(AND(ISNUMBER($AA62),$AA62>0,$AB62<=0),1,0)) | AI62: =IF($A62="",0,IF(AND(ISNUMBER($Z62),$Z62<0),1,0)) | AJ62: =IF($A62="",0,IF(AND(ISNUMBER($AA62),$AA62<0),1,0))
A63: =IF(INDEX(DM_Ma,50)="","",INDEX(DM_Ma,50)) | B63: =IF($A63="","",INDEX(DM_Ten,50)) | C63: =IF($A63="","",INDEX(DM_Loai,50)) | D63: =IF($A63="","",INDEX(DM_TrangThai,50)) | E63: =IF($A63="","",SUMIFS(L_ST,L_Ma,$A63,L_KM,"NVL trực tiếp (621)",L_TT,"Trực tiếp",L_Ngay,">="&pTu,L_Ngay,"<="&pDen)) | F63: =IF($A63="","",SUMIFS(L_ST,L_Ma,$A63,L_KM,"Nhân công trực tiếp (622)",L_TT,"Trực tiếp",L_Ngay,">="&pTu,L_Ngay,"<="&pDen)) | G63: =IF($A63="","",SUMIFS(L_ST,L_Ma,$A63,L_KM,"Máy thi công (623)",L_TT,"Trực tiếp",L_Ngay,">="&pTu,L_Ngay,"<="&pDen)) | H63: =IF($A63="","",SUMIFS(L_ST,L_Ma,$A63,L_KM,"SXC (627)",L_TT,"Trực tiếp",L_Tinh,"Biến đổi",L_Ngay,">="&pTu,L_Ngay,"<="&pDen)) | I63: =IF($A63="","",SUMIFS(L_ST,L_Ma,$A63,L_KM,"SXC (627)",L_TT,"Trực tiếp",L_Tinh,"Cố định",L_Ngay,">="&pTu,L_Ngay,"<="&pDen)) | J63: =IF($A63="","",CHOOSE(MATCH(pTieuThuc,LST_TieuThuc,0),$E63,$F63,INDEX(DM_GioMay,50),INDEX(DM_GioCong,50),INDEX(DM_SLHT,50),INDEX(DM_DThu,50),INDEX(DM_TieuKhac,50))) | K63: =IF($A63="","",IF(tBase=0,0,$J63/tBase*pool621)) | L63: =IF($A63="","",IF(tBase=0,0,$J63/tBase*pool622)) | M63: =IF($A63="","",IF(tBase=0,0,$J63/tBase*pool623)) | N63: =IF($A63="","",IF(tBase=0,0,$J63/tBase*pool627BD)) | O63: =IF($A63="","",IF(tBase=0,0,$J63/tBase*t627CDabs)) | P63: =IF($A63="","",$E63+$K63) | Q63: =IF($A63="","",$F63+$L63) | R63: =IF($A63="","",$G63+$M63) | S63: =IF($A63="","",$H63+$N63) | T63: =IF($A63="","",$I63+$O63) | U63: =IF($A63="","",$S63+$T63) | V63: =IF($A63="","",INDEX(DM_DDK621,50)+INDEX(DM_DDK622,50)+INDEX(DM_DDK623,50)+INDEX(DM_DDK627,50)) | W63: =IF($A63="","",SUMIFS(L_ST,L_Ma,$A63,L_KM,"Phế liệu thu hồi",L_Ngay,">="&pTu,L_Ngay,"<="&pDen)) | X63: =IF($A63="","",SUMIFS(L_ST,L_Ma,$A63,L_KM,"SP hỏng ngoài định mức",L_Ngay,">="&pTu,L_Ngay,"<="&pDen)) | Y63: =IF($A63="","",$P63+$Q63+$R63+$U63) | Z63: =IF($A63="","",IF($D63="Đang thực hiện",$V63+$Y63,CHOOSE(MATCH(pDoDang,LST_DoDang,0),$AE63,$AF63,$AG63))) | AA63: =IF($A63="","",$V63+$Y63-$Z63-$W63-$X63) | AB63: =IF($A63="","",INDEX(DM_SLHT,50)) | AC63: =IF($A63="","",IF($AB63<=0,"⚠ CHƯA CÓ SL",ROUND($AA63/$AB63,0))) | AE63: =IF($A63="","",IFERROR((INDEX(DM_DDK621,50)+$P63)/($AB63+INDEX(DM_SLDD,50))*INDEX(DM_SLDD,50),0)) | AF63: =IF($A63="","",IFERROR((INDEX(DM_DDK621,50)+$P63)/($AB63+INDEX(DM_SLDD,50))*INDEX(DM_SLDD,50),0)+IFERROR((INDEX(DM_DDK622,50)+$Q63)/($AB63+INDEX(DM_SLDD,50)*INDEX(DM_Pct,50))*(INDEX(DM_SLDD,50)*INDEX(DM_Pct,50)),0)+IFERROR((INDEX(DM_DDK623,50)+$R63)/($AB63+INDEX(DM_SLDD,50)*INDEX(DM_Pct,50))*(INDEX(DM_SLDD,50)*INDEX(DM_Pct,50)),0)+IFERROR((INDEX(DM_DDK627,50)+$U63)/($AB63+INDEX(DM_SLDD,50)*INDEX(DM_Pct,50))*(INDEX(DM_SLDD,50)*INDEX(DM_Pct,50)),0)) | AG63: =IF($A63="","",INDEX(DM_SLDD,50)*INDEX(DM_DGDinhMuc,50)) | AH63: =IF($A63="",0,IF(AND(ISNUMBER($AA63),$AA63>0,$AB63<=0),1,0)) | AI63: =IF($A63="",0,IF(AND(ISNUMBER($Z63),$Z63<0),1,0)) | AJ63: =IF($A63="",0,IF(AND(ISNUMBER($AA63),$AA63<0),1,0))
A64: =IF(INDEX(DM_Ma,51)="","",INDEX(DM_Ma,51)) | B64: =IF($A64="","",INDEX(DM_Ten,51)) | C64: =IF($A64="","",INDEX(DM_Loai,51)) | D64: =IF($A64="","",INDEX(DM_TrangThai,51)) | E64: =IF($A64="","",SUMIFS(L_ST,L_Ma,$A64,L_KM,"NVL trực tiếp (621)",L_TT,"Trực tiếp",L_Ngay,">="&pTu,L_Ngay,"<="&pDen)) | F64: =IF($A64="","",SUMIFS(L_ST,L_Ma,$A64,L_KM,"Nhân công trực tiếp (622)",L_TT,"Trực tiếp",L_Ngay,">="&pTu,L_Ngay,"<="&pDen)) | G64: =IF($A64="","",SUMIFS(L_ST,L_Ma,$A64,L_KM,"Máy thi công (623)",L_TT,"Trực tiếp",L_Ngay,">="&pTu,L_Ngay,"<="&pDen)) | H64: =IF($A64="","",SUMIFS(L_ST,L_Ma,$A64,L_KM,"SXC (627)",L_TT,"Trực tiếp",L_Tinh,"Biến đổi",L_Ngay,">="&pTu,L_Ngay,"<="&pDen)) | I64: =IF($A64="","",SUMIFS(L_ST,L_Ma,$A64,L_KM,"SXC (627)",L_TT,"Trực tiếp",L_Tinh,"Cố định",L_Ngay,">="&pTu,L_Ngay,"<="&pDen)) | J64: =IF($A64="","",CHOOSE(MATCH(pTieuThuc,LST_TieuThuc,0),$E64,$F64,INDEX(DM_GioMay,51),INDEX(DM_GioCong,51),INDEX(DM_SLHT,51),INDEX(DM_DThu,51),INDEX(DM_TieuKhac,51))) | K64: =IF($A64="","",IF(tBase=0,0,$J64/tBase*pool621)) | L64: =IF($A64="","",IF(tBase=0,0,$J64/tBase*pool622)) | M64: =IF($A64="","",IF(tBase=0,0,$J64/tBase*pool623)) | N64: =IF($A64="","",IF(tBase=0,0,$J64/tBase*pool627BD)) | O64: =IF($A64="","",IF(tBase=0,0,$J64/tBase*t627CDabs)) | P64: =IF($A64="","",$E64+$K64) | Q64: =IF($A64="","",$F64+$L64) | R64: =IF($A64="","",$G64+$M64) | S64: =IF($A64="","",$H64+$N64) | T64: =IF($A64="","",$I64+$O64) | U64: =IF($A64="","",$S64+$T64) | V64: =IF($A64="","",INDEX(DM_DDK621,51)+INDEX(DM_DDK622,51)+INDEX(DM_DDK623,51)+INDEX(DM_DDK627,51)) | W64: =IF($A64="","",SUMIFS(L_ST,L_Ma,$A64,L_KM,"Phế liệu thu hồi",L_Ngay,">="&pTu,L_Ngay,"<="&pDen)) | X64: =IF($A64="","",SUMIFS(L_ST,L_Ma,$A64,L_KM,"SP hỏng ngoài định mức",L_Ngay,">="&pTu,L_Ngay,"<="&pDen)) | Y64: =IF($A64="","",$P64+$Q64+$R64+$U64) | Z64: =IF($A64="","",IF($D64="Đang thực hiện",$V64+$Y64,CHOOSE(MATCH(pDoDang,LST_DoDang,0),$AE64,$AF64,$AG64))) | AA64: =IF($A64="","",$V64+$Y64-$Z64-$W64-$X64) | AB64: =IF($A64="","",INDEX(DM_SLHT,51)) | AC64: =IF($A64="","",IF($AB64<=0,"⚠ CHƯA CÓ SL",ROUND($AA64/$AB64,0))) | AE64: =IF($A64="","",IFERROR((INDEX(DM_DDK621,51)+$P64)/($AB64+INDEX(DM_SLDD,51))*INDEX(DM_SLDD,51),0)) | AF64: =IF($A64="","",IFERROR((INDEX(DM_DDK621,51)+$P64)/($AB64+INDEX(DM_SLDD,51))*INDEX(DM_SLDD,51),0)+IFERROR((INDEX(DM_DDK622,51)+$Q64)/($AB64+INDEX(DM_SLDD,51)*INDEX(DM_Pct,51))*(INDEX(DM_SLDD,51)*INDEX(DM_Pct,51)),0)+IFERROR((INDEX(DM_DDK623,51)+$R64)/($AB64+INDEX(DM_SLDD,51)*INDEX(DM_Pct,51))*(INDEX(DM_SLDD,51)*INDEX(DM_Pct,51)),0)+IFERROR((INDEX(DM_DDK627,51)+$U64)/($AB64+INDEX(DM_SLDD,51)*INDEX(DM_Pct,51))*(INDEX(DM_SLDD,51)*INDEX(DM_Pct,51)),0)) | AG64: =IF($A64="","",INDEX(DM_SLDD,51)*INDEX(DM_DGDinhMuc,51)) | AH64: =IF($A64="",0,IF(AND(ISNUMBER($AA64),$AA64>0,$AB64<=0),1,0)) | AI64: =IF($A64="",0,IF(AND(ISNUMBER($Z64),$Z64<0),1,0)) | AJ64: =IF($A64="",0,IF(AND(ISNUMBER($AA64),$AA64<0),1,0))
A65: =IF(INDEX(DM_Ma,52)="","",INDEX(DM_Ma,52)) | B65: =IF($A65="","",INDEX(DM_Ten,52)) | C65: =IF($A65="","",INDEX(DM_Loai,52)) | D65: =IF($A65="","",INDEX(DM_TrangThai,52)) | E65: =IF($A65="","",SUMIFS(L_ST,L_Ma,$A65,L_KM,"NVL trực tiếp (621)",L_TT,"Trực tiếp",L_Ngay,">="&pTu,L_Ngay,"<="&pDen)) | F65: =IF($A65="","",SUMIFS(L_ST,L_Ma,$A65,L_KM,"Nhân công trực tiếp (622)",L_TT,"Trực tiếp",L_Ngay,">="&pTu,L_Ngay,"<="&pDen)) | G65: =IF($A65="","",SUMIFS(L_ST,L_Ma,$A65,L_KM,"Máy thi công (623)",L_TT,"Trực tiếp",L_Ngay,">="&pTu,L_Ngay,"<="&pDen)) | H65: =IF($A65="","",SUMIFS(L_ST,L_Ma,$A65,L_KM,"SXC (627)",L_TT,"Trực tiếp",L_Tinh,"Biến đổi",L_Ngay,">="&pTu,L_Ngay,"<="&pDen)) | I65: =IF($A65="","",SUMIFS(L_ST,L_Ma,$A65,L_KM,"SXC (627)",L_TT,"Trực tiếp",L_Tinh,"Cố định",L_Ngay,">="&pTu,L_Ngay,"<="&pDen)) | J65: =IF($A65="","",CHOOSE(MATCH(pTieuThuc,LST_TieuThuc,0),$E65,$F65,INDEX(DM_GioMay,52),INDEX(DM_GioCong,52),INDEX(DM_SLHT,52),INDEX(DM_DThu,52),INDEX(DM_TieuKhac,52))) | K65: =IF($A65="","",IF(tBase=0,0,$J65/tBase*pool621)) | L65: =IF($A65="","",IF(tBase=0,0,$J65/tBase*pool622)) | M65: =IF($A65="","",IF(tBase=0,0,$J65/tBase*pool623)) | N65: =IF($A65="","",IF(tBase=0,0,$J65/tBase*pool627BD)) | O65: =IF($A65="","",IF(tBase=0,0,$J65/tBase*t627CDabs)) | P65: =IF($A65="","",$E65+$K65) | Q65: =IF($A65="","",$F65+$L65) | R65: =IF($A65="","",$G65+$M65) | S65: =IF($A65="","",$H65+$N65) | T65: =IF($A65="","",$I65+$O65) | U65: =IF($A65="","",$S65+$T65) | V65: =IF($A65="","",INDEX(DM_DDK621,52)+INDEX(DM_DDK622,52)+INDEX(DM_DDK623,52)+INDEX(DM_DDK627,52)) | W65: =IF($A65="","",SUMIFS(L_ST,L_Ma,$A65,L_KM,"Phế liệu thu hồi",L_Ngay,">="&pTu,L_Ngay,"<="&pDen)) | X65: =IF($A65="","",SUMIFS(L_ST,L_Ma,$A65,L_KM,"SP hỏng ngoài định mức",L_Ngay,">="&pTu,L_Ngay,"<="&pDen)) | Y65: =IF($A65="","",$P65+$Q65+$R65+$U65) | Z65: =IF($A65="","",IF($D65="Đang thực hiện",$V65+$Y65,CHOOSE(MATCH(pDoDang,LST_DoDang,0),$AE65,$AF65,$AG65))) | AA65: =IF($A65="","",$V65+$Y65-$Z65-$W65-$X65) | AB65: =IF($A65="","",INDEX(DM_SLHT,52)) | AC65: =IF($A65="","",IF($AB65<=0,"⚠ CHƯA CÓ SL",ROUND($AA65/$AB65,0))) | AE65: =IF($A65="","",IFERROR((INDEX(DM_DDK621,52)+$P65)/($AB65+INDEX(DM_SLDD,52))*INDEX(DM_SLDD,52),0)) | AF65: =IF($A65="","",IFERROR((INDEX(DM_DDK621,52)+$P65)/($AB65+INDEX(DM_SLDD,52))*INDEX(DM_SLDD,52),0)+IFERROR((INDEX(DM_DDK622,52)+$Q65)/($AB65+INDEX(DM_SLDD,52)*INDEX(DM_Pct,52))*(INDEX(DM_SLDD,52)*INDEX(DM_Pct,52)),0)+IFERROR((INDEX(DM_DDK623,52)+$R65)/($AB65+INDEX(DM_SLDD,52)*INDEX(DM_Pct,52))*(INDEX(DM_SLDD,52)*INDEX(DM_Pct,52)),0)+IFERROR((INDEX(DM_DDK627,52)+$U65)/($AB65+INDEX(DM_SLDD,52)*INDEX(DM_Pct,52))*(INDEX(DM_SLDD,52)*INDEX(DM_Pct,52)),0)) | AG65: =IF($A65="","",INDEX(DM_SLDD,52)*INDEX(DM_DGDinhMuc,52)) | AH65: =IF($A65="",0,IF(AND(ISNUMBER($AA65),$AA65>0,$AB65<=0),1,0)) | AI65: =IF($A65="",0,IF(AND(ISNUMBER($Z65),$Z65<0),1,0)) | AJ65: =IF($A65="",0,IF(AND(ISNUMBER($AA65),$AA65<0),1,0))
