Workbook

Sheet HDSD
B2: HƯỚNG DẪN SỬ DỤNG PHẦN MỀM KẾ TOÁN EXCEL — CHẾ ĐỘ KẾ TOÁN TT 99/2025/TT-BTC
B3: Xây dựng & phát hành bởi: KK HOME — Kế toán · Kiểm toán · Tư vấn Thuế
B4: Liên hệ hỗ trợ: [điền SĐT/Zalo · Email · Website/Fanpage của KK HOME tại đây]
B6: GIỚI THIỆU
B7: File này là sổ kế toán + báo cáo tài chính hoàn chỉnh cho doanh nghiệp quy mô vừa và nhỏ, áp dụng Chế độ kế toán doanh nghiệp theo Thông tư 99/2025/TT-BTC (hiệu lực 01/01/2026, thay thế TT 200/2014), hình thức Nhật ký chung, thuế GTGT khấu trừ. Một file = một năm tài chính.
B8: Nguyên tắc màu: Ô VÀNG = nhập liệu. Ô TRẮNG = công thức tự động, KHÔNG sửa. Các sheet đã được bảo vệ không mật khẩu — nếu thật sự cần sửa công thức: Review/Xem lại → Unprotect Sheet.
B9: QUY TRÌNH 6 BƯỚC
B10: Bước 1 — TT_DN: điền tên công ty, MST, địa chỉ, kỳ báo cáo (mặc định cả năm), người ký.
B11: Bước 2 — DM_DT: khai báo mã khách hàng (KH...), nhà cung cấp (NCC...) để theo dõi công nợ.
B12: Bước 3 — SDDK: nhập số dư đầu năm theo TK chi tiết; riêng 131/331 nhập theo TỪNG ĐỐI TƯỢNG ở bảng dưới cùng sheet (hệ thống tự cộng lên TK). Ô kiểm tra ở đầu sheet phải báo ✔ CÂN. Doanh nghiệp mới thành lập: bỏ qua, chỉ nhập vốn góp khi phát sinh.
B13: Bước 4 — NKC: nhập chứng từ hằng ngày, mỗi dòng một cặp Nợ/Có (định khoản nhiều TK thì tách nhiều dòng cùng Số chứng từ). Cột 'Kiểm tra dòng' tự cảnh báo lỗi ngay khi nhập.
B14: Bước 5 — Xem sổ & báo cáo: CDPS (cân đối phát sinh), SOCAI (chọn TK bất kỳ), CONGNO (chi tiết 131/331), B01, B02, B03_TT, B03_GT, TM. Tất cả tự động.
... B36: Thuế suất, mức giảm trừ, tỷ lệ BHXH... trong bộ số liệu ví dụ chỉ mang tính minh họa tại thời điểm lập (2026); luôn kiểm tra quy định hiện hành khi hạch toán thật.

Sheet TT_DN
B2: THÔNG TIN DOANH NGHIỆP & KỲ BÁO CÁO
B3: Áp dụng Chế độ kế toán doanh nghiệp theo Thông tư 99/2025/TT-BTC (hiệu lực từ 01/01/2026) — Hình thức Nhật ký chung
B5: Tên doanh nghiệp | C5: CÔNG TY TNHH THƯƠNG MẠI VÀ DỊCH VỤ AN PHÁT | E5: Hướng dẫn nhanh:
B6: Mã số thuế | C6: 0101234567 | E6: 1) Điền thông tin DN và kỳ báo cáo tại các ô vàng bên trái.
B7: Địa chỉ | C7: Số 25 phố Duy Tân, phường Cầu Giấy, TP. Hà Nội | E7: 2) Nhập số dư đầu năm tại sheet SDDK (chỉ nhập ở TK chi tiết).
B8: Kỳ báo cáo - Từ ngày | C8: 46023 | E8: 3) Nhập chứng từ hằng ngày vào sheet NKC (Nhật ký chung).
B9: Kỳ báo cáo - Đến ngày | C9: 46387 | E9: 4) CDPS, CONGNO, SOCAI, B01, B02, B03, TM tự động cập nhật.
B10: Người lập biểu | C10: Nguyễn Thị Kế | E10: 5) Trước khi in/nộp: mở sheet KIEMTRA — tất cả phải ✔ Khớp.
B11: Kế toán trưởng | C11: Trần Văn Toán | E11: Toàn bộ ô màu vàng = ô nhập liệu; ô trắng = công thức, không sửa.
B12: Người đại diện theo pháp luật | C12: Lê Quang Đốc | E12: Kỳ báo cáo mặc định là cả năm; có thể thu hẹp để xem báo cáo giữa niên độ.
B13: Đơn vị tiền tệ ghi sổ | C13: Đồng Việt Nam (VND)
B14: Phương pháp thuế GTGT | C14: Khấu trừ
B15: Phương pháp khấu hao TSCĐ | C15: Đường thẳng
B16: Phương pháp tính giá hàng tồn kho | C16: Bình quân gia quyền
B18: Phần mềm: Kế toán Excel TT 99/2025 — © KK HOME

Sheet DMTK
A2: DANH MỤC HỆ THỐNG TÀI KHOẢN KẾ TOÁN
A3: Theo Phụ lục II Thông tư 99/2025/TT-BTC — 71 TK cấp 1, 101 TK cấp 2, 10 TK cấp 3, 2 TK cấp 4. Doanh nghiệp được tự mở TK chi tiết (Điều 11).
A4: Thêm TK chi tiết của riêng bạn vào các dòng trống cuối bảng: mã TK con phải BẮT ĐẦU bằng mã TK chuẩn (ví dụ 1121 - TGNH Vietcombank thuộc TK 112).
A6: Mã TK | B6: Tên tài khoản | C6: Cấp | D6: TK cha | E6: Tính chất số dư | F6: Ghi chú
A7: 111 | B7: Tiền mặt | C7: 1 | E7: Dư Nợ
A8: 112 | B8: Tiền gửi không kỳ hạn | C8: 1 | E8: Dư Nợ | F8: TT99 đổi tên: Tiền gửi không kỳ hạn (TGNH có kỳ hạn theo dõi ở 1281)
A9: 113 | B9: Tiền đang chuyển | C9: 1 | E9: Dư Nợ
A10: 121 | B10: Chứng khoán kinh doanh | C10: 1 | E10: Dư Nợ
A11: 128 | B11: Đầu tư nắm giữ đến ngày đáo hạn | C11: 1 | E11: Dư Nợ
A12: 1281 | B12: Tiền gửi có kỳ hạn | C12: 2 | D12: 128 | E12: Dư Nợ
A13: 1282 | B13: Trái phiếu | C13: 2 | D13: 128 | E13: Dư Nợ
A14: 1283 | B14: Cho vay | C14: 2 | D14: 128 | E14: Dư Nợ
A15: 1288 | B15: Các khoản đầu tư khác nắm giữ đến ngày đáo hạn | C15: 2 | D15: 128 | E15: Dư Nợ
A16: 131 | B16: Phải thu của khách hàng | C16: 1 | E16: Lưỡng tính | F16: Bắt buộc ghi Mã đối tượng trong NKC
A17: 133 | B17: Thuế GTGT được khấu trừ | C17: 1 | E17: Dư Nợ
A18: 1331 | B18: Thuế GTGT được khấu trừ của hàng hóa, dịch vụ | C18: 2 | D18: 133 | E18: Dư Nợ
A19: 1332 | B19: Thuế GTGT được khấu trừ của TSCĐ | C19: 2 | D19: 133 | E19: Dư Nợ
A20: 136 | B20: Phải thu nội bộ | C20: 1 | E20: Dư Nợ
A21: 1361 | B21: Vốn kinh doanh ở đơn vị trực thuộc | C21: 2 | D21: 136 | E21: Dư Nợ
A22: 1362 | B22: Phải thu nội bộ về chênh lệch tỷ giá | C22: 2 | D22: 136 | E22: Dư Nợ
A23: 1363 | B23: Phải thu nội bộ về chi phí đi vay đủ điều kiện được vốn hoá | C23: 2 | D23: 136 | E23: Dư Nợ
A24: 1368 | B24: Phải thu nội bộ khác | C24: 2 | D24: 136 | E24: Dư Nợ
A25: 138 | B25: Phải thu khác | C25: 1 | E25: Lưỡng tính
A26: 1381 | B26: Tài sản thiếu chờ xử lý | C26: 2 | D26: 138 | E26: Dư Nợ
A27: 1383 | B27: Thuế TTĐB của hàng nhập khẩu | C27: 2 | D27: 138 | E27: Dư Nợ
A28: 1388 | B28: Phải thu khác | C28: 2 | D28: 138 | E28: Lưỡng tính
A29: 141 | B29: Tạm ứng | C29: 1 | E29: Dư Nợ
A30: 151 | B30: Hàng mua đang đi đường | C30: 1 | E30: Dư Nợ
A31: 152 | B31: Nguyên liệu, vật liệu | C31: 1 | E31: Dư Nợ
A32: 153 | B32: Công cụ, dụng cụ | C32: 1 | E32: Dư Nợ
A33: 154 | B33: Chi phí sản xuất, kinh doanh dở dang | C33: 1 | E33: Dư Nợ
A34: 155 | B34: Sản phẩm | C34: 1 | E34: Dư Nợ | F34: TT99 đổi tên từ 'Thành phẩm'
A35: 156 | B35: Hàng hóa | C35: 1 | E35: Dư Nợ
A36: 157 | B36: Hàng gửi đi bán | C36: 1 | E36: Dư Nợ
A37: 158 | B37: Nguyên liệu, vật tư tại kho bảo thuế | C37: 1 | E37: Dư Nợ
A38: 171 | B38: Giao dịch mua, bán lại trái phiếu chính phủ | C38: 1 | E38: Lưỡng tính
A39: 211 | B39: Tài sản cố định hữu hình | C39: 1 | E39: Dư Nợ
A40: 212 | B40: Tài sản cố định thuê tài chính | C40: 1 | E40: Dư Nợ
A41: 213 | B41: Tài sản cố định vô hình | C41: 1 | E41: Dư Nợ
A42: 214 | B42: Hao mòn tài sản cố định | C42: 1 | E42: Dư Có (điều chỉnh giảm tài sản)
A43: 2141 | B43: Hao mòn TSCĐ hữu hình | C43: 2 | D43: 214 | E43: Dư Có (điều chỉnh giảm tài sản)
A44: 2142 | B44: Hao mòn TSCĐ thuê tài chính | C44: 2 | D44: 214 | E44: Dư Có (điều chỉnh giảm tài sản)
A45: 2143 | B45: Hao mòn TSCĐ vô hình | C45: 2 | D45: 214 | E45: Dư Có (điều chỉnh giảm tài sản)
A46: 2147 | B46: Hao mòn bất động sản đầu tư | C46: 2 | D46: 214 | E46: Dư Có (điều chỉnh giảm tài sản)
A47: 215 | B47: Tài sản sinh học | C47: 1 | E47: Dư Nợ | F47: Tài khoản MỚI theo TT99 (tài sản sinh học)
A48: 2151 | B48: Súc vật nuôi cho sản phẩm định kỳ | C48: 2 | D48: 215 | E48: Dư Nợ
A49: 21511 | B49: Súc vật chưa trưởng thành | C49: 3 | D49: 2151 | E49: Dư Nợ
A50: 21512 | B50: Súc vật đã trưởng thành | C50: 3 | D50: 2151 | E50: Dư Nợ
A51: 215121 | B51: Nguyên giá | C51: 4 | D51: 21512 | E51: Dư Nợ
A52: 215122 | B52: Giá trị khấu hao lũy kế | C52: 4 | D52: 21512 | E52: Dư Có (điều chỉnh giảm tài sản)
A53: 2152 | B53: Súc vật nuôi lấy sản phẩm một lần | C53: 2 | D53: 215 | E53: Dư Nợ
A54: 2153 | B54: Cây trồng theo mùa vụ hoặc lấy sản phẩm một lần | C54: 2 | D54: 215 | E54: Dư Nợ
A55: 217 | B55: Bất động sản đầu tư | C55: 1 | E55: Dư Nợ
A56: 221 | B56: Đầu tư vào công ty con | C56: 1 | E56: Dư Nợ
A57: 222 | B57: Đầu tư vào công ty liên doanh, liên kết | C57: 1 | E57: Dư Nợ
A58: 228 | B58: Đầu tư khác | C58: 1 | E58: Dư Nợ
A59: 2281 | B59: Đầu tư góp vốn vào đơn vị khác | C59: 2 | D59: 228 | E59: Dư Nợ
A60: 2288 | B60: Đầu tư khác | C60: 2 | D60: 228 | E60: Dư Nợ
A61: 229 | B61: Dự phòng tổn thất tài sản | C61: 1 | E61: Dư Có (điều chỉnh giảm tài sản)
A62: 2291 | B62: Dự phòng giảm giá chứng khoán kinh doanh | C62: 2 | D62: 229 | E62: Dư Có (điều chỉnh giảm tài sản)
A63: 2292 | B63: Dự phòng tổn thất đầu tư vào đơn vị khác | C63: 2 | D63: 229 | E63: Dư Có (điều chỉnh giảm tài sản)
A64: 2293 | B64: Dự phòng phải thu khó đòi | C64: 2 | D64: 229 | E64: Dư Có (điều chỉnh giảm tài sản)
A65: 2294 | B65: Dự phòng giảm giá hàng tồn kho | C65: 2 | D65: 229 | E65: Dư Có (điều chỉnh giảm tài sản)
A66: 2295 | B66: Dự phòng tổn thất tài sản sinh học | C66: 2 | D66: 229 | E66: Dư Có (điều chỉnh giảm tài sản)
A67: 241 | B67: Xây dựng cơ bản dở dang | C67: 1 | E67: Dư Nợ
A68: 2411 | B68: Mua sắm TSCĐ | C68: 2 | D68: 241 | E68: Dư Nợ
A69: 2412 | B69: Xây dựng cơ bản | C69: 2 | D69: 241 | E69: Dư Nợ
A70: 2413 | B70: Sửa chữa, bảo dưỡng định kỳ TSCĐ | C70: 2 | D70: 241 | E70: Dư Nợ
A71: 2414 | B71: Nâng cấp, cải tạo TSCĐ | C71: 2 | D71: 241 | E71: Dư Nợ
A72: 242 | B72: Chi phí chờ phân bổ | C72: 1 | E72: Dư Nợ | F72: TT99 đổi tên từ 'Chi phí trả trước'
A73: 243 | B73: Tài sản thuế thu nhập hoãn lại | C73: 1 | E73: Dư Nợ
A74: 244 | B74: Ký quỹ, ký cược | C74: 1 | E74: Dư Nợ
A75: 331 | B75: Phải trả cho người bán | C75: 1 | E75: Lưỡng tính | F75: Bắt buộc ghi Mã đối tượng trong NKC
A76: 332 | B76: Phải trả cổ tức, lợi nhuận | C76: 1 | E76: Dư Có | F76: Tài khoản MỚI theo TT99 (tách từ 3388)
A77: 333 | B77: Thuế và các khoản phải nộp Nhà nước | C77: 1 | E77: Lưỡng tính
A78: 3331 | B78: Thuế giá trị gia tăng phải nộp | C78: 2 | D78: 333 | E78: Lưỡng tính
A79: 33311 | B79: Thuế GTGT đầu ra | C79: 3 | D79: 3331 | E79: Lưỡng tính
A80: 33312 | B80: Thuế GTGT hàng nhập khẩu | C80: 3 | D80: 3331 | E80: Lưỡng tính
A81: 3332 | B81: Thuế tiêu thụ đặc biệt | C81: 2 | D81: 333 | E81: Lưỡng tính
A82: 3333 | B82: Thuế xuất, nhập khẩu | C82: 2 | D82: 333 | E82: Lưỡng tính
A83: 3334 | B83: Thuế thu nhập doanh nghiệp | C83: 2 | D83: 333 | E83: Lưỡng tính
A84: 3335 | B84: Thuế thu nhập cá nhân | C84: 2 | D84: 333 | E84: Lưỡng tính
A85: 3336 | B85: Thuế tài nguyên | C85: 2 | D85: 333 | E85: Lưỡng tính
A86: 3337 | B86: Thuế nhà đất, tiền thuê đất | C86: 2 | D86: 333 | E86: Lưỡng tính
A87: 3338 | B87: Thuế bảo vệ môi trường và các loại thuế khác | C87: 2 | D87: 333 | E87: Lưỡng tính
A88: 33381 | B88: Thuế bảo vệ môi trường | C88: 3 | D88: 3338 | E88: Lưỡng tính
A89: 33382 | B89: Các loại thuế khác | C89: 3 | D89: 3338 | E89: Lưỡng tính
A90: 3339 | B90: Phí, lệ phí và các khoản phải nộp khác | C90: 2 | D90: 333 | E90: Lưỡng tính
A91: 334 | B91: Phải trả người lao động | C91: 1 | E91: Dư Có
A92: 335 | B92: Chi phí phải trả | C92: 1 | E92: Dư Có
A93: 336 | B93: Phải trả nội bộ | C93: 1 | E93: Dư Có
A94: 3361 | B94: Phải trả nội bộ về vốn kinh doanh | C94: 2 | D94: 336 | E94: Dư Có
A95: 3362 | B95: Phải trả nội bộ về chênh lệch tỷ giá | C95: 2 | D95: 336 | E95: Dư Có
A96: 3363 | B96: Phải trả nội bộ về chi phí đi vay đủ điều kiện được vốn hóa | C96: 2 | D96: 336 | E96: Dư Có
A97: 3368 | B97: Phải trả nội bộ khác | C97: 2 | D97: 336 | E97: Dư Có
A98: 337 | B98: Thanh toán theo tiến độ hợp đồng xây dựng | C98: 1 | E98: Lưỡng tính
A99: 338 | B99: Phải trả, phải nộp khác | C99: 1 | E99: Lưỡng tính
A100: 3381 | B100: Tài sản thừa chờ giải quyết | C100: 2 | D100: 338 | E100: Dư Có
A101: 3382 | B101: Kinh phí công đoàn | C101: 2 | D101: 338 | E101: Dư Có
A102: 3383 | B102: Bảo hiểm xã hội | C102: 2 | D102: 338 | E102: Dư Có
...

Sheet DM_DT
A2: DANH MỤC ĐỐI TƯỢNG (KHÁCH HÀNG / NHÀ CUNG CẤP / NHÂN VIÊN...)
A3: Mỗi khách hàng, nhà cung cấp cần một mã riêng để theo dõi công nợ 131/331. Mã dùng trong cột 'Mã ĐT' của Nhật ký chung.
A6: Mã ĐT | B6: Tên đối tượng | C6: Loại | D6: Mã số thuế | E6: Địa chỉ | F6: Ghi chú
A7: KH001 | B7: Công ty CP Bình Minh | C7: KH
A8: KH002 | B8: Công ty TNHH Sao Mai | C8: KH
A9: KH003 | B9: Đại lý Hòa Bình | C9: KH
A10: NCC001 | B10: Công ty TNHH Phú Thành | C10: NCC
A11: NCC002 | B11: Công ty CP Thiết bị Đại Nam | C11: NCC

Sheet SDDK
A2: SỐ DƯ ĐẦU NĂM CÁC TÀI KHOẢN
A3: Chỉ nhập ở TK CHI TIẾT NHẤT mà bạn dùng để ghi sổ (nếu nhập ở TK cha thì đừng nhập lại ở TK con). Riêng TK 131, 331: nhập theo TỪNG ĐỐI TƯỢNG ở bảng dưới, hệ thống tự cộng lên.
B4: KIỂM TRA CÂN ĐỐI: Tổng dư Nợ = | C4: =SUM(C8:C251) | D4: =SUM(D8:D251) | E4: =IF(C4=D4,"✔ CÂN","✘ LỆCH: "&TEXT(C4-D4,"#,##0"))
A7: Mã TK | B7: Tên tài khoản | C7: Dư Nợ đầu năm | D7: Dư Có đầu năm | E7: Ghi chú
A8: 111 | B8: Tiền mặt | C8: 80000000
A9: 112 | B9: Tiền gửi không kỳ hạn | C9: 520000000
A10: 113 | B10: Tiền đang chuyển
A11: 121 | B11: Chứng khoán kinh doanh
A12: 128 | B12: Đầu tư nắm giữ đến ngày đáo hạn
A13: 1281 | B13: Tiền gửi có kỳ hạn
A14: 1282 | B14: Trái phiếu
A15: 1283 | B15: Cho vay
A16: 1288 | B16: Các khoản đầu tư khác nắm giữ đến ngày đáo hạn
A17: 131 | B17: Phải thu của khách hàng | C17: =SUMIFS($D$256:$D$375,$A$256:$A$375,$A17) | D17: =SUMIFS($E$256:$E$375,$A$256:$A$375,$A17) | E17: Tự cộng từ bảng công nợ bên dưới
A18: 133 | B18: Thuế GTGT được khấu trừ
A19: 1331 | B19: Thuế GTGT được khấu trừ của hàng hóa, dịch vụ
A20: 1332 | B20: Thuế GTGT được khấu trừ của TSCĐ
A21: 136 | B21: Phải thu nội bộ
A22: 1361 | B22: Vốn kinh doanh ở đơn vị trực thuộc
A23: 1362 | B23: Phải thu nội bộ về chênh lệch tỷ giá
A24: 1363 | B24: Phải thu nội bộ về chi phí đi vay đủ điều kiện được vốn hoá
A25: 1368 | B25: Phải thu nội bộ khác
A26: 138 | B26: Phải thu khác
A27: 1381 | B27: Tài sản thiếu chờ xử lý
A28: 1383 | B28: Thuế TTĐB của hàng nhập khẩu
A29: 1388 | B29: Phải thu khác
... A35: 155 | B35: Sản phẩm
A36: 156 | B36: Hàng hóa | C36: 350000000
A37: 157 | B37: Hàng gửi đi bán
A38: 158 | B38: Nguyên liệu, vật tư tại kho bảo thuế
A39: 171 | B39: Giao dịch mua, bán lại trái phiếu chính phủ
A40: 211 | B40: Tài sản cố định hữu hình | C40: 480000000
A41: 212 | B41: Tài sản cố định thuê tài chính
A42: 213 | B42: Tài sản cố định vô hình
A43: 214 | B43: Hao mòn tài sản cố định
A44: 2141 | B44: Hao mòn TSCĐ hữu hình | D44: 120000000
A45: 2142 | B45: Hao mòn TSCĐ thuê tài chính
A46: 2143 | B46: Hao mòn TSCĐ vô hình
A47: 2147 | B47: Hao mòn bất động sản đầu tư
A48: 215 | B48: Tài sản sinh học
A49: 2151 | B49: Súc vật nuôi cho sản phẩm định kỳ
A50: 21511 | B50: Súc vật chưa trưởng thành
A51: 21512 | B51: Súc vật đã trưởng thành
A52: 215121 | B52: Nguyên giá
A53: 215122 | B53: Giá trị khấu hao lũy kế
A54: 2152 | B54: Súc vật nuôi lấy sản phẩm một lần
A55: 2153 | B55: Cây trồng theo mùa vụ hoặc lấy sản phẩm một lần
A56: 217 | B56: Bất động sản đầu tư
... A72: 2414 | B72: Nâng cấp, cải tạo TSCĐ
A73: 242 | B73: Chi phí chờ phân bổ | C73: 36000000
A74: 243 | B74: Tài sản thuế thu nhập hoãn lại
A75: 244 | B75: Ký quỹ, ký cược
A76: 331 | B76: Phải trả cho người bán | C76: =SUMIFS($D$256:$D$375,$A$256:$A$375,$A76) | D76: =SUMIFS($E$256:$E$375,$A$256:$A$375,$A76) | E76: Tự cộng từ bảng công nợ bên dưới
A77: 332 | B77: Phải trả cổ tức, lợi nhuận
A78: 333 | B78: Thuế và các khoản phải nộp Nhà nước
A79: 3331 | B79: Thuế giá trị gia tăng phải nộp
A80: 33311 | B80: Thuế GTGT đầu ra
A81: 33312 | B81: Thuế GTGT hàng nhập khẩu
A82: 3332 | B82: Thuế tiêu thụ đặc biệt
A83: 3333 | B83: Thuế xuất, nhập khẩu
A84: 3334 | B84: Thuế thu nhập doanh nghiệp | D84: 12000000
A85: 3335 | B85: Thuế thu nhập cá nhân
A86: 3336 | B86: Thuế tài nguyên
A87: 3337 | B87: Thuế nhà đất, tiền thuê đất
A88: 3338 | B88: Thuế bảo vệ môi trường và các loại thuế khác
A89: 33381 | B89: Thuế bảo vệ môi trường
A90: 33382 | B90: Các loại thuế khác
A91: 3339 | B91: Phí, lệ phí và các khoản phải nộp khác
A92: 334 | B92: Phải trả người lao động | D92: 45000000
A93: 335 | B93: Chi phí phải trả
A94: 336 | B94: Phải trả nội bộ
A95: 3361 | B95: Phải trả nội bộ về vốn kinh doanh
A96: 3362 | B96: Phải trả nội bộ về chênh lệch tỷ giá
A97: 3363 | B97: Phải trả nội bộ về chi phí đi vay đủ điều kiện được vốn hóa
A98: 3368 | B98: Phải trả nội bộ khác
A99: 337 | B99: Thanh toán theo tiến độ hợp đồng xây dựng
A100: 338 | B100: Phải trả, phải nộp khác
A101: 3381 | B101: Tài sản thừa chờ giải quyết
A102: 3382 | B102: Kinh phí công đoàn
A103: 3383 | B103: Bảo hiểm xã hội
A104: 3384 | B104: Bảo hiểm y tế
... A108: 341 | B108: Vay và nợ thuê tài chính
A109: 3411 | B109: Các khoản đi vay | D109: 250000000
A110: 3412 | B110: Nợ thuê tài chính
A111: 343 | B111: Trái phiếu phát hành
A112: 3431 | B112: Trái phiếu thường
A113: 3432 | B113: Trái phiếu chuyển đổi
A114: 344 | B114: Nhận ký quỹ, ký cược
A115: 347 | B115: Thuế thu nhập hoãn lại phải trả
A116: 352 | B116: Dự phòng phải trả
A117: 3521 | B117: Dự phòng bảo hành sản phẩm, hàng hóa
A118: 3522 | B118: Dự phòng bảo hành công trình xây dựng
A119: 3523 | B119: Dự phòng tái cơ cấu doanh nghiệp
A120: 3525 | B120: Dự phòng phải trả khác
A121: 353 | B121: Quỹ khen thưởng, phúc lợi
... A130: 411 | B130: Vốn đầu tư của chủ sở hữu
A131: 4111 | B131: Vốn góp của chủ sở hữu | D131: 1000000000
A132: 41111 | B132: Cổ phiếu phổ thông có quyền biểu quyết
A133: 41112 | B133: Cổ phiếu ưu đãi
A134: 4112 | B134: Thặng dư vốn
...

Sheet NKC
A2: SỔ NHẬT KÝ CHUNG
A3: =CONCATENATE("Đơn vị: ",TT_DN!$C$5," — Năm: ",TEXT(TU_NGAY,"YYYY")," (Mẫu số S03a-DN vận dụng — sổ thiết kế lại theo Điều 12 TT 99/2025/TT-BTC)")
A4: Mỗi dòng một cặp Nợ/Có. Bút toán nhiều TK: tách thành nhiều dòng, cùng Số CT. Cột Mã LCTT chỉ ghi khi muốn ép mã lưu chuyển tiền tệ (VD: 21 khi trả tiền mua TSCĐ qua TK 331). KHÔNG cần bút toán kết chuyển cuối kỳ — báo cáo tự tính (có nhập kết chuyển qua 911 file vẫn đúng).
P5: 0
A6: STT | B6: Ngày ghi sổ | C6: Số chứng từ | D6: Ngày CT | E6: Diễn giải | F6: TK Nợ | G6: TK Có | H6: Số tiền | I6: Mã ĐT | J6: Mã LCTT | K6: Ghi chú | L6: Kiểm tra dòng | M6: Hướng | N6: Đ.ứng | O6: MãLC | P6: SC
A7: =IF($H7="","",ROW()-6) | B7: 46027 | C7: PN001 | D7: 46027 | E7: Mua hàng hóa nhập kho - Cty Phú Thành | F7: 156 | G7: 331 | H7: 200000000 | I7: NCC001 | L7: =IF($H7="","",TRIM(IF(COUNTIF(DMTK!$A$7:$A$250,$F7)=0,"TK Nợ sai! ","")&IF(COUNTIF(DMTK!$A$7:$A$250,$G7)=0,"TK Có sai! ","")&IF(N($H7)<=0,"Tiền phải > 0! ","")&IF($B7="","Thiếu ngày! ","")&IF(AND(OR(LEFT($F7,3)="131",LEFT($G7,3)="131",LEFT($F7,3)="331",LEFT($G7,3)="331"),$I7=""),"Thiếu Mã ĐT! ","")&IF(AND($I7<>"",COUNTIF(DM_DT!$A$7:$A$306,$I7)=0),"Mã ĐT chưa khai báo! ",""))) | M7: =IF($H7="","",IF(AND(OR(LEFT($F7,3)="111",LEFT($F7,3)="112",LEFT($F7,3)="113"),OR(LEFT($G7,3)="111",LEFT($G7,3)="112",LEFT($G7,3)="113")),"NB",IF(OR(LEFT($F7,3)="111",LEFT($F7,3)="112",LEFT($F7,3)="113"),"THU",IF(OR(LEFT($G7,3)="111",LEFT($G7,3)="112",LEFT($G7,3)="113"),"CHI","")))) | N7: =IF($M7="THU",$G7,IF($M7="CHI",$F7,"")) | O7: =IF(OR($M7="",$M7="NB"),"",IF($J7<>"",TEXT($J7,"00"),IFERROR(VLOOKUP(LEFT($N7,4),LCTT_MAP!$A$7:$C$66,IF($M7="THU",2,3),FALSE()),IFERROR(VLOOKUP(LEFT($N7,3),LCTT_MAP!$A$7:$C$66,IF($M7="THU",2,3),FALSE()),IFERROR(VLOOKUP(LEFT($N7,2),LCTT_MAP!$A$7:$C$66,IF($M7="THU",2,3),FALSE()),IFERROR(VLOOKUP(LEFT($N7,1),LCTT_MAP!$A$7:$C$66,IF($M7="THU",2,3),FALSE()),IF($M7="THU","06","07"))))))) | P7: =0+IF(AND($H7<>"",OR(LEFT($F7,LEN(SC_TK))=SC_TK,LEFT($G7,LEN(SC_TK))=SC_TK)),1,0)
A8: =IF($H8="","",ROW()-6) | B8: 46027 | C8: PN001 | D8: 46027 | E8: Thuế GTGT đầu vào mua hàng hóa | F8: 1331 | G8: 331 | H8: 16000000 | I8: NCC001 | L8: =IF($H8="","",TRIM(IF(COUNTIF(DMTK!$A$7:$A$250,$F8)=0,"TK Nợ sai! ","")&IF(COUNTIF(DMTK!$A$7:$A$250,$G8)=0,"TK Có sai! ","")&IF(N($H8)<=0,"Tiền phải > 0! ","")&IF($B8="","Thiếu ngày! ","")&IF(AND(OR(LEFT($F8,3)="131",LEFT($G8,3)="131",LEFT($F8,3)="331",LEFT($G8,3)="331"),$I8=""),"Thiếu Mã ĐT! ","")&IF(AND($I8<>"",COUNTIF(DM_DT!$A$7:$A$306,$I8)=0),"Mã ĐT chưa khai báo! ",""))) | M8: =IF($H8="","",IF(AND(OR(LEFT($F8,3)="111",LEFT($F8,3)="112",LEFT($F8,3)="113"),OR(LEFT($G8,3)="111",LEFT($G8,3)="112",LEFT($G8,3)="113")),"NB",IF(OR(LEFT($F8,3)="111",LEFT($F8,3)="112",LEFT($F8,3)="113"),"THU",IF(OR(LEFT($G8,3)="111",LEFT($G8,3)="112",LEFT($G8,3)="113"),"CHI","")))) | N8: =IF($M8="THU",$G8,IF($M8="CHI",$F8,"")) | O8: =IF(OR($M8="",$M8="NB"),"",IF($J8<>"",TEXT($J8,"00"),IFERROR(VLOOKUP(LEFT($N8,4),LCTT_MAP!$A$7:$C$66,IF($M8="THU",2,3),FALSE()),IFERROR(VLOOKUP(LEFT($N8,3),LCTT_MAP!$A$7:$C$66,IF($M8="THU",2,3),FALSE()),IFERROR(VLOOKUP(LEFT($N8,2),LCTT_MAP!$A$7:$C$66,IF($M8="THU",2,3),FALSE()),IFERROR(VLOOKUP(LEFT($N8,1),LCTT_MAP!$A$7:$C$66,IF($M8="THU",2,3),FALSE()),IF($M8="THU","06","07"))))))) | P8: =P7+IF(AND($H8<>"",OR(LEFT($F8,LEN(SC_TK))=SC_TK,LEFT($G8,LEN(SC_TK))=SC_TK)),1,0)
A9: =IF($H9="","",ROW()-6) | B9: 46032 | C9: HD0001 | D9: 46032 | E9: Bán hàng hóa - Cty Bình Minh | F9: 131 | G9: 511 | H9: 250000000 | I9: KH001 | L9: =IF($H9="","",TRIM(IF(COUNTIF(DMTK!$A$7:$A$250,$F9)=0,"TK Nợ sai! ","")&IF(COUNTIF(DMTK!$A$7:$A$250,$G9)=0,"TK Có sai! ","")&IF(N($H9)<=0,"Tiền phải > 0! ","")&IF($B9="","Thiếu ngày! ","")&IF(AND(OR(LEFT($F9,3)="131",LEFT($G9,3)="131",LEFT($F9,3)="331",LEFT($G9,3)="331"),$I9=""),"Thiếu Mã ĐT! ","")&IF(AND($I9<>"",COUNTIF(DM_DT!$A$7:$A$306,$I9)=0),"Mã ĐT chưa khai báo! ",""))) | M9: =IF($H9="","",IF(AND(OR(LEFT($F9,3)="111",LEFT($F9,3)="112",LEFT($F9,3)="113"),OR(LEFT($G9,3)="111",LEFT($G9,3)="112",LEFT($G9,3)="113")),"NB",IF(OR(LEFT($F9,3)="111",LEFT($F9,3)="112",LEFT($F9,3)="113"),"THU",IF(OR(LEFT($G9,3)="111",LEFT($G9,3)="112",LEFT($G9,3)="113"),"CHI","")))) | N9: =IF($M9="THU",$G9,IF($M9="CHI",$F9,"")) | O9: =IF(OR($M9="",$M9="NB"),"",IF($J9<>"",TEXT($J9,"00"),IFERROR(VLOOKUP(LEFT($N9,4),LCTT_MAP!$A$7:$C$66,IF($M9="THU",2,3),FALSE()),IFERROR(VLOOKUP(LEFT($N9,3),LCTT_MAP!$A$7:$C$66,IF($M9="THU",2,3),FALSE()),IFERROR(VLOOKUP(LEFT($N9,2),LCTT_MAP!$A$7:$C$66,IF($M9="THU",2,3),FALSE()),IFERROR(VLOOKUP(LEFT($N9,1),LCTT_MAP!$A$7:$C$66,IF($M9="THU",2,3),FALSE()),IF($M9="THU","06","07"))))))) | P9: =P8+IF(AND($H9<>"",OR(LEFT($F9,LEN(SC_TK))=SC_TK,LEFT($G9,LEN(SC_TK))=SC_TK)),1,0)
A10: =IF($H10="","",ROW()-6) | B10: 46032 | C10: HD0001 | D10: 46032 | E10: Thuế GTGT đầu ra bán hàng | F10: 131 | G10: 33311 | H10: 20000000 | I10: KH001 | L10: =IF($H10="","",TRIM(IF(COUNTIF(DMTK!$A$7:$A$250,$F10)=0,"TK Nợ sai! ","")&IF(COUNTIF(DMTK!$A$7:$A$250,$G10)=0,"TK Có sai! ","")&IF(N($H10)<=0,"Tiền phải > 0! ","")&IF($B10="","Thiếu ngày! ","")&IF(AND(OR(LEFT($F10,3)="131",LEFT($G10,3)="131",LEFT($F10,3)="331",LEFT($G10,3)="331"),$I10=""),"Thiếu Mã ĐT! ","")&IF(AND($I10<>"",COUNTIF(DM_DT!$A$7:$A$306,$I10)=0),"Mã ĐT chưa khai báo! ",""))) | M10: =IF($H10="","",IF(AND(OR(LEFT($F10,3)="111",LEFT($F10,3)="112",LEFT($F10,3)="113"),OR(LEFT($G10,3)="111",LEFT($G10,3)="112",LEFT($G10,3)="113")),"NB",IF(OR(LEFT($F10,3)="111",LEFT($F10,3)="112",LEFT($F10,3)="113"),"THU",IF(OR(LEFT($G10,3)="111",LEFT($G10,3)="112",LEFT($G10,3)="113"),"CHI","")))) | N10: =IF($M10="THU",$G10,IF($M10="CHI",$F10,"")) | O10: =IF(OR($M10="",$M10="NB"),"",IF($J10<>"",TEXT($J10,"00"),IFERROR(VLOOKUP(LEFT($N10,4),LCTT_MAP!$A$7:$C$66,IF($M10="THU",2,3),FALSE()),IFERROR(VLOOKUP(LEFT($N10,3),LCTT_MAP!$A$7:$C$66,IF($M10="THU",2,3),FALSE()),IFERROR(VLOOKUP(LEFT($N10,2),LCTT_MAP!$A$7:$C$66,IF($M10="THU",2,3),FALSE()),IFERROR(VLOOKUP(LEFT($N10,1),LCTT_MAP!$A$7:$C$66,IF($M10="THU",2,3),FALSE()),IF($M10="THU","06","07"))))))) | P10: =P9+IF(AND($H10<>"",OR(LEFT($F10,LEN(SC_TK))=SC_TK,LEFT($G10,LEN(SC_TK))=SC_TK)),1,0)
A11: =IF($H11="","",ROW()-6) | B11: 46032 | C11: PX001 | D11: 46032 | E11: Giá vốn hàng bán HĐ 0001 | F11: 632 | G11: 156 | H11: 180000000 | L11: =IF($H11="","",TRIM(IF(COUNTIF(DMTK!$A$7:$A$250,$F11)=0,"TK Nợ sai! ","")&IF(COUNTIF(DMTK!$A$7:$A$250,$G11)=0,"TK Có sai! ","")&IF(N($H11)<=0,"Tiền phải > 0! ","")&IF($B11="","Thiếu ngày! ","")&IF(AND(OR(LEFT($F11,3)="131",LEFT($G11,3)="131",LEFT($F11,3)="331",LEFT($G11,3)="331"),$I11=""),"Thiếu Mã ĐT! ","")&IF(AND($I11<>"",COUNTIF(DM_DT!$A$7:$A$306,$I11)=0),"Mã ĐT chưa khai báo! ",""))) | M11: =IF($H11="","",IF(AND(OR(LEFT($F11,3)="111",LEFT($F11,3)="112",LEFT($F11,3)="113"),OR(LEFT($G11,3)="111",LEFT($G11,3)="112",LEFT($G11,3)="113")),"NB",IF(OR(LEFT($F11,3)="111",LEFT($F11,3)="112",LEFT($F11,3)="113"),"THU",IF(OR(LEFT($G11,3)="111",LEFT($G11,3)="112",LEFT($G11,3)="113"),"CHI","")))) | N11: =IF($M11="THU",$G11,IF($M11="CHI",$F11,"")) | O11: =IF(OR($M11="",$M11="NB"),"",IF($J11<>"",TEXT($J11,"00"),IFERROR(VLOOKUP(LEFT($N11,4),LCTT_MAP!$A$7:$C$66,IF($M11="THU",2,3),FALSE()),IFERROR(VLOOKUP(LEFT($N11,3),LCTT_MAP!$A$7:$C$66,IF($M11="THU",2,3),FALSE()),IFERROR(VLOOKUP(LEFT($N11,2),LCTT_MAP!$A$7:$C$66,IF($M11="THU",2,3),FALSE()),IFERROR(VLOOKUP(LEFT($N11,1),LCTT_MAP!$A$7:$C$66,IF($M11="THU",2,3),FALSE()),IF($M11="THU","06","07"))))))) | P11: =P10+IF(AND($H11<>"",OR(LEFT($F11,LEN(SC_TK))=SC_TK,LEFT($G11,LEN(SC_TK))=SC_TK)),1,0)
A12: =IF($H12="","",ROW()-6) | B12: 46042 | C12: BC001 | D12: 46042 | E12: Thu tiền bán hàng - Cty Bình Minh (CK) | F12: 112 | G12: 131 | H12: 250000000 | I12: KH001 | L12: =IF($H12="","",TRIM(IF(COUNTIF(DMTK!$A$7:$A$250,$F12)=0,"TK Nợ sai! ","")&IF(COUNTIF(DMTK!$A$7:$A$250,$G12)=0,"TK Có sai! ","")&IF(N($H12)<=0,"Tiền phải > 0! ","")&IF($B12="","Thiếu ngày! ","")&IF(AND(OR(LEFT($F12,3)="131",LEFT($G12,3)="131",LEFT($F12,3)="331",LEFT($G12,3)="331"),$I12=""),"Thiếu Mã ĐT! ","")&IF(AND($I12<>"",COUNTIF(DM_DT!$A$7:$A$306,$I12)=0),"Mã ĐT chưa khai báo! ",""))) | M12: =IF($H12="","",IF(AND(OR(LEFT($F12,3)="111",LEFT($F12,3)="112",LEFT($F12,3)="113"),OR(LEFT($G12,3)="111",LEFT($G12,3)="112",LEFT($G12,3)="113")),"NB",IF(OR(LEFT($F12,3)="111",LEFT($F12,3)="112",LEFT($F12,3)="113"),"THU",IF(OR(LEFT($G12,3)="111",LEFT($G12,3)="112",LEFT($G12,3)="113"),"CHI","")))) | N12: =IF($M12="THU",$G12,IF($M12="CHI",$F12,"")) | O12: =IF(OR($M12="",$M12="NB"),"",IF($J12<>"",TEXT($J12,"00"),IFERROR(VLOOKUP(LEFT($N12,4),LCTT_MAP!$A$7:$C$66,IF($M12="THU",2,3),FALSE()),IFERROR(VLOOKUP(LEFT($N12,3),LCTT_MAP!$A$7:$C$66,IF($M12="THU",2,3),FALSE()),IFERROR(VLOOKUP(LEFT($N12,2),LCTT_MAP!$A$7:$C$66,IF($M12="THU",2,3),FALSE()),IFERROR(VLOOKUP(LEFT($N12,1),LCTT_MAP!$A$7:$C$66,IF($M12="THU",2,3),FALSE()),IF($M12="THU","06","07"))))))) | P12: =P11+IF(AND($H12<>"",OR(LEFT($F12,LEN(SC_TK))=SC_TK,LEFT($G12,LEN(SC_TK))=SC_TK)),1,0)
A13: =IF($H13="","",ROW()-6) | B13: 46047 | C13: UNC001 | D13: 46047 | E13: Trả tiền mua hàng - Cty Phú Thành | F13: 331 | G13: 112 | H13: 216000000 | I13: NCC001 | L13: =IF($H13="","",TRIM(IF(COUNTIF(DMTK!$A$7:$A$250,$F13)=0,"TK Nợ sai! ","")&IF(COUNTIF(DMTK!$A$7:$A$250,$G13)=0,"TK Có sai! ","")&IF(N($H13)<=0,"Tiền phải > 0! ","")&IF($B13="","Thiếu ngày! ","")&IF(AND(OR(LEFT($F13,3)="131",LEFT($G13,3)="131",LEFT($F13,3)="331",LEFT($G13,3)="331"),$I13=""),"Thiếu Mã ĐT! ","")&IF(AND($I13<>"",COUNTIF(DM_DT!$A$7:$A$306,$I13)=0),"Mã ĐT chưa khai báo! ",""))) | M13: =IF($H13="","",IF(AND(OR(LEFT($F13,3)="111",LEFT($F13,3)="112",LEFT($F13,3)="113"),OR(LEFT($G13,3)="111",LEFT($G13,3)="112",LEFT($G13,3)="113")),"NB",IF(OR(LEFT($F13,3)="111",LEFT($F13,3)="112",LEFT($F13,3)="113"),"THU",IF(OR(LEFT($G13,3)="111",LEFT($G13,3)="112",LEFT($G13,3)="113"),"CHI","")))) | N13: =IF($M13="THU",$G13,IF($M13="CHI",$F13,"")) | O13: =IF(OR($M13="",$M13="NB"),"",IF($J13<>"",TEXT($J13,"00"),IFERROR(VLOOKUP(LEFT($N13,4),LCTT_MAP!$A$7:$C$66,IF($M13="THU",2,3),FALSE()),IFERROR(VLOOKUP(LEFT($N13,3),LCTT_MAP!$A$7:$C$66,IF($M13="THU",2,3),FALSE()),IFERROR(VLOOKUP(LEFT($N13,2),LCTT_MAP!$A$7:$C$66,IF($M13="THU",2,3),FALSE()),IFERROR(VLOOKUP(LEFT($N13,1),LCTT_MAP!$A$7:$C$66,IF($M13="THU",2,3),FALSE()),IF($M13="THU","06","07"))))))) | P13: =P12+IF(AND($H13<>"",OR(LEFT($F13,LEN(SC_TK))=SC_TK,LEFT($G13,LEN(SC_TK))=SC_TK)),1,0)
A14: =IF($H14="","",ROW()-6) | B14: 46053 | C14: BL001 | D14: 46053 | E14: Lương tháng 01 - bộ phận QLDN | F14: 6421 | G14: 334 | H14: 40000000 | L14: =IF($H14="","",TRIM(IF(COUNTIF(DMTK!$A$7:$A$250,$F14)=0,"TK Nợ sai! ","")&IF(COUNTIF(DMTK!$A$7:$A$250,$G14)=0,"TK Có sai! ","")&IF(N($H14)<=0,"Tiền phải > 0! ","")&IF($B14="","Thiếu ngày! ","")&IF(AND(OR(LEFT($F14,3)="131",LEFT($G14,3)="131",LEFT($F14,3)="331",LEFT($G14,3)="331"),$I14=""),"Thiếu Mã ĐT! ","")&IF(AND($I14<>"",COUNTIF(DM_DT!$A$7:$A$306,$I14)=0),"Mã ĐT chưa khai báo! ",""))) | M14: =IF($H14="","",IF(AND(OR(LEFT($F14,3)="111",LEFT($F14,3)="112",LEFT($F14,3)="113"),OR(LEFT($G14,3)="111",LEFT($G14,3)="112",LEFT($G14,3)="113")),"NB",IF(OR(LEFT($F14,3)="111",LEFT($F14,3)="112",LEFT($F14,3)="113"),"THU",IF(OR(LEFT($G14,3)="111",LEFT($G14,3)="112",LEFT($G14,3)="113"),"CHI","")))) | N14: =IF($M14="THU",$G14,IF($M14="CHI",$F14,"")) | O14: =IF(OR($M14="",$M14="NB"),"",IF($J14<>"",TEXT($J14,"00"),IFERROR(VLOOKUP(LEFT($N14,4),LCTT_MAP!$A$7:$C$66,IF($M14="THU",2,3),FALSE()),IFERROR(VLOOKUP(LEFT($N14,3),LCTT_MAP!$A$7:$C$66,IF($M14="THU",2,3),FALSE()),IFERROR(VLOOKUP(LEFT($N14,2),LCTT_MAP!$A$7:$C$66,IF($M14="THU",2,3),FALSE()),IFERROR(VLOOKUP(LEFT($N14,1),LCTT_MAP!$A$7:$C$66,IF($M14="THU",2,3),FALSE()),IF($M14="THU","06","07"))))))) | P14: =P13+IF(AND($H14<>"",OR(LEFT($F14,LEN(SC_TK))=SC_TK,LEFT($G14,LEN(SC_TK))=SC_TK)),1,0)
A15: =IF($H15="","",ROW()-6) | B15: 46053 | C15: BL001 | D15: 46053 | E15: Lương tháng 01 - bộ phận bán hàng | F15: 6411 | G15: 334 | H15: 25000000 | L15: =IF($H15="","",TRIM(IF(COUNTIF(DMTK!$A$7:$A$250,$F15)=0,"TK Nợ sai! ","")&IF(COUNTIF(DMTK!$A$7:$A$250,$G15)=0,"TK Có sai! ","")&IF(N($H15)<=0,"Tiền phải > 0! ","")&IF($B15="","Thiếu ngày! ","")&IF(AND(OR(LEFT($F15,3)="131",LEFT($G15,3)="131",LEFT($F15,3)="331",LEFT($G15,3)="331"),$I15=""),"Thiếu Mã ĐT! ","")&IF(AND($I15<>"",COUNTIF(DM_DT!$A$7:$A$306,$I15)=0),"Mã ĐT chưa khai báo! ",""))) | M15: =IF($H15="","",IF(AND(OR(LEFT($F15,3)="111",LEFT($F15,3)="112",LEFT($F15,3)="113"),OR(LEFT($G15,3)="111",LEFT($G15,3)="112",LEFT($G15,3)="113")),"NB",IF(OR(LEFT($F15,3)="111",LEFT($F15,3)="112",LEFT($F15,3)="113"),"THU",IF(OR(LEFT($G15,3)="111",LEFT($G15,3)="112",LEFT($G15,3)="113"),"CHI","")))) | N15: =IF($M15="THU",$G15,IF($M15="CHI",$F15,"")) | O15: =IF(OR($M15="",$M15="NB"),"",IF($J15<>"",TEXT($J15,"00"),IFERROR(VLOOKUP(LEFT($N15,4),LCTT_MAP!$A$7:$C$66,IF($M15="THU",2,3),FALSE()),IFERROR(VLOOKUP(LEFT($N15,3),LCTT_MAP!$A$7:$C$66,IF($M15="THU",2,3),FALSE()),IFERROR(VLOOKUP(LEFT($N15,2),LCTT_MAP!$A$7:$C$66,IF($M15="THU",2,3),FALSE()),IFERROR(VLOOKUP(LEFT($N15,1),LCTT_MAP!$A$7:$C$66,IF($M15="THU",2,3),FALSE()),IF($M15="THU","06","07"))))))) | P15: =P14+IF(AND($H15<>"",OR(LEFT($F15,LEN(SC_TK))=SC_TK,LEFT($G15,LEN(SC_TK))=SC_TK)),1,0)
A16: =IF($H16="","",ROW()-6) | B16: 46053 | C16: BL001 | D16: 46053 | E16: BHXH, BHYT, BHTN, KPCĐ doanh nghiệp đóng - QLDN | F16: 6421 | G16: 3383 | H16: 9400000 | L16: =IF($H16="","",TRIM(IF(COUNTIF(DMTK!$A$7:$A$250,$F16)=0,"TK Nợ sai! ","")&IF(COUNTIF(DMTK!$A$7:$A$250,$G16)=0,"TK Có sai! ","")&IF(N($H16)<=0,"Tiền phải > 0! ","")&IF($B16="","Thiếu ngày! ","")&IF(AND(OR(LEFT($F16,3)="131",LEFT($G16,3)="131",LEFT($F16,3)="331",LEFT($G16,3)="331"),$I16=""),"Thiếu Mã ĐT! ","")&IF(AND($I16<>"",COUNTIF(DM_DT!$A$7:$A$306,$I16)=0),"Mã ĐT chưa khai báo! ",""))) | M16: =IF($H16="","",IF(AND(OR(LEFT($F16,3)="111",LEFT($F16,3)="112",LEFT($F16,3)="113"),OR(LEFT($G16,3)="111",LEFT($G16,3)="112",LEFT($G16,3)="113")),"NB",IF(OR(LEFT($F16,3)="111",LEFT($F16,3)="112",LEFT($F16,3)="113"),"THU",IF(OR(LEFT($G16,3)="111",LEFT($G16,3)="112",LEFT($G16,3)="113"),"CHI","")))) | N16: =IF($M16="THU",$G16,IF($M16="CHI",$F16,"")) | O16: =IF(OR($M16="",$M16="NB"),"",IF($J16<>"",TEXT($J16,"00"),IFERROR(VLOOKUP(LEFT($N16,4),LCTT_MAP!$A$7:$C$66,IF($M16="THU",2,3),FALSE()),IFERROR(VLOOKUP(LEFT($N16,3),LCTT_MAP!$A$7:$C$66,IF($M16="THU",2,3),FALSE()),IFERROR(VLOOKUP(LEFT($N16,2),LCTT_MAP!$A$7:$C$66,IF($M16="THU",2,3),FALSE()),IFERROR(VLOOKUP(LEFT($N16,1),LCTT_MAP!$A$7:$C$66,IF($M16="THU",2,3),FALSE()),IF($M16="THU","06","07"))))))) | P16: =P15+IF(AND($H16<>"",OR(LEFT($F16,LEN(SC_TK))=SC_TK,LEFT($G16,LEN(SC_TK))=SC_TK)),1,0)
A17: =IF($H17="","",ROW()-6) | B17: 46053 | C17: BL001 | D17: 46053 | E17: BHXH, BHYT, BHTN, KPCĐ doanh nghiệp đóng - bán hàng | F17: 6411 | G17: 3383 | H17: 5875000 | L17: =IF($H17="","",TRIM(IF(COUNTIF(DMTK!$A$7:$A$250,$F17)=0,"TK Nợ sai! ","")&IF(COUNTIF(DMTK!$A$7:$A$250,$G17)=0,"TK Có sai! ","")&IF(N($H17)<=0,"Tiền phải > 0! ","")&IF($B17="","Thiếu ngày! ","")&IF(AND(OR(LEFT($F17,3)="131",LEFT($G17,3)="131",LEFT($F17,3)="331",LEFT($G17,3)="331"),$I17=""),"Thiếu Mã ĐT! ","")&IF(AND($I17<>"",COUNTIF(DM_DT!$A$7:$A$306,$I17)=0),"Mã ĐT chưa khai báo! ",""))) | M17: =IF($H17="","",IF(AND(OR(LEFT($F17,3)="111",LEFT($F17,3)="112",LEFT($F17,3)="113"),OR(LEFT($G17,3)="111",LEFT($G17,3)="112",LEFT($G17,3)="113")),"NB",IF(OR(LEFT($F17,3)="111",LEFT($F17,3)="112",LEFT($F17,3)="113"),"THU",IF(OR(LEFT($G17,3)="111",LEFT($G17,3)="112",LEFT($G17,3)="113"),"CHI","")))) | N17: =IF($M17="THU",$G17,IF($M17="CHI",$F17,"")) | O17: =IF(OR($M17="",$M17="NB"),"",IF($J17<>"",TEXT($J17,"00"),IFERROR(VLOOKUP(LEFT($N17,4),LCTT_MAP!$A$7:$C$66,IF($M17="THU",2,3),FALSE()),IFERROR(VLOOKUP(LEFT($N17,3),LCTT_MAP!$A$7:$C$66,IF($M17="THU",2,3),FALSE()),IFERROR(VLOOKUP(LEFT($N17,2),LCTT_MAP!$A$7:$C$66,IF($M17="THU",2,3),FALSE()),IFERROR(VLOOKUP(LEFT($N17,1),LCTT_MAP!$A$7:$C$66,IF($M17="THU",2,3),FALSE()),IF($M17="THU","06","07"))))))) | P17: =P16+IF(AND($H17<>"",OR(LEFT($F17,LEN(SC_TK))=SC_TK,LEFT($G17,LEN(SC_TK))=SC_TK)),1,0)
A18: =IF($H18="","",ROW()-6) | B18: 46053 | C18: BL001 | D18: 46053 | E18: Bảo hiểm trừ vào lương người lao động (10,5%) | F18: 334 | G18: 3383 | H18: 6825000 | L18: =IF($H18="","",TRIM(IF(COUNTIF(DMTK!$A$7:$A$250,$F18)=0,"TK Nợ sai! ","")&IF(COUNTIF(DMTK!$A$7:$A$250,$G18)=0,"TK Có sai! ","")&IF(N($H18)<=0,"Tiền phải > 0! ","")&IF($B18="","Thiếu ngày! ","")&IF(AND(OR(LEFT($F18,3)="131",LEFT($G18,3)="131",LEFT($F18,3)="331",LEFT($G18,3)="331"),$I18=""),"Thiếu Mã ĐT! ","")&IF(AND($I18<>"",COUNTIF(DM_DT!$A$7:$A$306,$I18)=0),"Mã ĐT chưa khai báo! ",""))) | M18: =IF($H18="","",IF(AND(OR(LEFT($F18,3)="111",LEFT($F18,3)="112",LEFT($F18,3)="113"),OR(LEFT($G18,3)="111",LEFT($G18,3)="112",LEFT($G18,3)="113")),"NB",IF(OR(LEFT($F18,3)="111",LEFT($F18,3)="112",LEFT($F18,3)="113"),"THU",IF(OR(LEFT($G18,3)="111",LEFT($G18,3)="112",LEFT($G18,3)="113"),"CHI","")))) | N18: =IF($M18="THU",$G18,IF($M18="CHI",$F18,"")) | O18: =IF(OR($M18="",$M18="NB"),"",IF($J18<>"",TEXT($J18,"00"),IFERROR(VLOOKUP(LEFT($N18,4),LCTT_MAP!$A$7:$C$66,IF($M18="THU",2,3),FALSE()),IFERROR(VLOOKUP(LEFT($N18,3),LCTT_MAP!$A$7:$C$66,IF($M18="THU",2,3),FALSE()),IFERROR(VLOOKUP(LEFT($N18,2),LCTT_MAP!$A$7:$C$66,IF($M18="THU",2,3),FALSE()),IFERROR(VLOOKUP(LEFT($N18,1),LCTT_MAP!$A$7:$C$66,IF($M18="THU",2,3),FALSE()),IF($M18="THU","06","07"))))))) | P18: =P17+IF(AND($H18<>"",OR(LEFT($F18,LEN(SC_TK))=SC_TK,LEFT($G18,LEN(SC_TK))=SC_TK)),1,0)
A19: =IF($H19="","",ROW()-6) | B19: 46058 | C19: UNC002 | D19: 46058 | E19: Chi trả lương tháng 01 qua ngân hàng | F19: 334 | G19: 112 | H19: 58175000 | L19: =IF($H19="","",TRIM(IF(COUNTIF(DMTK!$A$7:$A$250,$F19)=0,"TK Nợ sai! ","")&IF(COUNTIF(DMTK!$A$7:$A$250,$G19)=0,"TK Có sai! ","")&IF(N($H19)<=0,"Tiền phải > 0! ","")&IF($B19="","Thiếu ngày! ","")&IF(AND(OR(LEFT($F19,3)="131",LEFT($G19,3)="131",LEFT($F19,3)="331",LEFT($G19,3)="331"),$I19=""),"Thiếu Mã ĐT! ","")&IF(AND($I19<>"",COUNTIF(DM_DT!$A$7:$A$306,$I19)=0),"Mã ĐT chưa khai báo! ",""))) | M19: =IF($H19="","",IF(AND(OR(LEFT($F19,3)="111",LEFT($F19,3)="112",LEFT($F19,3)="113"),OR(LEFT($G19,3)="111",LEFT($G19,3)="112",LEFT($G19,3)="113")),"NB",IF(OR(LEFT($F19,3)="111",LEFT($F19,3)="112",LEFT($F19,3)="113"),"THU",IF(OR(LEFT($G19,3)="111",LEFT($G19,3)="112",LEFT($G19,3)="113"),"CHI","")))) | N19: =IF($M19="THU",$G19,IF($M19="CHI",$F19,"")) | O19: =IF(OR($M19="",$M19="NB"),"",IF($J19<>"",TEXT($J19,"00"),IFERROR(VLOOKUP(LEFT($N19,4),LCTT_MAP!$A$7:$C$66,IF($M19="THU",2,3),FALSE()),IFERROR(VLOOKUP(LEFT($N19,3),LCTT_MAP!$A$7:$C$66,IF($M19="THU",2,3),FALSE()),IFERROR(VLOOKUP(LEFT($N19,2),LCTT_MAP!$A$7:$C$66,IF($M19="THU",2,3),FALSE()),IFERROR(VLOOKUP(LEFT($N19,1),LCTT_MAP!$A$7:$C$66,IF($M19="THU",2,3),FALSE()),IF($M19="THU","06","07"))))))) | P19: =P18+IF(AND($H19<>"",OR(LEFT($F19,LEN(SC_TK))=SC_TK,LEFT($G19,LEN(SC_TK))=SC_TK)),1,0)
A20: =IF($H20="","",ROW()-6) | B20: 46058 | C20: UNC003 | D20: 46058 | E20: Nộp BHXH, BHYT, BHTN, KPCĐ tháng 01 | F20: 3383 | G20: 112 | H20: 22100000 | L20: =IF($H20="","",TRIM(IF(COUNTIF(DMTK!$A$7:$A$250,$F20)=0,"TK Nợ sai! ","")&IF(COUNTIF(DMTK!$A$7:$A$250,$G20)=0,"TK Có sai! ","")&IF(N($H20)<=0,"Tiền phải > 0! ","")&IF($B20="","Thiếu ngày! ","")&IF(AND(OR(LEFT($F20,3)="131",LEFT($G20,3)="131",LEFT($F20,3)="331",LEFT($G20,3)="331"),$I20=""),"Thiếu Mã ĐT! ","")&IF(AND($I20<>"",COUNTIF(DM_DT!$A$7:$A$306,$I20)=0),"Mã ĐT chưa khai báo! ",""))) | M20: =IF($H20="","",IF(AND(OR(LEFT($F20,3)="111",LEFT($F20,3)="112",LEFT($F20,3)="113"),OR(LEFT($G20,3)="111",LEFT($G20,3)="112",LEFT($G20,3)="113")),"NB",IF(OR(LEFT($F20,3)="111",LEFT($F20,3)="112",LEFT($F20,3)="113"),"THU",IF(OR(LEFT($G20,3)="111",LEFT($G20,3)="112",LEFT($G20,3)="113"),"CHI","")))) | N20: =IF($M20="THU",$G20,IF($M20="CHI",$F20,"")) | O20: =IF(OR($M20="",$M20="NB"),"",IF($J20<>"",TEXT($J20,"00"),IFERROR(VLOOKUP(LEFT($N20,4),LCTT_MAP!$A$7:$C$66,IF($M20="THU",2,3),FALSE()),IFERROR(VLOOKUP(LEFT($N20,3),LCTT_MAP!$A$7:$C$66,IF($M20="THU",2,3),FALSE()),IFERROR(VLOOKUP(LEFT($N20,2),LCTT_MAP!$A$7:$C$66,IF($M20="THU",2,3),FALSE()),IFERROR(VLOOKUP(LEFT($N20,1),LCTT_MAP!$A$7:$C$66,IF($M20="THU",2,3),FALSE()),IF($M20="THU","06","07"))))))) | P20: =P19+IF(AND($H20<>"",OR(LEFT($F20,LEN(SC_TK))=SC_TK,LEFT($G20,LEN(SC_TK))=SC_TK)),1,0)
A21: =IF($H21="","",ROW()-6) | B21: 46068 | C21: HD0002 | D21: 46068 | E21: Bán hàng hóa - Cty Sao Mai | F21: 131 | G21: 511 | H21: 180000000 | I21: KH002 | L21: =IF($H21="","",TRIM(IF(COUNTIF(DMTK!$A$7:$A$250,$F21)=0,"TK Nợ sai! ","")&IF(COUNTIF(DMTK!$A$7:$A$250,$G21)=0,"TK Có sai! ","")&IF(N($H21)<=0,"Tiền phải > 0! ","")&IF($B21="","Thiếu ngày! ","")&IF(AND(OR(LEFT($F21,3)="131",LEFT($G21,3)="131",LEFT($F21,3)="331",LEFT($G21,3)="331"),$I21=""),"Thiếu Mã ĐT! ","")&IF(AND($I21<>"",COUNTIF(DM_DT!$A$7:$A$306,$I21)=0),"Mã ĐT chưa khai báo! ",""))) | M21: =IF($H21="","",IF(AND(OR(LEFT($F21,3)="111",LEFT($F21,3)="112",LEFT($F21,3)="113"),OR(LEFT($G21,3)="111",LEFT($G21,3)="112",LEFT($G21,3)="113")),"NB",IF(OR(LEFT($F21,3)="111",LEFT($F21,3)="112",LEFT($F21,3)="113"),"THU",IF(OR(LEFT($G21,3)="111",LEFT($G21,3)="112",LEFT($G21,3)="113"),"CHI","")))) | N21: =IF($M21="THU",$G21,IF($M21="CHI",$F21,"")) | O21: =IF(OR($M21="",$M21="NB"),"",IF($J21<>"",TEXT($J21,"00"),IFERROR(VLOOKUP(LEFT($N21,4),LCTT_MAP!$A$7:$C$66,IF($M21="THU",2,3),FALSE()),IFERROR(VLOOKUP(LEFT($N21,3),LCTT_MAP!$A$7:$C$66,IF($M21="THU",2,3),FALSE()),IFERROR(VLOOKUP(LEFT($N21,2),LCTT_MAP!$A$7:$C$66,IF($M21="THU",2,3),FALSE()),IFERROR(VLOOKUP(LEFT($N21,1),LCTT_MAP!$A$7:$C$66,IF($M21="THU",2,3),FALSE()),IF($M21="THU","06","07"))))))) | P21: =P20+IF(AND($H21<>"",OR(LEFT($F21,LEN(SC_TK))=SC_TK,LEFT($G21,LEN(SC_TK))=SC_TK)),1,0)
A22: =IF($H22="","",ROW()-6) | B22: 46068 | C22: HD0002 | D22: 46068 | E22: Thuế GTGT đầu ra bán hàng | F22: 131 | G22: 33311 | H22: 14400000 | I22: KH002 | L22: =IF($H22="","",TRIM(IF(COUNTIF(DMTK!$A$7:$A$250,$F22)=0,"TK Nợ sai! ","")&IF(COUNTIF(DMTK!$A$7:$A$250,$G22)=0,"TK Có sai! ","")&IF(N($H22)<=0,"Tiền phải > 0! ","")&IF($B22="","Thiếu ngày! ","")&IF(AND(OR(LEFT($F22,3)="131",LEFT($G22,3)="131",LEFT($F22,3)="331",LEFT($G22,3)="331"),$I22=""),"Thiếu Mã ĐT! ","")&IF(AND($I22<>"",COUNTIF(DM_DT!$A$7:$A$306,$I22)=0),"Mã ĐT chưa khai báo! ",""))) | M22: =IF($H22="","",IF(AND(OR(LEFT($F22,3)="111",LEFT($F22,3)="112",LEFT($F22,3)="113"),OR(LEFT($G22,3)="111",LEFT($G22,3)="112",LEFT($G22,3)="113")),"NB",IF(OR(LEFT($F22,3)="111",LEFT($F22,3)="112",LEFT($F22,3)="113"),"THU",IF(OR(LEFT($G22,3)="111",LEFT($G22,3)="112",LEFT($G22,3)="113"),"CHI","")))) | N22: =IF($M22="THU",$G22,IF($M22="CHI",$F22,"")) | O22: =IF(OR($M22="",$M22="NB"),"",IF($J22<>"",TEXT($J22,"00"),IFERROR(VLOOKUP(LEFT($N22,4),LCTT_MAP!$A$7:$C$66,IF($M22="THU",2,3),FALSE()),IFERROR(VLOOKUP(LEFT($N22,3),LCTT_MAP!$A$7:$C$66,IF($M22="THU",2,3),FALSE()),IFERROR(VLOOKUP(LEFT($N22,2),LCTT_MAP!$A$7:$C$66,IF($M22="THU",2,3),FALSE()),IFERROR(VLOOKUP(LEFT($N22,1),LCTT_MAP!$A$7:$C$66,IF($M22="THU",2,3),FALSE()),IF($M22="THU","06","07"))))))) | P22: =P21+IF(AND($H22<>"",OR(LEFT($F22,LEN(SC_TK))=SC_TK,LEFT($G22,LEN(SC_TK))=SC_TK)),1,0)
A23: =IF($H23="","",ROW()-6) | B23: 46068 | C23: PX002 | D23: 46068 | E23: Giá vốn hàng bán HĐ 0002 | F23: 632 | G23: 156 | H23: 130000000 | L23: =IF($H23="","",TRIM(IF(COUNTIF(DMTK!$A$7:$A$250,$F23)=0,"TK Nợ sai! ","")&IF(COUNTIF(DMTK!$A$7:$A$250,$G23)=0,"TK Có sai! ","")&IF(N($H23)<=0,"Tiền phải > 0! ","")&IF($B23="","Thiếu ngày! ","")&IF(AND(OR(LEFT($F23,3)="131",LEFT($G23,3)="131",LEFT($F23,3)="331",LEFT($G23,3)="331"),$I23=""),"Thiếu Mã ĐT! ","")&IF(AND($I23<>"",COUNTIF(DM_DT!$A$7:$A$306,$I23)=0),"Mã ĐT chưa khai báo! ",""))) | M23: =IF($H23="","",IF(AND(OR(LEFT($F23,3)="111",LEFT($F23,3)="112",LEFT($F23,3)="113"),OR(LEFT($G23,3)="111",LEFT($G23,3)="112",LEFT($G23,3)="113")),"NB",IF(OR(LEFT($F23,3)="111",LEFT($F23,3)="112",LEFT($F23,3)="113"),"THU",IF(OR(LEFT($G23,3)="111",LEFT($G23,3)="112",LEFT($G23,3)="113"),"CHI","")))) | N23: =IF($M23="THU",$G23,IF($M23="CHI",$F23,"")) | O23: =IF(OR($M23="",$M23="NB"),"",IF($J23<>"",TEXT($J23,"00"),IFERROR(VLOOKUP(LEFT($N23,4),LCTT_MAP!$A$7:$C$66,IF($M23="THU",2,3),FALSE()),IFERROR(VLOOKUP(LEFT($N23,3),LCTT_MAP!$A$7:$C$66,IF($M23="THU",2,3),FALSE()),IFERROR(VLOOKUP(LEFT($N23,2),LCTT_MAP!$A$7:$C$66,IF($M23="THU",2,3),FALSE()),IFERROR(VLOOKUP(LEFT($N23,1),LCTT_MAP!$A$7:$C$66,IF($M23="THU",2,3),FALSE()),IF($M23="THU","06","07"))))))) | P23: =P22+IF(AND($H23<>"",OR(LEFT($F23,LEN(SC_TK))=SC_TK,LEFT($G23,LEN(SC_TK))=SC_TK)),1,0)
A24: =IF($H24="","",ROW()-6) | B24: 46081 | C24: PC001 | D24: 46081 | E24: Chi tiếp khách bằng tiền mặt | F24: 6428 | G24: 111 | H24: 8000000 | L24: =IF($H24="","",TRIM(IF(COUNTIF(DMTK!$A$7:$A$250,$F24)=0,"TK Nợ sai! ","")&IF(COUNTIF(DMTK!$A$7:$A$250,$G24)=0,"TK Có sai! ","")&IF(N($H24)<=0,"Tiền phải > 0! ","")&IF($B24="","Thiếu ngày! ","")&IF(AND(OR(LEFT($F24,3)="131",LEFT($G24,3)="131",LEFT($F24,3)="331",LEFT($G24,3)="331"),$I24=""),"Thiếu Mã ĐT! ","")&IF(AND($I24<>"",COUNTIF(DM_DT!$A$7:$A$306,$I24)=0),"Mã ĐT chưa khai báo! ",""))) | M24: =IF($H24="","",IF(AND(OR(LEFT($F24,3)="111",LEFT($F24,3)="112",LEFT($F24,3)="113"),OR(LEFT($G24,3)="111",LEFT($G24,3)="112",LEFT($G24,3)="113")),"NB",IF(OR(LEFT($F24,3)="111",LEFT($F24,3)="112",LEFT($F24,3)="113"),"THU",IF(OR(LEFT($G24,3)="111",LEFT($G24,3)="112",LEFT($G24,3)="113"),"CHI","")))) | N24: =IF($M24="THU",$G24,IF($M24="CHI",$F24,"")) | O24: =IF(OR($M24="",$M24="NB"),"",IF($J24<>"",TEXT($J24,"00"),IFERROR(VLOOKUP(LEFT($N24,4),LCTT_MAP!$A$7:$C$66,IF($M24="THU",2,3),FALSE()),IFERROR(VLOOKUP(LEFT($N24,3),LCTT_MAP!$A$7:$C$66,IF($M24="THU",2,3),FALSE()),IFERROR(VLOOKUP(LEFT($N24,2),LCTT_MAP!$A$7:$C$66,IF($M24="THU",2,3),FALSE()),IFERROR(VLOOKUP(LEFT($N24,1),LCTT_MAP!$A$7:$C$66,IF($M24="THU",2,3),FALSE()),IF($M24="THU","06","07"))))))) | P24: =P23+IF(AND($H24<>"",OR(LEFT($F24,LEN(SC_TK))=SC_TK,LEFT($G24,LEN(SC_TK))=SC_TK)),1,0)
A25: =IF($H25="","",ROW()-6) | B25: 46081 | C25: PKT001 | D25: 46081 | E25: Khấu trừ thuế GTGT đầu vào với đầu ra | F25: 33311 | G25: 1331 | H25: 16000000 | L25: =IF($H25="","",TRIM(IF(COUNTIF(DMTK!$A$7:$A$250,$F25)=0,"TK Nợ sai! ","")&IF(COUNTIF(DMTK!$A$7:$A$250,$G25)=0,"TK Có sai! ","")&IF(N($H25)<=0,"Tiền phải > 0! ","")&IF($B25="","Thiếu ngày! ","")&IF(AND(OR(LEFT($F25,3)="131",LEFT($G25,3)="131",LEFT($F25,3)="331",LEFT($G25,3)="331"),$I25=""),"Thiếu Mã ĐT! ","")&IF(AND($I25<>"",COUNTIF(DM_DT!$A$7:$A$306,$I25)=0),"Mã ĐT chưa khai báo! ",""))) | M25: =IF($H25="","",IF(AND(OR(LEFT($F25,3)="111",LEFT($F25,3)="112",LEFT($F25,3)="113"),OR(LEFT($G25,3)="111",LEFT($G25,3)="112",LEFT($G25,3)="113")),"NB",IF(OR(LEFT($F25,3)="111",LEFT($F25,3)="112",LEFT($F25,3)="113"),"THU",IF(OR(LEFT($G25,3)="111",LEFT($G25,3)="112",LEFT($G25,3)="113"),"CHI","")))) | N25: =IF($M25="THU",$G25,IF($M25="CHI",$F25,"")) | O25: =IF(OR($M25="",$M25="NB"),"",IF($J25<>"",TEXT($J25,"00"),IFERROR(VLOOKUP(LEFT($N25,4),LCTT_MAP!$A$7:$C$66,IF($M25="THU",2,3),FALSE()),IFERROR(VLOOKUP(LEFT($N25,3),LCTT_MAP!$A$7:$C$66,IF($M25="THU",2,3),FALSE()),IFERROR(VLOOKUP(LEFT($N25,2),LCTT_MAP!$A$7:$C$66,IF($M25="THU",2,3),FALSE()),IFERROR(VLOOKUP(LEFT($N25,1),LCTT_MAP!$A$7:$C$66,IF($M25="THU",2,3),FALSE()),IF($M25="THU","06","07"))))))) | P25: =P24+IF(AND($H25<>"",OR(LEFT($F25,LEN(SC_TK))=SC_TK,LEFT($G25,LEN(SC_TK))=SC_TK)),1,0)
A26: =IF($H26="","",ROW()-6) | B26: 46091 | C26: BC002 | D26: 46091 | E26: Thu nợ tiền hàng - Cty Sao Mai | F26: 112 | G26: 131 | H26: 200000000 | I26: KH002 | L26: =IF($H26="","",TRIM(IF(COUNTIF(DMTK!$A$7:$A$250,$F26)=0,"TK Nợ sai! ","")&IF(COUNTIF(DMTK!$A$7:$A$250,$G26)=0,"TK Có sai! ","")&IF(N($H26)<=0,"Tiền phải > 0! ","")&IF($B26="","Thiếu ngày! ","")&IF(AND(OR(LEFT($F26,3)="131",LEFT($G26,3)="131",LEFT($F26,3)="331",LEFT($G26,3)="331"),$I26=""),"Thiếu Mã ĐT! ","")&IF(AND($I26<>"",COUNTIF(DM_DT!$A$7:$A$306,$I26)=0),"Mã ĐT chưa khai báo! ",""))) | M26: =IF($H26="","",IF(AND(OR(LEFT($F26,3)="111",LEFT($F26,3)="112",LEFT($F26,3)="113"),OR(LEFT($G26,3)="111",LEFT($G26,3)="112",LEFT($G26,3)="113")),"NB",IF(OR(LEFT($F26,3)="111",LEFT($F26,3)="112",LEFT($F26,3)="113"),"THU",IF(OR(LEFT($G26,3)="111",LEFT($G26,3)="112",LEFT($G26,3)="113"),"CHI","")))) | N26: =IF($M26="THU",$G26,IF($M26="CHI",$F26,"")) | O26: =IF(OR($M26="",$M26="NB"),"",IF($J26<>"",TEXT($J26,"00"),IFERROR(VLOOKUP(LEFT($N26,4),LCTT_MAP!$A$7:$C$66,IF($M26="THU",2,3),FALSE()),IFERROR(VLOOKUP(LEFT($N26,3),LCTT_MAP!$A$7:$C$66,IF($M26="THU",2,3),FALSE()),IFERROR(VLOOKUP(LEFT($N26,2),LCTT_MAP!$A$7:$C$66,IF($M26="THU",2,3),FALSE()),IFERROR(VLOOKUP(LEFT($N26,1),LCTT_MAP!$A$7:$C$66,IF($M26="THU",2,3),FALSE()),IF($M26="THU","06","07"))))))) | P26: =P25+IF(AND($H26<>"",OR(LEFT($F26,LEN(SC_TK))=SC_TK,LEFT($G26,LEN(SC_TK))=SC_TK)),1,0)
A27: =IF($H27="","",ROW()-6) | B27: 46101 | C27: UNC004 | D27: 46101 | E27: Nộp thuế TNDN còn phải nộp năm 2025 | F27: 3334 | G27: 112 | H27: 12000000 | L27: =IF($H27="","",TRIM(IF(COUNTIF(DMTK!$A$7:$A$250,$F27)=0,"TK Nợ sai! ","")&IF(COUNTIF(DMTK!$A$7:$A$250,$G27)=0,"TK Có sai! ","")&IF(N($H27)<=0,"Tiền phải > 0! ","")&IF($B27="","Thiếu ngày! ","")&IF(AND(OR(LEFT($F27,3)="131",LEFT($G27,3)="131",LEFT($F27,3)="331",LEFT($G27,3)="331"),$I27=""),"Thiếu Mã ĐT! ","")&IF(AND($I27<>"",COUNTIF(DM_DT!$A$7:$A$306,$I27)=0),"Mã ĐT chưa khai báo! ",""))) | M27: =IF($H27="","",IF(AND(OR(LEFT($F27,3)="111",LEFT($F27,3)="112",LEFT($F27,3)="113"),OR(LEFT($G27,3)="111",LEFT($G27,3)="112",LEFT($G27,3)="113")),"NB",IF(OR(LEFT($F27,3)="111",LEFT($F27,3)="112",LEFT($F27,3)="113"),"THU",IF(OR(LEFT($G27,3)="111",LEFT($G27,3)="112",LEFT($G27,3)="113"),"CHI","")))) | N27: =IF($M27="THU",$G27,IF($M27="CHI",$F27,"")) | O27: =IF(OR($M27="",$M27="NB"),"",IF($J27<>"",TEXT($J27,"00"),IFERROR(VLOOKUP(LEFT($N27,4),LCTT_MAP!$A$7:$C$66,IF($M27="THU",2,3),FALSE()),IFERROR(VLOOKUP(LEFT($N27,3),LCTT_MAP!$A$7:$C$66,IF($M27="THU",2,3),FALSE()),IFERROR(VLOOKUP(LEFT($N27,2),LCTT_MAP!$A$7:$C$66,IF($M27="THU",2,3),FALSE()),IFERROR(VLOOKUP(LEFT($N27,1),LCTT_MAP!$A$7:$C$66,IF($M27="THU",2,3),FALSE()),IF($M27="THU","06","07"))))))) | P27: =P26+IF(AND($H27<>"",OR(LEFT($F27,LEN(SC_TK))=SC_TK,LEFT($G27,LEN(SC_TK))=SC_TK)),1,0)
A28: =IF($H28="","",ROW()-6) | B28: 46106 | C28: UNC005 | D28: 46106 | E28: Nộp thuế GTGT vào NSNN | F28: 33311 | G28: 112 | H28: 18400000 | L28: =IF($H28="","",TRIM(IF(COUNTIF(DMTK!$A$7:$A$250,$F28)=0,"TK Nợ sai! ","")&IF(COUNTIF(DMTK!$A$7:$A$250,$G28)=0,"TK Có sai! ","")&IF(N($H28)<=0,"Tiền phải > 0! ","")&IF($B28="","Thiếu ngày! ","")&IF(AND(OR(LEFT($F28,3)="131",LEFT($G28,3)="131",LEFT($F28,3)="331",LEFT($G28,3)="331"),$I28=""),"Thiếu Mã ĐT! ","")&IF(AND($I28<>"",COUNTIF(DM_DT!$A$7:$A$306,$I28)=0),"Mã ĐT chưa khai báo! ",""))) | M28: =IF($H28="","",IF(AND(OR(LEFT($F28,3)="111",LEFT($F28,3)="112",LEFT($F28,3)="113"),OR(LEFT($G28,3)="111",LEFT($G28,3)="112",LEFT($G28,3)="113")),"NB",IF(OR(LEFT($F28,3)="111",LEFT($F28,3)="112",LEFT($F28,3)="113"),"THU",IF(OR(LEFT($G28,3)="111",LEFT($G28,3)="112",LEFT($G28,3)="113"),"CHI","")))) | N28: =IF($M28="THU",$G28,IF($M28="CHI",$F28,"")) | O28: =IF(OR($M28="",$M28="NB"),"",IF($J28<>"",TEXT($J28,"00"),IFERROR(VLOOKUP(LEFT($N28,4),LCTT_MAP!$A$7:$C$66,IF($M28="THU",2,3),FALSE()),IFERROR(VLOOKUP(LEFT($N28,3),LCTT_MAP!$A$7:$C$66,IF($M28="THU",2,3),FALSE()),IFERROR(VLOOKUP(LEFT($N28,2),LCTT_MAP!$A$7:$C$66,IF($M28="THU",2,3),FALSE()),IFERROR(VLOOKUP(LEFT($N28,1),LCTT_MAP!$A$7:$C$66,IF($M28="THU",2,3),FALSE()),IF($M28="THU","06","07"))))))) | P28: =P27+IF(AND($H28<>"",OR(LEFT($F28,LEN(SC_TK))=SC_TK,LEFT($G28,LEN(SC_TK))=SC_TK)),1,0)
A29: =IF($H29="","",ROW()-6) | B29: 46112 | C29: PKT002 | D29: 46112 | E29: Khấu hao TSCĐ quý 1 - bộ phận QLDN | F29: 6424 | G29: 2141 | H29: 15000000 | L29: =IF($H29="","",TRIM(IF(COUNTIF(DMTK!$A$7:$A$250,$F29)=0,"TK Nợ sai! ","")&IF(COUNTIF(DMTK!$A$7:$A$250,$G29)=0,"TK Có sai! ","")&IF(N($H29)<=0,"Tiền phải > 0! ","")&IF($B29="","Thiếu ngày! ","")&IF(AND(OR(LEFT($F29,3)="131",LEFT($G29,3)="131",LEFT($F29,3)="331",LEFT($G29,3)="331"),$I29=""),"Thiếu Mã ĐT! ","")&IF(AND($I29<>"",COUNTIF(DM_DT!$A$7:$A$306,$I29)=0),"Mã ĐT chưa khai báo! ",""))) | M29: =IF($H29="","",IF(AND(OR(LEFT($F29,3)="111",LEFT($F29,3)="112",LEFT($F29,3)="113"),OR(LEFT($G29,3)="111",LEFT($G29,3)="112",LEFT($G29,3)="113")),"NB",IF(OR(LEFT($F29,3)="111",LEFT($F29,3)="112",LEFT($F29,3)="113"),"THU",IF(OR(LEFT($G29,3)="111",LEFT($G29,3)="112",LEFT($G29,3)="113"),"CHI","")))) | N29: =IF($M29="THU",$G29,IF($M29="CHI",$F29,"")) | O29: =IF(OR($M29="",$M29="NB"),"",IF($J29<>"",TEXT($J29,"00"),IFERROR(VLOOKUP(LEFT($N29,4),LCTT_MAP!$A$7:$C$66,IF($M29="THU",2,3),FALSE()),IFERROR(VLOOKUP(LEFT($N29,3),LCTT_MAP!$A$7:$C$66,IF($M29="THU",2,3),FALSE()),IFERROR(VLOOKUP(LEFT($N29,2),LCTT_MAP!$A$7:$C$66,IF($M29="THU",2,3),FALSE()),IFERROR(VLOOKUP(LEFT($N29,1),LCTT_MAP!$A$7:$C$66,IF($M29="THU",2,3),FALSE()),IF($M29="THU","06","07"))))))) | P29: =P28+IF(AND($H29<>"",OR(LEFT($F29,LEN(SC_TK))=SC_TK,LEFT($G29,LEN(SC_TK))=SC_TK)),1,0)
A30: =IF($H30="","",ROW()-6) | B30: 46117 | C30: PC002 | D30: 46117 | E30: Mua văn phòng phẩm bằng tiền mặt | F30: 6423 | G30: 111 | H30: 5000000 | L30: =IF($H30="","",TRIM(IF(COUNTIF(DMTK!$A$7:$A$250,$F30)=0,"TK Nợ sai! ","")&IF(COUNTIF(DMTK!$A$7:$A$250,$G30)=0,"TK Có sai! ","")&IF(N($H30)<=0,"Tiền phải > 0! ","")&IF($B30="","Thiếu ngày! ","")&IF(AND(OR(LEFT($F30,3)="131",LEFT($G30,3)="131",LEFT($F30,3)="331",LEFT($G30,3)="331"),$I30=""),"Thiếu Mã ĐT! ","")&IF(AND($I30<>"",COUNTIF(DM_DT!$A$7:$A$306,$I30)=0),"Mã ĐT chưa khai báo! ",""))) | M30: =IF($H30="","",IF(AND(OR(LEFT($F30,3)="111",LEFT($F30,3)="112",LEFT($F30,3)="113"),OR(LEFT($G30,3)="111",LEFT($G30,3)="112",LEFT($G30,3)="113")),"NB",IF(OR(LEFT($F30,3)="111",LEFT($F30,3)="112",LEFT($F30,3)="113"),"THU",IF(OR(LEFT($G30,3)="111",LEFT($G30,3)="112",LEFT($G30,3)="113"),"CHI","")))) | N30: =IF($M30="THU",$G30,IF($M30="CHI",$F30,"")) | O30: =IF(OR($M30="",$M30="NB"),"",IF($J30<>"",TEXT($J30,"00"),IFERROR(VLOOKUP(LEFT($N30,4),LCTT_MAP!$A$7:$C$66,IF($M30="THU",2,3),FALSE()),IFERROR(VLOOKUP(LEFT($N30,3),LCTT_MAP!$A$7:$C$66,IF($M30="THU",2,3),FALSE()),IFERROR(VLOOKUP(LEFT($N30,2),LCTT_MAP!$A$7:$C$66,IF($M30="THU",2,3),FALSE()),IFERROR(VLOOKUP(LEFT($N30,1),LCTT_MAP!$A$7:$C$66,IF($M30="THU",2,3),FALSE()),IF($M30="THU","06","07"))))))) | P30: =P29+IF(AND($H30<>"",OR(LEFT($F30,LEN(SC_TK))=SC_TK,LEFT($G30,LEN(SC_TK))=SC_TK)),1,0)
A31: =IF($H31="","",ROW()-6) | B31: 46117 | C31: PC002 | D31: 46117 | E31: Thuế GTGT đầu vào văn phòng phẩm | F31: 1331 | G31: 111 | H31: 400000 | L31: =IF($H31="","",TRIM(IF(COUNTIF(DMTK!$A$7:$A$250,$F31)=0,"TK Nợ sai! ","")&IF(COUNTIF(DMTK!$A$7:$A$250,$G31)=0,"TK Có sai! ","")&IF(N($H31)<=0,"Tiền phải > 0! ","")&IF($B31="","Thiếu ngày! ","")&IF(AND(OR(LEFT($F31,3)="131",LEFT($G31,3)="131",LEFT($F31,3)="331",LEFT($G31,3)="331"),$I31=""),"Thiếu Mã ĐT! ","")&IF(AND($I31<>"",COUNTIF(DM_DT!$A$7:$A$306,$I31)=0),"Mã ĐT chưa khai báo! ",""))) | M31: =IF($H31="","",IF(AND(OR(LEFT($F31,3)="111",LEFT($F31,3)="112",LEFT($F31,3)="113"),OR(LEFT($G31,3)="111",LEFT($G31,3)="112",LEFT($G31,3)="113")),"NB",IF(OR(LEFT($F31,3)="111",LEFT($F31,3)="112",LEFT($F31,3)="113"),"THU",IF(OR(LEFT($G31,3)="111",LEFT($G31,3)="112",LEFT($G31,3)="113"),"CHI","")))) | N31: =IF($M31="THU",$G31,IF($M31="CHI",$F31,"")) | O31: =IF(OR($M31="",$M31="NB"),"",IF($J31<>"",TEXT($J31,"00"),IFERROR(VLOOKUP(LEFT($N31,4),LCTT_MAP!$A$7:$C$66,IF($M31="THU",2,3),FALSE()),IFERROR(VLOOKUP(LEFT($N31,3),LCTT_MAP!$A$7:$C$66,IF($M31="THU",2,3),FALSE()),IFERROR(VLOOKUP(LEFT($N31,2),LCTT_MAP!$A$7:$C$66,IF($M31="THU",2,3),FALSE()),IFERROR(VLOOKUP(LEFT($N31,1),LCTT_MAP!$A$7:$C$66,IF($M31="THU",2,3),FALSE()),IF($M31="THU","06","07"))))))) | P31: =P30+IF(AND($H31<>"",OR(LEFT($F31,LEN(SC_TK))=SC_TK,LEFT($G31,LEN(SC_TK))=SC_TK)),1,0)
A32: =IF($H32="","",ROW()-6) | B32: 46127 | C32: HDM001 | D32: 46127 | E32: Mua xe tải giao hàng - Cty Đại Nam | F32: 211 | G32: 331 | H32: 240000000 | I32: NCC002 | L32: =IF($H32="","",TRIM(IF(COUNTIF(DMTK!$A$7:$A$250,$F32)=0,"TK Nợ sai! ","")&IF(COUNTIF(DMTK!$A$7:$A$250,$G32)=0,"TK Có sai! ","")&IF(N($H32)<=0,"Tiền phải > 0! ","")&IF($B32="","Thiếu ngày! ","")&IF(AND(OR(LEFT($F32,3)="131",LEFT($G32,3)="131",LEFT($F32,3)="331",LEFT($G32,3)="331"),$I32=""),"Thiếu Mã ĐT! ","")&IF(AND($I32<>"",COUNTIF(DM_DT!$A$7:$A$306,$I32)=0),"Mã ĐT chưa khai báo! ",""))) | M32: =IF($H32="","",IF(AND(OR(LEFT($F32,3)="111",LEFT($F32,3)="112",LEFT($F32,3)="113"),OR(LEFT($G32,3)="111",LEFT($G32,3)="112",LEFT($G32,3)="113")),"NB",IF(OR(LEFT($F32,3)="111",LEFT($F32,3)="112",LEFT($F32,3)="113"),"THU",IF(OR(LEFT($G32,3)="111",LEFT($G32,3)="112",LEFT($G32,3)="113"),"CHI","")))) | N32: =IF($M32="THU",$G32,IF($M32="CHI",$F32,"")) | O32: =IF(OR($M32="",$M32="NB"),"",IF($J32<>"",TEXT($J32,"00"),IFERROR(VLOOKUP(LEFT($N32,4),LCTT_MAP!$A$7:$C$66,IF($M32="THU",2,3),FALSE()),IFERROR(VLOOKUP(LEFT($N32,3),LCTT_MAP!$A$7:$C$66,IF($M32="THU",2,3),FALSE()),IFERROR(VLOOKUP(LEFT($N32,2),LCTT_MAP!$A$7:$C$66,IF($M32="THU",2,3),FALSE()),IFERROR(VLOOKUP(LEFT($N32,1),LCTT_MAP!$A$7:$C$66,IF($M32="THU",2,3),FALSE()),IF($M32="THU","06","07"))))))) | P32: =P31+IF(AND($H32<>"",OR(LEFT($F32,LEN(SC_TK))=SC_TK,LEFT($G32,LEN(SC_TK))=SC_TK)),1,0)
A33: =IF($H33="","",ROW()-6) | B33: 46127 | C33: HDM001 | D33: 46127 | E33: Thuế GTGT đầu vào TSCĐ (xe tải) | F33: 1332 | G33: 331 | H33: 19200000 | I33: NCC002 | L33: =IF($H33="","",TRIM(IF(COUNTIF(DMTK!$A$7:$A$250,$F33)=0,"TK Nợ sai! ","")&IF(COUNTIF(DMTK!$A$7:$A$250,$G33)=0,"TK Có sai! ","")&IF(N($H33)<=0,"Tiền phải > 0! ","")&IF($B33="","Thiếu ngày! ","")&IF(AND(OR(LEFT($F33,3)="131",LEFT($G33,3)="131",LEFT($F33,3)="331",LEFT($G33,3)="331"),$I33=""),"Thiếu Mã ĐT! ","")&IF(AND($I33<>"",COUNTIF(DM_DT!$A$7:$A$306,$I33)=0),"Mã ĐT chưa khai báo! ",""))) | M33: =IF($H33="","",IF(AND(OR(LEFT($F33,3)="111",LEFT($F33,3)="112",LEFT($F33,3)="113"),OR(LEFT($G33,3)="111",LEFT($G33,3)="112",LEFT($G33,3)="113")),"NB",IF(OR(LEFT($F33,3)="111",LEFT($F33,3)="112",LEFT($F33,3)="113"),"THU",IF(OR(LEFT($G33,3)="111",LEFT($G33,3)="112",LEFT($G33,3)="113"),"CHI","")))) | N33: =IF($M33="THU",$G33,IF($M33="CHI",$F33,"")) | O33: =IF(OR($M33="",$M33="NB"),"",IF($J33<>"",TEXT($J33,"00"),IFERROR(VLOOKUP(LEFT($N33,4),LCTT_MAP!$A$7:$C$66,IF($M33="THU",2,3),FALSE()),IFERROR(VLOOKUP(LEFT($N33,3),LCTT_MAP!$A$7:$C$66,IF($M33="THU",2,3),FALSE()),IFERROR(VLOOKUP(LEFT($N33,2),LCTT_MAP!$A$7:$C$66,IF($M33="THU",2,3),FALSE()),IFERROR(VLOOKUP(LEFT($N33,1),LCTT_MAP!$A$7:$C$66,IF($M33="THU",2,3),FALSE()),IF($M33="THU","06","07"))))))) | P33: =P32+IF(AND($H33<>"",OR(LEFT($F33,LEN(SC_TK))=SC_TK,LEFT($G33,LEN(SC_TK))=SC_TK)),1,0)
A34: =IF($H34="","",ROW()-6) | B34: 46132 | C34: UNC006 | D34: 46132 | E34: Trả tiền mua xe tải - Cty Đại Nam | F34: 331 | G34: 112 | H34: 259200000 | I34: NCC002 | J34: 21 | L34: =IF($H34="","",TRIM(IF(COUNTIF(DMTK!$A$7:$A$250,$F34)=0,"TK Nợ sai! ","")&IF(COUNTIF(DMTK!$A$7:$A$250,$G34)=0,"TK Có sai! ","")&IF(N($H34)<=0,"Tiền phải > 0! ","")&IF($B34="","Thiếu ngày! ","")&IF(AND(OR(LEFT($F34,3)="131",LEFT($G34,3)="131",LEFT($F34,3)="331",LEFT($G34,3)="331"),$I34=""),"Thiếu Mã ĐT! ","")&IF(AND($I34<>"",COUNTIF(DM_DT!$A$7:$A$306,$I34)=0),"Mã ĐT chưa khai báo! ",""))) | M34: =IF($H34="","",IF(AND(OR(LEFT($F34,3)="111",LEFT($F34,3)="112",LEFT($F34,3)="113"),OR(LEFT($G34,3)="111",LEFT($G34,3)="112",LEFT($G34,3)="113")),"NB",IF(OR(LEFT($F34,3)="111",LEFT($F34,3)="112",LEFT($F34,3)="113"),"THU",IF(OR(LEFT($G34,3)="111",LEFT($G34,3)="112",LEFT($G34,3)="113"),"CHI","")))) | N34: =IF($M34="THU",$G34,IF($M34="CHI",$F34,"")) | O34: =IF(OR($M34="",$M34="NB"),"",IF($J34<>"",TEXT($J34,"00"),IFERROR(VLOOKUP(LEFT($N34,4),LCTT_MAP!$A$7:$C$66,IF($M34="THU",2,3),FALSE()),IFERROR(VLOOKUP(LEFT($N34,3),LCTT_MAP!$A$7:$C$66,IF($M34="THU",2,3),FALSE()),IFERROR(VLOOKUP(LEFT($N34,2),LCTT_MAP!$A$7:$C$66,IF($M34="THU",2,3),FALSE()),IFERROR(VLOOKUP(LEFT($N34,1),LCTT_MAP!$A$7:$C$66,IF($M34="THU",2,3),FALSE()),IF($M34="THU","06","07"))))))) | P34: =P33+IF(AND($H34<>"",OR(LEFT($F34,LEN(SC_TK))=SC_TK,LEFT($G34,LEN(SC_TK))=SC_TK)),1,0)
A35: =IF($H35="","",ROW()-6) | B35: 46152 | C35: BC003 | D35: 46152 | E35: Vay ngắn hạn NH bổ sung vốn lưu động | F35: 112 | G35: 3411 | H35: 150000000 | L35: =IF($H35="","",TRIM(IF(COUNTIF(DMTK!$A$7:$A$250,$F35)=0,"TK Nợ sai! ","")&IF(COUNTIF(DMTK!$A$7:$A$250,$G35)=0,"TK Có sai! ","")&IF(N($H35)<=0,"Tiền phải > 0! ","")&IF($B35="","Thiếu ngày! ","")&IF(AND(OR(LEFT($F35,3)="131",LEFT($G35,3)="131",LEFT($F35,3)="331",LEFT($G35,3)="331"),$I35=""),"Thiếu Mã ĐT! ","")&IF(AND($I35<>"",COUNTIF(DM_DT!$A$7:$A$306,$I35)=0),"Mã ĐT chưa khai báo! ",""))) | M35: =IF($H35="","",IF(AND(OR(LEFT($F35,3)="111",LEFT($F35,3)="112",LEFT($F35,3)="113"),OR(LEFT($G35,3)="111",LEFT($G35,3)="112",LEFT($G35,3)="113")),"NB",IF(OR(LEFT($F35,3)="111",LEFT($F35,3)="112",LEFT($F35,3)="113"),"THU",IF(OR(LEFT($G35,3)="111",LEFT($G35,3)="112",LEFT($G35,3)="113"),"CHI","")))) | N35: =IF($M35="THU",$G35,IF($M35="CHI",$F35,"")) | O35: =IF(OR($M35="",$M35="NB"),"",IF($J35<>"",TEXT($J35,"00"),IFERROR(VLOOKUP(LEFT($N35,4),LCTT_MAP!$A$7:$C$66,IF($M35="THU",2,3),FALSE()),IFERROR(VLOOKUP(LEFT($N35,3),LCTT_MAP!$A$7:$C$66,IF($M35="THU",2,3),FALSE()),IFERROR(VLOOKUP(LEFT($N35,2),LCTT_MAP!$A$7:$C$66,IF($M35="THU",2,3),FALSE()),IFERROR(VLOOKUP(LEFT($N35,1),LCTT_MAP!$A$7:$C$66,IF($M35="THU",2,3),FALSE()),IF($M35="THU","06","07"))))))) | P35: =P34+IF(AND($H35<>"",OR(LEFT($F35,LEN(SC_TK))=SC_TK,LEFT($G35,LEN(SC_TK))=SC_TK)),1,0)
A36: =IF($H36="","",ROW()-6) | B36: 46203 | C36: UNC007 | D36: 46203 | E36: Trả lãi vay ngân hàng 6 tháng đầu năm | F36: 635 | G36: 112 | H36: 12000000 | L36: =IF($H36="","",TRIM(IF(COUNTIF(DMTK!$A$7:$A$250,$F36)=0,"TK Nợ sai! ","")&IF(COUNTIF(DMTK!$A$7:$A$250,$G36)=0,"TK Có sai! ","")&IF(N($H36)<=0,"Tiền phải > 0! ","")&IF($B36="","Thiếu ngày! ","")&IF(AND(OR(LEFT($F36,3)="131",LEFT($G36,3)="131",LEFT($F36,3)="331",LEFT($G36,3)="331"),$I36=""),"Thiếu Mã ĐT! ","")&IF(AND($I36<>"",COUNTIF(DM_DT!$A$7:$A$306,$I36)=0),"Mã ĐT chưa khai báo! ",""))) | M36: =IF($H36="","",IF(AND(OR(LEFT($F36,3)="111",LEFT($F36,3)="112",LEFT($F36,3)="113"),OR(LEFT($G36,3)="111",LEFT($G36,3)="112",LEFT($G36,3)="113")),"NB",IF(OR(LEFT($F36,3)="111",LEFT($F36,3)="112",LEFT($F36,3)="113"),"THU",IF(OR(LEFT($G36,3)="111",LEFT($G36,3)="112",LEFT($G36,3)="113"),"CHI","")))) | N36: =IF($M36="THU",$G36,IF($M36="CHI",$F36,"")) | O36: =IF(OR($M36="",$M36="NB"),"",IF($J36<>"",TEXT($J36,"00"),IFERROR(VLOOKUP(LEFT($N36,4),LCTT_MAP!$A$7:$C$66,IF($M36="THU",2,3),FALSE()),IFERROR(VLOOKUP(LEFT($N36,3),LCTT_MAP!$A$7:$C$66,IF($M36="THU",2,3),FALSE()),IFERROR(VLOOKUP(LEFT($N36,2),LCTT_MAP!$A$7:$C$66,IF($M36="THU",2,3),FALSE()),IFERROR(VLOOKUP(LEFT($N36,1),LCTT_MAP!$A$7:$C$66,IF($M36="THU",2,3),FALSE()),IF($M36="THU","06","07"))))))) | P36: =P35+IF(AND($H36<>"",OR(LEFT($F36,LEN(SC_TK))=SC_TK,LEFT($G36,LEN(SC_TK))=SC_TK)),1,0)
A37: =IF($H37="","",ROW()-6) | B37: 46203 | C37: PKT003 | D37: 46203 | E37: Phân bổ chi phí thuê văn phòng trả trước (6T đầu năm) | F37: 6427 | G37: 242 | H37: 18000000 | L37: =IF($H37="","",TRIM(IF(COUNTIF(DMTK!$A$7:$A$250,$F37)=0,"TK Nợ sai! ","")&IF(COUNTIF(DMTK!$A$7:$A$250,$G37)=0,"TK Có sai! ","")&IF(N($H37)<=0,"Tiền phải > 0! ","")&IF($B37="","Thiếu ngày! ","")&IF(AND(OR(LEFT($F37,3)="131",LEFT($G37,3)="131",LEFT($F37,3)="331",LEFT($G37,3)="331"),$I37=""),"Thiếu Mã ĐT! ","")&IF(AND($I37<>"",COUNTIF(DM_DT!$A$7:$A$306,$I37)=0),"Mã ĐT chưa khai báo! ",""))) | M37: =IF($H37="","",IF(AND(OR(LEFT($F37,3)="111",LEFT($F37,3)="112",LEFT($F37,3)="113"),OR(LEFT($G37,3)="111",LEFT($G37,3)="112",LEFT($G37,3)="113")),"NB",IF(OR(LEFT($F37,3)="111",LEFT($F37,3)="112",LEFT($F37,3)="113"),"THU",IF(OR(LEFT($G37,3)="111",LEFT($G37,3)="112",LEFT($G37,3)="113"),"CHI","")))) | N37: =IF($M37="THU",$G37,IF($M37="CHI",$F37,"")) | O37: =IF(OR($M37="",$M37="NB"),"",IF($J37<>"",TEXT($J37,"00"),IFERROR(VLOOKUP(LEFT($N37,4),LCTT_MAP!$A$7:$C$66,IF($M37="THU",2,3),FALSE()),IFERROR(VLOOKUP(LEFT($N37,3),LCTT_MAP!$A$7:$C$66,IF($M37="THU",2,3),FALSE()),IFERROR(VLOOKUP(LEFT($N37,2),LCTT_MAP!$A$7:$C$66,IF($M37="THU",2,3),FALSE()),IFERROR(VLOOKUP(LEFT($N37,1),LCTT_MAP!$A$7:$C$66,IF($M37="THU",2,3),FALSE()),IF($M37="THU","06","07"))))))) | P37: =P36+IF(AND($H37<>"",OR(LEFT($F37,LEN(SC_TK))=SC_TK,LEFT($G37,LEN(SC_TK))=SC_TK)),1,0)
A38: =IF($H38="","",ROW()-6) | B38: 46203 | C38: PKT004 | D38: 46203 | E38: Khấu hao TSCĐ quý 2 (gồm xe tải từ tháng 5) | F38: 6424 | G38: 2141 | H38: 23000000 | L38: =IF($H38="","",TRIM(IF(COUNTIF(DMTK!$A$7:$A$250,$F38)=0,"TK Nợ sai! ","")&IF(COUNTIF(DMTK!$A$7:$A$250,$G38)=0,"TK Có sai! ","")&IF(N($H38)<=0,"Tiền phải > 0! ","")&IF($B38="","Thiếu ngày! ","")&IF(AND(OR(LEFT($F38,3)="131",LEFT($G38,3)="131",LEFT($F38,3)="331",LEFT($G38,3)="331"),$I38=""),"Thiếu Mã ĐT! ","")&IF(AND($I38<>"",COUNTIF(DM_DT!$A$7:$A$306,$I38)=0),"Mã ĐT chưa khai báo! ",""))) | M38: =IF($H38="","",IF(AND(OR(LEFT($F38,3)="111",LEFT($F38,3)="112",LEFT($F38,3)="113"),OR(LEFT($G38,3)="111",LEFT($G38,3)="112",LEFT($G38,3)="113")),"NB",IF(OR(LEFT($F38,3)="111",LEFT($F38,3)="112",LEFT($F38,3)="113"),"THU",IF(OR(LEFT($G38,3)="111",LEFT($G38,3)="112",LEFT($G38,3)="113"),"CHI","")))) | N38: =IF($M38="THU",$G38,IF($M38="CHI",$F38,"")) | O38: =IF(OR($M38="",$M38="NB"),"",IF($J38<>"",TEXT($J38,"00"),IFERROR(VLOOKUP(LEFT($N38,4),LCTT_MAP!$A$7:$C$66,IF($M38="THU",2,3),FALSE()),IFERROR(VLOOKUP(LEFT($N38,3),LCTT_MAP!$A$7:$C$66,IF($M38="THU",2,3),FALSE()),IFERROR(VLOOKUP(LEFT($N38,2),LCTT_MAP!$A$7:$C$66,IF($M38="THU",2,3),FALSE()),IFERROR(VLOOKUP(LEFT($N38,1),LCTT_MAP!$A$7:$C$66,IF($M38="THU",2,3),FALSE()),IF($M38="THU","06","07"))))))) | P38: =P37+IF(AND($H38<>"",OR(LEFT($F38,LEN(SC_TK))=SC_TK,LEFT($G38,LEN(SC_TK))=SC_TK)),1,0)
A39: =IF($H39="","",ROW()-6) | B39: 46218 | C39: HD0003 | D39: 46218 | E39: Doanh thu dịch vụ vận chuyển - Cty Bình Minh | F39: 131 | G39: 511 | H39: 120000000 | I39: KH001 | L39: =IF($H39="","",TRIM(IF(COUNTIF(DMTK!$A$7:$A$250,$F39)=0,"TK Nợ sai! ","")&IF(COUNTIF(DMTK!$A$7:$A$250,$G39)=0,"TK Có sai! ","")&IF(N($H39)<=0,"Tiền phải > 0! ","")&IF($B39="","Thiếu ngày! ","")&IF(AND(OR(LEFT($F39,3)="131",LEFT($G39,3)="131",LEFT($F39,3)="331",LEFT($G39,3)="331"),$I39=""),"Thiếu Mã ĐT! ","")&IF(AND($I39<>"",COUNTIF(DM_DT!$A$7:$A$306,$I39)=0),"Mã ĐT chưa khai báo! ",""))) | M39: =IF($H39="","",IF(AND(OR(LEFT($F39,3)="111",LEFT($F39,3)="112",LEFT($F39,3)="113"),OR(LEFT($G39,3)="111",LEFT($G39,3)="112",LEFT($G39,3)="113")),"NB",IF(OR(LEFT($F39,3)="111",LEFT($F39,3)="112",LEFT($F39,3)="113"),"THU",IF(OR(LEFT($G39,3)="111",LEFT($G39,3)="112",LEFT($G39,3)="113"),"CHI","")))) | N39: =IF($M39="THU",$G39,IF($M39="CHI",$F39,"")) | O39: =IF(OR($M39="",$M39="NB"),"",IF($J39<>"",TEXT($J39,"00"),IFERROR(VLOOKUP(LEFT($N39,4),LCTT_MAP!$A$7:$C$66,IF($M39="THU",2,3),FALSE()),IFERROR(VLOOKUP(LEFT($N39,3),LCTT_MAP!$A$7:$C$66,IF($M39="THU",2,3),FALSE()),IFERROR(VLOOKUP(LEFT($N39,2),LCTT_MAP!$A$7:$C$66,IF($M39="THU",2,3),FALSE()),IFERROR(VLOOKUP(LEFT($N39,1),LCTT_MAP!$A$7:$C$66,IF($M39="THU",2,3),FALSE()),IF($M39="THU","06","07"))))))) | P39: =P38+IF(AND($H39<>"",OR(LEFT($F39,LEN(SC_TK))=SC_TK,LEFT($G39,LEN(SC_TK))=SC_TK)),1,0)
A40: =IF($H40="","",ROW()-6) | B40: 46218 | C40: HD0003 | D40: 46218 | E40: Thuế GTGT đầu ra dịch vụ | F40: 131 | G40: 33311 | H40: 9600000 | I40: KH001 | L40: =IF($H40="","",TRIM(IF(COUNTIF(DMTK!$A$7:$A$250,$F40)=0,"TK Nợ sai! ","")&IF(COUNTIF(DMTK!$A$7:$A$250,$G40)=0,"TK Có sai! ","")&IF(N($H40)<=0,"Tiền phải > 0! ","")&IF($B40="","Thiếu ngày! ","")&IF(AND(OR(LEFT($F40,3)="131",LEFT($G40,3)="131",LEFT($F40,3)="331",LEFT($G40,3)="331"),$I40=""),"Thiếu Mã ĐT! ","")&IF(AND($I40<>"",COUNTIF(DM_DT!$A$7:$A$306,$I40)=0),"Mã ĐT chưa khai báo! ",""))) | M40: =IF($H40="","",IF(AND(OR(LEFT($F40,3)="111",LEFT($F40,3)="112",LEFT($F40,3)="113"),OR(LEFT($G40,3)="111",LEFT($G40,3)="112",LEFT($G40,3)="113")),"NB",IF(OR(LEFT($F40,3)="111",LEFT($F40,3)="112",LEFT($F40,3)="113"),"THU",IF(OR(LEFT($G40,3)="111",LEFT($G40,3)="112",LEFT($G40,3)="113"),"CHI","")))) | N40: =IF($M40="THU",$G40,IF($M40="CHI",$F40,"")) | O40: =IF(OR($M40="",$M40="NB"),"",IF($J40<>"",TEXT($J40,"00"),IFERROR(VLOOKUP(LEFT($N40,4),LCTT_MAP!$A$7:$C$66,IF($M40="THU",2,3),FALSE()),IFERROR(VLOOKUP(LEFT($N40,3),LCTT_MAP!$A$7:$C$66,IF($M40="THU",2,3),FALSE()),IFERROR(VLOOKUP(LEFT($N40,2),LCTT_MAP!$A$7:$C$66,IF($M40="THU",2,3),FALSE()),IFERROR(VLOOKUP(LEFT($N40,1),LCTT_MAP!$A$7:$C$66,IF($M40="THU",2,3),FALSE()),IF($M40="THU","06","07"))))))) | P40: =P39+IF(AND($H40<>"",OR(LEFT($F40,LEN(SC_TK))=SC_TK,LEFT($G40,LEN(SC_TK))=SC_TK)),1,0)
A41: =IF($H41="","",ROW()-6) | B41: 46228 | C41: BC004 | D41: 46228 | E41: Thu tiền dịch vụ - Cty Bình Minh | F41: 112 | G41: 131 | H41: 129600000 | I41: KH001 | L41: =IF($H41="","",TRIM(IF(COUNTIF(DMTK!$A$7:$A$250,$F41)=0,"TK Nợ sai! ","")&IF(COUNTIF(DMTK!$A$7:$A$250,$G41)=0,"TK Có sai! ","")&IF(N($H41)<=0,"Tiền phải > 0! ","")&IF($B41="","Thiếu ngày! ","")&IF(AND(OR(LEFT($F41,3)="131",LEFT($G41,3)="131",LEFT($F41,3)="331",LEFT($G41,3)="331"),$I41=""),"Thiếu Mã ĐT! ","")&IF(AND($I41<>"",COUNTIF(DM_DT!$A$7:$A$306,$I41)=0),"Mã ĐT chưa khai báo! ",""))) | M41: =IF($H41="","",IF(AND(OR(LEFT($F41,3)="111",LEFT($F41,3)="112",LEFT($F41,3)="113"),OR(LEFT($G41,3)="111",LEFT($G41,3)="112",LEFT($G41,3)="113")),"NB",IF(OR(LEFT($F41,3)="111",LEFT($F41,3)="112",LEFT($F41,3)="113"),"THU",IF(OR(LEFT($G41,3)="111",LEFT($G41,3)="112",LEFT($G41,3)="113"),"CHI","")))) | N41: =IF($M41="THU",$G41,IF($M41="CHI",$F41,"")) | O41: =IF(OR($M41="",$M41="NB"),"",IF($J41<>"",TEXT($J41,"00"),IFERROR(VLOOKUP(LEFT($N41,4),LCTT_MAP!$A$7:$C$66,IF($M41="THU",2,3),FALSE()),IFERROR(VLOOKUP(LEFT($N41,3),LCTT_MAP!$A$7:$C$66,IF($M41="THU",2,3),FALSE()),IFERROR(VLOOKUP(LEFT($N41,2),LCTT_MAP!$A$7:$C$66,IF($M41="THU",2,3),FALSE()),IFERROR(VLOOKUP(LEFT($N41,1),LCTT_MAP!$A$7:$C$66,IF($M41="THU",2,3),FALSE()),IF($M41="THU","06","07"))))))) | P41: =P40+IF(AND($H41<>"",OR(LEFT($F41,LEN(SC_TK))=SC_TK,LEFT($G41,LEN(SC_TK))=SC_TK)),1,0)
A42: =IF($H42="","",ROW()-6) | B42: 46244 | C42: PN002 | D42: 46244 | E42: Mua hàng hóa nhập kho - Cty Đại Nam | F42: 156 | G42: 331 | H42: 150000000 | I42: NCC002 | L42: =IF($H42="","",TRIM(IF(COUNTIF(DMTK!$A$7:$A$250,$F42)=0,"TK Nợ sai! ","")&IF(COUNTIF(DMTK!$A$7:$A$250,$G42)=0,"TK Có sai! ","")&IF(N($H42)<=0,"Tiền phải > 0! ","")&IF($B42="","Thiếu ngày! ","")&IF(AND(OR(LEFT($F42,3)="131",LEFT($G42,3)="131",LEFT($F42,3)="331",LEFT($G42,3)="331"),$I42=""),"Thiếu Mã ĐT! ","")&IF(AND($I42<>"",COUNTIF(DM_DT!$A$7:$A$306,$I42)=0),"Mã ĐT chưa khai báo! ",""))) | M42: =IF($H42="","",IF(AND(OR(LEFT($F42,3)="111",LEFT($F42,3)="112",LEFT($F42,3)="113"),OR(LEFT($G42,3)="111",LEFT($G42,3)="112",LEFT($G42,3)="113")),"NB",IF(OR(LEFT($F42,3)="111",LEFT($F42,3)="112",LEFT($F42,3)="113"),"THU",IF(OR(LEFT($G42,3)="111",LEFT($G42,3)="112",LEFT($G42,3)="113"),"CHI","")))) | N42: =IF($M42="THU",$G42,IF($M42="CHI",$F42,"")) | O42: =IF(OR($M42="",$M42="NB"),"",IF($J42<>"",TEXT($J42,"00"),IFERROR(VLOOKUP(LEFT($N42,4),LCTT_MAP!$A$7:$C$66,IF($M42="THU",2,3),FALSE()),IFERROR(VLOOKUP(LEFT($N42,3),LCTT_MAP!$A$7:$C$66,IF($M42="THU",2,3),FALSE()),IFERROR(VLOOKUP(LEFT($N42,2),LCTT_MAP!$A$7:$C$66,IF($M42="THU",2,3),FALSE()),IFERROR(VLOOKUP(LEFT($N42,1),LCTT_MAP!$A$7:$C$66,IF($M42="THU",2,3),FALSE()),IF($M42="THU","06","07"))))))) | P42: =P41+IF(AND($H42<>"",OR(LEFT($F42,LEN(SC_TK))=SC_TK,LEFT($G42,LEN(SC_TK))=SC_TK)),1,0)
A43: =IF($H43="","",ROW()-6) | B43: 46244 | C43: PN002 | D43: 46244 | E43: Thuế GTGT đầu vào mua hàng hóa | F43: 1331 | G43: 331 | H43: 12000000 | I43: NCC002 | L43: =IF($H43="","",TRIM(IF(COUNTIF(DMTK!$A$7:$A$250,$F43)=0,"TK Nợ sai! ","")&IF(COUNTIF(DMTK!$A$7:$A$250,$G43)=0,"TK Có sai! ","")&IF(N($H43)<=0,"Tiền phải > 0! ","")&IF($B43="","Thiếu ngày! ","")&IF(AND(OR(LEFT($F43,3)="131",LEFT($G43,3)="131",LEFT($F43,3)="331",LEFT($G43,3)="331"),$I43=""),"Thiếu Mã ĐT! ","")&IF(AND($I43<>"",COUNTIF(DM_DT!$A$7:$A$306,$I43)=0),"Mã ĐT chưa khai báo! ",""))) | M43: =IF($H43="","",IF(AND(OR(LEFT($F43,3)="111",LEFT($F43,3)="112",LEFT($F43,3)="113"),OR(LEFT($G43,3)="111",LEFT($G43,3)="112",LEFT($G43,3)="113")),"NB",IF(OR(LEFT($F43,3)="111",LEFT($F43,3)="112",LEFT($F43,3)="113"),"THU",IF(OR(LEFT($G43,3)="111",LEFT($G43,3)="112",LEFT($G43,3)="113"),"CHI","")))) | N43: =IF($M43="THU",$G43,IF($M43="CHI",$F43,"")) | O43: =IF(OR($M43="",$M43="NB"),"",IF($J43<>"",TEXT($J43,"00"),IFERROR(VLOOKUP(LEFT($N43,4),LCTT_MAP!$A$7:$C$66,IF($M43="THU",2,3),FALSE()),IFERROR(VLOOKUP(LEFT($N43,3),LCTT_MAP!$A$7:$C$66,IF($M43="THU",2,3),FALSE()),IFERROR(VLOOKUP(LEFT($N43,2),LCTT_MAP!$A$7:$C$66,IF($M43="THU",2,3),FALSE()),IFERROR(VLOOKUP(LEFT($N43,1),LCTT_MAP!$A$7:$C$66,IF($M43="THU",2,3),FALSE()),IF($M43="THU","06","07"))))))) | P43: =P42+IF(AND($H43<>"",OR(LEFT($F43,LEN(SC_TK))=SC_TK,LEFT($G43,LEN(SC_TK))=SC_TK)),1,0)
A44: =IF($H44="","",ROW()-6) | B44: 46285 | C44: HD0004 | D44: 46285 | E44: Bán hàng thu tiền ngay qua ngân hàng (khách lẻ) | F44: 112 | G44: 511 | H44: 95000000 | L44: =IF($H44="","",TRIM(IF(COUNTIF(DMTK!$A$7:$A$250,$F44)=0,"TK Nợ sai! ","")&IF(COUNTIF(DMTK!$A$7:$A$250,$G44)=0,"TK Có sai! ","")&IF(N($H44)<=0,"Tiền phải > 0! ","")&IF($B44="","Thiếu ngày! ","")&IF(AND(OR(LEFT($F44,3)="131",LEFT($G44,3)="131",LEFT($F44,3)="331",LEFT($G44,3)="331"),$I44=""),"Thiếu Mã ĐT! ","")&IF(AND($I44<>"",COUNTIF(DM_DT!$A$7:$A$306,$I44)=0),"Mã ĐT chưa khai báo! ",""))) | M44: =IF($H44="","",IF(AND(OR(LEFT($F44,3)="111",LEFT($F44,3)="112",LEFT($F44,3)="113"),OR(LEFT($G44,3)="111",LEFT($G44,3)="112",LEFT($G44,3)="113")),"NB",IF(OR(LEFT($F44,3)="111",LEFT($F44,3)="112",LEFT($F44,3)="113"),"THU",IF(OR(LEFT($G44,3)="111",LEFT($G44,3)="112",LEFT($G44,3)="113"),"CHI","")))) | N44: =IF($M44="THU",$G44,IF($M44="CHI",$F44,"")) | O44: =IF(OR($M44="",$M44="NB"),"",IF($J44<>"",TEXT($J44,"00"),IFERROR(VLOOKUP(LEFT($N44,4),LCTT_MAP!$A$7:$C$66,IF($M44="THU",2,3),FALSE()),IFERROR(VLOOKUP(LEFT($N44,3),LCTT_MAP!$A$7:$C$66,IF($M44="THU",2,3),FALSE()),IFERROR(VLOOKUP(LEFT($N44,2),LCTT_MAP!$A$7:$C$66,IF($M44="THU",2,3),FALSE()),IFERROR(VLOOKUP(LEFT($N44,1),LCTT_MAP!$A$7:$C$66,IF($M44="THU",2,3),FALSE()),IF($M44="THU","06","07"))))))) | P44: =P43+IF(AND($H44<>"",OR(LEFT($F44,LEN(SC_TK))=SC_TK,LEFT($G44,LEN(SC_TK))=SC_TK)),1,0)
A45: =IF($H45="","",ROW()-6) | B45: 46285 | C45: HD0004 | D45: 46285 | E45: Thuế GTGT đầu ra bán hàng | F45: 112 | G45: 33311 | H45: 7600000 | L45: =IF($H45="","",TRIM(IF(COUNTIF(DMTK!$A$7:$A$250,$F45)=0,"TK Nợ sai! ","")&IF(COUNTIF(DMTK!$A$7:$A$250,$G45)=0,"TK Có sai! ","")&IF(N($H45)<=0,"Tiền phải > 0! ","")&IF($B45="","Thiếu ngày! ","")&IF(AND(OR(LEFT($F45,3)="131",LEFT($G45,3)="131",LEFT($F45,3)="331",LEFT($G45,3)="331"),$I45=""),"Thiếu Mã ĐT! ","")&IF(AND($I45<>"",COUNTIF(DM_DT!$A$7:$A$306,$I45)=0),"Mã ĐT chưa khai báo! ",""))) | M45: =IF($H45="","",IF(AND(OR(LEFT($F45,3)="111",LEFT($F45,3)="112",LEFT($F45,3)="113"),OR(LEFT($G45,3)="111",LEFT($G45,3)="112",LEFT($G45,3)="113")),"NB",IF(OR(LEFT($F45,3)="111",LEFT($F45,3)="112",LEFT($F45,3)="113"),"THU",IF(OR(LEFT($G45,3)="111",LEFT($G45,3)="112",LEFT($G45,3)="113"),"CHI","")))) | N45: =IF($M45="THU",$G45,IF($M45="CHI",$F45,"")) | O45: =IF(OR($M45="",$M45="NB"),"",IF($J45<>"",TEXT($J45,"00"),IFERROR(VLOOKUP(LEFT($N45,4),LCTT_MAP!$A$7:$C$66,IF($M45="THU",2,3),FALSE()),IFERROR(VLOOKUP(LEFT($N45,3),LCTT_MAP!$A$7:$C$66,IF($M45="THU",2,3),FALSE()),IFERROR(VLOOKUP(LEFT($N45,2),LCTT_MAP!$A$7:$C$66,IF($M45="THU",2,3),FALSE()),IFERROR(VLOOKUP(LEFT($N45,1),LCTT_MAP!$A$7:$C$66,IF($M45="THU",2,3),FALSE()),IF($M45="THU","06","07"))))))) | P45: =P44+IF(AND($H45<>"",OR(LEFT($F45,LEN(SC_TK))=SC_TK,LEFT($G45,LEN(SC_TK))=SC_TK)),1,0)
A46: =IF($H46="","",ROW()-6) | B46: 46285 | C46: PX003 | D46: 46285 | E46: Giá vốn hàng bán HĐ 0004 | F46: 632 | G46: 156 | H46: 70000000 | L46: =IF($H46="","",TRIM(IF(COUNTIF(DMTK!$A$7:$A$250,$F46)=0,"TK Nợ sai! ","")&IF(COUNTIF(DMTK!$A$7:$A$250,$G46)=0,"TK Có sai! ","")&IF(N($H46)<=0,"Tiền phải > 0! ","")&IF($B46="","Thiếu ngày! ","")&IF(AND(OR(LEFT($F46,3)="131",LEFT($G46,3)="131",LEFT($F46,3)="331",LEFT($G46,3)="331"),$I46=""),"Thiếu Mã ĐT! ","")&IF(AND($I46<>"",COUNTIF(DM_DT!$A$7:$A$306,$I46)=0),"Mã ĐT chưa khai báo! ",""))) | M46: =IF($H46="","",IF(AND(OR(LEFT($F46,3)="111",LEFT($F46,3)="112",LEFT($F46,3)="113"),OR(LEFT($G46,3)="111",LEFT($G46,3)="112",LEFT($G46,3)="113")),"NB",IF(OR(LEFT($F46,3)="111",LEFT($F46,3)="112",LEFT($F46,3)="113"),"THU",IF(OR(LEFT($G46,3)="111",LEFT($G46,3)="112",LEFT($G46,3)="113"),"CHI","")))) | N46: =IF($M46="THU",$G46,IF($M46="CHI",$F46,"")) | O46: =IF(OR($M46="",$M46="NB"),"",IF($J46<>"",TEXT($J46,"00"),IFERROR(VLOOKUP(LEFT($N46,4),LCTT_MAP!$A$7:$C$66,IF($M46="THU",2,3),FALSE()),IFERROR(VLOOKUP(LEFT($N46,3),LCTT_MAP!$A$7:$C$66,IF($M46="THU",2,3),FALSE()),IFERROR(VLOOKUP(LEFT($N46,2),LCTT_MAP!$A$7:$C$66,IF($M46="THU",2,3),FALSE()),IFERROR(VLOOKUP(LEFT($N46,1),LCTT_MAP!$A$7:$C$66,IF($M46="THU",2,3),FALSE()),IF($M46="THU","06","07"))))))) | P46: =P45+IF(AND($H46<>"",OR(LEFT($F46,LEN(SC_TK))=SC_TK,LEFT($G46,LEN(SC_TK))=SC_TK)),1,0)
A47: =IF($H47="","",ROW()-6) | B47: 46295 | C47: PKT005 | D47: 46295 | E47: Khấu hao TSCĐ quý 3 | F47: 6424 | G47: 2141 | H47: 27000000 | L47: =IF($H47="","",TRIM(IF(COUNTIF(DMTK!$A$7:$A$250,$F47)=0,"TK Nợ sai! ","")&IF(COUNTIF(DMTK!$A$7:$A$250,$G47)=0,"TK Có sai! ","")&IF(N($H47)<=0,"Tiền phải > 0! ","")&IF($B47="","Thiếu ngày! ","")&IF(AND(OR(LEFT($F47,3)="131",LEFT($G47,3)="131",LEFT($F47,3)="331",LEFT($G47,3)="331"),$I47=""),"Thiếu Mã ĐT! ","")&IF(AND($I47<>"",COUNTIF(DM_DT!$A$7:$A$306,$I47)=0),"Mã ĐT chưa khai báo! ",""))) | M47: =IF($H47="","",IF(AND(OR(LEFT($F47,3)="111",LEFT($F47,3)="112",LEFT($F47,3)="113"),OR(LEFT($G47,3)="111",LEFT($G47,3)="112",LEFT($G47,3)="113")),"NB",IF(OR(LEFT($F47,3)="111",LEFT($F47,3)="112",LEFT($F47,3)="113"),"THU",IF(OR(LEFT($G47,3)="111",LEFT($G47,3)="112",LEFT($G47,3)="113"),"CHI","")))) | N47: =IF($M47="THU",$G47,IF($M47="CHI",$F47,"")) | O47: =IF(OR($M47="",$M47="NB"),"",IF($J47<>"",TEXT($J47,"00"),IFERROR(VLOOKUP(LEFT($N47,4),LCTT_MAP!$A$7:$C$66,IF($M47="THU",2,3),FALSE()),IFERROR(VLOOKUP(LEFT($N47,3),LCTT_MAP!$A$7:$C$66,IF($M47="THU",2,3),FALSE()),IFERROR(VLOOKUP(LEFT($N47,2),LCTT_MAP!$A$7:$C$66,IF($M47="THU",2,3),FALSE()),IFERROR(VLOOKUP(LEFT($N47,1),LCTT_MAP!$A$7:$C$66,IF($M47="THU",2,3),FALSE()),IF($M47="THU","06","07"))))))) | P47: =P46+IF(AND($H47<>"",OR(LEFT($F47,LEN(SC_TK))=SC_TK,LEFT($G47,LEN(SC_TK))=SC_TK)),1,0)
A48: =IF($H48="","",ROW()-6) | B48: 46300 | C48: UNC008 | D48: 46300 | E48: Trả nợ gốc vay ngân hàng | F48: 3411 | G48: 112 | H48: 100000000 | L48: =IF($H48="","",TRIM(IF(COUNTIF(DMTK!$A$7:$A$250,$F48)=0,"TK Nợ sai! ","")&IF(COUNTIF(DMTK!$A$7:$A$250,$G48)=0,"TK Có sai! ","")&IF(N($H48)<=0,"Tiền phải > 0! ","")&IF($B48="","Thiếu ngày! ","")&IF(AND(OR(LEFT($F48,3)="131",LEFT($G48,3)="131",LEFT($F48,3)="331",LEFT($G48,3)="331"),$I48=""),"Thiếu Mã ĐT! ","")&IF(AND($I48<>"",COUNTIF(DM_DT!$A$7:$A$306,$I48)=0),"Mã ĐT chưa khai báo! ",""))) | M48: =IF($H48="","",IF(AND(OR(LEFT($F48,3)="111",LEFT($F48,3)="112",LEFT($F48,3)="113"),OR(LEFT($G48,3)="111",LEFT($G48,3)="112",LEFT($G48,3)="113")),"NB",IF(OR(LEFT($F48,3)="111",LEFT($F48,3)="112",LEFT($F48,3)="113"),"THU",IF(OR(LEFT($G48,3)="111",LEFT($G48,3)="112",LEFT($G48,3)="113"),"CHI","")))) | N48: =IF($M48="THU",$G48,IF($M48="CHI",$F48,"")) | O48: =IF(OR($M48="",$M48="NB"),"",IF($J48<>"",TEXT($J48,"00"),IFERROR(VLOOKUP(LEFT($N48,4),LCTT_MAP!$A$7:$C$66,IF($M48="THU",2,3),FALSE()),IFERROR(VLOOKUP(LEFT($N48,3),LCTT_MAP!$A$7:$C$66,IF($M48="THU",2,3),FALSE()),IFERROR(VLOOKUP(LEFT($N48,2),LCTT_MAP!$A$7:$C$66,IF($M48="THU",2,3),FALSE()),IFERROR(VLOOKUP(LEFT($N48,1),LCTT_MAP!$A$7:$C$66,IF($M48="THU",2,3),FALSE()),IF($M48="THU","06","07"))))))) | P48: =P47+IF(AND($H48<>"",OR(LEFT($F48,LEN(SC_TK))=SC_TK,LEFT($G48,LEN(SC_TK))=SC_TK)),1,0)
A49: =IF($H49="","",ROW()-6) | B49: 46341 | C49: PT001 | D49: 46341 | E49: Rút tiền gửi ngân hàng nhập quỹ tiền mặt | F49: 111 | G49: 112 | H49: 50000000 | L49: =IF($H49="","",TRIM(IF(COUNTIF(DMTK!$A$7:$A$250,$F49)=0,"TK Nợ sai! ","")&IF(COUNTIF(DMTK!$A$7:$A$250,$G49)=0,"TK Có sai! ","")&IF(N($H49)<=0,"Tiền phải > 0! ","")&IF($B49="","Thiếu ngày! ","")&IF(AND(OR(LEFT($F49,3)="131",LEFT($G49,3)="131",LEFT($F49,3)="331",LEFT($G49,3)="331"),$I49=""),"Thiếu Mã ĐT! ","")&IF(AND($I49<>"",COUNTIF(DM_DT!$A$7:$A$306,$I49)=0),"Mã ĐT chưa khai báo! ",""))) | M49: =IF($H49="","",IF(AND(OR(LEFT($F49,3)="111",LEFT($F49,3)="112",LEFT($F49,3)="113"),OR(LEFT($G49,3)="111",LEFT($G49,3)="112",LEFT($G49,3)="113")),"NB",IF(OR(LEFT($F49,3)="111",LEFT($F49,3)="112",LEFT($F49,3)="113"),"THU",IF(OR(LEFT($G49,3)="111",LEFT($G49,3)="112",LEFT($G49,3)="113"),"CHI","")))) | N49: =IF($M49="THU",$G49,IF($M49="CHI",$F49,"")) | O49: =IF(OR($M49="",$M49="NB"),"",IF($J49<>"",TEXT($J49,"00"),IFERROR(VLOOKUP(LEFT($N49,4),LCTT_MAP!$A$7:$C$66,IF($M49="THU",2,3),FALSE()),IFERROR(VLOOKUP(LEFT($N49,3),LCTT_MAP!$A$7:$C$66,IF($M49="THU",2,3),FALSE()),IFERROR(VLOOKUP(LEFT($N49,2),LCTT_MAP!$A$7:$C$66,IF($M49="THU",2,3),FALSE()),IFERROR(VLOOKUP(LEFT($N49,1),LCTT_MAP!$A$7:$C$66,IF($M49="THU",2,3),FALSE()),IF($M49="THU","06","07"))))))) | P49: =P48+IF(AND($H49<>"",OR(LEFT($F49,LEN(SC_TK))=SC_TK,LEFT($G49,LEN(SC_TK))=SC_TK)),1,0)
A50: =IF($H50="","",ROW()-6) | B50: 46366 | C50: HD0005 | D50: 46366 | E50: Bán hàng hóa - Cty Sao Mai | F50: 131 | G50: 511 | H50: 210000000 | I50: KH002 | L50: =IF($H50="","",TRIM(IF(COUNTIF(DMTK!$A$7:$A$250,$F50)=0,"TK Nợ sai! ","")&IF(COUNTIF(DMTK!$A$7:$A$250,$G50)=0,"TK Có sai! ","")&IF(N($H50)<=0,"Tiền phải > 0! ","")&IF($B50="","Thiếu ngày! ","")&IF(AND(OR(LEFT($F50,3)="131",LEFT($G50,3)="131",LEFT($F50,3)="331",LEFT($G50,3)="331"),$I50=""),"Thiếu Mã ĐT! ","")&IF(AND($I50<>"",COUNTIF(DM_DT!$A$7:$A$306,$I50)=0),"Mã ĐT chưa khai báo! ",""))) | M50: =IF($H50="","",IF(AND(OR(LEFT($F50,3)="111",LEFT($F50,3)="112",LEFT($F50,3)="113"),OR(LEFT($G50,3)="111",LEFT($G50,3)="112",LEFT($G50,3)="113")),"NB",IF(OR(LEFT($F50,3)="111",LEFT($F50,3)="112",LEFT($F50,3)="113"),"THU",IF(OR(LEFT($G50,3)="111",LEFT($G50,3)="112",LEFT($G50,3)="113"),"CHI","")))) | N50: =IF($M50="THU",$G50,IF($M50="CHI",$F50,"")) | O50: =IF(OR($M50="",$M50="NB"),"",IF($J50<>"",TEXT($J50,"00"),IFERROR(VLOOKUP(LEFT($N50,4),LCTT_MAP!$A$7:$C$66,IF($M50="THU",2,3),FALSE()),IFERROR(VLOOKUP(LEFT($N50,3),LCTT_MAP!$A$7:$C$66,IF($M50="THU",2,3),FALSE()),IFERROR(VLOOKUP(LEFT($N50,2),LCTT_MAP!$A$7:$C$66,IF($M50="THU",2,3),FALSE()),IFERROR(VLOOKUP(LEFT($N50,1),LCTT_MAP!$A$7:$C$66,IF($M50="THU",2,3),FALSE()),IF($M50="THU","06","07"))))))) | P50: =P49+IF(AND($H50<>"",OR(LEFT($F50,LEN(SC_TK))=SC_TK,LEFT($G50,LEN(SC_TK))=SC_TK)),1,0)
A51: =IF($H51="","",ROW()-6) | B51: 46366 | C51: HD0005 | D51: 46366 | E51: Thuế GTGT đầu ra bán hàng | F51: 131 | G51: 33311 | H51: 16800000 | I51: KH002 | L51: =IF($H51="","",TRIM(IF(COUNTIF(DMTK!$A$7:$A$250,$F51)=0,"TK Nợ sai! ","")&IF(COUNTIF(DMTK!$A$7:$A$250,$G51)=0,"TK Có sai! ","")&IF(N($H51)<=0,"Tiền phải > 0! ","")&IF($B51="","Thiếu ngày! ","")&IF(AND(OR(LEFT($F51,3)="131",LEFT($G51,3)="131",LEFT($F51,3)="331",LEFT($G51,3)="331"),$I51=""),"Thiếu Mã ĐT! ","")&IF(AND($I51<>"",COUNTIF(DM_DT!$A$7:$A$306,$I51)=0),"Mã ĐT chưa khai báo! ",""))) | M51: =IF($H51="","",IF(AND(OR(LEFT($F51,3)="111",LEFT($F51,3)="112",LEFT($F51,3)="113"),OR(LEFT($G51,3)="111",LEFT($G51,3)="112",LEFT($G51,3)="113")),"NB",IF(OR(LEFT($F51,3)="111",LEFT($F51,3)="112",LEFT($F51,3)="113"),"THU",IF(OR(LEFT($G51,3)="111",LEFT($G51,3)="112",LEFT($G51,3)="113"),"CHI","")))) | N51: =IF($M51="THU",$G51,IF($M51="CHI",$F51,"")) | O51: =IF(OR($M51="",$M51="NB"),"",IF($J51<>"",TEXT($J51,"00"),IFERROR(VLOOKUP(LEFT($N51,4),LCTT_MAP!$A$7:$C$66,IF($M51="THU",2,3),FALSE()),IFERROR(VLOOKUP(LEFT($N51,3),LCTT_MAP!$A$7:$C$66,IF($M51="THU",2,3),FALSE()),IFERROR(VLOOKUP(LEFT($N51,2),LCTT_MAP!$A$7:$C$66,IF($M51="THU",2,3),FALSE()),IFERROR(VLOOKUP(LEFT($N51,1),LCTT_MAP!$A$7:$C$66,IF($M51="THU",2,3),FALSE()),IF($M51="THU","06","07"))))))) | P51: =P50+IF(AND($H51<>"",OR(LEFT($F51,LEN(SC_TK))=SC_TK,LEFT($G51,LEN(SC_TK))=SC_TK)),1,0)
A52: =IF($H52="","",ROW()-6) | B52: 46366 | C52: PX004 | D52: 46366 | E52: Giá vốn hàng bán HĐ 0005 | F52: 632 | G52: 156 | H52: 150000000 | L52: =IF($H52="","",TRIM(IF(COUNTIF(DMTK!$A$7:$A$250,$F52)=0,"TK Nợ sai! ","")&IF(COUNTIF(DMTK!$A$7:$A$250,$G52)=0,"TK Có sai! ","")&IF(N($H52)<=0,"Tiền phải > 0! ","")&IF($B52="","Thiếu ngày! ","")&IF(AND(OR(LEFT($F52,3)="131",LEFT($G52,3)="131",LEFT($F52,3)="331",LEFT($G52,3)="331"),$I52=""),"Thiếu Mã ĐT! ","")&IF(AND($I52<>"",COUNTIF(DM_DT!$A$7:$A$306,$I52)=0),"Mã ĐT chưa khai báo! ",""))) | M52: =IF($H52="","",IF(AND(OR(LEFT($F52,3)="111",LEFT($F52,3)="112",LEFT($F52,3)="113"),OR(LEFT($G52,3)="111",LEFT($G52,3)="112",LEFT($G52,3)="113")),"NB",IF(OR(LEFT($F52,3)="111",LEFT($F52,3)="112",LEFT($F52,3)="113"),"THU",IF(OR(LEFT($G52,3)="111",LEFT($G52,3)="112",LEFT($G52,3)="113"),"CHI","")))) | N52: =IF($M52="THU",$G52,IF($M52="CHI",$F52,"")) | O52: =IF(OR($M52="",$M52="NB"),"",IF($J52<>"",TEXT($J52,"00"),IFERROR(VLOOKUP(LEFT($N52,4),LCTT_MAP!$A$7:$C$66,IF($M52="THU",2,3),FALSE()),IFERROR(VLOOKUP(LEFT($N52,3),LCTT_MAP!$A$7:$C$66,IF($M52="THU",2,3),FALSE()),IFERROR(VLOOKUP(LEFT($N52,2),LCTT_MAP!$A$7:$C$66,IF($M52="THU",2,3),FALSE()),IFERROR(VLOOKUP(LEFT($N52,1),LCTT_MAP!$A$7:$C$66,IF($M52="THU",2,3),FALSE()),IF($M52="THU","06","07"))))))) | P52: =P51+IF(AND($H52<>"",OR(LEFT($F52,LEN(SC_TK))=SC_TK,LEFT($G52,LEN(SC_TK))=SC_TK)),1,0)
A53: =IF($H53="","",ROW()-6) | B53: 46376 | C53: BC005 | D53: 46376 | E53: Thu nợ tiền hàng - Cty Sao Mai | F53: 112 | G53: 131 | H53: 150000000 | I53: KH002 | L53: =IF($H53="","",TRIM(IF(COUNTIF(DMTK!$A$7:$A$250,$F53)=0,"TK Nợ sai! ","")&IF(COUNTIF(DMTK!$A$7:$A$250,$G53)=0,"TK Có sai! ","")&IF(N($H53)<=0,"Tiền phải > 0! ","")&IF($B53="","Thiếu ngày! ","")&IF(AND(OR(LEFT($F53,3)="131",LEFT($G53,3)="131",LEFT($F53,3)="331",LEFT($G53,3)="331"),$I53=""),"Thiếu Mã ĐT! ","")&IF(AND($I53<>"",COUNTIF(DM_DT!$A$7:$A$306,$I53)=0),"Mã ĐT chưa khai báo! ",""))) | M53: =IF($H53="","",IF(AND(OR(LEFT($F53,3)="111",LEFT($F53,3)="112",LEFT($F53,3)="113"),OR(LEFT($G53,3)="111",LEFT($G53,3)="112",LEFT($G53,3)="113")),"NB",IF(OR(LEFT($F53,3)="111",LEFT($F53,3)="112",LEFT($F53,3)="113"),"THU",IF(OR(LEFT($G53,3)="111",LEFT($G53,3)="112",LEFT($G53,3)="113"),"CHI","")))) | N53: =IF($M53="THU",$G53,IF($M53="CHI",$F53,"")) | O53: =IF(OR($M53="",$M53="NB"),"",IF($J53<>"",TEXT($J53,"00"),IFERROR(VLOOKUP(LEFT($N53,4),LCTT_MAP!$A$7:$C$66,IF($M53="THU",2,3),FALSE()),IFERROR(VLOOKUP(LEFT($N53,3),LCTT_MAP!$A$7:$C$66,IF($M53="THU",2,3),FALSE()),IFERROR(VLOOKUP(LEFT($N53,2),LCTT_MAP!$A$7:$C$66,IF($M53="THU",2,3),FALSE()),IFERROR(VLOOKUP(LEFT($N53,1),LCTT_MAP!$A$7:$C$66,IF($M53="THU",2,3),FALSE()),IF($M53="THU","06","07"))))))) | P53: =P52+IF(AND($H53<>"",OR(LEFT($F53,LEN(SC_TK))=SC_TK,LEFT($G53,LEN(SC_TK))=SC_TK)),1,0)
A54: =IF($H54="","",ROW()-6) | B54: 46378 | C54: BC006 | D54: 46378 | E54: Đại lý Hòa Bình trả trước tiền hàng | F54: 112 | G54: 131 | H54: 30000000 | I54: KH003 | L54: =IF($H54="","",TRIM(IF(COUNTIF(DMTK!$A$7:$A$250,$F54)=0,"TK Nợ sai! ","")&IF(COUNTIF(DMTK!$A$7:$A$250,$G54)=0,"TK Có sai! ","")&IF(N($H54)<=0,"Tiền phải > 0! ","")&IF($B54="","Thiếu ngày! ","")&IF(AND(OR(LEFT($F54,3)="131",LEFT($G54,3)="131",LEFT($F54,3)="331",LEFT($G54,3)="331"),$I54=""),"Thiếu Mã ĐT! ","")&IF(AND($I54<>"",COUNTIF(DM_DT!$A$7:$A$306,$I54)=0),"Mã ĐT chưa khai báo! ",""))) | M54: =IF($H54="","",IF(AND(OR(LEFT($F54,3)="111",LEFT($F54,3)="112",LEFT($F54,3)="113"),OR(LEFT($G54,3)="111",LEFT($G54,3)="112",LEFT($G54,3)="113")),"NB",IF(OR(LEFT($F54,3)="111",LEFT($F54,3)="112",LEFT($F54,3)="113"),"THU",IF(OR(LEFT($G54,3)="111",LEFT($G54,3)="112",LEFT($G54,3)="113"),"CHI","")))) | N54: =IF($M54="THU",$G54,IF($M54="CHI",$F54,"")) | O54: =IF(OR($M54="",$M54="NB"),"",IF($J54<>"",TEXT($J54,"00"),IFERROR(VLOOKUP(LEFT($N54,4),LCTT_MAP!$A$7:$C$66,IF($M54="THU",2,3),FALSE()),IFERROR(VLOOKUP(LEFT($N54,3),LCTT_MAP!$A$7:$C$66,IF($M54="THU",2,3),FALSE()),IFERROR(VLOOKUP(LEFT($N54,2),LCTT_MAP!$A$7:$C$66,IF($M54="THU",2,3),FALSE()),IFERROR(VLOOKUP(LEFT($N54,1),LCTT_MAP!$A$7:$C$66,IF($M54="THU",2,3),FALSE()),IF($M54="THU","06","07"))))))) | P54: =P53+IF(AND($H54<>"",OR(LEFT($F54,LEN(SC_TK))=SC_TK,LEFT($G54,LEN(SC_TK))=SC_TK)),1,0)
A55: =IF($H55="","",ROW()-6) | B55: 46381 | C55: PT002 | D55: 46381 | E55: Thu bán phế liệu, giấy vụn (thu nhập khác) | F55: 111 | G55: 711 | H55: 6000000 | L55: =IF($H55="","",TRIM(IF(COUNTIF(DMTK!$A$7:$A$250,$F55)=0,"TK Nợ sai! ","")&IF(COUNTIF(DMTK!$A$7:$A$250,$G55)=0,"TK Có sai! ","")&IF(N($H55)<=0,"Tiền phải > 0! ","")&IF($B55="","Thiếu ngày! ","")&IF(AND(OR(LEFT($F55,3)="131",LEFT($G55,3)="131",LEFT($F55,3)="331",LEFT($G55,3)="331"),$I55=""),"Thiếu Mã ĐT! ","")&IF(AND($I55<>"",COUNTIF(DM_DT!$A$7:$A$306,$I55)=0),"Mã ĐT chưa khai báo! ",""))) | M55: =IF($H55="","",IF(AND(OR(LEFT($F55,3)="111",LEFT($F55,3)="112",LEFT($F55,3)="113"),OR(LEFT($G55,3)="111",LEFT($G55,3)="112",LEFT($G55,3)="113")),"NB",IF(OR(LEFT($F55,3)="111",LEFT($F55,3)="112",LEFT($F55,3)="113"),"THU",IF(OR(LEFT($G55,3)="111",LEFT($G55,3)="112",LEFT($G55,3)="113"),"CHI","")))) | N55: =IF($M55="THU",$G55,IF($M55="CHI",$F55,"")) | O55: =IF(OR($M55="",$M55="NB"),"",IF($J55<>"",TEXT($J55,"00"),IFERROR(VLOOKUP(LEFT($N55,4),LCTT_MAP!$A$7:$C$66,IF($M55="THU",2,3),FALSE()),IFERROR(VLOOKUP(LEFT($N55,3),LCTT_MAP!$A$7:$C$66,IF($M55="THU",2,3),FALSE()),IFERROR(VLOOKUP(LEFT($N55,2),LCTT_MAP!$A$7:$C$66,IF($M55="THU",2,3),FALSE()),IFERROR(VLOOKUP(LEFT($N55,1),LCTT_MAP!$A$7:$C$66,IF($M55="THU",2,3),FALSE()),IF($M55="THU","06","07"))))))) | P55: =P54+IF(AND($H55<>"",OR(LEFT($F55,LEN(SC_TK))=SC_TK,LEFT($G55,LEN(SC_TK))=SC_TK)),1,0)
A56: =IF($H56="","",ROW()-6) | B56: 46384 | C56: PC003 | D56: 46384 | E56: Nộp phạt vi phạm hành chính (không được trừ thuế TNDN) | F56: 811 | G56: 111 | H56: 3000000 | L56: =IF($H56="","",TRIM(IF(COUNTIF(DMTK!$A$7:$A$250,$F56)=0,"TK Nợ sai! ","")&IF(COUNTIF(DMTK!$A$7:$A$250,$G56)=0,"TK Có sai! ","")&IF(N($H56)<=0,"Tiền phải > 0! ","")&IF($B56="","Thiếu ngày! ","")&IF(AND(OR(LEFT($F56,3)="131",LEFT($G56,3)="131",LEFT($F56,3)="331",LEFT($G56,3)="331"),$I56=""),"Thiếu Mã ĐT! ","")&IF(AND($I56<>"",COUNTIF(DM_DT!$A$7:$A$306,$I56)=0),"Mã ĐT chưa khai báo! ",""))) | M56: =IF($H56="","",IF(AND(OR(LEFT($F56,3)="111",LEFT($F56,3)="112",LEFT($F56,3)="113"),OR(LEFT($G56,3)="111",LEFT($G56,3)="112",LEFT($G56,3)="113")),"NB",IF(OR(LEFT($F56,3)="111",LEFT($F56,3)="112",LEFT($F56,3)="113"),"THU",IF(OR(LEFT($G56,3)="111",LEFT($G56,3)="112",LEFT($G56,3)="113"),"CHI","")))) | N56: =IF($M56="THU",$G56,IF($M56="CHI",$F56,"")) | O56: =IF(OR($M56="",$M56="NB"),"",IF($J56<>"",TEXT($J56,"00"),IFERROR(VLOOKUP(LEFT($N56,4),LCTT_MAP!$A$7:$C$66,IF($M56="THU",2,3),FALSE()),IFERROR(VLOOKUP(LEFT($N56,3),LCTT_MAP!$A$7:$C$66,IF($M56="THU",2,3),FALSE()),IFERROR(VLOOKUP(LEFT($N56,2),LCTT_MAP!$A$7:$C$66,IF($M56="THU",2,3),FALSE()),IFERROR(VLOOKUP(LEFT($N56,1),LCTT_MAP!$A$7:$C$66,IF($M56="THU",2,3),FALSE()),IF($M56="THU","06","07"))))))) | P56: =P55+IF(AND($H56<>"",OR(LEFT($F56,LEN(SC_TK))=SC_TK,LEFT($G56,LEN(SC_TK))=SC_TK)),1,0)
A57: =IF($H57="","",ROW()-6) | B57: 46387 | C57: PKT006 | D57: 46387 | E57: Khấu hao TSCĐ quý 4 | F57: 6424 | G57: 2141 | H57: 27000000 | L57: =IF($H57="","",TRIM(IF(COUNTIF(DMTK!$A$7:$A$250,$F57)=0,"TK Nợ sai! ","")&IF(COUNTIF(DMTK!$A$7:$A$250,$G57)=0,"TK Có sai! ","")&IF(N($H57)<=0,"Tiền phải > 0! ","")&IF($B57="","Thiếu ngày! ","")&IF(AND(OR(LEFT($F57,3)="131",LEFT($G57,3)="131",LEFT($F57,3)="331",LEFT($G57,3)="331"),$I57=""),"Thiếu Mã ĐT! ","")&IF(AND($I57<>"",COUNTIF(DM_DT!$A$7:$A$306,$I57)=0),"Mã ĐT chưa khai báo! ",""))) | M57: =IF($H57="","",IF(AND(OR(LEFT($F57,3)="111",LEFT($F57,3)="112",LEFT($F57,3)="113"),OR(LEFT($G57,3)="111",LEFT($G57,3)="112",LEFT($G57,3)="113")),"NB",IF(OR(LEFT($F57,3)="111",LEFT($F57,3)="112",LEFT($F57,3)="113"),"THU",IF(OR(LEFT($G57,3)="111",LEFT($G57,3)="112",LEFT($G57,3)="113"),"CHI","")))) | N57: =IF($M57="THU",$G57,IF($M57="CHI",$F57,"")) | O57: =IF(OR($M57="",$M57="NB"),"",IF($J57<>"",TEXT($J57,"00"),IFERROR(VLOOKUP(LEFT($N57,4),LCTT_MAP!$A$7:$C$66,IF($M57="THU",2,3),FALSE()),IFERROR(VLOOKUP(LEFT($N57,3),LCTT_MAP!$A$7:$C$66,IF($M57="THU",2,3),FALSE()),IFERROR(VLOOKUP(LEFT($N57,2),LCTT_MAP!$A$7:$C$66,IF($M57="THU",2,3),FALSE()),IFERROR(VLOOKUP(LEFT($N57,1),LCTT_MAP!$A$7:$C$66,IF($M57="THU",2,3),FALSE()),IF($M57="THU","06","07"))))))) | P57: =P56+IF(AND($H57<>"",OR(LEFT($F57,LEN(SC_TK))=SC_TK,LEFT($G57,LEN(SC_TK))=SC_TK)),1,0)
A58: =IF($H58="","",ROW()-6) | B58: 46387 | C58: PKT007 | D58: 46387 | E58: Phân bổ chi phí thuê văn phòng trả trước (6T cuối năm) | F58: 6427 | G58: 242 | H58: 18000000 | L58: =IF($H58="","",TRIM(IF(COUNTIF(DMTK!$A$7:$A$250,$F58)=0,"TK Nợ sai! ","")&IF(COUNTIF(DMTK!$A$7:$A$250,$G58)=0,"TK Có sai! ","")&IF(N($H58)<=0,"Tiền phải > 0! ","")&IF($B58="","Thiếu ngày! ","")&IF(AND(OR(LEFT($F58,3)="131",LEFT($G58,3)="131",LEFT($F58,3)="331",LEFT($G58,3)="331"),$I58=""),"Thiếu Mã ĐT! ","")&IF(AND($I58<>"",COUNTIF(DM_DT!$A$7:$A$306,$I58)=0),"Mã ĐT chưa khai báo! ",""))) | M58: =IF($H58="","",IF(AND(OR(LEFT($F58,3)="111",LEFT($F58,3)="112",LEFT($F58,3)="113"),OR(LEFT($G58,3)="111",LEFT($G58,3)="112",LEFT($G58,3)="113")),"NB",IF(OR(LEFT($F58,3)="111",LEFT($F58,3)="112",LEFT($F58,3)="113"),"THU",IF(OR(LEFT($G58,3)="111",LEFT($G58,3)="112",LEFT($G58,3)="113"),"CHI","")))) | N58: =IF($M58="THU",$G58,IF($M58="CHI",$F58,"")) | O58: =IF(OR($M58="",$M58="NB"),"",IF($J58<>"",TEXT($J58,"00"),IFERROR(VLOOKUP(LEFT($N58,4),LCTT_MAP!$A$7:$C$66,IF($M58="THU",2,3),FALSE()),IFERROR(VLOOKUP(LEFT($N58,3),LCTT_MAP!$A$7:$C$66,IF($M58="THU",2,3),FALSE()),IFERROR(VLOOKUP(LEFT($N58,2),LCTT_MAP!$A$7:$C$66,IF($M58="THU",2,3),FALSE()),IFERROR(VLOOKUP(LEFT($N58,1),LCTT_MAP!$A$7:$C$66,IF($M58="THU",2,3),FALSE()),IF($M58="THU","06","07"))))))) | P58: =P57+IF(AND($H58<>"",OR(LEFT($F58,LEN(SC_TK))=SC_TK,LEFT($G58,LEN(SC_TK))=SC_TK)),1,0)
A59: =IF($H59="","",ROW()-6) | B59: 46387 | C59: PKT008 | D59: 46387 | E59: Trích trước lãi vay phải trả chưa đến hạn thanh toán | F59: 635 | G59: 335 | H59: 6000000 | L59: =IF($H59="","",TRIM(IF(COUNTIF(DMTK!$A$7:$A$250,$F59)=0,"TK Nợ sai! ","")&IF(COUNTIF(DMTK!$A$7:$A$250,$G59)=0,"TK Có sai! ","")&IF(N($H59)<=0,"Tiền phải > 0! ","")&IF($B59="","Thiếu ngày! ","")&IF(AND(OR(LEFT($F59,3)="131",LEFT($G59,3)="131",LEFT($F59,3)="331",LEFT($G59,3)="331"),$I59=""),"Thiếu Mã ĐT! ","")&IF(AND($I59<>"",COUNTIF(DM_DT!$A$7:$A$306,$I59)=0),"Mã ĐT chưa khai báo! ",""))) | M59: =IF($H59="","",IF(AND(OR(LEFT($F59,3)="111",LEFT($F59,3)="112",LEFT($F59,3)="113"),OR(LEFT($G59,3)="111",LEFT($G59,3)="112",LEFT($G59,3)="113")),"NB",IF(OR(LEFT($F59,3)="111",LEFT($F59,3)="112",LEFT($F59,3)="113"),"THU",IF(OR(LEFT($G59,3)="111",LEFT($G59,3)="112",LEFT($G59,3)="113"),"CHI","")))) | N59: =IF($M59="THU",$G59,IF($M59="CHI",$F59,"")) | O59: =IF(OR($M59="",$M59="NB"),"",IF($J59<>"",TEXT($J59,"00"),IFERROR(VLOOKUP(LEFT($N59,4),LCTT_MAP!$A$7:$C$66,IF($M59="THU",2,3),FALSE()),IFERROR(VLOOKUP(LEFT($N59,3),LCTT_MAP!$A$7:$C$66,IF($M59="THU",2,3),FALSE()),IFERROR(VLOOKUP(LEFT($N59,2),LCTT_MAP!$A$7:$C$66,IF($M59="THU",2,3),FALSE()),IFERROR(VLOOKUP(LEFT($N59,1),LCTT_MAP!$A$7:$C$66,IF($M59="THU",2,3),FALSE()),IF($M59="THU","06","07"))))))) | P59: =P58+IF(AND($H59<>"",OR(LEFT($F59,LEN(SC_TK))=SC_TK,LEFT($G59,LEN(SC_TK))=SC_TK)),1,0)
A60: =IF($H60="","",ROW()-6) | B60: 46387 | C60: PKT009 | D60: 46387 | E60: Khấu trừ thuế GTGT đầu vào HHDV với đầu ra | F60: 33311 | G60: 1331 | H60: 12400000 | L60: =IF($H60="","",TRIM(IF(COUNTIF(DMTK!$A$7:$A$250,$F60)=0,"TK Nợ sai! ","")&IF(COUNTIF(DMTK!$A$7:$A$250,$G60)=0,"TK Có sai! ","")&IF(N($H60)<=0,"Tiền phải > 0! ","")&IF($B60="","Thiếu ngày! ","")&IF(AND(OR(LEFT($F60,3)="131",LEFT($G60,3)="131",LEFT($F60,3)="331",LEFT($G60,3)="331"),$I60=""),"Thiếu Mã ĐT! ","")&IF(AND($I60<>"",COUNTIF(DM_DT!$A$7:$A$306,$I60)=0),"Mã ĐT chưa khai báo! ",""))) | M60: =IF($H60="","",IF(AND(OR(LEFT($F60,3)="111",LEFT($F60,3)="112",LEFT($F60,3)="113"),OR(LEFT($G60,3)="111",LEFT($G60,3)="112",LEFT($G60,3)="113")),"NB",IF(OR(LEFT($F60,3)="111",LEFT($F60,3)="112",LEFT($F60,3)="113"),"THU",IF(OR(LEFT($G60,3)="111",LEFT($G60,3)="112",LEFT($G60,3)="113"),"CHI","")))) | N60: =IF($M60="THU",$G60,IF($M60="CHI",$F60,"")) | O60: =IF(OR($M60="",$M60="NB"),"",IF($J60<>"",TEXT($J60,"00"),IFERROR(VLOOKUP(LEFT($N60,4),LCTT_MAP!$A$7:$C$66,IF($M60="THU",2,3),FALSE()),IFERROR(VLOOKUP(LEFT($N60,3),LCTT_MAP!$A$7:$C$66,IF($M60="THU",2,3),FALSE()),IFERROR(VLOOKUP(LEFT($N60,2),LCTT_MAP!$A$7:$C$66,IF($M60="THU",2,3),FALSE()),IFERROR(VLOOKUP(LEFT($N60,1),LCTT_MAP!$A$7:$C$66,IF($M60="THU",2,3),FALSE()),IF($M60="THU","06","07"))))))) | P60: =P59+IF(AND($H60<>"",OR(LEFT($F60,LEN(SC_TK))=SC_TK,LEFT($G60,LEN(SC_TK))=SC_TK)),1,0)
A61: =IF($H61="","",ROW()-6) | B61: 46387 | C61: PKT009 | D61: 46387 | E61: Khấu trừ thuế GTGT đầu vào TSCĐ với đầu ra | F61: 33311 | G61: 1332 | H61: 19200000 | L61: =IF($H61="","",TRIM(IF(COUNTIF(DMTK!$A$7:$A$250,$F61)=0,"TK Nợ sai! ","")&IF(COUNTIF(DMTK!$A$7:$A$250,$G61)=0,"TK Có sai! ","")&IF(N($H61)<=0,"Tiền phải > 0! ","")&IF($B61="","Thiếu ngày! ","")&IF(AND(OR(LEFT($F61,3)="131",LEFT($G61,3)="131",LEFT($F61,3)="331",LEFT($G61,3)="331"),$I61=""),"Thiếu Mã ĐT! ","")&IF(AND($I61<>"",COUNTIF(DM_DT!$A$7:$A$306,$I61)=0),"Mã ĐT chưa khai báo! ",""))) | M61: =IF($H61="","",IF(AND(OR(LEFT($F61,3)="111",LEFT($F61,3)="112",LEFT($F61,3)="113"),OR(LEFT($G61,3)="111",LEFT($G61,3)="112",LEFT($G61,3)="113")),"NB",IF(OR(LEFT($F61,3)="111",LEFT($F61,3)="112",LEFT($F61,3)="113"),"THU",IF(OR(LEFT($G61,3)="111",LEFT($G61,3)="112",LEFT($G61,3)="113"),"CHI","")))) | N61: =IF($M61="THU",$G61,IF($M61="CHI",$F61,"")) | O61: =IF(OR($M61="",$M61="NB"),"",IF($J61<>"",TEXT($J61,"00"),IFERROR(VLOOKUP(LEFT($N61,4),LCTT_MAP!$A$7:$C$66,IF($M61="THU",2,3),FALSE()),IFERROR(VLOOKUP(LEFT($N61,3),LCTT_MAP!$A$7:$C$66,IF($M61="THU",2,3),FALSE()),IFERROR(VLOOKUP(LEFT($N61,2),LCTT_MAP!$A$7:$C$66,IF($M61="THU",2,3),FALSE()),IFERROR(VLOOKUP(LEFT($N61,1),LCTT_MAP!$A$7:$C$66,IF($M61="THU",2,3),FALSE()),IF($M61="THU","06","07"))))))) | P61: =P60+IF(AND($H61<>"",OR(LEFT($F61,LEN(SC_TK))=SC_TK,LEFT($G61,LEN(SC_TK))=SC_TK)),1,0)
A62: =IF($H62="","",ROW()-6) | B62: 46387 | C62: PKT010 | D62: 46387 | E62: Chi phí thuế TNDN năm 2026 (thuế suất 15% - DN doanh thu ≤ 3 tỷ) | F62: 82111 | G62: 3334 | H62: 13308750 | L62: =IF($H62="","",TRIM(IF(COUNTIF(DMTK!$A$7:$A$250,$F62)=0,"TK Nợ sai! ","")&IF(COUNTIF(DMTK!$A$7:$A$250,$G62)=0,"TK Có sai! ","")&IF(N($H62)<=0,"Tiền phải > 0! ","")&IF($B62="","Thiếu ngày! ","")&IF(AND(OR(LEFT($F62,3)="131",LEFT($G62,3)="131",LEFT($F62,3)="331",LEFT($G62,3)="331"),$I62=""),"Thiếu Mã ĐT! ","")&IF(AND($I62<>"",COUNTIF(DM_DT!$A$7:$A$306,$I62)=0),"Mã ĐT chưa khai báo! ",""))) | M62: =IF($H62="","",IF(AND(OR(LEFT($F62,3)="111",LEFT($F62,3)="112",LEFT($F62,3)="113"),OR(LEFT($G62,3)="111",LEFT($G62,3)="112",LEFT($G62,3)="113")),"NB",IF(OR(LEFT($F62,3)="111",LEFT($F62,3)="112",LEFT($F62,3)="113"),"THU",IF(OR(LEFT($G62,3)="111",LEFT($G62,3)="112",LEFT($G62,3)="113"),"CHI","")))) | N62: =IF($M62="THU",$G62,IF($M62="CHI",$F62,"")) | O62: =IF(OR($M62="",$M62="NB"),"",IF($J62<>"",TEXT($J62,"00"),IFERROR(VLOOKUP(LEFT($N62,4),LCTT_MAP!$A$7:$C$66,IF($M62="THU",2,3),FALSE()),IFERROR(VLOOKUP(LEFT($N62,3),LCTT_MAP!$A$7:$C$66,IF($M62="THU",2,3),FALSE()),IFERROR(VLOOKUP(LEFT($N62,2),LCTT_MAP!$A$7:$C$66,IF($M62="THU",2,3),FALSE()),IFERROR(VLOOKUP(LEFT($N62,1),LCTT_MAP!$A$7:$C$66,IF($M62="THU",2,3),FALSE()),IF($M62="THU","06","07"))))))) | P62: =P61+IF(AND($H62<>"",OR(LEFT($F62,LEN(SC_TK))=SC_TK,LEFT($G62,LEN(SC_TK))=SC_TK)),1,0)
A63: =IF($H63="","",ROW()-6) | L63: =IF($H63="","",TRIM(IF(COUNTIF(DMTK!$A$7:$A$250,$F63)=0,"TK Nợ sai! ","")&IF(COUNTIF(DMTK!$A$7:$A$250,$G63)=0,"TK Có sai! ","")&IF(N($H63)<=0,"Tiền phải > 0! ","")&IF($B63="","Thiếu ngày! ","")&IF(AND(OR(LEFT($F63,3)="131",LEFT($G63,3)="131",LEFT($F63,3)="331",LEFT($G63,3)="331"),$I63=""),"Thiếu Mã ĐT! ","")&IF(AND($I63<>"",COUNTIF(DM_DT!$A$7:$A$306,$I63)=0),"Mã ĐT chưa khai báo! ",""))) | M63: =IF($H63="","",IF(AND(OR(LEFT($F63,3)="111",LEFT($F63,3)="112",LEFT($F63,3)="113"),OR(LEFT($G63,3)="111",LEFT($G63,3)="112",LEFT($G63,3)="113")),"NB",IF(OR(LEFT($F63,3)="111",LEFT($F63,3)="112",LEFT($F63,3)="113"),"THU",IF(OR(LEFT($G63,3)="111",LEFT($G63,3)="112",LEFT($G63,3)="113"),"CHI","")))) | N63: =IF($M63="THU",$G63,IF($M63="CHI",$F63,"")) | O63: =IF(OR($M63="",$M63="NB"),"",IF($J63<>"",TEXT($J63,"00"),IFERROR(VLOOKUP(LEFT($N63,4),LCTT_MAP!$A$7:$C$66,IF($M63="THU",2,3),FALSE()),IFERROR(VLOOKUP(LEFT($N63,3),LCTT_MAP!$A$7:$C$66,IF($M63="THU",2,3),FALSE()),IFERROR(VLOOKUP(LEFT($N63,2),LCTT_MAP!$A$7:$C$66,IF($M63="THU",2,3),FALSE()),IFERROR(VLOOKUP(LEFT($N63,1),LCTT_MAP!$A$7:$C$66,IF($M63="THU",2,3),FALSE()),IF($M63="THU","06","07"))))))) | P63: =P62+IF(AND($H63<>"",OR(LEFT($F63,LEN(SC_TK))=SC_TK,LEFT($G63,LEN(SC_TK))=SC_TK)),1,0)
A64: =IF($H64="","",ROW()-6) | L64: =IF($H64="","",TRIM(IF(COUNTIF(DMTK!$A$7:$A$250,$F64)=0,"TK Nợ sai! ","")&IF(COUNTIF(DMTK!$A$7:$A$250,$G64)=0,"TK Có sai! ","")&IF(N($H64)<=0,"Tiền phải > 0! ","")&IF($B64="","Thiếu ngày! ","")&IF(AND(OR(LEFT($F64,3)="131",LEFT($G64,3)="131",LEFT($F64,3)="331",LEFT($G64,3)="331"),$I64=""),"Thiếu Mã ĐT! ","")&IF(AND($I64<>"",COUNTIF(DM_DT!$A$7:$A$306,$I64)=0),"Mã ĐT chưa khai báo! ",""))) | M64: =IF($H64="","",IF(AND(OR(LEFT($F64,3)="111",LEFT($F64,3)="112",LEFT($F64,3)="113"),OR(LEFT($G64,3)="111",LEFT($G64,3)="112",LEFT($G64,3)="113")),"NB",IF(OR(LEFT($F64,3)="111",LEFT($F64,3)="112",LEFT($F64,3)="113"),"THU",IF(OR(LEFT($G64,3)="111",LEFT($G64,3)="112",LEFT($G64,3)="113"),"CHI","")))) | N64: =IF($M64="THU",$G64,IF($M64="CHI",$F64,"")) | O64: =IF(OR($M64="",$M64="NB"),"",IF($J64<>"",TEXT($J64,"00"),IFERROR(VLOOKUP(LEFT($N64,4),LCTT_MAP!$A$7:$C$66,IF($M64="THU",2,3),FALSE()),IFERROR(VLOOKUP(LEFT($N64,3),LCTT_MAP!$A$7:$C$66,IF($M64="THU",2,3),FALSE()),IFERROR(VLOOKUP(LEFT($N64,2),LCTT_MAP!$A$7:$C$66,IF($M64="THU",2,3),FALSE()),IFERROR(VLOOKUP(LEFT($N64,1),LCTT_MAP!$A$7:$C$66,IF($M64="THU",2,3),FALSE()),IF($M64="THU","06","07"))))))) | P64: =P63+IF(AND($H64<>"",OR(LEFT($F64,LEN(SC_TK))=SC_TK,LEFT($G64,LEN(SC_TK))=SC_TK)),1,0)
A65: =IF($H65="","",ROW()-6) | L65: =IF($H65="","",TRIM(IF(COUNTIF(DMTK!$A$7:$A$250,$F65)=0,"TK Nợ sai! ","")&IF(COUNTIF(DMTK!$A$7:$A$250,$G65)=0,"TK Có sai! ","")&IF(N($H65)<=0,"Tiền phải > 0! ","")&IF($B65="","Thiếu ngày! ","")&IF(AND(OR(LEFT($F65,3)="131",LEFT($G65,3)="131",LEFT($F65,3)="331",LEFT($G65,3)="331"),$I65=""),"Thiếu Mã ĐT! ","")&IF(AND($I65<>"",COUNTIF(DM_DT!$A$7:$A$306,$I65)=0),"Mã ĐT chưa khai báo! ",""))) | M65: =IF($H65="","",IF(AND(OR(LEFT($F65,3)="111",LEFT($F65,3)="112",LEFT($F65,3)="113"),OR(LEFT($G65,3)="111",LEFT($G65,3)="112",LEFT($G65,3)="113")),"NB",IF(OR(LEFT($F65,3)="111",LEFT($F65,3)="112",LEFT($F65,3)="113"),"THU",IF(OR(LEFT($G65,3)="111",LEFT($G65,3)="112",LEFT($G65,3)="113"),"CHI","")))) | N65: =IF($M65="THU",$G65,IF($M65="CHI",$F65,"")) | O65: =IF(OR($M65="",$M65="NB"),"",IF($J65<>"",TEXT($J65,"00"),IFERROR(VLOOKUP(LEFT($N65,4),LCTT_MAP!$A$7:$C$66,IF($M65="THU",2,3),FALSE()),IFERROR(VLOOKUP(LEFT($N65,3),LCTT_MAP!$A$7:$C$66,IF($M65="THU",2,3),FALSE()),IFERROR(VLOOKUP(LEFT($N65,2),LCTT_MAP!$A$7:$C$66,IF($M65="THU",2,3),FALSE()),IFERROR(VLOOKUP(LEFT($N65,1),LCTT_MAP!$A$7:$C$66,IF($M65="THU",2,3),FALSE()),IF($M65="THU","06","07"))))))) | P65: =P64+IF(AND($H65<>"",OR(LEFT($F65,LEN(SC_TK))=SC_TK,LEFT($G65,LEN(SC_TK))=SC_TK)),1,0)
A66: =IF($H66="","",ROW()-6) | L66: =IF($H66="","",TRIM(IF(COUNTIF(DMTK!$A$7:$A$250,$F66)=0,"TK Nợ sai! ","")&IF(COUNTIF(DMTK!$A$7:$A$250,$G66)=0,"TK Có sai! ","")&IF(N($H66)<=0,"Tiền phải > 0! ","")&IF($B66="","Thiếu ngày! ","")&IF(AND(OR(LEFT($F66,3)="131",LEFT($G66,3)="131",LEFT($F66,3)="331",LEFT($G66,3)="331"),$I66=""),"Thiếu Mã ĐT! ","")&IF(AND($I66<>"",COUNTIF(DM_DT!$A$7:$A$306,$I66)=0),"Mã ĐT chưa khai báo! ",""))) | M66: =IF($H66="","",IF(AND(OR(LEFT($F66,3)="111",LEFT($F66,3)="112",LEFT($F66,3)="113"),OR(LEFT($G66,3)="111",LEFT($G66,3)="112",LEFT($G66,3)="113")),"NB",IF(OR(LEFT($F66,3)="111",LEFT($F66,3)="112",LEFT($F66,3)="113"),"THU",IF(OR(LEFT($G66,3)="111",LEFT($G66,3)="112",LEFT($G66,3)="113"),"CHI","")))) | N66: =IF($M66="THU",$G66,IF($M66="CHI",$F66,"")) | O66: =IF(OR($M66="",$M66="NB"),"",IF($J66<>"",TEXT($J66,"00"),IFERROR(VLOOKUP(LEFT($N66,4),LCTT_MAP!$A$7:$C$66,IF($M66="THU",2,3),FALSE()),IFERROR(VLOOKUP(LEFT($N66,3),LCTT_MAP!$A$7:$C$66,IF($M66="THU",2,3),FALSE()),IFERROR(VLOOKUP(LEFT($N66,2),LCTT_MAP!$A$7:$C$66,IF($M66="THU",2,3),FALSE()),IFERROR(VLOOKUP(LEFT($N66,1),LCTT_MAP!$A$7:$C$66,IF($M66="THU",2,3),FALSE()),IF($M66="THU","06","07"))))))) | P66: =P65+IF(AND($H66<>"",OR(LEFT($F66,LEN(SC_TK))=SC_TK,LEFT($G66,LEN(SC_TK))=SC_TK)),1,0)
A67: =IF($H67="","",ROW()-6) | L67: =IF($H67="","",TRIM(IF(COUNTIF(DMTK!$A$7:$A$250,$F67)=0,"TK Nợ sai! ","")&IF(COUNTIF(DMTK!$A$7:$A$250,$G67)=0,"TK Có sai! ","")&IF(N($H67)<=0,"Tiền phải > 0! ","")&IF($B67="","Thiếu ngày! ","")&IF(AND(OR(LEFT($F67,3)="131",LEFT($G67,3)="131",LEFT($F67,3)="331",LEFT($G67,3)="331"),$I67=""),"Thiếu Mã ĐT! ","")&IF(AND($I67<>"",COUNTIF(DM_DT!$A$7:$A$306,$I67)=0),"Mã ĐT chưa khai báo! ",""))) | M67: =IF($H67="","",IF(AND(OR(LEFT($F67,3)="111",LEFT($F67,3)="112",LEFT($F67,3)="113"),OR(LEFT($G67,3)="111",LEFT($G67,3)="112",LEFT($G67,3)="113")),"NB",IF(OR(LEFT($F67,3)="111",LEFT($F67,3)="112",LEFT($F67,3)="113"),"THU",IF(OR(LEFT($G67,3)="111",LEFT($G67,3)="112",LEFT($G67,3)="113"),"CHI","")))) | N67: =IF($M67="THU",$G67,IF($M67="CHI",$F67,"")) | O67: =IF(OR($M67="",$M67="NB"),"",IF($J67<>"",TEXT($J67,"00"),IFERROR(VLOOKUP(LEFT($N67,4),LCTT_MAP!$A$7:$C$66,IF($M67="THU",2,3),FALSE()),IFERROR(VLOOKUP(LEFT($N67,3),LCTT_MAP!$A$7:$C$66,IF($M67="THU",2,3),FALSE()),IFERROR(VLOOKUP(LEFT($N67,2),LCTT_MAP!$A$7:$C$66,IF($M67="THU",2,3),FALSE()),IFERROR(VLOOKUP(LEFT($N67,1),LCTT_MAP!$A$7:$C$66,IF($M67="THU",2,3),FALSE()),IF($M67="THU","06","07"))))))) | P67: =P66+IF(AND($H67<>"",OR(LEFT($F67,LEN(SC_TK))=SC_TK,LEFT($G67,LEN(SC_TK))=SC_TK)),1,0)
A68: =IF($H68="","",ROW()-6) | L68: =IF($H68="","",TRIM(IF(COUNTIF(DMTK!$A$7:$A$250,$F68)=0,"TK Nợ sai! ","")&IF(COUNTIF(DMTK!$A$7:$A$250,$G68)=0,"TK Có sai! ","")&IF(N($H68)<=0,"Tiền phải > 0! ","")&IF($B68="","Thiếu ngày! ","")&IF(AND(OR(LEFT($F68,3)="131",LEFT($G68,3)="131",LEFT($F68,3)="331",LEFT($G68,3)="331"),$I68=""),"Thiếu Mã ĐT! ","")&IF(AND($I68<>"",COUNTIF(DM_DT!$A$7:$A$306,$I68)=0),"Mã ĐT chưa khai báo! ",""))) | M68: =IF($H68="","",IF(AND(OR(LEFT($F68,3)="111",LEFT($F68,3)="112",LEFT($F68,3)="113"),OR(LEFT($G68,3)="111",LEFT($G68,3)="112",LEFT($G68,3)="113")),"NB",IF(OR(LEFT($F68,3)="111",LEFT($F68,3)="112",LEFT($F68,3)="113"),"THU",IF(OR(LEFT($G68,3)="111",LEFT($G68,3)="112",LEFT($G68,3)="113"),"CHI","")))) | N68: =IF($M68="THU",$G68,IF($M68="CHI",$F68,"")) | O68: =IF(OR($M68="",$M68="NB"),"",IF($J68<>"",TEXT($J68,"00"),IFERROR(VLOOKUP(LEFT($N68,4),LCTT_MAP!$A$7:$C$66,IF($M68="THU",2,3),FALSE()),IFERROR(VLOOKUP(LEFT($N68,3),LCTT_MAP!$A$7:$C$66,IF($M68="THU",2,3),FALSE()),IFERROR(VLOOKUP(LEFT($N68,2),LCTT_MAP!$A$7:$C$66,IF($M68="THU",2,3),FALSE()),IFERROR(VLOOKUP(LEFT($N68,1),LCTT_MAP!$A$7:$C$66,IF($M68="THU",2,3),FALSE()),IF($M68="THU","06","07"))))))) | P68: =P67+IF(AND($H68<>"",OR(LEFT($F68,LEN(SC_TK))=SC_TK,LEFT($G68,LEN(SC_TK))=SC_TK)),1,0)
A69: =IF($H69="","",ROW()-6) | L69: =IF($H69="","",TRIM(IF(COUNTIF(DMTK!$A$7:$A$250,$F69)=0,"TK Nợ sai! ","")&IF(COUNTIF(DMTK!$A$7:$A$250,$G69)=0,"TK Có sai! ","")&IF(N($H69)<=0,"Tiền phải > 0! ","")&IF($B69="","Thiếu ngày! ","")&IF(AND(OR(LEFT($F69,3)="131",LEFT($G69,3)="131",LEFT($F69,3)="331",LEFT($G69,3)="331"),$I69=""),"Thiếu Mã ĐT! ","")&IF(AND($I69<>"",COUNTIF(DM_DT!$A$7:$A$306,$I69)=0),"Mã ĐT chưa khai báo! ",""))) | M69: =IF($H69="","",IF(AND(OR(LEFT($F69,3)="111",LEFT($F69,3)="112",LEFT($F69,3)="113"),OR(LEFT($G69,3)="111",LEFT($G69,3)="112",LEFT($G69,3)="113")),"NB",IF(OR(LEFT($F69,3)="111",LEFT($F69,3)="112",LEFT($F69,3)="113"),"THU",IF(OR(LEFT($G69,3)="111",LEFT($G69,3)="112",LEFT($G69,3)="113"),"CHI","")))) | N69: =IF($M69="THU",$G69,IF($M69="CHI",$F69,"")) | O69: =IF(OR($M69="",$M69="NB"),"",IF($J69<>"",TEXT($J69,"00"),IFERROR(VLOOKUP(LEFT($N69,4),LCTT_MAP!$A$7:$C$66,IF($M69="THU",2,3),FALSE()),IFERROR(VLOOKUP(LEFT($N69,3),LCTT_MAP!$A$7:$C$66,IF($M69="THU",2,3),FALSE()),IFERROR(VLOOKUP(LEFT($N69,2),LCTT_MAP!$A$7:$C$66,IF($M69="THU",2,3),FALSE()),IFERROR(VLOOKUP(LEFT($N69,1),LCTT_MAP!$A$7:$C$66,IF($M69="THU",2,3),FALSE()),IF($M69="THU","06","07"))))))) | P69: =P68+IF(AND($H69<>"",OR(LEFT($F69,LEN(SC_TK))=SC_TK,LEFT($G69,LEN(SC_TK))=SC_TK)),1,0)
A70: =IF($H70="","",ROW()-6) | L70: =IF($H70="","",TRIM(IF(COUNTIF(DMTK!$A$7:$A$250,$F70)=0,"TK Nợ sai! ","")&IF(COUNTIF(DMTK!$A$7:$A$250,$G70)=0,"TK Có sai! ","")&IF(N($H70)<=0,"Tiền phải > 0! ","")&IF($B70="","Thiếu ngày! ","")&IF(AND(OR(LEFT($F70,3)="131",LEFT($G70,3)="131",LEFT($F70,3)="331",LEFT($G70,3)="331"),$I70=""),"Thiếu Mã ĐT! ","")&IF(AND($I70<>"",COUNTIF(DM_DT!$A$7:$A$306,$I70)=0),"Mã ĐT chưa khai báo! ",""))) | M70: =IF($H70="","",IF(AND(OR(LEFT($F70,3)="111",LEFT($F70,3)="112",LEFT($F70,3)="113"),OR(LEFT($G70,3)="111",LEFT($G70,3)="112",LEFT($G70,3)="113")),"NB",IF(OR(LEFT($F70,3)="111",LEFT($F70,3)="112",LEFT($F70,3)="113"),"THU",IF(OR(LEFT($G70,3)="111",LEFT($G70,3)="112",LEFT($G70,3)="113"),"CHI","")))) | N70: =IF($M70="THU",$G70,IF($M70="CHI",$F70,"")) | O70: =IF(OR($M70="",$M70="NB"),"",IF($J70<>"",TEXT($J70,"00"),IFERROR(VLOOKUP(LEFT($N70,4),LCTT_MAP!$A$7:$C$66,IF($M70="THU",2,3),FALSE()),IFERROR(VLOOKUP(LEFT($N70,3),LCTT_MAP!$A$7:$C$66,IF($M70="THU",2,3),FALSE()),IFERROR(VLOOKUP(LEFT($N70,2),LCTT_MAP!$A$7:$C$66,IF($M70="THU",2,3),FALSE()),IFERROR(VLOOKUP(LEFT($N70,1),LCTT_MAP!$A$7:$C$66,IF($M70="THU",2,3),FALSE()),IF($M70="THU","06","07"))))))) | P70: =P69+IF(AND($H70<>"",OR(LEFT($F70,LEN(SC_TK))=SC_TK,LEFT($G70,LEN(SC_TK))=SC_TK)),1,0)
A71: =IF($H71="","",ROW()-6) | L71: =IF($H71="","",TRIM(IF(COUNTIF(DMTK!$A$7:$A$250,$F71)=0,"TK Nợ sai! ","")&IF(COUNTIF(DMTK!$A$7:$A$250,$G71)=0,"TK Có sai! ","")&IF(N($H71)<=0,"Tiền phải > 0! ","")&IF($B71="","Thiếu ngày! ","")&IF(AND(OR(LEFT($F71,3)="131",LEFT($G71,3)="131",LEFT($F71,3)="331",LEFT($G71,3)="331"),$I71=""),"Thiếu Mã ĐT! ","")&IF(AND($I71<>"",COUNTIF(DM_DT!$A$7:$A$306,$I71)=0),"Mã ĐT chưa khai báo! ",""))) | M71: =IF($H71="","",IF(AND(OR(LEFT($F71,3)="111",LEFT($F71,3)="112",LEFT($F71,3)="113"),OR(LEFT($G71,3)="111",LEFT($G71,3)="112",LEFT($G71,3)="113")),"NB",IF(OR(LEFT($F71,3)="111",LEFT($F71,3)="112",LEFT($F71,3)="113"),"THU",IF(OR(LEFT($G71,3)="111",LEFT($G71,3)="112",LEFT($G71,3)="113"),"CHI","")))) | N71: =IF($M71="THU",$G71,IF($M71="CHI",$F71,"")) | O71: =IF(OR($M71="",$M71="NB"),"",IF($J71<>"",TEXT($J71,"00"),IFERROR(VLOOKUP(LEFT($N71,4),LCTT_MAP!$A$7:$C$66,IF($M71="THU",2,3),FALSE()),IFERROR(VLOOKUP(LEFT($N71,3),LCTT_MAP!$A$7:$C$66,IF($M71="THU",2,3),FALSE()),IFERROR(VLOOKUP(LEFT($N71,2),LCTT_MAP!$A$7:$C$66,IF($M71="THU",2,3),FALSE()),IFERROR(VLOOKUP(LEFT($N71,1),LCTT_MAP!$A$7:$C$66,IF($M71="THU",2,3),FALSE()),IF($M71="THU","06","07"))))))) | P71: =P70+IF(AND($H71<>"",OR(LEFT($F71,LEN(SC_TK))=SC_TK,LEFT($G71,LEN(SC_TK))=SC_TK)),1,0)
A72: =IF($H72="","",ROW()-6) | L72: =IF($H72="","",TRIM(IF(COUNTIF(DMTK!$A$7:$A$250,$F72)=0,"TK Nợ sai! ","")&IF(COUNTIF(DMTK!$A$7:$A$250,$G72)=0,"TK Có sai! ","")&IF(N($H72)<=0,"Tiền phải > 0! ","")&IF($B72="","Thiếu ngày! ","")&IF(AND(OR(LEFT($F72,3)="131",LEFT($G72,3)="131",LEFT($F72,3)="331",LEFT($G72,3)="331"),$I72=""),"Thiếu Mã ĐT! ","")&IF(AND($I72<>"",COUNTIF(DM_DT!$A$7:$A$306,$I72)=0),"Mã ĐT chưa khai báo! ",""))) | M72: =IF($H72="","",IF(AND(OR(LEFT($F72,3)="111",LEFT($F72,3)="112",LEFT($F72,3)="113"),OR(LEFT($G72,3)="111",LEFT($G72,3)="112",LEFT($G72,3)="113")),"NB",IF(OR(LEFT($F72,3)="111",LEFT($F72,3)="112",LEFT($F72,3)="113"),"THU",IF(OR(LEFT($G72,3)="111",LEFT($G72,3)="112",LEFT($G72,3)="113"),"CHI","")))) | N72: =IF($M72="THU",$G72,IF($M72="CHI",$F72,"")) | O72: =IF(OR($M72="",$M72="NB"),"",IF($J72<>"",TEXT($J72,"00"),IFERROR(VLOOKUP(LEFT($N72,4),LCTT_MAP!$A$7:$C$66,IF($M72="THU",2,3),FALSE()),IFERROR(VLOOKUP(LEFT($N72,3),LCTT_MAP!$A$7:$C$66,IF($M72="THU",2,3),FALSE()),IFERROR(VLOOKUP(LEFT($N72,2),LCTT_MAP!$A$7:$C$66,IF($M72="THU",2,3),FALSE()),IFERROR(VLOOKUP(LEFT($N72,1),LCTT_MAP!$A$7:$C$66,IF($M72="THU",2,3),FALSE()),IF($M72="THU","06","07"))))))) | P72: =P71+IF(AND($H72<>"",OR(LEFT($F72,LEN(SC_TK))=SC_TK,LEFT($G72,LEN(SC_TK))=SC_TK)),1,0)
A73: =IF($H73="","",ROW()-6) | L73: =IF($H73="","",TRIM(IF(COUNTIF(DMTK!$A$7:$A$250,$F73)=0,"TK Nợ sai! ","")&IF(COUNTIF(DMTK!$A$7:$A$250,$G73)=0,"TK Có sai! ","")&IF(N($H73)<=0,"Tiền phải > 0! ","")&IF($B73="","Thiếu ngày! ","")&IF(AND(OR(LEFT($F73,3)="131",LEFT($G73,3)="131",LEFT($F73,3)="331",LEFT($G73,3)="331"),$I73=""),"Thiếu Mã ĐT! ","")&IF(AND($I73<>"",COUNTIF(DM_DT!$A$7:$A$306,$I73)=0),"Mã ĐT chưa khai báo! ",""))) | M73: =IF($H73="","",IF(AND(OR(LEFT($F73,3)="111",LEFT($F73,3)="112",LEFT($F73,3)="113"),OR(LEFT($G73,3)="111",LEFT($G73,3)="112",LEFT($G73,3)="113")),"NB",IF(OR(LEFT($F73,3)="111",LEFT($F73,3)="112",LEFT($F73,3)="113"),"THU",IF(OR(LEFT($G73,3)="111",LEFT($G73,3)="112",LEFT($G73,3)="113"),"CHI","")))) | N73: =IF($M73="THU",$G73,IF($M73="CHI",$F73,"")) | O73: =IF(OR($M73="",$M73="NB"),"",IF($J73<>"",TEXT($J73,"00"),IFERROR(VLOOKUP(LEFT($N73,4),LCTT_MAP!$A$7:$C$66,IF($M73="THU",2,3),FALSE()),IFERROR(VLOOKUP(LEFT($N73,3),LCTT_MAP!$A$7:$C$66,IF($M73="THU",2,3),FALSE()),IFERROR(VLOOKUP(LEFT($N73,2),LCTT_MAP!$A$7:$C$66,IF($M73="THU",2,3),FALSE()),IFERROR(VLOOKUP(LEFT($N73,1),LCTT_MAP!$A$7:$C$66,IF($M73="THU",2,3),FALSE()),IF($M73="THU","06","07"))))))) | P73: =P72+IF(AND($H73<>"",OR(LEFT($F73,LEN(SC_TK))=SC_TK,LEFT($G73,LEN(SC_TK))=SC_TK)),1,0)
A74: =IF($H74="","",ROW()-6) | L74: =IF($H74="","",TRIM(IF(COUNTIF(DMTK!$A$7:$A$250,$F74)=0,"TK Nợ sai! ","")&IF(COUNTIF(DMTK!$A$7:$A$250,$G74)=0,"TK Có sai! ","")&IF(N($H74)<=0,"Tiền phải > 0! ","")&IF($B74="","Thiếu ngày! ","")&IF(AND(OR(LEFT($F74,3)="131",LEFT($G74,3)="131",LEFT($F74,3)="331",LEFT($G74,3)="331"),$I74=""),"Thiếu Mã ĐT! ","")&IF(AND($I74<>"",COUNTIF(DM_DT!$A$7:$A$306,$I74)=0),"Mã ĐT chưa khai báo! ",""))) | M74: =IF($H74="","",IF(AND(OR(LEFT($F74,3)="111",LEFT($F74,3)="112",LEFT($F74,3)="113"),OR(LEFT($G74,3)="111",LEFT($G74,3)="112",LEFT($G74,3)="113")),"NB",IF(OR(LEFT($F74,3)="111",LEFT($F74,3)="112",LEFT($F74,3)="113"),"THU",IF(OR(LEFT($G74,3)="111",LEFT($G74,3)="112",LEFT($G74,3)="113"),"CHI","")))) | N74: =IF($M74="THU",$G74,IF($M74="CHI",$F74,"")) | O74: =IF(OR($M74="",$M74="NB"),"",IF($J74<>"",TEXT($J74,"00"),IFERROR(VLOOKUP(LEFT($N74,4),LCTT_MAP!$A$7:$C$66,IF($M74="THU",2,3),FALSE()),IFERROR(VLOOKUP(LEFT($N74,3),LCTT_MAP!$A$7:$C$66,IF($M74="THU",2,3),FALSE()),IFERROR(VLOOKUP(LEFT($N74,2),LCTT_MAP!$A$7:$C$66,IF($M74="THU",2,3),FALSE()),IFERROR(VLOOKUP(LEFT($N74,1),LCTT_MAP!$A$7:$C$66,IF($M74="THU",2,3),FALSE()),IF($M74="THU","06","07"))))))) | P74: =P73+IF(AND($H74<>"",OR(LEFT($F74,LEN(SC_TK))=SC_TK,LEFT($G74,LEN(SC_TK))=SC_TK)),1,0)
... A3006: =IF($H3006="","",ROW()-6) | L3006: =IF($H3006="","",TRIM(IF(COUNTIF(DMTK!$A$7:$A$250,$F3006)=0,"TK Nợ sai! ","")&IF(COUNTIF(DMTK!$A$7:$A$250,$G3006)=0,"TK Có sai! ","")&IF(N($H3006)<=0,"Tiền phải > 0! ","")&IF($B3006="","Thiếu ngày! ","")&IF(AND(OR(LEFT($F3006,3)="131",LEFT($G3006,3)="131",LEFT($F3006,3)="331",LEFT($G3006,3)="331"),$I3006=""),"Thiếu Mã ĐT! ","")&IF(AND($I3006<>"",COUNTIF(DM_DT!$A$7:$A$306,$I3006)=0),"Mã ĐT chưa khai báo! ",""))) | M3006: =IF($H3006="","",IF(AND(OR(LEFT($F3006,3)="111",LEFT($F3006,3)="112",LEFT($F3006,3)="113"),OR(LEFT($G3006,3)="111",LEFT($G3006,3)="112",LEFT($G3006,3)="113")),"NB",IF(OR(LEFT($F3006,3)="111",LEFT($F3006,3)="112",LEFT($F3006,3)="113"),"THU",IF(OR(LEFT($G3006,3)="111",LEFT($G3006,3)="112",LEFT($G3006,3)="113"),"CHI","")))) | N3006: =IF($M3006="THU",$G3006,IF($M3006="CHI",$F3006,"")) | O3006: =IF(OR($M3006="",$M3006="NB"),"",IF($J3006<>"",TEXT($J3006,"00"),IFERROR(VLOOKUP(LEFT($N3006,4),LCTT_MAP!$A$7:$C$66,IF($M3006="THU",2,3),FALSE()),IFERROR(VLOOKUP(LEFT($N3006,3),LCTT_MAP!$A$7:$C$66,IF($M3006="THU",2,3),FALSE()),IFERROR(VLOOKUP(LEFT($N3006,2),LCTT_MAP!$A$7:$C$66,IF($M3006="THU",2,3),FALSE()),IFERROR(VLOOKUP(LEFT($N3006,1),LCTT_MAP!$A$7:$C$66,IF($M3006="THU",2,3),FALSE()),IF($M3006="THU","06","07"))))))) | P3006: =P3005+IF(AND($H3006<>"",OR(LEFT($F3006,LEN(SC_TK))=SC_TK,LEFT($G3006,LEN(SC_TK))=SC_TK)),1,0)

Sheet CDPS
A1: =TT_DN!$C$5 | H1: Mẫu số S06-DN
A2: =TT_DN!$C$7 | H2: (Ban hành kèm theo Thông tư số 99/2025/TT-BTC ngày 27/10/2025 của Bộ Tài chính)
A3: BẢNG CÂN ĐỐI SỐ PHÁT SINH
A4: =CONCATENATE("Kỳ: từ ",TEXT(TU_NGAY,"DD/MM/YYYY")," đến ",TEXT(DEN_NGAY,"DD/MM/YYYY")," — Đơn vị tính: Đồng Việt Nam")
A6: Số hiệu TK | B6: Tên tài khoản | C6: Cấp | D6: Số dư đầu kỳ | F6: Số phát sinh trong kỳ | H6: Số dư cuối kỳ
D7: Nợ | E7: Có | F7: Nợ | G7: Có | H7: Nợ | I7: Có | K7: SDĐK Nợ | L7: SDĐK Có | M7: PSNợ trước kỳ | N7: PSCó trước kỳ | O7: PSNợ kỳ | P7: PSCó kỳ | Q7: Net ĐK | R7: uĐK Nợ | S7: uĐK Có | T7: Net CK | U7: uCK Nợ | V7: uCK Có
A8: 111 | B8: Tiền mặt | C8: 1 | D8: =IF($A8="","",SUMIF($A$8:$A$251,$A8&"*",R$8:R$251)) | E8: =IF($A8="","",SUMIF($A$8:$A$251,$A8&"*",S$8:S$251)) | F8: =IF($A8="","",SUMIF($A$8:$A$251,$A8&"*",O$8:O$251)) | G8: =IF($A8="","",SUMIF($A$8:$A$251,$A8&"*",P$8:P$251)) | H8: =IF($A8="","",SUMIF($A$8:$A$251,$A8&"*",U$8:U$251)) | I8: =IF($A8="","",SUMIF($A$8:$A$251,$A8&"*",V$8:V$251)) | K8: =IF($A8="",0,SUMIFS(SDDK!$C$8:$C$251,SDDK!$A$8:$A$251,$A8)) | L8: =IF($A8="",0,SUMIFS(SDDK!$D$8:$D$251,SDDK!$A$8:$A$251,$A8)) | M8: =IF($A8="",0,SUMIFS(NKC!$H$7:$H$3006,NKC!$F$7:$F$3006,$A8,NKC!$B$7:$B$3006,"<"&TU_NGAY)) | N8: =IF($A8="",0,SUMIFS(NKC!$H$7:$H$3006,NKC!$G$7:$G$3006,$A8,NKC!$B$7:$B$3006,"<"&TU_NGAY)) | O8: =IF($A8="",0,SUMIFS(NKC!$H$7:$H$3006,NKC!$F$7:$F$3006,$A8,NKC!$B$7:$B$3006,">="&TU_NGAY,NKC!$B$7:$B$3006,"<="&DEN_NGAY)) | P8: =IF($A8="",0,SUMIFS(NKC!$H$7:$H$3006,NKC!$G$7:$G$3006,$A8,NKC!$B$7:$B$3006,">="&TU_NGAY,NKC!$B$7:$B$3006,"<="&DEN_NGAY)) | Q8: =K8-L8+M8-N8 | R8: =MAX(Q8,0) | S8: =MAX(-Q8,0) | T8: =Q8+O8-P8 | U8: =MAX(T8,0) | V8: =MAX(-T8,0)
A9: 112 | B9: Tiền gửi không kỳ hạn | C9: 1 | D9: =IF($A9="","",SUMIF($A$8:$A$251,$A9&"*",R$8:R$251)) | E9: =IF($A9="","",SUMIF($A$8:$A$251,$A9&"*",S$8:S$251)) | F9: =IF($A9="","",SUMIF($A$8:$A$251,$A9&"*",O$8:O$251)) | G9: =IF($A9="","",SUMIF($A$8:$A$251,$A9&"*",P$8:P$251)) | H9: =IF($A9="","",SUMIF($A$8:$A$251,$A9&"*",U$8:U$251)) | I9: =IF($A9="","",SUMIF($A$8:$A$251,$A9&"*",V$8:V$251)) | K9: =IF($A9="",0,SUMIFS(SDDK!$C$8:$C$251,SDDK!$A$8:$A$251,$A9)) | L9: =IF($A9="",0,SUMIFS(SDDK!$D$8:$D$251,SDDK!$A$8:$A$251,$A9)) | M9: =IF($A9="",0,SUMIFS(NKC!$H$7:$H$3006,NKC!$F$7:$F$3006,$A9,NKC!$B$7:$B$3006,"<"&TU_NGAY)) | N9: =IF($A9="",0,SUMIFS(NKC!$H$7:$H$3006,NKC!$G$7:$G$3006,$A9,NKC!$B$7:$B$3006,"<"&TU_NGAY)) | O9: =IF($A9="",0,SUMIFS(NKC!$H$7:$H$3006,NKC!$F$7:$F$3006,$A9,NKC!$B$7:$B$3006,">="&TU_NGAY,NKC!$B$7:$B$3006,"<="&DEN_NGAY)) | P9: =IF($A9="",0,SUMIFS(NKC!$H$7:$H$3006,NKC!$G$7:$G$3006,$A9,NKC!$B$7:$B$3006,">="&TU_NGAY,NKC!$B$7:$B$3006,"<="&DEN_NGAY)) | Q9: =K9-L9+M9-N9 | R9: =MAX(Q9,0) | S9: =MAX(-Q9,0) | T9: =Q9+O9-P9 | U9: =MAX(T9,0) | V9: =MAX(-T9,0)
A10: 113 | B10: Tiền đang chuyển | C10: 1 | D10: =IF($A10="","",SUMIF($A$8:$A$251,$A10&"*",R$8:R$251)) | E10: =IF($A10="","",SUMIF($A$8:$A$251,$A10&"*",S$8:S$251)) | F10: =IF($A10="","",SUMIF($A$8:$A$251,$A10&"*",O$8:O$251)) | G10: =IF($A10="","",SUMIF($A$8:$A$251,$A10&"*",P$8:P$251)) | H10: =IF($A10="","",SUMIF($A$8:$A$251,$A10&"*",U$8:U$251)) | I10: =IF($A10="","",SUMIF($A$8:$A$251,$A10&"*",V$8:V$251)) | K10: =IF($A10="",0,SUMIFS(SDDK!$C$8:$C$251,SDDK!$A$8:$A$251,$A10)) | L10: =IF($A10="",0,SUMIFS(SDDK!$D$8:$D$251,SDDK!$A$8:$A$251,$A10)) | M10: =IF($A10="",0,SUMIFS(NKC!$H$7:$H$3006,NKC!$F$7:$F$3006,$A10,NKC!$B$7:$B$3006,"<"&TU_NGAY)) | N10: =IF($A10="",0,SUMIFS(NKC!$H$7:$H$3006,NKC!$G$7:$G$3006,$A10,NKC!$B$7:$B$3006,"<"&TU_NGAY)) | O10: =IF($A10="",0,SUMIFS(NKC!$H$7:$H$3006,NKC!$F$7:$F$3006,$A10,NKC!$B$7:$B$3006,">="&TU_NGAY,NKC!$B$7:$B$3006,"<="&DEN_NGAY)) | P10: =IF($A10="",0,SUMIFS(NKC!$H$7:$H$3006,NKC!$G$7:$G$3006,$A10,NKC!$B$7:$B$3006,">="&TU_NGAY,NKC!$B$7:$B$3006,"<="&DEN_NGAY)) | Q10: =K10-L10+M10-N10 | R10: =MAX(Q10,0) | S10: =MAX(-Q10,0) | T10: =Q10+O10-P10 | U10: =MAX(T10,0) | V10: =MAX(-T10,0)
A11: 121 | B11: Chứng khoán kinh doanh | C11: 1 | D11: =IF($A11="","",SUMIF($A$8:$A$251,$A11&"*",R$8:R$251)) | E11: =IF($A11="","",SUMIF($A$8:$A$251,$A11&"*",S$8:S$251)) | F11: =IF($A11="","",SUMIF($A$8:$A$251,$A11&"*",O$8:O$251)) | G11: =IF($A11="","",SUMIF($A$8:$A$251,$A11&"*",P$8:P$251)) | H11: =IF($A11="","",SUMIF($A$8:$A$251,$A11&"*",U$8:U$251)) | I11: =IF($A11="","",SUMIF($A$8:$A$251,$A11&"*",V$8:V$251)) | K11: =IF($A11="",0,SUMIFS(SDDK!$C$8:$C$251,SDDK!$A$8:$A$251,$A11)) | L11: =IF($A11="",0,SUMIFS(SDDK!$D$8:$D$251,SDDK!$A$8:$A$251,$A11)) | M11: =IF($A11="",0,SUMIFS(NKC!$H$7:$H$3006,NKC!$F$7:$F$3006,$A11,NKC!$B$7:$B$3006,"<"&TU_NGAY)) | N11: =IF($A11="",0,SUMIFS(NKC!$H$7:$H$3006,NKC!$G$7:$G$3006,$A11,NKC!$B$7:$B$3006,"<"&TU_NGAY)) | O11: =IF($A11="",0,SUMIFS(NKC!$H$7:$H$3006,NKC!$F$7:$F$3006,$A11,NKC!$B$7:$B$3006,">="&TU_NGAY,NKC!$B$7:$B$3006,"<="&DEN_NGAY)) | P11: =IF($A11="",0,SUMIFS(NKC!$H$7:$H$3006,NKC!$G$7:$G$3006,$A11,NKC!$B$7:$B$3006,">="&TU_NGAY,NKC!$B$7:$B$3006,"<="&DEN_NGAY)) | Q11: =K11-L11+M11-N11 | R11: =MAX(Q11,0) | S11: =MAX(-Q11,0) | T11: =Q11+O11-P11 | U11: =MAX(T11,0) | V11: =MAX(-T11,0)
A12: 128 | B12: Đầu tư nắm giữ đến ngày đáo hạn | C12: 1 | D12: =IF($A12="","",SUMIF($A$8:$A$251,$A12&"*",R$8:R$251)) | E12: =IF($A12="","",SUMIF($A$8:$A$251,$A12&"*",S$8:S$251)) | F12: =IF($A12="","",SUMIF($A$8:$A$251,$A12&"*",O$8:O$251)) | G12: =IF($A12="","",SUMIF($A$8:$A$251,$A12&"*",P$8:P$251)) | H12: =IF($A12="","",SUMIF($A$8:$A$251,$A12&"*",U$8:U$251)) | I12: =IF($A12="","",SUMIF($A$8:$A$251,$A12&"*",V$8:V$251)) | K12: =IF($A12="",0,SUMIFS(SDDK!$C$8:$C$251,SDDK!$A$8:$A$251,$A12)) | L12: =IF($A12="",0,SUMIFS(SDDK!$D$8:$D$251,SDDK!$A$8:$A$251,$A12)) | M12: =IF($A12="",0,SUMIFS(NKC!$H$7:$H$3006,NKC!$F$7:$F$3006,$A12,NKC!$B$7:$B$3006,"<"&TU_NGAY)) | N12: =IF($A12="",0,SUMIFS(NKC!$H$7:$H$3006,NKC!$G$7:$G$3006,$A12,NKC!$B$7:$B$3006,"<"&TU_NGAY)) | O12: =IF($A12="",0,SUMIFS(NKC!$H$7:$H$3006,NKC!$F$7:$F$3006,$A12,NKC!$B$7:$B$3006,">="&TU_NGAY,NKC!$B$7:$B$3006,"<="&DEN_NGAY)) | P12: =IF($A12="",0,SUMIFS(NKC!$H$7:$H$3006,NKC!$G$7:$G$3006,$A12,NKC!$B$7:$B$3006,">="&TU_NGAY,NKC!$B$7:$B$3006,"<="&DEN_NGAY)) | Q12: =K12-L12+M12-N12 | R12: =MAX(Q12,0) | S12: =MAX(-Q12,0) | T12: =Q12+O12-P12 | U12: =MAX(T12,0) | V12: =MAX(-T12,0)
A13: 1281 | B13: Tiền gửi có kỳ hạn | C13: 2 | D13: =IF($A13="","",SUMIF($A$8:$A$251,$A13&"*",R$8:R$251)) | E13: =IF($A13="","",SUMIF($A$8:$A$251,$A13&"*",S$8:S$251)) | F13: =IF($A13="","",SUMIF($A$8:$A$251,$A13&"*",O$8:O$251)) | G13: =IF($A13="","",SUMIF($A$8:$A$251,$A13&"*",P$8:P$251)) | H13: =IF($A13="","",SUMIF($A$8:$A$251,$A13&"*",U$8:U$251)) | I13: =IF($A13="","",SUMIF($A$8:$A$251,$A13&"*",V$8:V$251)) | K13: =IF($A13="",0,SUMIFS(SDDK!$C$8:$C$251,SDDK!$A$8:$A$251,$A13)) | L13: =IF($A13="",0,SUMIFS(SDDK!$D$8:$D$251,SDDK!$A$8:$A$251,$A13)) | M13: =IF($A13="",0,SUMIFS(NKC!$H$7:$H$3006,NKC!$F$7:$F$3006,$A13,NKC!$B$7:$B$3006,"<"&TU_NGAY)) | N13: =IF($A13="",0,SUMIFS(NKC!$H$7:$H$3006,NKC!$G$7:$G$3006,$A13,NKC!$B$7:$B$3006,"<"&TU_NGAY)) | O13: =IF($A13="",0,SUMIFS(NKC!$H$7:$H$3006,NKC!$F$7:$F$3006,$A13,NKC!$B$7:$B$3006,">="&TU_NGAY,NKC!$B$7:$B$3006,"<="&DEN_NGAY)) | P13: =IF($A13="",0,SUMIFS(NKC!$H$7:$H$3006,NKC!$G$7:$G$3006,$A13,NKC!$B$7:$B$3006,">="&TU_NGAY,NKC!$B$7:$B$3006,"<="&DEN_NGAY)) | Q13: =K13-L13+M13-N13 | R13: =MAX(Q13,0) | S13: =MAX(-Q13,0) | T13: =Q13+O13-P13 | U13: =MAX(T13,0) | V13: =MAX(-T13,0)
A14: 1282 | B14: Trái phiếu | C14: 2 | D14: =IF($A14="","",SUMIF($A$8:$A$251,$A14&"*",R$8:R$251)) | E14: =IF($A14="","",SUMIF($A$8:$A$251,$A14&"*",S$8:S$251)) | F14: =IF($A14="","",SUMIF($A$8:$A$251,$A14&"*",O$8:O$251)) | G14: =IF($A14="","",SUMIF($A$8:$A$251,$A14&"*",P$8:P$251)) | H14: =IF($A14="","",SUMIF($A$8:$A$251,$A14&"*",U$8:U$251)) | I14: =IF($A14="","",SUMIF($A$8:$A$251,$A14&"*",V$8:V$251)) | K14: =IF($A14="",0,SUMIFS(SDDK!$C$8:$C$251,SDDK!$A$8:$A$251,$A14)) | L14: =IF($A14="",0,SUMIFS(SDDK!$D$8:$D$251,SDDK!$A$8:$A$251,$A14)) | M14: =IF($A14="",0,SUMIFS(NKC!$H$7:$H$3006,NKC!$F$7:$F$3006,$A14,NKC!$B$7:$B$3006,"<"&TU_NGAY)) | N14: =IF($A14="",0,SUMIFS(NKC!$H$7:$H$3006,NKC!$G$7:$G$3006,$A14,NKC!$B$7:$B$3006,"<"&TU_NGAY)) | O14: =IF($A14="",0,SUMIFS(NKC!$H$7:$H$3006,NKC!$F$7:$F$3006,$A14,NKC!$B$7:$B$3006,">="&TU_NGAY,NKC!$B$7:$B$3006,"<="&DEN_NGAY)) | P14: =IF($A14="",0,SUMIFS(NKC!$H$7:$H$3006,NKC!$G$7:$G$3006,$A14,NKC!$B$7:$B$3006,">="&TU_NGAY,NKC!$B$7:$B$3006,"<="&DEN_NGAY)) | Q14: =K14-L14+M14-N14 | R14: =MAX(Q14,0) | S14: =MAX(-Q14,0) | T14: =Q14+O14-P14 | U14: =MAX(T14,0) | V14: =MAX(-T14,0)
A15: 1283 | B15: Cho vay | C15: 2 | D15: =IF($A15="","",SUMIF($A$8:$A$251,$A15&"*",R$8:R$251)) | E15: =IF($A15="","",SUMIF($A$8:$A$251,$A15&"*",S$8:S$251)) | F15: =IF($A15="","",SUMIF($A$8:$A$251,$A15&"*",O$8:O$251)) | G15: =IF($A15="","",SUMIF($A$8:$A$251,$A15&"*",P$8:P$251)) | H15: =IF($A15="","",SUMIF($A$8:$A$251,$A15&"*",U$8:U$251)) | I15: =IF($A15="","",SUMIF($A$8:$A$251,$A15&"*",V$8:V$251)) | K15: =IF($A15="",0,SUMIFS(SDDK!$C$8:$C$251,SDDK!$A$8:$A$251,$A15)) | L15: =IF($A15="",0,SUMIFS(SDDK!$D$8:$D$251,SDDK!$A$8:$A$251,$A15)) | M15: =IF($A15="",0,SUMIFS(NKC!$H$7:$H$3006,NKC!$F$7:$F$3006,$A15,NKC!$B$7:$B$3006,"<"&TU_NGAY)) | N15: =IF($A15="",0,SUMIFS(NKC!$H$7:$H$3006,NKC!$G$7:$G$3006,$A15,NKC!$B$7:$B$3006,"<"&TU_NGAY)) | O15: =IF($A15="",0,SUMIFS(NKC!$H$7:$H$3006,NKC!$F$7:$F$3006,$A15,NKC!$B$7:$B$3006,">="&TU_NGAY,NKC!$B$7:$B$3006,"<="&DEN_NGAY)) | P15: =IF($A15="",0,SUMIFS(NKC!$H$7:$H$3006,NKC!$G$7:$G$3006,$A15,NKC!$B$7:$B$3006,">="&TU_NGAY,NKC!$B$7:$B$3006,"<="&DEN_NGAY)) | Q15: =K15-L15+M15-N15 | R15: =MAX(Q15,0) | S15: =MAX(-Q15,0) | T15: =Q15+O15-P15 | U15: =MAX(T15,0) | V15: =MAX(-T15,0)
A16: 1288 | B16: Các khoản đầu tư khác nắm giữ đến ngày đáo hạn | C16: 2 | D16: =IF($A16="","",SUMIF($A$8:$A$251,$A16&"*",R$8:R$251)) | E16: =IF($A16="","",SUMIF($A$8:$A$251,$A16&"*",S$8:S$251)) | F16: =IF($A16="","",SUMIF($A$8:$A$251,$A16&"*",O$8:O$251)) | G16: =IF($A16="","",SUMIF($A$8:$A$251,$A16&"*",P$8:P$251)) | H16: =IF($A16="","",SUMIF($A$8:$A$251,$A16&"*",U$8:U$251)) | I16: =IF($A16="","",SUMIF($A$8:$A$251,$A16&"*",V$8:V$251)) | K16: =IF($A16="",0,SUMIFS(SDDK!$C$8:$C$251,SDDK!$A$8:$A$251,$A16)) | L16: =IF($A16="",0,SUMIFS(SDDK!$D$8:$D$251,SDDK!$A$8:$A$251,$A16)) | M16: =IF($A16="",0,SUMIFS(NKC!$H$7:$H$3006,NKC!$F$7:$F$3006,$A16,NKC!$B$7:$B$3006,"<"&TU_NGAY)) | N16: =IF($A16="",0,SUMIFS(NKC!$H$7:$H$3006,NKC!$G$7:$G$3006,$A16,NKC!$B$7:$B$3006,"<"&TU_NGAY)) | O16: =IF($A16="",0,SUMIFS(NKC!$H$7:$H$3006,NKC!$F$7:$F$3006,$A16,NKC!$B$7:$B$3006,">="&TU_NGAY,NKC!$B$7:$B$3006,"<="&DEN_NGAY)) | P16: =IF($A16="",0,SUMIFS(NKC!$H$7:$H$3006,NKC!$G$7:$G$3006,$A16,NKC!$B$7:$B$3006,">="&TU_NGAY,NKC!$B$7:$B$3006,"<="&DEN_NGAY)) | Q16: =K16-L16+M16-N16 | R16: =MAX(Q16,0) | S16: =MAX(-Q16,0) | T16: =Q16+O16-P16 | U16: =MAX(T16,0) | V16: =MAX(-T16,0)
A17: 131 | B17: Phải thu của khách hàng | C17: 1 | D17: =IF($A17="","",SUMIF($A$8:$A$251,$A17&"*",R$8:R$251)) | E17: =IF($A17="","",SUMIF($A$8:$A$251,$A17&"*",S$8:S$251)) | F17: =IF($A17="","",SUMIF($A$8:$A$251,$A17&"*",O$8:O$251)) | G17: =IF($A17="","",SUMIF($A$8:$A$251,$A17&"*",P$8:P$251)) | H17: =IF($A17="","",SUMIF($A$8:$A$251,$A17&"*",U$8:U$251)) | I17: =IF($A17="","",SUMIF($A$8:$A$251,$A17&"*",V$8:V$251)) | K17: =IF($A17="",0,SUMIFS(SDDK!$C$8:$C$251,SDDK!$A$8:$A$251,$A17)) | L17: =IF($A17="",0,SUMIFS(SDDK!$D$8:$D$251,SDDK!$A$8:$A$251,$A17)) | M17: =IF($A17="",0,SUMIFS(NKC!$H$7:$H$3006,NKC!$F$7:$F$3006,$A17,NKC!$B$7:$B$3006,"<"&TU_NGAY)) | N17: =IF($A17="",0,SUMIFS(NKC!$H$7:$H$3006,NKC!$G$7:$G$3006,$A17,NKC!$B$7:$B$3006,"<"&TU_NGAY)) | O17: =IF($A17="",0,SUMIFS(NKC!$H$7:$H$3006,NKC!$F$7:$F$3006,$A17,NKC!$B$7:$B$3006,">="&TU_NGAY,NKC!$B$7:$B$3006,"<="&DEN_NGAY)) | P17: =IF($A17="",0,SUMIFS(NKC!$H$7:$H$3006,NKC!$G$7:$G$3006,$A17,NKC!$B$7:$B$3006,">="&TU_NGAY,NKC!$B$7:$B$3006,"<="&DEN_NGAY)) | Q17: =K17-L17+M17-N17 | R17: =SUMIFS(SDDK!$D$256:$D$375,SDDK!$A$256:$A$375,$A17) | S17: =SUMIFS(SDDK!$E$256:$E$375,SDDK!$A$256:$A$375,$A17) | T17: =Q17+O17-P17 | U17: =CONGNO!$G$308 | V17: =CONGNO!$H$308
A18: 133 | B18: Thuế GTGT được khấu trừ | C18: 1 | D18: =IF($A18="","",SUMIF($A$8:$A$251,$A18&"*",R$8:R$251)) | E18: =IF($A18="","",SUMIF($A$8:$A$251,$A18&"*",S$8:S$251)) | F18: =IF($A18="","",SUMIF($A$8:$A$251,$A18&"*",O$8:O$251)) | G18: =IF($A18="","",SUMIF($A$8:$A$251,$A18&"*",P$8:P$251)) | H18: =IF($A18="","",SUMIF($A$8:$A$251,$A18&"*",U$8:U$251)) | I18: =IF($A18="","",SUMIF($A$8:$A$251,$A18&"*",V$8:V$251)) | K18: =IF($A18="",0,SUMIFS(SDDK!$C$8:$C$251,SDDK!$A$8:$A$251,$A18)) | L18: =IF($A18="",0,SUMIFS(SDDK!$D$8:$D$251,SDDK!$A$8:$A$251,$A18)) | M18: =IF($A18="",0,SUMIFS(NKC!$H$7:$H$3006,NKC!$F$7:$F$3006,$A18,NKC!$B$7:$B$3006,"<"&TU_NGAY)) | N18: =IF($A18="",0,SUMIFS(NKC!$H$7:$H$3006,NKC!$G$7:$G$3006,$A18,NKC!$B$7:$B$3006,"<"&TU_NGAY)) | O18: =IF($A18="",0,SUMIFS(NKC!$H$7:$H$3006,NKC!$F$7:$F$3006,$A18,NKC!$B$7:$B$3006,">="&TU_NGAY,NKC!$B$7:$B$3006,"<="&DEN_NGAY)) | P18: =IF($A18="",0,SUMIFS(NKC!$H$7:$H$3006,NKC!$G$7:$G$3006,$A18,NKC!$B$7:$B$3006,">="&TU_NGAY,NKC!$B$7:$B$3006,"<="&DEN_NGAY)) | Q18: =K18-L18+M18-N18 | R18: =MAX(Q18,0) | S18: =MAX(-Q18,0) | T18: =Q18+O18-P18 | U18: =MAX(T18,0) | V18: =MAX(-T18,0)
A19: 1331 | B19: Thuế GTGT được khấu trừ của hàng hóa, dịch vụ | C19: 2 | D19: =IF($A19="","",SUMIF($A$8:$A$251,$A19&"*",R$8:R$251)) | E19: =IF($A19="","",SUMIF($A$8:$A$251,$A19&"*",S$8:S$251)) | F19: =IF($A19="","",SUMIF($A$8:$A$251,$A19&"*",O$8:O$251)) | G19: =IF($A19="","",SUMIF($A$8:$A$251,$A19&"*",P$8:P$251)) | H19: =IF($A19="","",SUMIF($A$8:$A$251,$A19&"*",U$8:U$251)) | I19: =IF($A19="","",SUMIF($A$8:$A$251,$A19&"*",V$8:V$251)) | K19: =IF($A19="",0,SUMIFS(SDDK!$C$8:$C$251,SDDK!$A$8:$A$251,$A19)) | L19: =IF($A19="",0,SUMIFS(SDDK!$D$8:$D$251,SDDK!$A$8:$A$251,$A19)) | M19: =IF($A19="",0,SUMIFS(NKC!$H$7:$H$3006,NKC!$F$7:$F$3006,$A19,NKC!$B$7:$B$3006,"<"&TU_NGAY)) | N19: =IF($A19="",0,SUMIFS(NKC!$H$7:$H$3006,NKC!$G$7:$G$3006,$A19,NKC!$B$7:$B$3006,"<"&TU_NGAY)) | O19: =IF($A19="",0,SUMIFS(NKC!$H$7:$H$3006,NKC!$F$7:$F$3006,$A19,NKC!$B$7:$B$3006,">="&TU_NGAY,NKC!$B$7:$B$3006,"<="&DEN_NGAY)) | P19: =IF($A19="",0,SUMIFS(NKC!$H$7:$H$3006,NKC!$G$7:$G$3006,$A19,NKC!$B$7:$B$3006,">="&TU_NGAY,NKC!$B$7:$B$3006,"<="&DEN_NGAY)) | Q19: =K19-L19+M19-N19 | R19: =MAX(Q19,0) | S19: =MAX(-Q19,0) | T19: =Q19+O19-P19 | U19: =MAX(T19,0) | V19: =MAX(-T19,0)
A20: 1332 | B20: Thuế GTGT được khấu trừ của TSCĐ | C20: 2 | D20: =IF($A20="","",SUMIF($A$8:$A$251,$A20&"*",R$8:R$251)) | E20: =IF($A20="","",SUMIF($A$8:$A$251,$A20&"*",S$8:S$251)) | F20: =IF($A20="","",SUMIF($A$8:$A$251,$A20&"*",O$8:O$251)) | G20: =IF($A20="","",SUMIF($A$8:$A$251,$A20&"*",P$8:P$251)) | H20: =IF($A20="","",SUMIF($A$8:$A$251,$A20&"*",U$8:U$251)) | I20: =IF($A20="","",SUMIF($A$8:$A$251,$A20&"*",V$8:V$251)) | K20: =IF($A20="",0,SUMIFS(SDDK!$C$8:$C$251,SDDK!$A$8:$A$251,$A20)) | L20: =IF($A20="",0,SUMIFS(SDDK!$D$8:$D$251,SDDK!$A$8:$A$251,$A20)) | M20: =IF($A20="",0,SUMIFS(NKC!$H$7:$H$3006,NKC!$F$7:$F$3006,$A20,NKC!$B$7:$B$3006,"<"&TU_NGAY)) | N20: =IF($A20="",0,SUMIFS(NKC!$H$7:$H$3006,NKC!$G$7:$G$3006,$A20,NKC!$B$7:$B$3006,"<"&TU_NGAY)) | O20: =IF($A20="",0,SUMIFS(NKC!$H$7:$H$3006,NKC!$F$7:$F$3006,$A20,NKC!$B$7:$B$3006,">="&TU_NGAY,NKC!$B$7:$B$3006,"<="&DEN_NGAY)) | P20: =IF($A20="",0,SUMIFS(NKC!$H$7:$H$3006,NKC!$G$7:$G$3006,$A20,NKC!$B$7:$B$3006,">="&TU_NGAY,NKC!$B$7:$B$3006,"<="&DEN_NGAY)) | Q20: =K20-L20+M20-N20 | R20: =MAX(Q20,0) | S20: =MAX(-Q20,0) | T20: =Q20+O20-P20 | U20: =MAX(T20,0) | V20: =MAX(-T20,0)
A21: 136 | B21: Phải thu nội bộ | C21: 1 | D21: =IF($A21="","",SUMIF($A$8:$A$251,$A21&"*",R$8:R$251)) | E21: =IF($A21="","",SUMIF($A$8:$A$251,$A21&"*",S$8:S$251)) | F21: =IF($A21="","",SUMIF($A$8:$A$251,$A21&"*",O$8:O$251)) | G21: =IF($A21="","",SUMIF($A$8:$A$251,$A21&"*",P$8:P$251)) | H21: =IF($A21="","",SUMIF($A$8:$A$251,$A21&"*",U$8:U$251)) | I21: =IF($A21="","",SUMIF($A$8:$A$251,$A21&"*",V$8:V$251)) | K21: =IF($A21="",0,SUMIFS(SDDK!$C$8:$C$251,SDDK!$A$8:$A$251,$A21)) | L21: =IF($A21="",0,SUMIFS(SDDK!$D$8:$D$251,SDDK!$A$8:$A$251,$A21)) | M21: =IF($A21="",0,SUMIFS(NKC!$H$7:$H$3006,NKC!$F$7:$F$3006,$A21,NKC!$B$7:$B$3006,"<"&TU_NGAY)) | N21: =IF($A21="",0,SUMIFS(NKC!$H$7:$H$3006,NKC!$G$7:$G$3006,$A21,NKC!$B$7:$B$3006,"<"&TU_NGAY)) | O21: =IF($A21="",0,SUMIFS(NKC!$H$7:$H$3006,NKC!$F$7:$F$3006,$A21,NKC!$B$7:$B$3006,">="&TU_NGAY,NKC!$B$7:$B$3006,"<="&DEN_NGAY)) | P21: =IF($A21="",0,SUMIFS(NKC!$H$7:$H$3006,NKC!$G$7:$G$3006,$A21,NKC!$B$7:$B$3006,">="&TU_NGAY,NKC!$B$7:$B$3006,"<="&DEN_NGAY)) | Q21: =K21-L21+M21-N21 | R21: =MAX(Q21,0) | S21: =MAX(-Q21,0) | T21: =Q21+O21-P21 | U21: =MAX(T21,0) | V21: =MAX(-T21,0)
A22: 1361 | B22: Vốn kinh doanh ở đơn vị trực thuộc | C22: 2 | D22: =IF($A22="","",SUMIF($A$8:$A$251,$A22&"*",R$8:R$251)) | E22: =IF($A22="","",SUMIF($A$8:$A$251,$A22&"*",S$8:S$251)) | F22: =IF($A22="","",SUMIF($A$8:$A$251,$A22&"*",O$8:O$251)) | G22: =IF($A22="","",SUMIF($A$8:$A$251,$A22&"*",P$8:P$251)) | H22: =IF($A22="","",SUMIF($A$8:$A$251,$A22&"*",U$8:U$251)) | I22: =IF($A22="","",SUMIF($A$8:$A$251,$A22&"*",V$8:V$251)) | K22: =IF($A22="",0,SUMIFS(SDDK!$C$8:$C$251,SDDK!$A$8:$A$251,$A22)) | L22: =IF($A22="",0,SUMIFS(SDDK!$D$8:$D$251,SDDK!$A$8:$A$251,$A22)) | M22: =IF($A22="",0,SUMIFS(NKC!$H$7:$H$3006,NKC!$F$7:$F$3006,$A22,NKC!$B$7:$B$3006,"<"&TU_NGAY)) | N22: =IF($A22="",0,SUMIFS(NKC!$H$7:$H$3006,NKC!$G$7:$G$3006,$A22,NKC!$B$7:$B$3006,"<"&TU_NGAY)) | O22: =IF($A22="",0,SUMIFS(NKC!$H$7:$H$3006,NKC!$F$7:$F$3006,$A22,NKC!$B$7:$B$3006,">="&TU_NGAY,NKC!$B$7:$B$3006,"<="&DEN_NGAY)) | P22: =IF($A22="",0,SUMIFS(NKC!$H$7:$H$3006,NKC!$G$7:$G$3006,$A22,NKC!$B$7:$B$3006,">="&TU_NGAY,NKC!$B$7:$B$3006,"<="&DEN_NGAY)) | Q22: =K22-L22+M22-N22 | R22: =MAX(Q22,0) | S22: =MAX(-Q22,0) | T22: =Q22+O22-P22 | U22: =MAX(T22,0) | V22: =MAX(-T22,0)
A23: 1362 | B23: Phải thu nội bộ về chênh lệch tỷ giá | C23: 2 | D23: =IF($A23="","",SUMIF($A$8:$A$251,$A23&"*",R$8:R$251)) | E23: =IF($A23="","",SUMIF($A$8:$A$251,$A23&"*",S$8:S$251)) | F23: =IF($A23="","",SUMIF($A$8:$A$251,$A23&"*",O$8:O$251)) | G23: =IF($A23="","",SUMIF($A$8:$A$251,$A23&"*",P$8:P$251)) | H23: =IF($A23="","",SUMIF($A$8:$A$251,$A23&"*",U$8:U$251)) | I23: =IF($A23="","",SUMIF($A$8:$A$251,$A23&"*",V$8:V$251)) | K23: =IF($A23="",0,SUMIFS(SDDK!$C$8:$C$251,SDDK!$A$8:$A$251,$A23)) | L23: =IF($A23="",0,SUMIFS(SDDK!$D$8:$D$251,SDDK!$A$8:$A$251,$A23)) | M23: =IF($A23="",0,SUMIFS(NKC!$H$7:$H$3006,NKC!$F$7:$F$3006,$A23,NKC!$B$7:$B$3006,"<"&TU_NGAY)) | N23: =IF($A23="",0,SUMIFS(NKC!$H$7:$H$3006,NKC!$G$7:$G$3006,$A23,NKC!$B$7:$B$3006,"<"&TU_NGAY)) | O23: =IF($A23="",0,SUMIFS(NKC!$H$7:$H$3006,NKC!$F$7:$F$3006,$A23,NKC!$B$7:$B$3006,">="&TU_NGAY,NKC!$B$7:$B$3006,"<="&DEN_NGAY)) | P23: =IF($A23="",0,SUMIFS(NKC!$H$7:$H$3006,NKC!$G$7:$G$3006,$A23,NKC!$B$7:$B$3006,">="&TU_NGAY,NKC!$B$7:$B$3006,"<="&DEN_NGAY)) | Q23: =K23-L23+M23-N23 | R23: =MAX(Q23,0) | S23: =MAX(-Q23,0) | T23: =Q23+O23-P23 | U23: =MAX(T23,0) | V23: =MAX(-T23,0)
A24: 1363 | B24: Phải thu nội bộ về chi phí đi vay đủ điều kiện được vốn hoá | C24: 2 | D24: =IF($A24="","",SUMIF($A$8:$A$251,$A24&"*",R$8:R$251)) | E24: =IF($A24="","",SUMIF($A$8:$A$251,$A24&"*",S$8:S$251)) | F24: =IF($A24="","",SUMIF($A$8:$A$251,$A24&"*",O$8:O$251)) | G24: =IF($A24="","",SUMIF($A$8:$A$251,$A24&"*",P$8:P$251)) | H24: =IF($A24="","",SUMIF($A$8:$A$251,$A24&"*",U$8:U$251)) | I24: =IF($A24="","",SUMIF($A$8:$A$251,$A24&"*",V$8:V$251)) | K24: =IF($A24="",0,SUMIFS(SDDK!$C$8:$C$251,SDDK!$A$8:$A$251,$A24)) | L24: =IF($A24="",0,SUMIFS(SDDK!$D$8:$D$251,SDDK!$A$8:$A$251,$A24)) | M24: =IF($A24="",0,SUMIFS(NKC!$H$7:$H$3006,NKC!$F$7:$F$3006,$A24,NKC!$B$7:$B$3006,"<"&TU_NGAY)) | N24: =IF($A24="",0,SUMIFS(NKC!$H$7:$H$3006,NKC!$G$7:$G$3006,$A24,NKC!$B$7:$B$3006,"<"&TU_NGAY)) | O24: =IF($A24="",0,SUMIFS(NKC!$H$7:$H$3006,NKC!$F$7:$F$3006,$A24,NKC!$B$7:$B$3006,">="&TU_NGAY,NKC!$B$7:$B$3006,"<="&DEN_NGAY)) | P24: =IF($A24="",0,SUMIFS(NKC!$H$7:$H$3006,NKC!$G$7:$G$3006,$A24,NKC!$B$7:$B$3006,">="&TU_NGAY,NKC!$B$7:$B$3006,"<="&DEN_NGAY)) | Q24: =K24-L24+M24-N24 | R24: =MAX(Q24,0) | S24: =MAX(-Q24,0) | T24: =Q24+O24-P24 | U24: =MAX(T24,0) | V24: =MAX(-T24,0)
A25: 1368 | B25: Phải thu nội bộ khác | C25: 2 | D25: =IF($A25="","",SUMIF($A$8:$A$251,$A25&"*",R$8:R$251)) | E25: =IF($A25="","",SUMIF($A$8:$A$251,$A25&"*",S$8:S$251)) | F25: =IF($A25="","",SUMIF($A$8:$A$251,$A25&"*",O$8:O$251)) | G25: =IF($A25="","",SUMIF($A$8:$A$251,$A25&"*",P$8:P$251)) | H25: =IF($A25="","",SUMIF($A$8:$A$251,$A25&"*",U$8:U$251)) | I25: =IF($A25="","",SUMIF($A$8:$A$251,$A25&"*",V$8:V$251)) | K25: =IF($A25="",0,SUMIFS(SDDK!$C$8:$C$251,SDDK!$A$8:$A$251,$A25)) | L25: =IF($A25="",0,SUMIFS(SDDK!$D$8:$D$251,SDDK!$A$8:$A$251,$A25)) | M25: =IF($A25="",0,SUMIFS(NKC!$H$7:$H$3006,NKC!$F$7:$F$3006,$A25,NKC!$B$7:$B$3006,"<"&TU_NGAY)) | N25: =IF($A25="",0,SUMIFS(NKC!$H$7:$H$3006,NKC!$G$7:$G$3006,$A25,NKC!$B$7:$B$3006,"<"&TU_NGAY)) | O25: =IF($A25="",0,SUMIFS(NKC!$H$7:$H$3006,NKC!$F$7:$F$3006,$A25,NKC!$B$7:$B$3006,">="&TU_NGAY,NKC!$B$7:$B$3006,"<="&DEN_NGAY)) | P25: =IF($A25="",0,SUMIFS(NKC!$H$7:$H$3006,NKC!$G$7:$G$3006,$A25,NKC!$B$7:$B$3006,">="&TU_NGAY,NKC!$B$7:$B$3006,"<="&DEN_NGAY)) | Q25: =K25-L25+M25-N25 | R25: =MAX(Q25,0) | S25: =MAX(-Q25,0) | T25: =Q25+O25-P25 | U25: =MAX(T25,0) | V25: =MAX(-T25,0)
A26: 138 | B26: Phải thu khác | C26: 1 | D26: =IF($A26="","",SUMIF($A$8:$A$251,$A26&"*",R$8:R$251)) | E26: =IF($A26="","",SUMIF($A$8:$A$251,$A26&"*",S$8:S$251)) | F26: =IF($A26="","",SUMIF($A$8:$A$251,$A26&"*",O$8:O$251)) | G26: =IF($A26="","",SUMIF($A$8:$A$251,$A26&"*",P$8:P$251)) | H26: =IF($A26="","",SUMIF($A$8:$A$251,$A26&"*",U$8:U$251)) | I26: =IF($A26="","",SUMIF($A$8:$A$251,$A26&"*",V$8:V$251)) | K26: =IF($A26="",0,SUMIFS(SDDK!$C$8:$C$251,SDDK!$A$8:$A$251,$A26)) | L26: =IF($A26="",0,SUMIFS(SDDK!$D$8:$D$251,SDDK!$A$8:$A$251,$A26)) | M26: =IF($A26="",0,SUMIFS(NKC!$H$7:$H$3006,NKC!$F$7:$F$3006,$A26,NKC!$B$7:$B$3006,"<"&TU_NGAY)) | N26: =IF($A26="",0,SUMIFS(NKC!$H$7:$H$3006,NKC!$G$7:$G$3006,$A26,NKC!$B$7:$B$3006,"<"&TU_NGAY)) | O26: =IF($A26="",0,SUMIFS(NKC!$H$7:$H$3006,NKC!$F$7:$F$3006,$A26,NKC!$B$7:$B$3006,">="&TU_NGAY,NKC!$B$7:$B$3006,"<="&DEN_NGAY)) | P26: =IF($A26="",0,SUMIFS(NKC!$H$7:$H$3006,NKC!$G$7:$G$3006,$A26,NKC!$B$7:$B$3006,">="&TU_NGAY,NKC!$B$7:$B$3006,"<="&DEN_NGAY)) | Q26: =K26-L26+M26-N26 | R26: =MAX(Q26,0) | S26: =MAX(-Q26,0) | T26: =Q26+O26-P26 | U26: =MAX(T26,0) | V26: =MAX(-T26,0)
A27: 1381 | B27: Tài sản thiếu chờ xử lý | C27: 2 | D27: =IF($A27="","",SUMIF($A$8:$A$251,$A27&"*",R$8:R$251)) | E27: =IF($A27="","",SUMIF($A$8:$A$251,$A27&"*",S$8:S$251)) | F27: =IF($A27="","",SUMIF($A$8:$A$251,$A27&"*",O$8:O$251)) | G27: =IF($A27="","",SUMIF($A$8:$A$251,$A27&"*",P$8:P$251)) | H27: =IF($A27="","",SUMIF($A$8:$A$251,$A27&"*",U$8:U$251)) | I27: =IF($A27="","",SUMIF($A$8:$A$251,$A27&"*",V$8:V$251)) | K27: =IF($A27="",0,SUMIFS(SDDK!$C$8:$C$251,SDDK!$A$8:$A$251,$A27)) | L27: =IF($A27="",0,SUMIFS(SDDK!$D$8:$D$251,SDDK!$A$8:$A$251,$A27)) | M27: =IF($A27="",0,SUMIFS(NKC!$H$7:$H$3006,NKC!$F$7:$F$3006,$A27,NKC!$B$7:$B$3006,"<"&TU_NGAY)) | N27: =IF($A27="",0,SUMIFS(NKC!$H$7:$H$3006,NKC!$G$7:$G$3006,$A27,NKC!$B$7:$B$3006,"<"&TU_NGAY)) | O27: =IF($A27="",0,SUMIFS(NKC!$H$7:$H$3006,NKC!$F$7:$F$3006,$A27,NKC!$B$7:$B$3006,">="&TU_NGAY,NKC!$B$7:$B$3006,"<="&DEN_NGAY)) | P27: =IF($A27="",0,SUMIFS(NKC!$H$7:$H$3006,NKC!$G$7:$G$3006,$A27,NKC!$B$7:$B$3006,">="&TU_NGAY,NKC!$B$7:$B$3006,"<="&DEN_NGAY)) | Q27: =K27-L27+M27-N27 | R27: =MAX(Q27,0) | S27: =MAX(-Q27,0) | T27: =Q27+O27-P27 | U27: =MAX(T27,0) | V27: =MAX(-T27,0)
A28: 1383 | B28: Thuế TTĐB của hàng nhập khẩu | C28: 2 | D28: =IF($A28="","",SUMIF($A$8:$A$251,$A28&"*",R$8:R$251)) | E28: =IF($A28="","",SUMIF($A$8:$A$251,$A28&"*",S$8:S$251)) | F28: =IF($A28="","",SUMIF($A$8:$A$251,$A28&"*",O$8:O$251)) | G28: =IF($A28="","",SUMIF($A$8:$A$251,$A28&"*",P$8:P$251)) | H28: =IF($A28="","",SUMIF($A$8:$A$251,$A28&"*",U$8:U$251)) | I28: =IF($A28="","",SUMIF($A$8:$A$251,$A28&"*",V$8:V$251)) | K28: =IF($A28="",0,SUMIFS(SDDK!$C$8:$C$251,SDDK!$A$8:$A$251,$A28)) | L28: =IF($A28="",0,SUMIFS(SDDK!$D$8:$D$251,SDDK!$A$8:$A$251,$A28)) | M28: =IF($A28="",0,SUMIFS(NKC!$H$7:$H$3006,NKC!$F$7:$F$3006,$A28,NKC!$B$7:$B$3006,"<"&TU_NGAY)) | N28: =IF($A28="",0,SUMIFS(NKC!$H$7:$H$3006,NKC!$G$7:$G$3006,$A28,NKC!$B$7:$B$3006,"<"&TU_NGAY)) | O28: =IF($A28="",0,SUMIFS(NKC!$H$7:$H$3006,NKC!$F$7:$F$3006,$A28,NKC!$B$7:$B$3006,">="&TU_NGAY,NKC!$B$7:$B$3006,"<="&DEN_NGAY)) | P28: =IF($A28="",0,SUMIFS(NKC!$H$7:$H$3006,NKC!$G$7:$G$3006,$A28,NKC!$B$7:$B$3006,">="&TU_NGAY,NKC!$B$7:$B$3006,"<="&DEN_NGAY)) | Q28: =K28-L28+M28-N28 | R28: =MAX(Q28,0) | S28: =MAX(-Q28,0) | T28: =Q28+O28-P28 | U28: =MAX(T28,0) | V28: =MAX(-T28,0)
A29: 1388 | B29: Phải thu khác | C29: 2 | D29: =IF($A29="","",SUMIF($A$8:$A$251,$A29&"*",R$8:R$251)) | E29: =IF($A29="","",SUMIF($A$8:$A$251,$A29&"*",S$8:S$251)) | F29: =IF($A29="","",SUMIF($A$8:$A$251,$A29&"*",O$8:O$251)) | G29: =IF($A29="","",SUMIF($A$8:$A$251,$A29&"*",P$8:P$251)) | H29: =IF($A29="","",SUMIF($A$8:$A$251,$A29&"*",U$8:U$251)) | I29: =IF($A29="","",SUMIF($A$8:$A$251,$A29&"*",V$8:V$251)) | K29: =IF($A29="",0,SUMIFS(SDDK!$C$8:$C$251,SDDK!$A$8:$A$251,$A29)) | L29: =IF($A29="",0,SUMIFS(SDDK!$D$8:$D$251,SDDK!$A$8:$A$251,$A29)) | M29: =IF($A29="",0,SUMIFS(NKC!$H$7:$H$3006,NKC!$F$7:$F$3006,$A29,NKC!$B$7:$B$3006,"<"&TU_NGAY)) | N29: =IF($A29="",0,SUMIFS(NKC!$H$7:$H$3006,NKC!$G$7:$G$3006,$A29,NKC!$B$7:$B$3006,"<"&TU_NGAY)) | O29: =IF($A29="",0,SUMIFS(NKC!$H$7:$H$3006,NKC!$F$7:$F$3006,$A29,NKC!$B$7:$B$3006,">="&TU_NGAY,NKC!$B$7:$B$3006,"<="&DEN_NGAY)) | P29: =IF($A29="",0,SUMIFS(NKC!$H$7:$H$3006,NKC!$G$7:$G$3006,$A29,NKC!$B$7:$B$3006,">="&TU_NGAY,NKC!$B$7:$B$3006,"<="&DEN_NGAY)) | Q29: =K29-L29+M29-N29 | R29: =MAX(Q29,0) | S29: =MAX(-Q29,0) | T29: =Q29+O29-P29 | U29: =MAX(T29,0) | V29: =MAX(-T29,0)
... A75: 244 | B75: Ký quỹ, ký cược | C75: 1 | D75: =IF($A75="","",SUMIF($A$8:$A$251,$A75&"*",R$8:R$251)) | E75: =IF($A75="","",SUMIF($A$8:$A$251,$A75&"*",S$8:S$251)) | F75: =IF($A75="","",SUMIF($A$8:$A$251,$A75&"*",O$8:O$251)) | G75: =IF($A75="","",SUMIF($A$8:$A$251,$A75&"*",P$8:P$251)) | H75: =IF($A75="","",SUMIF($A$8:$A$251,$A75&"*",U$8:U$251)) | I75: =IF($A75="","",SUMIF($A$8:$A$251,$A75&"*",V$8:V$251)) | K75: =IF($A75="",0,SUMIFS(SDDK!$C$8:$C$251,SDDK!$A$8:$A$251,$A75)) | L75: =IF($A75="",0,SUMIFS(SDDK!$D$8:$D$251,SDDK!$A$8:$A$251,$A75)) | M75: =IF($A75="",0,SUMIFS(NKC!$H$7:$H$3006,NKC!$F$7:$F$3006,$A75,NKC!$B$7:$B$3006,"<"&TU_NGAY)) | N75: =IF($A75="",0,SUMIFS(NKC!$H$7:$H$3006,NKC!$G$7:$G$3006,$A75,NKC!$B$7:$B$3006,"<"&TU_NGAY)) | O75: =IF($A75="",0,SUMIFS(NKC!$H$7:$H$3006,NKC!$F$7:$F$3006,$A75,NKC!$B$7:$B$3006,">="&TU_NGAY,NKC!$B$7:$B$3006,"<="&DEN_NGAY)) | P75: =IF($A75="",0,SUMIFS(NKC!$H$7:$H$3006,NKC!$G$7:$G$3006,$A75,NKC!$B$7:$B$3006,">="&TU_NGAY,NKC!$B$7:$B$3006,"<="&DEN_NGAY)) | Q75: =K75-L75+M75-N75 | R75: =MAX(Q75,0) | S75: =MAX(-Q75,0) | T75: =Q75+O75-P75 | U75: =MAX(T75,0) | V75: =MAX(-T75,0)
A76: 331 | B76: Phải trả cho người bán | C76: 1 | D76: =IF($A76="","",SUMIF($A$8:$A$251,$A76&"*",R$8:R$251)) | E76: =IF($A76="","",SUMIF($A$8:$A$251,$A76&"*",S$8:S$251)) | F76: =IF($A76="","",SUMIF($A$8:$A$251,$A76&"*",O$8:O$251)) | G76: =IF($A76="","",SUMIF($A$8:$A$251,$A76&"*",P$8:P$251)) | H76: =IF($A76="","",SUMIF($A$8:$A$251,$A76&"*",U$8:U$251)) | I76: =IF($A76="","",SUMIF($A$8:$A$251,$A76&"*",V$8:V$251)) | K76: =IF($A76="",0,SUMIFS(SDDK!$C$8:$C$251,SDDK!$A$8:$A$251,$A76)) | L76: =IF($A76="",0,SUMIFS(SDDK!$D$8:$D$251,SDDK!$A$8:$A$251,$A76)) | M76: =IF($A76="",0,SUMIFS(NKC!$H$7:$H$3006,NKC!$F$7:$F$3006,$A76,NKC!$B$7:$B$3006,"<"&TU_NGAY)) | N76: =IF($A76="",0,SUMIFS(NKC!$H$7:$H$3006,NKC!$G$7:$G$3006,$A76,NKC!$B$7:$B$3006,"<"&TU_NGAY)) | O76: =IF($A76="",0,SUMIFS(NKC!$H$7:$H$3006,NKC!$F$7:$F$3006,$A76,NKC!$B$7:$B$3006,">="&TU_NGAY,NKC!$B$7:$B$3006,"<="&DEN_NGAY)) | P76: =IF($A76="",0,SUMIFS(NKC!$H$7:$H$3006,NKC!$G$7:$G$3006,$A76,NKC!$B$7:$B$3006,">="&TU_NGAY,NKC!$B$7:$B$3006,"<="&DEN_NGAY)) | Q76: =K76-L76+M76-N76 | R76: =SUMIFS(SDDK!$D$256:$D$375,SDDK!$A$256:$A$375,$A76) | S76: =SUMIFS(SDDK!$E$256:$E$375,SDDK!$A$256:$A$375,$A76) | T76: =Q76+O76-P76 | U76: =CONGNO!$G$613 | V76: =CONGNO!$H$613
A77: 332 | B77: Phải trả cổ tức, lợi nhuận | C77: 1 | D77: =IF($A77="","",SUMIF($A$8:$A$251,$A77&"*",R$8:R$251)) | E77: =IF($A77="","",SUMIF($A$8:$A$251,$A77&"*",S$8:S$251)) | F77: =IF($A77="","",SUMIF($A$8:$A$251,$A77&"*",O$8:O$251)) | G77: =IF($A77="","",SUMIF($A$8:$A$251,$A77&"*",P$8:P$251)) | H77: =IF($A77="","",SUMIF($A$8:$A$251,$A77&"*",U$8:U$251)) | I77: =IF($A77="","",SUMIF($A$8:$A$251,$A77&"*",V$8:V$251)) | K77: =IF($A77="",0,SUMIFS(SDDK!$C$8:$C$251,SDDK!$A$8:$A$251,$A77)) | L77: =IF($A77="",0,SUMIFS(SDDK!$D$8:$D$251,SDDK!$A$8:$A$251,$A77)) | M77: =IF($A77="",0,SUMIFS(NKC!$H$7:$H$3006,NKC!$F$7:$F$3006,$A77,NKC!$B$7:$B$3006,"<"&TU_NGAY)) | N77: =IF($A77="",0,SUMIFS(NKC!$H$7:$H$3006,NKC!$G$7:$G$3006,$A77,NKC!$B$7:$B$3006,"<"&TU_NGAY)) | O77: =IF($A77="",0,SUMIFS(NKC!$H$7:$H$3006,NKC!$F$7:$F$3006,$A77,NKC!$B$7:$B$3006,">="&TU_NGAY,NKC!$B$7:$B$3006,"<="&DEN_NGAY)) | P77: =IF($A77="",0,SUMIFS(NKC!$H$7:$H$3006,NKC!$G$7:$G$3006,$A77,NKC!$B$7:$B$3006,">="&TU_NGAY,NKC!$B$7:$B$3006,"<="&DEN_NGAY)) | Q77: =K77-L77+M77-N77 | R77: =MAX(Q77,0) | S77: =MAX(-Q77,0) | T77: =Q77+O77-P77 | U77: =MAX(T77,0) | V77: =MAX(-T77,0)
A78: 333 | B78: Thuế và các khoản phải nộp Nhà nước | C78: 1 | D78: =IF($A78="","",SUMIF($A$8:$A$251,$A78&"*",R$8:R$251)) | E78: =IF($A78="","",SUMIF($A$8:$A$251,$A78&"*",S$8:S$251)) | F78: =IF($A78="","",SUMIF($A$8:$A$251,$A78&"*",O$8:O$251)) | G78: =IF($A78="","",SUMIF($A$8:$A$251,$A78&"*",P$8:P$251)) | H78: =IF($A78="","",SUMIF($A$8:$A$251,$A78&"*",U$8:U$251)) | I78: =IF($A78="","",SUMIF($A$8:$A$251,$A78&"*",V$8:V$251)) | K78: =IF($A78="",0,SUMIFS(SDDK!$C$8:$C$251,SDDK!$A$8:$A$251,$A78)) | L78: =IF($A78="",0,SUMIFS(SDDK!$D$8:$D$251,SDDK!$A$8:$A$251,$A78)) | M78: =IF($A78="",0,SUMIFS(NKC!$H$7:$H$3006,NKC!$F$7:$F$3006,$A78,NKC!$B$7:$B$3006,"<"&TU_NGAY)) | N78: =IF($A78="",0,SUMIFS(NKC!$H$7:$H$3006,NKC!$G$7:$G$3006,$A78,NKC!$B$7:$B$3006,"<"&TU_NGAY)) | O78: =IF($A78="",0,SUMIFS(NKC!$H$7:$H$3006,NKC!$F$7:$F$3006,$A78,NKC!$B$7:$B$3006,">="&TU_NGAY,NKC!$B$7:$B$3006,"<="&DEN_NGAY)) | P78: =IF($A78="",0,SUMIFS(NKC!$H$7:$H$3006,NKC!$G$7:$G$3006,$A78,NKC!$B$7:$B$3006,">="&TU_NGAY,NKC!$B$7:$B$3006,"<="&DEN_NGAY)) | Q78: =K78-L78+M78-N78 | R78: =MAX(Q78,0) | S78: =MAX(-Q78,0) | T78: =Q78+O78-P78 | U78: =MAX(T78,0) | V78: =MAX(-T78,0)
A79: 3331 | B79: Thuế giá trị gia tăng phải nộp | C79: 2 | D79: =IF($A79="","",SUMIF($A$8:$A$251,$A79&"*",R$8:R$251)) | E79: =IF($A79="","",SUMIF($A$8:$A$251,$A79&"*",S$8:S$251)) | F79: =IF($A79="","",SUMIF($A$8:$A$251,$A79&"*",O$8:O$251)) | G79: =IF($A79="","",SUMIF($A$8:$A$251,$A79&"*",P$8:P$251)) | H79: =IF($A79="","",SUMIF($A$8:$A$251,$A79&"*",U$8:U$251)) | I79: =IF($A79="","",SUMIF($A$8:$A$251,$A79&"*",V$8:V$251)) | K79: =IF($A79="",0,SUMIFS(SDDK!$C$8:$C$251,SDDK!$A$8:$A$251,$A79)) | L79: =IF($A79="",0,SUMIFS(SDDK!$D$8:$D$251,SDDK!$A$8:$A$251,$A79)) | M79: =IF($A79="",0,SUMIFS(NKC!$H$7:$H$3006,NKC!$F$7:$F$3006,$A79,NKC!$B$7:$B$3006,"<"&TU_NGAY)) | N79: =IF($A79="",0,SUMIFS(NKC!$H$7:$H$3006,NKC!$G$7:$G$3006,$A79,NKC!$B$7:$B$3006,"<"&TU_NGAY)) | O79: =IF($A79="",0,SUMIFS(NKC!$H$7:$H$3006,NKC!$F$7:$F$3006,$A79,NKC!$B$7:$B$3006,">="&TU_NGAY,NKC!$B$7:$B$3006,"<="&DEN_NGAY)) | P79: =IF($A79="",0,SUMIFS(NKC!$H$7:$H$3006,NKC!$G$7:$G$3006,$A79,NKC!$B$7:$B$3006,">="&TU_NGAY,NKC!$B$7:$B$3006,"<="&DEN_NGAY)) | Q79: =K79-L79+M79-N79 | R79: =MAX(Q79,0) | S79: =MAX(-Q79,0) | T79: =Q79+O79-P79 | U79: =MAX(T79,0) | V79: =MAX(-T79,0)
A80: 33311 | B80: Thuế GTGT đầu ra | C80: 3 | D80: =IF($A80="","",SUMIF($A$8:$A$251,$A80&"*",R$8:R$251)) | E80: =IF($A80="","",SUMIF($A$8:$A$251,$A80&"*",S$8:S$251)) | F80: =IF($A80="","",SUMIF($A$8:$A$251,$A80&"*",O$8:O$251)) | G80: =IF($A80="","",SUMIF($A$8:$A$251,$A80&"*",P$8:P$251)) | H80: =IF($A80="","",SUMIF($A$8:$A$251,$A80&"*",U$8:U$251)) | I80: =IF($A80="","",SUMIF($A$8:$A$251,$A80&"*",V$8:V$251)) | K80: =IF($A80="",0,SUMIFS(SDDK!$C$8:$C$251,SDDK!$A$8:$A$251,$A80)) | L80: =IF($A80="",0,SUMIFS(SDDK!$D$8:$D$251,SDDK!$A$8:$A$251,$A80)) | M80: =IF($A80="",0,SUMIFS(NKC!$H$7:$H$3006,NKC!$F$7:$F$3006,$A80,NKC!$B$7:$B$3006,"<"&TU_NGAY)) | N80: =IF($A80="",0,SUMIFS(NKC!$H$7:$H$3006,NKC!$G$7:$G$3006,$A80,NKC!$B$7:$B$3006,"<"&TU_NGAY)) | O80: =IF($A80="",0,SUMIFS(NKC!$H$7:$H$3006,NKC!$F$7:$F$3006,$A80,NKC!$B$7:$B$3006,">="&TU_NGAY,NKC!$B$7:$B$3006,"<="&DEN_NGAY)) | P80: =IF($A80="",0,SUMIFS(NKC!$H$7:$H$3006,NKC!$G$7:$G$3006,$A80,NKC!$B$7:$B$3006,">="&TU_NGAY,NKC!$B$7:$B$3006,"<="&DEN_NGAY)) | Q80: =K80-L80+M80-N80 | R80: =MAX(Q80,0) | S80: =MAX(-Q80,0) | T80: =Q80+O80-P80 | U80: =MAX(T80,0) | V80: =MAX(-T80,0)
A81: 33312 | B81: Thuế GTGT hàng nhập khẩu | C81: 3 | D81: =IF($A81="","",SUMIF($A$8:$A$251,$A81&"*",R$8:R$251)) | E81: =IF($A81="","",SUMIF($A$8:$A$251,$A81&"*",S$8:S$251)) | F81: =IF($A81="","",SUMIF($A$8:$A$251,$A81&"*",O$8:O$251)) | G81: =IF($A81="","",SUMIF($A$8:$A$251,$A81&"*",P$8:P$251)) | H81: =IF($A81="","",SUMIF($A$8:$A$251,$A81&"*",U$8:U$251)) | I81: =IF($A81="","",SUMIF($A$8:$A$251,$A81&"*",V$8:V$251)) | K81: =IF($A81="",0,SUMIFS(SDDK!$C$8:$C$251,SDDK!$A$8:$A$251,$A81)) | L81: =IF($A81="",0,SUMIFS(SDDK!$D$8:$D$251,SDDK!$A$8:$A$251,$A81)) | M81: =IF($A81="",0,SUMIFS(NKC!$H$7:$H$3006,NKC!$F$7:$F$3006,$A81,NKC!$B$7:$B$3006,"<"&TU_NGAY)) | N81: =IF($A81="",0,SUMIFS(NKC!$H$7:$H$3006,NKC!$G$7:$G$3006,$A81,NKC!$B$7:$B$3006,"<"&TU_NGAY)) | O81: =IF($A81="",0,SUMIFS(NKC!$H$7:$H$3006,NKC!$F$7:$F$3006,$A81,NKC!$B$7:$B$3006,">="&TU_NGAY,NKC!$B$7:$B$3006,"<="&DEN_NGAY)) | P81: =IF($A81="",0,SUMIFS(NKC!$H$7:$H$3006,NKC!$G$7:$G$3006,$A81,NKC!$B$7:$B$3006,">="&TU_NGAY,NKC!$B$7:$B$3006,"<="&DEN_NGAY)) | Q81: =K81-L81+M81-N81 | R81: =MAX(Q81,0) | S81: =MAX(-Q81,0) | T81: =Q81+O81-P81 | U81: =MAX(T81,0) | V81: =MAX(-T81,0)
A82: 3332 | B82: Thuế tiêu thụ đặc biệt | C82: 2 | D82: =IF($A82="","",SUMIF($A$8:$A$251,$A82&"*",R$8:R$251)) | E82: =IF($A82="","",SUMIF($A$8:$A$251,$A82&"*",S$8:S$251)) | F82: =IF($A82="","",SUMIF($A$8:$A$251,$A82&"*",O$8:O$251)) | G82: =IF($A82="","",SUMIF($A$8:$A$251,$A82&"*",P$8:P$251)) | H82: =IF($A82="","",SUMIF($A$8:$A$251,$A82&"*",U$8:U$251)) | I82: =IF($A82="","",SUMIF($A$8:$A$251,$A82&"*",V$8:V$251)) | K82: =IF($A82="",0,SUMIFS(SDDK!$C$8:$C$251,SDDK!$A$8:$A$251,$A82)) | L82: =IF($A82="",0,SUMIFS(SDDK!$D$8:$D$251,SDDK!$A$8:$A$251,$A82)) | M82: =IF($A82="",0,SUMIFS(NKC!$H$7:$H$3006,NKC!$F$7:$F$3006,$A82,NKC!$B$7:$B$3006,"<"&TU_NGAY)) | N82: =IF($A82="",0,SUMIFS(NKC!$H$7:$H$3006,NKC!$G$7:$G$3006,$A82,NKC!$B$7:$B$3006,"<"&TU_NGAY)) | O82: =IF($A82="",0,SUMIFS(NKC!$H$7:$H$3006,NKC!$F$7:$F$3006,$A82,NKC!$B$7:$B$3006,">="&TU_NGAY,NKC!$B$7:$B$3006,"<="&DEN_NGAY)) | P82: =IF($A82="",0,SUMIFS(NKC!$H$7:$H$3006,NKC!$G$7:$G$3006,$A82,NKC!$B$7:$B$3006,">="&TU_NGAY,NKC!$B$7:$B$3006,"<="&DEN_NGAY)) | Q82: =K82-L82+M82-N82 | R82: =MAX(Q82,0) | S82: =MAX(-Q82,0) | T82: =Q82+O82-P82 | U82: =MAX(T82,0) | V82: =MAX(-T82,0)
A83: 3333 | B83: Thuế xuất, nhập khẩu | C83: 2 | D83: =IF($A83="","",SUMIF($A$8:$A$251,$A83&"*",R$8:R$251)) | E83: =IF($A83="","",SUMIF($A$8:$A$251,$A83&"*",S$8:S$251)) | F83: =IF($A83="","",SUMIF($A$8:$A$251,$A83&"*",O$8:O$251)) | G83: =IF($A83="","",SUMIF($A$8:$A$251,$A83&"*",P$8:P$251)) | H83: =IF($A83="","",SUMIF($A$8:$A$251,$A83&"*",U$8:U$251)) | I83: =IF($A83="","",SUMIF($A$8:$A$251,$A83&"*",V$8:V$251)) | K83: =IF($A83="",0,SUMIFS(SDDK!$C$8:$C$251,SDDK!$A$8:$A$251,$A83)) | L83: =IF($A83="",0,SUMIFS(SDDK!$D$8:$D$251,SDDK!$A$8:$A$251,$A83)) | M83: =IF($A83="",0,SUMIFS(NKC!$H$7:$H$3006,NKC!$F$7:$F$3006,$A83,NKC!$B$7:$B$3006,"<"&TU_NGAY)) | N83: =IF($A83="",0,SUMIFS(NKC!$H$7:$H$3006,NKC!$G$7:$G$3006,$A83,NKC!$B$7:$B$3006,"<"&TU_NGAY)) | O83: =IF($A83="",0,SUMIFS(NKC!$H$7:$H$3006,NKC!$F$7:$F$3006,$A83,NKC!$B$7:$B$3006,">="&TU_NGAY,NKC!$B$7:$B$3006,"<="&DEN_NGAY)) | P83: =IF($A83="",0,SUMIFS(NKC!$H$7:$H$3006,NKC!$G$7:$G$3006,$A83,NKC!$B$7:$B$3006,">="&TU_NGAY,NKC!$B$7:$B$3006,"<="&DEN_NGAY)) | Q83: =K83-L83+M83-N83 | R83: =MAX(Q83,0) | S83: =MAX(-Q83,0) | T83: =Q83+O83-P83 | U83: =MAX(T83,0) | V83: =MAX(-T83,0)
A84: 3334 | B84: Thuế thu nhập doanh nghiệp | C84: 2 | D84: =IF($A84="","",SUMIF($A$8:$A$251,$A84&"*",R$8:R$251)) | E84: =IF($A84="","",SUMIF($A$8:$A$251,$A84&"*",S$8:S$251)) | F84: =IF($A84="","",SUMIF($A$8:$A$251,$A84&"*",O$8:O$251)) | G84: =IF($A84="","",SUMIF($A$8:$A$251,$A84&"*",P$8:P$251)) | H84: =IF($A84="","",SUMIF($A$8:$A$251,$A84&"*",U$8:U$251)) | I84: =IF($A84="","",SUMIF($A$8:$A$251,$A84&"*",V$8:V$251)) | K84: =IF($A84="",0,SUMIFS(SDDK!$C$8:$C$251,SDDK!$A$8:$A$251,$A84)) | L84: =IF($A84="",0,SUMIFS(SDDK!$D$8:$D$251,SDDK!$A$8:$A$251,$A84)) | M84: =IF($A84="",0,SUMIFS(NKC!$H$7:$H$3006,NKC!$F$7:$F$3006,$A84,NKC!$B$7:$B$3006,"<"&TU_NGAY)) | N84: =IF($A84="",0,SUMIFS(NKC!$H$7:$H$3006,NKC!$G$7:$G$3006,$A84,NKC!$B$7:$B$3006,"<"&TU_NGAY)) | O84: =IF($A84="",0,SUMIFS(NKC!$H$7:$H$3006,NKC!$F$7:$F$3006,$A84,NKC!$B$7:$B$3006,">="&TU_NGAY,NKC!$B$7:$B$3006,"<="&DEN_NGAY)) | P84: =IF($A84="",0,SUMIFS(NKC!$H$7:$H$3006,NKC!$G$7:$G$3006,$A84,NKC!$B$7:$B$3006,">="&TU_NGAY,NKC!$B$7:$B$3006,"<="&DEN_NGAY)) | Q84: =K84-L84+M84-N84 | R84: =MAX(Q84,0) | S84: =MAX(-Q84,0) | T84: =Q84+O84-P84 | U84: =MAX(T84,0) | V84: =MAX(-T84,0)
A85: 3335 | B85: Thuế thu nhập cá nhân | C85: 2 | D85: =IF($A85="","",SUMIF($A$8:$A$251,$A85&"*",R$8:R$251)) | E85: =IF($A85="","",SUMIF($A$8:$A$251,$A85&"*",S$8:S$251)) | F85: =IF($A85="","",SUMIF($A$8:$A$251,$A85&"*",O$8:O$251)) | G85: =IF($A85="","",SUMIF($A$8:$A$251,$A85&"*",P$8:P$251)) | H85: =IF($A85="","",SUMIF($A$8:$A$251,$A85&"*",U$8:U$251)) | I85: =IF($A85="","",SUMIF($A$8:$A$251,$A85&"*",V$8:V$251)) | K85: =IF($A85="",0,SUMIFS(SDDK!$C$8:$C$251,SDDK!$A$8:$A$251,$A85)) | L85: =IF($A85="",0,SUMIFS(SDDK!$D$8:$D$251,SDDK!$A$8:$A$251,$A85)) | M85: =IF($A85="",0,SUMIFS(NKC!$H$7:$H$3006,NKC!$F$7:$F$3006,$A85,NKC!$B$7:$B$3006,"<"&TU_NGAY)) | N85: =IF($A85="",0,SUMIFS(NKC!$H$7:$H$3006,NKC!$G$7:$G$3006,$A85,NKC!$B$7:$B$3006,"<"&TU_NGAY)) | O85: =IF($A85="",0,SUMIFS(NKC!$H$7:$H$3006,NKC!$F$7:$F$3006,$A85,NKC!$B$7:$B$3006,">="&TU_NGAY,NKC!$B$7:$B$3006,"<="&DEN_NGAY)) | P85: =IF($A85="",0,SUMIFS(NKC!$H$7:$H$3006,NKC!$G$7:$G$3006,$A85,NKC!$B$7:$B$3006,">="&TU_NGAY,NKC!$B$7:$B$3006,"<="&DEN_NGAY)) | Q85: =K85-L85+M85-N85 | R85: =MAX(Q85,0) | S85: =MAX(-Q85,0) | T85: =Q85+O85-P85 | U85: =MAX(T85,0) | V85: =MAX(-T85,0)
A86: 3336 | B86: Thuế tài nguyên | C86: 2 | D86: =IF($A86="","",SUMIF($A$8:$A$251,$A86&"*",R$8:R$251)) | E86: =IF($A86="","",SUMIF($A$8:$A$251,$A86&"*",S$8:S$251)) | F86: =IF($A86="","",SUMIF($A$8:$A$251,$A86&"*",O$8:O$251)) | G86: =IF($A86="","",SUMIF($A$8:$A$251,$A86&"*",P$8:P$251)) | H86: =IF($A86="","",SUMIF($A$8:$A$251,$A86&"*",U$8:U$251)) | I86: =IF($A86="","",SUMIF($A$8:$A$251,$A86&"*",V$8:V$251)) | K86: =IF($A86="",0,SUMIFS(SDDK!$C$8:$C$251,SDDK!$A$8:$A$251,$A86)) | L86: =IF($A86="",0,SUMIFS(SDDK!$D$8:$D$251,SDDK!$A$8:$A$251,$A86)) | M86: =IF($A86="",0,SUMIFS(NKC!$H$7:$H$3006,NKC!$F$7:$F$3006,$A86,NKC!$B$7:$B$3006,"<"&TU_NGAY)) | N86: =IF($A86="",0,SUMIFS(NKC!$H$7:$H$3006,NKC!$G$7:$G$3006,$A86,NKC!$B$7:$B$3006,"<"&TU_NGAY)) | O86: =IF($A86="",0,SUMIFS(NKC!$H$7:$H$3006,NKC!$F$7:$F$3006,$A86,NKC!$B$7:$B$3006,">="&TU_NGAY,NKC!$B$7:$B$3006,"<="&DEN_NGAY)) | P86: =IF($A86="",0,SUMIFS(NKC!$H$7:$H$3006,NKC!$G$7:$G$3006,$A86,NKC!$B$7:$B$3006,">="&TU_NGAY,NKC!$B$7:$B$3006,"<="&DEN_NGAY)) | Q86: =K86-L86+M86-N86 | R86: =MAX(Q86,0) | S86: =MAX(-Q86,0) | T86: =Q86+O86-P86 | U86: =MAX(T86,0) | V86: =MAX(-T86,0)
A87: 3337 | B87: Thuế nhà đất, tiền thuê đất | C87: 2 | D87: =IF($A87="","",SUMIF($A$8:$A$251,$A87&"*",R$8:R$251)) | E87: =IF($A87="","",SUMIF($A$8:$A$251,$A87&"*",S$8:S$251)) | F87: =IF($A87="","",SUMIF($A$8:$A$251,$A87&"*",O$8:O$251)) | G87: =IF($A87="","",SUMIF($A$8:$A$251,$A87&"*",P$8:P$251)) | H87: =IF($A87="","",SUMIF($A$8:$A$251,$A87&"*",U$8:U$251)) | I87: =IF($A87="","",SUMIF($A$8:$A$251,$A87&"*",V$8:V$251)) | K87: =IF($A87="",0,SUMIFS(SDDK!$C$8:$C$251,SDDK!$A$8:$A$251,$A87)) | L87: =IF($A87="",0,SUMIFS(SDDK!$D$8:$D$251,SDDK!$A$8:$A$251,$A87)) | M87: =IF($A87="",0,SUMIFS(NKC!$H$7:$H$3006,NKC!$F$7:$F$3006,$A87,NKC!$B$7:$B$3006,"<"&TU_NGAY)) | N87: =IF($A87="",0,SUMIFS(NKC!$H$7:$H$3006,NKC!$G$7:$G$3006,$A87,NKC!$B$7:$B$3006,"<"&TU_NGAY)) | O87: =IF($A87="",0,SUMIFS(NKC!$H$7:$H$3006,NKC!$F$7:$F$3006,$A87,NKC!$B$7:$B$3006,">="&TU_NGAY,NKC!$B$7:$B$3006,"<="&DEN_NGAY)) | P87: =IF($A87="",0,SUMIFS(NKC!$H$7:$H$3006,NKC!$G$7:$G$3006,$A87,NKC!$B$7:$B$3006,">="&TU_NGAY,NKC!$B$7:$B$3006,"<="&DEN_NGAY)) | Q87: =K87-L87+M87-N87 | R87: =MAX(Q87,0) | S87: =MAX(-Q87,0) | T87: =Q87+O87-P87 | U87: =MAX(T87,0) | V87: =MAX(-T87,0)
A88: 3338 | B88: Thuế bảo vệ môi trường và các loại thuế khác | C88: 2 | D88: =IF($A88="","",SUMIF($A$8:$A$251,$A88&"*",R$8:R$251)) | E88: =IF($A88="","",SUMIF($A$8:$A$251,$A88&"*",S$8:S$251)) | F88: =IF($A88="","",SUMIF($A$8:$A$251,$A88&"*",O$8:O$251)) | G88: =IF($A88="","",SUMIF($A$8:$A$251,$A88&"*",P$8:P$251)) | H88: =IF($A88="","",SUMIF($A$8:$A$251,$A88&"*",U$8:U$251)) | I88: =IF($A88="","",SUMIF($A$8:$A$251,$A88&"*",V$8:V$251)) | K88: =IF($A88="",0,SUMIFS(SDDK!$C$8:$C$251,SDDK!$A$8:$A$251,$A88)) | L88: =IF($A88="",0,SUMIFS(SDDK!$D$8:$D$251,SDDK!$A$8:$A$251,$A88)) | M88: =IF($A88="",0,SUMIFS(NKC!$H$7:$H$3006,NKC!$F$7:$F$3006,$A88,NKC!$B$7:$B$3006,"<"&TU_NGAY)) | N88: =IF($A88="",0,SUMIFS(NKC!$H$7:$H$3006,NKC!$G$7:$G$3006,$A88,NKC!$B$7:$B$3006,"<"&TU_NGAY)) | O88: =IF($A88="",0,SUMIFS(NKC!$H$7:$H$3006,NKC!$F$7:$F$3006,$A88,NKC!$B$7:$B$3006,">="&TU_NGAY,NKC!$B$7:$B$3006,"<="&DEN_NGAY)) | P88: =IF($A88="",0,SUMIFS(NKC!$H$7:$H$3006,NKC!$G$7:$G$3006,$A88,NKC!$B$7:$B$3006,">="&TU_NGAY,NKC!$B$7:$B$3006,"<="&DEN_NGAY)) | Q88: =K88-L88+M88-N88 | R88: =MAX(Q88,0) | S88: =MAX(-Q88,0) | T88: =Q88+O88-P88 | U88: =MAX(T88,0) | V88: =MAX(-T88,0)
... A191: 911 | B191: Xác định kết quả kinh doanh | C191: 1 | D191: =IF($A191="","",SUMIF($A$8:$A$251,$A191&"*",R$8:R$251)) | E191: =IF($A191="","",SUMIF($A$8:$A$251,$A191&"*",S$8:S$251)) | F191: =IF($A191="","",SUMIF($A$8:$A$251,$A191&"*",O$8:O$251)) | G191: =IF($A191="","",SUMIF($A$8:$A$251,$A191&"*",P$8:P$251)) | H191: =IF($A191="","",SUMIF($A$8:$A$251,$A191&"*",U$8:U$251)) | I191: =IF($A191="","",SUMIF($A$8:$A$251,$A191&"*",V$8:V$251)) | K191: =IF($A191="",0,SUMIFS(SDDK!$C$8:$C$251,SDDK!$A$8:$A$251,$A191)) | L191: =IF($A191="",0,SUMIFS(SDDK!$D$8:$D$251,SDDK!$A$8:$A$251,$A191)) | M191: =IF($A191="",0,SUMIFS(NKC!$H$7:$H$3006,NKC!$F$7:$F$3006,$A191,NKC!$B$7:$B$3006,"<"&TU_NGAY)) | N191: =IF($A191="",0,SUMIFS(NKC!$H$7:$H$3006,NKC!$G$7:$G$3006,$A191,NKC!$B$7:$B$3006,"<"&TU_NGAY)) | O191: =IF($A191="",0,SUMIFS(NKC!$H$7:$H$3006,NKC!$F$7:$F$3006,$A191,NKC!$B$7:$B$3006,">="&TU_NGAY,NKC!$B$7:$B$3006,"<="&DEN_NGAY)) | P191: =IF($A191="",0,SUMIFS(NKC!$H$7:$H$3006,NKC!$G$7:$G$3006,$A191,NKC!$B$7:$B$3006,">="&TU_NGAY,NKC!$B$7:$B$3006,"<="&DEN_NGAY)) | Q191: =K191-L191+M191-N191 | R191: =MAX(Q191,0) | S191: =MAX(-Q191,0) | T191: =Q191+O191-P191 | U191: =MAX(T191,0) | V191: =MAX(-T191,0)
A192: =IF(DMTK!$A191="","",DMTK!$A191&"") | B192: =IF(DMTK!$B191="","",DMTK!$B191) | D192: =IF($A192="","",SUMIF($A$8:$A$251,$A192&"*",R$8:R$251)) | E192: =IF($A192="","",SUMIF($A$8:$A$251,$A192&"*",S$8:S$251)) | F192: =IF($A192="","",SUMIF($A$8:$A$251,$A192&"*",O$8:O$251)) | G192: =IF($A192="","",SUMIF($A$8:$A$251,$A192&"*",P$8:P$251)) | H192: =IF($A192="","",SUMIF($A$8:$A$251,$A192&"*",U$8:U$251)) | I192: =IF($A192="","",SUMIF($A$8:$A$251,$A192&"*",V$8:V$251)) | K192: =IF($A192="",0,SUMIFS(SDDK!$C$8:$C$251,SDDK!$A$8:$A$251,$A192)) | L192: =IF($A192="",0,SUMIFS(SDDK!$D$8:$D$251,SDDK!$A$8:$A$251,$A192)) | M192: =IF($A192="",0,SUMIFS(NKC!$H$7:$H$3006,NKC!$F$7:$F$3006,$A192,NKC!$B$7:$B$3006,"<"&TU_NGAY)) | N192: =IF($A192="",0,SUMIFS(NKC!$H$7:$H$3006,NKC!$G$7:$G$3006,$A192,NKC!$B$7:$B$3006,"<"&TU_NGAY)) | O192: =IF($A192="",0,SUMIFS(NKC!$H$7:$H$3006,NKC!$F$7:$F$3006,$A192,NKC!$B$7:$B$3006,">="&TU_NGAY,NKC!$B$7:$B$3006,"<="&DEN_NGAY)) | P192: =IF($A192="",0,SUMIFS(NKC!$H$7:$H$3006,NKC!$G$7:$G$3006,$A192,NKC!$B$7:$B$3006,">="&TU_NGAY,NKC!$B$7:$B$3006,"<="&DEN_NGAY)) | Q192: =K192-L192+M192-N192 | R192: =MAX(Q192,0) | S192: =MAX(-Q192,0) | T192: =Q192+O192-P192 | U192: =MAX(T192,0) | V192: =MAX(-T192,0)
A193: =IF(DMTK!$A192="","",DMTK!$A192&"") | B193: =IF(DMTK!$B192="","",DMTK!$B192) | D193: =IF($A193="","",SUMIF($A$8:$A$251,$A193&"*",R$8:R$251)) | E193: =IF($A193="","",SUMIF($A$8:$A$251,$A193&"*",S$8:S$251)) | F193: =IF($A193="","",SUMIF($A$8:$A$251,$A193&"*",O$8:O$251)) | G193: =IF($A193="","",SUMIF($A$8:$A$251,$A193&"*",P$8:P$251)) | H193: =IF($A193="","",SUMIF($A$8:$A$251,$A193&"*",U$8:U$251)) | I193: =IF($A193="","",SUMIF($A$8:$A$251,$A193&"*",V$8:V$251)) | K193: =IF($A193="",0,SUMIFS(SDDK!$C$8:$C$251,SDDK!$A$8:$A$251,$A193)) | L193: =IF($A193="",0,SUMIFS(SDDK!$D$8:$D$251,SDDK!$A$8:$A$251,$A193)) | M193: =IF($A193="",0,SUMIFS(NKC!$H$7:$H$3006,NKC!$F$7:$F$3006,$A193,NKC!$B$7:$B$3006,"<"&TU_NGAY)) | N193: =IF($A193="",0,SUMIFS(NKC!$H$7:$H$3006,NKC!$G$7:$G$3006,$A193,NKC!$B$7:$B$3006,"<"&TU_NGAY)) | O193: =IF($A193="",0,SUMIFS(NKC!$H$7:$H$3006,NKC!$F$7:$F$3006,$A193,NKC!$B$7:$B$3006,">="&TU_NGAY,NKC!$B$7:$B$3006,"<="&DEN_NGAY)) | P193: =IF($A193="",0,SUMIFS(NKC!$H$7:$H$3006,NKC!$G$7:$G$3006,$A193,NKC!$B$7:$B$3006,">="&TU_NGAY,NKC!$B$7:$B$3006,"<="&DEN_NGAY)) | Q193: =K193-L193+M193-N193 | R193: =MAX(Q193,0) | S193: =MAX(-Q193,0) | T193: =Q193+O193-P193 | U193: =MAX(T193,0) | V193: =MAX(-T193,0)
A194: =IF(DMTK!$A193="","",DMTK!$A193&"") | B194: =IF(DMTK!$B193="","",DMTK!$B193) | D194: =IF($A194="","",SUMIF($A$8:$A$251,$A194&"*",R$8:R$251)) | E194: =IF($A194="","",SUMIF($A$8:$A$251,$A194&"*",S$8:S$251)) | F194: =IF($A194="","",SUMIF($A$8:$A$251,$A194&"*",O$8:O$251)) | G194: =IF($A194="","",SUMIF($A$8:$A$251,$A194&"*",P$8:P$251)) | H194: =IF($A194="","",SUMIF($A$8:$A$251,$A194&"*",U$8:U$251)) | I194: =IF($A194="","",SUMIF($A$8:$A$251,$A194&"*",V$8:V$251)) | K194: =IF($A194="",0,SUMIFS(SDDK!$C$8:$C$251,SDDK!$A$8:$A$251,$A194)) | L194: =IF($A194="",0,SUMIFS(SDDK!$D$8:$D$251,SDDK!$A$8:$A$251,$A194)) | M194: =IF($A194="",0,SUMIFS(NKC!$H$7:$H$3006,NKC!$F$7:$F$3006,$A194,NKC!$B$7:$B$3006,"<"&TU_NGAY)) | N194: =IF($A194="",0,SUMIFS(NKC!$H$7:$H$3006,NKC!$G$7:$G$3006,$A194,NKC!$B$7:$B$3006,"<"&TU_NGAY)) | O194: =IF($A194="",0,SUMIFS(NKC!$H$7:$H$3006,NKC!$F$7:$F$3006,$A194,NKC!$B$7:$B$3006,">="&TU_NGAY,NKC!$B$7:$B$3006,"<="&DEN_NGAY)) | P194: =IF($A194="",0,SUMIFS(NKC!$H$7:$H$3006,NKC!$G$7:$G$3006,$A194,NKC!$B$7:$B$3006,">="&TU_NGAY,NKC!$B$7:$B$3006,"<="&DEN_NGAY)) | Q194: =K194-L194+M194-N194 | R194: =MAX(Q194,0) | S194: =MAX(-Q194,0) | T194: =Q194+O194-P194 | U194: =MAX(T194,0) | V194: =MAX(-T194,0)
A195: =IF(DMTK!$A194="","",DMTK!$A194&"") | B195: =IF(DMTK!$B194="","",DMTK!$B194) | D195: =IF($A195="","",SUMIF($A$8:$A$251,$A195&"*",R$8:R$251)) | E195: =IF($A195="","",SUMIF($A$8:$A$251,$A195&"*",S$8:S$251)) | F195: =IF($A195="","",SUMIF($A$8:$A$251,$A195&"*",O$8:O$251)) | G195: =IF($A195="","",SUMIF($A$8:$A$251,$A195&"*",P$8:P$251)) | H195: =IF($A195="","",SUMIF($A$8:$A$251,$A195&"*",U$8:U$251)) | I195: =IF($A195="","",SUMIF($A$8:$A$251,$A195&"*",V$8:V$251)) | K195: =IF($A195="",0,SUMIFS(SDDK!$C$8:$C$251,SDDK!$A$8:$A$251,$A195)) | L195: =IF($A195="",0,SUMIFS(SDDK!$D$8:$D$251,SDDK!$A$8:$A$251,$A195)) | M195: =IF($A195="",0,SUMIFS(NKC!$H$7:$H$3006,NKC!$F$7:$F$3006,$A195,NKC!$B$7:$B$3006,"<"&TU_NGAY)) | N195: =IF($A195="",0,SUMIFS(NKC!$H$7:$H$3006,NKC!$G$7:$G$3006,$A195,NKC!$B$7:$B$3006,"<"&TU_NGAY)) | O195: =IF($A195="",0,SUMIFS(NKC!$H$7:$H$3006,NKC!$F$7:$F$3006,$A195,NKC!$B$7:$B$3006,">="&TU_NGAY,NKC!$B$7:$B$3006,"<="&DEN_NGAY)) | P195: =IF($A195="",0,SUMIFS(NKC!$H$7:$H$3006,NKC!$G$7:$G$3006,$A195,NKC!$B$7:$B$3006,">="&TU_NGAY,NKC!$B$7:$B$3006,"<="&DEN_NGAY)) | Q195: =K195-L195+M195-N195 | R195: =MAX(Q195,0) | S195: =MAX(-Q195,0) | T195: =Q195+O195-P195 | U195: =MAX(T195,0) | V195: =MAX(-T195,0)
A196: =IF(DMTK!$A195="","",DMTK!$A195&"") | B196: =IF(DMTK!$B195="","",DMTK!$B195) | D196: =IF($A196="","",SUMIF($A$8:$A$251,$A196&"*",R$8:R$251)) | E196: =IF($A196="","",SUMIF($A$8:$A$251,$A196&"*",S$8:S$251)) | F196: =IF($A196="","",SUMIF($A$8:$A$251,$A196&"*",O$8:O$251)) | G196: =IF($A196="","",SUMIF($A$8:$A$251,$A196&"*",P$8:P$251)) | H196: =IF($A196="","",SUMIF($A$8:$A$251,$A196&"*",U$8:U$251)) | I196: =IF($A196="","",SUMIF($A$8:$A$251,$A196&"*",V$8:V$251)) | K196: =IF($A196="",0,SUMIFS(SDDK!$C$8:$C$251,SDDK!$A$8:$A$251,$A196)) | L196: =IF($A196="",0,SUMIFS(SDDK!$D$8:$D$251,SDDK!$A$8:$A$251,$A196)) | M196: =IF($A196="",0,SUMIFS(NKC!$H$7:$H$3006,NKC!$F$7:$F$3006,$A196,NKC!$B$7:$B$3006,"<"&TU_NGAY)) | N196: =IF($A196="",0,SUMIFS(NKC!$H$7:$H$3006,NKC!$G$7:$G$3006,$A196,NKC!$B$7:$B$3006,"<"&TU_NGAY)) | O196: =IF($A196="",0,SUMIFS(NKC!$H$7:$H$3006,NKC!$F$7:$F$3006,$A196,NKC!$B$7:$B$3006,">="&TU_NGAY,NKC!$B$7:$B$3006,"<="&DEN_NGAY)) | P196: =IF($A196="",0,SUMIFS(NKC!$H$7:$H$3006,NKC!$G$7:$G$3006,$A196,NKC!$B$7:$B$3006,">="&TU_NGAY,NKC!$B$7:$B$3006,"<="&DEN_NGAY)) | Q196: =K196-L196+M196-N196 | R196: =MAX(Q196,0) | S196: =MAX(-Q196,0) | T196: =Q196+O196-P196 | U196: =MAX(T196,0) | V196: =MAX(-T196,0)
A197: =IF(DMTK!$A196="","",DMTK!$A196&"") | B197: =IF(DMTK!$B196="","",DMTK!$B196) | D197: =IF($A197="","",SUMIF($A$8:$A$251,$A197&"*",R$8:R$251)) | E197: =IF($A197="","",SUMIF($A$8:$A$251,$A197&"*",S$8:S$251)) | F197: =IF($A197="","",SUMIF($A$8:$A$251,$A197&"*",O$8:O$251)) | G197: =IF($A197="","",SUMIF($A$8:$A$251,$A197&"*",P$8:P$251)) | H197: =IF($A197="","",SUMIF($A$8:$A$251,$A197&"*",U$8:U$251)) | I197: =IF($A197="","",SUMIF($A$8:$A$251,$A197&"*",V$8:V$251)) | K197: =IF($A197="",0,SUMIFS(SDDK!$C$8:$C$251,SDDK!$A$8:$A$251,$A197)) | L197: =IF($A197="",0,SUMIFS(SDDK!$D$8:$D$251,SDDK!$A$8:$A$251,$A197)) | M197: =IF($A197="",0,SUMIFS(NKC!$H$7:$H$3006,NKC!$F$7:$F$3006,$A197,NKC!$B$7:$B$3006,"<"&TU_NGAY)) | N197: =IF($A197="",0,SUMIFS(NKC!$H$7:$H$3006,NKC!$G$7:$G$3006,$A197,NKC!$B$7:$B$3006,"<"&TU_NGAY)) | O197: =IF($A197="",0,SUMIFS(NKC!$H$7:$H$3006,NKC!$F$7:$F$3006,$A197,NKC!$B$7:$B$3006,">="&TU_NGAY,NKC!$B$7:$B$3006,"<="&DEN_NGAY)) | P197: =IF($A197="",0,SUMIFS(NKC!$H$7:$H$3006,NKC!$G$7:$G$3006,$A197,NKC!$B$7:$B$3006,">="&TU_NGAY,NKC!$B$7:$B$3006,"<="&DEN_NGAY)) | Q197: =K197-L197+M197-N197 | R197: =MAX(Q197,0) | S197: =MAX(-Q197,0) | T197: =Q197+O197-P197 | U197: =MAX(T197,0) | V197: =MAX(-T197,0)
A198: =IF(DMTK!$A197="","",DMTK!$A197&"") | B198: =IF(DMTK!$B197="","",DMTK!$B197) | D198: =IF($A198="","",SUMIF($A$8:$A$251,$A198&"*",R$8:R$251)) | E198: =IF($A198="","",SUMIF($A$8:$A$251,$A198&"*",S$8:S$251)) | F198: =IF($A198="","",SUMIF($A$8:$A$251,$A198&"*",O$8:O$251)) | G198: =IF($A198="","",SUMIF($A$8:$A$251,$A198&"*",P$8:P$251)) | H198: =IF($A198="","",SUMIF($A$8:$A$251,$A198&"*",U$8:U$251)) | I198: =IF($A198="","",SUMIF($A$8:$A$251,$A198&"*",V$8:V$251)) | K198: =IF($A198="",0,SUMIFS(SDDK!$C$8:$C$251,SDDK!$A$8:$A$251,$A198)) | L198: =IF($A198="",0,SUMIFS(SDDK!$D$8:$D$251,SDDK!$A$8:$A$251,$A198)) | M198: =IF($A198="",0,SUMIFS(NKC!$H$7:$H$3006,NKC!$F$7:$F$3006,$A198,NKC!$B$7:$B$3006,"<"&TU_NGAY)) | N198: =IF($A198="",0,SUMIFS(NKC!$H$7:$H$3006,NKC!$G$7:$G$3006,$A198,NKC!$B$7:$B$3006,"<"&TU_NGAY)) | O198: =IF($A198="",0,SUMIFS(NKC!$H$7:$H$3006,NKC!$F$7:$F$3006,$A198,NKC!$B$7:$B$3006,">="&TU_NGAY,NKC!$B$7:$B$3006,"<="&DEN_NGAY)) | P198: =IF($A198="",0,SUMIFS(NKC!$H$7:$H$3006,NKC!$G$7:$G$3006,$A198,NKC!$B$7:$B$3006,">="&TU_NGAY,NKC!$B$7:$B$3006,"<="&DEN_NGAY)) | Q198: =K198-L198+M198-N198 | R198: =MAX(Q198,0) | S198: =MAX(-Q198,0) | T198: =Q198+O198-P198 | U198: =MAX(T198,0) | V198: =MAX(-T198,0)
A199: =IF(DMTK!$A198="","",DMTK!$A198&"") | B199: =IF(DMTK!$B198="","",DMTK!$B198) | D199: =IF($A199="","",SUMIF($A$8:$A$251,$A199&"*",R$8:R$251)) | E199: =IF($A199="","",SUMIF($A$8:$A$251,$A199&"*",S$8:S$251)) | F199: =IF($A199="","",SUMIF($A$8:$A$251,$A199&"*",O$8:O$251)) | G199: =IF($A199="","",SUMIF($A$8:$A$251,$A199&"*",P$8:P$251)) | H199: =IF($A199="","",SUMIF($A$8:$A$251,$A199&"*",U$8:U$251)) | I199: =IF($A199="","",SUMIF($A$8:$A$251,$A199&"*",V$8:V$251)) | K199: =IF($A199="",0,SUMIFS(SDDK!$C$8:$C$251,SDDK!$A$8:$A$251,$A199)) | L199: =IF($A199="",0,SUMIFS(SDDK!$D$8:$D$251,SDDK!$A$8:$A$251,$A199)) | M199: =IF($A199="",0,SUMIFS(NKC!$H$7:$H$3006,NKC!$F$7:$F$3006,$A199,NKC!$B$7:$B$3006,"<"&TU_NGAY)) | N199: =IF($A199="",0,SUMIFS(NKC!$H$7:$H$3006,NKC!$G$7:$G$3006,$A199,NKC!$B$7:$B$3006,"<"&TU_NGAY)) | O199: =IF($A199="",0,SUMIFS(NKC!$H$7:$H$3006,NKC!$F$7:$F$3006,$A199,NKC!$B$7:$B$3006,">="&TU_NGAY,NKC!$B$7:$B$3006,"<="&DEN_NGAY)) | P199: =IF($A199="",0,SUMIFS(NKC!$H$7:$H$3006,NKC!$G$7:$G$3006,$A199,NKC!$B$7:$B$3006,">="&TU_NGAY,NKC!$B$7:$B$3006,"<="&DEN_NGAY)) | Q199: =K199-L199+M199-N199 | R199: =MAX(Q199,0) | S199: =MAX(-Q199,0) | T199: =Q199+O199-P199 | U199: =MAX(T199,0) | V199: =MAX(-T199,0)
A200: =IF(DMTK!$A199="","",DMTK!$A199&"") | B200: =IF(DMTK!$B199="","",DMTK!$B199) | D200: =IF($A200="","",SUMIF($A$8:$A$251,$A200&"*",R$8:R$251)) | E200: =IF($A200="","",SUMIF($A$8:$A$251,$A200&"*",S$8:S$251)) | F200: =IF($A200="","",SUMIF($A$8:$A$251,$A200&"*",O$8:O$251)) | G200: =IF($A200="","",SUMIF($A$8:$A$251,$A200&"*",P$8:P$251)) | H200: =IF($A200="","",SUMIF($A$8:$A$251,$A200&"*",U$8:U$251)) | I200: =IF($A200="","",SUMIF($A$8:$A$251,$A200&"*",V$8:V$251)) | K200: =IF($A200="",0,SUMIFS(SDDK!$C$8:$C$251,SDDK!$A$8:$A$251,$A200)) | L200: =IF($A200="",0,SUMIFS(SDDK!$D$8:$D$251,SDDK!$A$8:$A$251,$A200)) | M200: =IF($A200="",0,SUMIFS(NKC!$H$7:$H$3006,NKC!$F$7:$F$3006,$A200,NKC!$B$7:$B$3006,"<"&TU_NGAY)) | N200: =IF($A200="",0,SUMIFS(NKC!$H$7:$H$3006,NKC!$G$7:$G$3006,$A200,NKC!$B$7:$B$3006,"<"&TU_NGAY)) | O200: =IF($A200="",0,SUMIFS(NKC!$H$7:$H$3006,NKC!$F$7:$F$3006,$A200,NKC!$B$7:$B$3006,">="&TU_NGAY,NKC!$B$7:$B$3006,"<="&DEN_NGAY)) | P200: =IF($A200="",0,SUMIFS(NKC!$H$7:$H$3006,NKC!$G$7:$G$3006,$A200,NKC!$B$7:$B$3006,">="&TU_NGAY,NKC!$B$7:$B$3006,"<="&DEN_NGAY)) | Q200: =K200-L200+M200-N200 | R200: =MAX(Q200,0) | S200: =MAX(-Q200,0) | T200: =Q200+O200-P200 | U200: =MAX(T200,0) | V200: =MAX(-T200,0)
A201: =IF(DMTK!$A200="","",DMTK!$A200&"") | B201: =IF(DMTK!$B200="","",DMTK!$B200) | D201: =IF($A201="","",SUMIF($A$8:$A$251,$A201&"*",R$8:R$251)) | E201: =IF($A201="","",SUMIF($A$8:$A$251,$A201&"*",S$8:S$251)) | F201: =IF($A201="","",SUMIF($A$8:$A$251,$A201&"*",O$8:O$251)) | G201: =IF($A201="","",SUMIF($A$8:$A$251,$A201&"*",P$8:P$251)) | H201: =IF($A201="","",SUMIF($A$8:$A$251,$A201&"*",U$8:U$251)) | I201: =IF($A201="","",SUMIF($A$8:$A$251,$A201&"*",V$8:V$251)) | K201: =IF($A201="",0,SUMIFS(SDDK!$C$8:$C$251,SDDK!$A$8:$A$251,$A201)) | L201: =IF($A201="",0,SUMIFS(SDDK!$D$8:$D$251,SDDK!$A$8:$A$251,$A201)) | M201: =IF($A201="",0,SUMIFS(NKC!$H$7:$H$3006,NKC!$F$7:$F$3006,$A201,NKC!$B$7:$B$3006,"<"&TU_NGAY)) | N201: =IF($A201="",0,SUMIFS(NKC!$H$7:$H$3006,NKC!$G$7:$G$3006,$A201,NKC!$B$7:$B$3006,"<"&TU_NGAY)) | O201: =IF($A201="",0,SUMIFS(NKC!$H$7:$H$3006,NKC!$F$7:$F$3006,$A201,NKC!$B$7:$B$3006,">="&TU_NGAY,NKC!$B$7:$B$3006,"<="&DEN_NGAY)) | P201: =IF($A201="",0,SUMIFS(NKC!$H$7:$H$3006,NKC!$G$7:$G$3006,$A201,NKC!$B$7:$B$3006,">="&TU_NGAY,NKC!$B$7:$B$3006,"<="&DEN_NGAY)) | Q201: =K201-L201+M201-N201 | R201: =MAX(Q201,0) | S201: =MAX(-Q201,0) | T201: =Q201+O201-P201 | U201: =MAX(T201,0) | V201: =MAX(-T201,0)
A202: =IF(DMTK!$A201="","",DMTK!$A201&"") | B202: =IF(DMTK!$B201="","",DMTK!$B201) | D202: =IF($A202="","",SUMIF($A$8:$A$251,$A202&"*",R$8:R$251)) | E202: =IF($A202="","",SUMIF($A$8:$A$251,$A202&"*",S$8:S$251)) | F202: =IF($A202="","",SUMIF($A$8:$A$251,$A202&"*",O$8:O$251)) | G202: =IF($A202="","",SUMIF($A$8:$A$251,$A202&"*",P$8:P$251)) | H202: =IF($A202="","",SUMIF($A$8:$A$251,$A202&"*",U$8:U$251)) | I202: =IF($A202="","",SUMIF($A$8:$A$251,$A202&"*",V$8:V$251)) | K202: =IF($A202="",0,SUMIFS(SDDK!$C$8:$C$251,SDDK!$A$8:$A$251,$A202)) | L202: =IF($A202="",0,SUMIFS(SDDK!$D$8:$D$251,SDDK!$A$8:$A$251,$A202)) | M202: =IF($A202="",0,SUMIFS(NKC!$H$7:$H$3006,NKC!$F$7:$F$3006,$A202,NKC!$B$7:$B$3006,"<"&TU_NGAY)) | N202: =IF($A202="",0,SUMIFS(NKC!$H$7:$H$3006,NKC!$G$7:$G$3006,$A202,NKC!$B$7:$B$3006,"<"&TU_NGAY)) | O202: =IF($A202="",0,SUMIFS(NKC!$H$7:$H$3006,NKC!$F$7:$F$3006,$A202,NKC!$B$7:$B$3006,">="&TU_NGAY,NKC!$B$7:$B$3006,"<="&DEN_NGAY)) | P202: =IF($A202="",0,SUMIFS(NKC!$H$7:$H$3006,NKC!$G$7:$G$3006,$A202,NKC!$B$7:$B$3006,">="&TU_NGAY,NKC!$B$7:$B$3006,"<="&DEN_NGAY)) | Q202: =K202-L202+M202-N202 | R202: =MAX(Q202,0) | S202: =MAX(-Q202,0) | T202: =Q202+O202-P202 | U202: =MAX(T202,0) | V202: =MAX(-T202,0)
A203: =IF(DMTK!$A202="","",DMTK!$A202&"") | B203: =IF(DMTK!$B202="","",DMTK!$B202) | D203: =IF($A203="","",SUMIF($A$8:$A$251,$A203&"*",R$8:R$251)) | E203: =IF($A203="","",SUMIF($A$8:$A$251,$A203&"*",S$8:S$251)) | F203: =IF($A203="","",SUMIF($A$8:$A$251,$A203&"*",O$8:O$251)) | G203: =IF($A203="","",SUMIF($A$8:$A$251,$A203&"*",P$8:P$251)) | H203: =IF($A203="","",SUMIF($A$8:$A$251,$A203&"*",U$8:U$251)) | I203: =IF($A203="","",SUMIF($A$8:$A$251,$A203&"*",V$8:V$251)) | K203: =IF($A203="",0,SUMIFS(SDDK!$C$8:$C$251,SDDK!$A$8:$A$251,$A203)) | L203: =IF($A203="",0,SUMIFS(SDDK!$D$8:$D$251,SDDK!$A$8:$A$251,$A203)) | M203: =IF($A203="",0,SUMIFS(NKC!$H$7:$H$3006,NKC!$F$7:$F$3006,$A203,NKC!$B$7:$B$3006,"<"&TU_NGAY)) | N203: =IF($A203="",0,SUMIFS(NKC!$H$7:$H$3006,NKC!$G$7:$G$3006,$A203,NKC!$B$7:$B$3006,"<"&TU_NGAY)) | O203: =IF($A203="",0,SUMIFS(NKC!$H$7:$H$3006,NKC!$F$7:$F$3006,$A203,NKC!$B$7:$B$3006,">="&TU_NGAY,NKC!$B$7:$B$3006,"<="&DEN_NGAY)) | P203: =IF($A203="",0,SUMIFS(NKC!$H$7:$H$3006,NKC!$G$7:$G$3006,$A203,NKC!$B$7:$B$3006,">="&TU_NGAY,NKC!$B$7:$B$3006,"<="&DEN_NGAY)) | Q203: =K203-L203+M203-N203 | R203: =MAX(Q203,0) | S203: =MAX(-Q203,0) | T203: =Q203+O203-P203 | U203: =MAX(T203,0) | V203: =MAX(-T203,0)
... A251: =IF(DMTK!$A250="","",DMTK!$A250&"") | B251: =IF(DMTK!$B250="","",DMTK!$B250) | D251: =IF($A251="","",SUMIF($A$8:$A$251,$A251&"*",R$8:R$251)) | E251: =IF($A251="","",SUMIF($A$8:$A$251,$A251&"*",S$8:S$251)) | F251: =IF($A251="","",SUMIF($A$8:$A$251,$A251&"*",O$8:O$251)) | G251: =IF($A251="","",SUMIF($A$8:$A$251,$A251&"*",P$8:P$251)) | H251: =IF($A251="","",SUMIF($A$8:$A$251,$A251&"*",U$8:U$251)) | I251: =IF($A251="","",SUMIF($A$8:$A$251,$A251&"*",V$8:V$251)) | K251: =IF($A251="",0,SUMIFS(SDDK!$C$8:$C$251,SDDK!$A$8:$A$251,$A251)) | L251: =IF($A251="",0,SUMIFS(SDDK!$D$8:$D$251,SDDK!$A$8:$A$251,$A251)) | M251: =IF($A251="",0,SUMIFS(NKC!$H$7:$H$3006,NKC!$F$7:$F$3006,$A251,NKC!$B$7:$B$3006,"<"&TU_NGAY)) | N251: =IF($A251="",0,SUMIFS(NKC!$H$7:$H$3006,NKC!$G$7:$G$3006,$A251,NKC!$B$7:$B$3006,"<"&TU_NGAY)) | O251: =IF($A251="",0,SUMIFS(NKC!$H$7:$H$3006,NKC!$F$7:$F$3006,$A251,NKC!$B$7:$B$3006,">="&TU_NGAY,NKC!$B$7:$B$3006,"<="&DEN_NGAY)) | P251: =IF($A251="",0,SUMIFS(NKC!$H$7:$H$3006,NKC!$G$7:$G$3006,$A251,NKC!$B$7:$B$3006,">="&TU_NGAY,NKC!$B$7:$B$3006,"<="&DEN_NGAY)) | Q251: =K251-L251+M251-N251 | R251: =MAX(Q251,0) | S251: =MAX(-Q251,0) | T251: =Q251+O251-P251 | U251: =MAX(T251,0) | V251: =MAX(-T251,0)
A252: TỔNG | B252: Cộng các tài khoản cấp 1 | D252: =SUMIFS(D$8:D$191,$C$8:$C$191,1) | E252: =SUMIFS(E$8:E$191,$C$8:$C$191,1) | F252: =SUMIFS(F$8:F$191,$C$8:$C$191,1) | G252: =SUMIFS(G$8:G$191,$C$8:$C$191,1) | H252: =SUMIFS(H$8:H$191,$C$8:$C$191,1) | I252: =SUMIFS(I$8:I$191,$C$8:$C$191,1)

Sheet SOCAI
A1: =TT_DN!$C$5 | F1: Mẫu số S03b-DN
A2: =TT_DN!$C$7 | F2: (Ban hành kèm theo Thông tư số 99/2025/TT-BTC ngày 27/10/2025 của Bộ Tài chính)
A3: SỔ CÁI TÀI KHOẢN
A5: Chọn tài khoản: | B5: 112 | C5: =IFERROR(INDEX(DMTK!$B$7:$B$250,MATCH($B$5,DMTK!$A$7:$A$250,0)),"—") | G5: Dư đầu năm (Nợ +/Có -): | H5: =INDEX(CDPS!$D$8:$D$251,MATCH($B$5,CDPS!$A$8:$A$251,0))-INDEX(CDPS!$E$8:$E$251,MATCH($B$5,CDPS!$A$8:$A$251,0))
A7: Ngày ghi sổ | B7: Số CT | C7: Ngày CT | D7: Diễn giải | E7: TK đối ứng | F7: PS Nợ | G7: PS Có | H7: Số dư (Nợ +/Có -) | J7: idx
A8: =IF($J8="","",INDEX(NKC!$B$7:$B$3006,$J8)) | B8: =IF($J8="","",INDEX(NKC!$C$7:$C$3006,$J8)) | C8: =IF($J8="","",INDEX(NKC!$D$7:$D$3006,$J8)) | D8: =IF($J8="","",INDEX(NKC!$E$7:$E$3006,$J8)) | E8: =IF($J8="","",IF(LEFT(INDEX(NKC!$F$7:$F$3006,$J8),LEN($B$5))=$B$5,INDEX(NKC!$G$7:$G$3006,$J8),INDEX(NKC!$F$7:$F$3006,$J8))) | F8: =IF($J8="","",IF(LEFT(INDEX(NKC!$F$7:$F$3006,$J8),LEN($B$5))=$B$5,INDEX(NKC!$H$7:$H$3006,$J8),"")) | G8: =IF($J8="","",IF(LEFT(INDEX(NKC!$G$7:$G$3006,$J8),LEN($B$5))=$B$5,INDEX(NKC!$H$7:$H$3006,$J8),"")) | H8: =IF($J8="","",$H$5+N(F8)-N(G8)) | J8: =IFERROR(MATCH(1,NKC!$P$7:$P$3006,0),"")
A9: =IF($J9="","",INDEX(NKC!$B$7:$B$3006,$J9)) | B9: =IF($J9="","",INDEX(NKC!$C$7:$C$3006,$J9)) | C9: =IF($J9="","",INDEX(NKC!$D$7:$D$3006,$J9)) | D9: =IF($J9="","",INDEX(NKC!$E$7:$E$3006,$J9)) | E9: =IF($J9="","",IF(LEFT(INDEX(NKC!$F$7:$F$3006,$J9),LEN($B$5))=$B$5,INDEX(NKC!$G$7:$G$3006,$J9),INDEX(NKC!$F$7:$F$3006,$J9))) | F9: =IF($J9="","",IF(LEFT(INDEX(NKC!$F$7:$F$3006,$J9),LEN($B$5))=$B$5,INDEX(NKC!$H$7:$H$3006,$J9),"")) | G9: =IF($J9="","",IF(LEFT(INDEX(NKC!$G$7:$G$3006,$J9),LEN($B$5))=$B$5,INDEX(NKC!$H$7:$H$3006,$J9),"")) | H9: =IF($J9="","",H8+N(F9)-N(G9)) | J9: =IFERROR(MATCH(2,NKC!$P$7:$P$3006,0),"")
A10: =IF($J10="","",INDEX(NKC!$B$7:$B$3006,$J10)) | B10: =IF($J10="","",INDEX(NKC!$C$7:$C$3006,$J10)) | C10: =IF($J10="","",INDEX(NKC!$D$7:$D$3006,$J10)) | D10: =IF($J10="","",INDEX(NKC!$E$7:$E$3006,$J10)) | E10: =IF($J10="","",IF(LEFT(INDEX(NKC!$F$7:$F$3006,$J10),LEN($B$5))=$B$5,INDEX(NKC!$G$7:$G$3006,$J10),INDEX(NKC!$F$7:$F$3006,$J10))) | F10: =IF($J10="","",IF(LEFT(INDEX(NKC!$F$7:$F$3006,$J10),LEN($B$5))=$B$5,INDEX(NKC!$H$7:$H$3006,$J10),"")) | G10: =IF($J10="","",IF(LEFT(INDEX(NKC!$G$7:$G$3006,$J10),LEN($B$5))=$B$5,INDEX(NKC!$H$7:$H$3006,$J10),"")) | H10: =IF($J10="","",H9+N(F10)-N(G10)) | J10: =IFERROR(MATCH(3,NKC!$P$7:$P$3006,0),"")
A11: =IF($J11="","",INDEX(NKC!$B$7:$B$3006,$J11)) | B11: =IF($J11="","",INDEX(NKC!$C$7:$C$3006,$J11)) | C11: =IF($J11="","",INDEX(NKC!$D$7:$D$3006,$J11)) | D11: =IF($J11="","",INDEX(NKC!$E$7:$E$3006,$J11)) | E11: =IF($J11="","",IF(LEFT(INDEX(NKC!$F$7:$F$3006,$J11),LEN($B$5))=$B$5,INDEX(NKC!$G$7:$G$3006,$J11),INDEX(NKC!$F$7:$F$3006,$J11))) | F11: =IF($J11="","",IF(LEFT(INDEX(NKC!$F$7:$F$3006,$J11),LEN($B$5))=$B$5,INDEX(NKC!$H$7:$H$3006,$J11),"")) | G11: =IF($J11="","",IF(LEFT(INDEX(NKC!$G$7:$G$3006,$J11),LEN($B$5))=$B$5,INDEX(NKC!$H$7:$H$3006,$J11),"")) | H11: =IF($J11="","",H10+N(F11)-N(G11)) | J11: =IFERROR(MATCH(4,NKC!$P$7:$P$3006,0),"")
A12: =IF($J12="","",INDEX(NKC!$B$7:$B$3006,$J12)) | B12: =IF($J12="","",INDEX(NKC!$C$7:$C$3006,$J12)) | C12: =IF($J12="","",INDEX(NKC!$D$7:$D$3006,$J12)) | D12: =IF($J12="","",INDEX(NKC!$E$7:$E$3006,$J12)) | E12: =IF($J12="","",IF(LEFT(INDEX(NKC!$F$7:$F$3006,$J12),LEN($B$5))=$B$5,INDEX(NKC!$G$7:$G$3006,$J12),INDEX(NKC!$F$7:$F$3006,$J12))) | F12: =IF($J12="","",IF(LEFT(INDEX(NKC!$F$7:$F$3006,$J12),LEN($B$5))=$B$5,INDEX(NKC!$H$7:$H$3006,$J12),"")) | G12: =IF($J12="","",IF(LEFT(INDEX(NKC!$G$7:$G$3006,$J12),LEN($B$5))=$B$5,INDEX(NKC!$H$7:$H$3006,$J12),"")) | H12: =IF($J12="","",H11+N(F12)-N(G12)) | J12: =IFERROR(MATCH(5,NKC!$P$7:$P$3006,0),"")
A13: =IF($J13="","",INDEX(NKC!$B$7:$B$3006,$J13)) | B13: =IF($J13="","",INDEX(NKC!$C$7:$C$3006,$J13)) | C13: =IF($J13="","",INDEX(NKC!$D$7:$D$3006,$J13)) | D13: =IF($J13="","",INDEX(NKC!$E$7:$E$3006,$J13)) | E13: =IF($J13="","",IF(LEFT(INDEX(NKC!$F$7:$F$3006,$J13),LEN($B$5))=$B$5,INDEX(NKC!$G$7:$G$3006,$J13),INDEX(NKC!$F$7:$F$3006,$J13))) | F13: =IF($J13="","",IF(LEFT(INDEX(NKC!$F$7:$F$3006,$J13),LEN($B$5))=$B$5,INDEX(NKC!$H$7:$H$3006,$J13),"")) | G13: =IF($J13="","",IF(LEFT(INDEX(NKC!$G$7:$G$3006,$J13),LEN($B$5))=$B$5,INDEX(NKC!$H$7:$H$3006,$J13),"")) | H13: =IF($J13="","",H12+N(F13)-N(G13)) | J13: =IFERROR(MATCH(6,NKC!$P$7:$P$3006,0),"")
A14: =IF($J14="","",INDEX(NKC!$B$7:$B$3006,$J14)) | B14: =IF($J14="","",INDEX(NKC!$C$7:$C$3006,$J14)) | C14: =IF($J14="","",INDEX(NKC!$D$7:$D$3006,$J14)) | D14: =IF($J14="","",INDEX(NKC!$E$7:$E$3006,$J14)) | E14: =IF($J14="","",IF(LEFT(INDEX(NKC!$F$7:$F$3006,$J14),LEN($B$5))=$B$5,INDEX(NKC!$G$7:$G$3006,$J14),INDEX(NKC!$F$7:$F$3006,$J14))) | F14: =IF($J14="","",IF(LEFT(INDEX(NKC!$F$7:$F$3006,$J14),LEN($B$5))=$B$5,INDEX(NKC!$H$7:$H$3006,$J14),"")) | G14: =IF($J14="","",IF(LEFT(INDEX(NKC!$G$7:$G$3006,$J14),LEN($B$5))=$B$5,INDEX(NKC!$H$7:$H$3006,$J14),"")) | H14: =IF($J14="","",H13+N(F14)-N(G14)) | J14: =IFERROR(MATCH(7,NKC!$P$7:$P$3006,0),"")
A15: =IF($J15="","",INDEX(NKC!$B$7:$B$3006,$J15)) | B15: =IF($J15="","",INDEX(NKC!$C$7:$C$3006,$J15)) | C15: =IF($J15="","",INDEX(NKC!$D$7:$D$3006,$J15)) | D15: =IF($J15="","",INDEX(NKC!$E$7:$E$3006,$J15)) | E15: =IF($J15="","",IF(LEFT(INDEX(NKC!$F$7:$F$3006,$J15),LEN($B$5))=$B$5,INDEX(NKC!$G$7:$G$3006,$J15),INDEX(NKC!$F$7:$F$3006,$J15))) | F15: =IF($J15="","",IF(LEFT(INDEX(NKC!$F$7:$F$3006,$J15),LEN($B$5))=$B$5,INDEX(NKC!$H$7:$H$3006,$J15),"")) | G15: =IF($J15="","",IF(LEFT(INDEX(NKC!$G$7:$G$3006,$J15),LEN($B$5))=$B$5,INDEX(NKC!$H$7:$H$3006,$J15),"")) | H15: =IF($J15="","",H14+N(F15)-N(G15)) | J15: =IFERROR(MATCH(8,NKC!$P$7:$P$3006,0),"")
A16: =IF($J16="","",INDEX(NKC!$B$7:$B$3006,$J16)) | B16: =IF($J16="","",INDEX(NKC!$C$7:$C$3006,$J16)) | C16: =IF($J16="","",INDEX(NKC!$D$7:$D$3006,$J16)) | D16: =IF($J16="","",INDEX(NKC!$E$7:$E$3006,$J16)) | E16: =IF($J16="","",IF(LEFT(INDEX(NKC!$F$7:$F$3006,$J16),LEN($B$5))=$B$5,INDEX(NKC!$G$7:$G$3006,$J16),INDEX(NKC!$F$7:$F$3006,$J16))) | F16: =IF($J16="","",IF(LEFT(INDEX(NKC!$F$7:$F$3006,$J16),LEN($B$5))=$B$5,INDEX(NKC!$H$7:$H$3006,$J16),"")) | G16: =IF($J16="","",IF(LEFT(INDEX(NKC!$G$7:$G$3006,$J16),LEN($B$5))=$B$5,INDEX(NKC!$H$7:$H$3006,$J16),"")) | H16: =IF($J16="","",H15+N(F16)-N(G16)) | J16: =IFERROR(MATCH(9,NKC!$P$7:$P$3006,0),"")
A17: =IF($J17="","",INDEX(NKC!$B$7:$B$3006,$J17)) | B17: =IF($J17="","",INDEX(NKC!$C$7:$C$3006,$J17)) | C17: =IF($J17="","",INDEX(NKC!$D$7:$D$3006,$J17)) | D17: =IF($J17="","",INDEX(NKC!$E$7:$E$3006,$J17)) | E17: =IF($J17="","",IF(LEFT(INDEX(NKC!$F$7:$F$3006,$J17),LEN($B$5))=$B$5,INDEX(NKC!$G$7:$G$3006,$J17),INDEX(NKC!$F$7:$F$3006,$J17))) | F17: =IF($J17="","",IF(LEFT(INDEX(NKC!$F$7:$F$3006,$J17),LEN($B$5))=$B$5,INDEX(NKC!$H$7:$H$3006,$J17),"")) | G17: =IF($J17="","",IF(LEFT(INDEX(NKC!$G$7:$G$3006,$J17),LEN($B$5))=$B$5,INDEX(NKC!$H$7:$H$3006,$J17),"")) | H17: =IF($J17="","",H16+N(F17)-N(G17)) | J17: =IFERROR(MATCH(10,NKC!$P$7:$P$3006,0),"")
A18: =IF($J18="","",INDEX(NKC!$B$7:$B$3006,$J18)) | B18: =IF($J18="","",INDEX(NKC!$C$7:$C$3006,$J18)) | C18: =IF($J18="","",INDEX(NKC!$D$7:$D$3006,$J18)) | D18: =IF($J18="","",INDEX(NKC!$E$7:$E$3006,$J18)) | E18: =IF($J18="","",IF(LEFT(INDEX(NKC!$F$7:$F$3006,$J18),LEN($B$5))=$B$5,INDEX(NKC!$G$7:$G$3006,$J18),INDEX(NKC!$F$7:$F$3006,$J18))) | F18: =IF($J18="","",IF(LEFT(INDEX(NKC!$F$7:$F$3006,$J18),LEN($B$5))=$B$5,INDEX(NKC!$H$7:$H$3006,$J18),"")) | G18: =IF($J18="","",IF(LEFT(INDEX(NKC!$G$7:$G$3006,$J18),LEN($B$5))=$B$5,INDEX(NKC!$H$7:$H$3006,$J18),"")) | H18: =IF($J18="","",H17+N(F18)-N(G18)) | J18: =IFERROR(MATCH(11,NKC!$P$7:$P$3006,0),"")
A19: =IF($J19="","",INDEX(NKC!$B$7:$B$3006,$J19)) | B19: =IF($J19="","",INDEX(NKC!$C$7:$C$3006,$J19)) | C19: =IF($J19="","",INDEX(NKC!$D$7:$D$3006,$J19)) | D19: =IF($J19="","",INDEX(NKC!$E$7:$E$3006,$J19)) | E19: =IF($J19="","",IF(LEFT(INDEX(NKC!$F$7:$F$3006,$J19),LEN($B$5))=$B$5,INDEX(NKC!$G$7:$G$3006,$J19),INDEX(NKC!$F$7:$F$3006,$J19))) | F19: =IF($J19="","",IF(LEFT(INDEX(NKC!$F$7:$F$3006,$J19),LEN($B$5))=$B$5,INDEX(NKC!$H$7:$H$3006,$J19),"")) | G19: =IF($J19="","",IF(LEFT(INDEX(NKC!$G$7:$G$3006,$J19),LEN($B$5))=$B$5,INDEX(NKC!$H$7:$H$3006,$J19),"")) | H19: =IF($J19="","",H18+N(F19)-N(G19)) | J19: =IFERROR(MATCH(12,NKC!$P$7:$P$3006,0),"")
A20: =IF($J20="","",INDEX(NKC!$B$7:$B$3006,$J20)) | B20: =IF($J20="","",INDEX(NKC!$C$7:$C$3006,$J20)) | C20: =IF($J20="","",INDEX(NKC!$D$7:$D$3006,$J20)) | D20: =IF($J20="","",INDEX(NKC!$E$7:$E$3006,$J20)) | E20: =IF($J20="","",IF(LEFT(INDEX(NKC!$F$7:$F$3006,$J20),LEN($B$5))=$B$5,INDEX(NKC!$G$7:$G$3006,$J20),INDEX(NKC!$F$7:$F$3006,$J20))) | F20: =IF($J20="","",IF(LEFT(INDEX(NKC!$F$7:$F$3006,$J20),LEN($B$5))=$B$5,INDEX(NKC!$H$7:$H$3006,$J20),"")) | G20: =IF($J20="","",IF(LEFT(INDEX(NKC!$G$7:$G$3006,$J20),LEN($B$5))=$B$5,INDEX(NKC!$H$7:$H$3006,$J20),"")) | H20: =IF($J20="","",H19+N(F20)-N(G20)) | J20: =IFERROR(MATCH(13,NKC!$P$7:$P$3006,0),"")
A21: =IF($J21="","",INDEX(NKC!$B$7:$B$3006,$J21)) | B21: =IF($J21="","",INDEX(NKC!$C$7:$C$3006,$J21)) | C21: =IF($J21="","",INDEX(NKC!$D$7:$D$3006,$J21)) | D21: =IF($J21="","",INDEX(NKC!$E$7:$E$3006,$J21)) | E21: =IF($J21="","",IF(LEFT(INDEX(NKC!$F$7:$F$3006,$J21),LEN($B$5))=$B$5,INDEX(NKC!$G$7:$G$3006,$J21),INDEX(NKC!$F$7:$F$3006,$J21))) | F21: =IF($J21="","",IF(LEFT(INDEX(NKC!$F$7:$F$3006,$J21),LEN($B$5))=$B$5,INDEX(NKC!$H$7:$H$3006,$J21),"")) | G21: =IF($J21="","",IF(LEFT(INDEX(NKC!$G$7:$G$3006,$J21),LEN($B$5))=$B$5,INDEX(NKC!$H$7:$H$3006,$J21),"")) | H21: =IF($J21="","",H20+N(F21)-N(G21)) | J21: =IFERROR(MATCH(14,NKC!$P$7:$P$3006,0),"")
A22: =IF($J22="","",INDEX(NKC!$B$7:$B$3006,$J22)) | B22: =IF($J22="","",INDEX(NKC!$C$7:$C$3006,$J22)) | C22: =IF($J22="","",INDEX(NKC!$D$7:$D$3006,$J22)) | D22: =IF($J22="","",INDEX(NKC!$E$7:$E$3006,$J22)) | E22: =IF($J22="","",IF(LEFT(INDEX(NKC!$F$7:$F$3006,$J22),LEN($B$5))=$B$5,INDEX(NKC!$G$7:$G$3006,$J22),INDEX(NKC!$F$7:$F$3006,$J22))) | F22: =IF($J22="","",IF(LEFT(INDEX(NKC!$F$7:$F$3006,$J22),LEN($B$5))=$B$5,INDEX(NKC!$H$7:$H$3006,$J22),"")) | G22: =IF($J22="","",IF(LEFT(INDEX(NKC!$G$7:$G$3006,$J22),LEN($B$5))=$B$5,INDEX(NKC!$H$7:$H$3006,$J22),"")) | H22: =IF($J22="","",H21+N(F22)-N(G22)) | J22: =IFERROR(MATCH(15,NKC!$P$7:$P$3006,0),"")
A23: =IF($J23="","",INDEX(NKC!$B$7:$B$3006,$J23)) | B23: =IF($J23="","",INDEX(NKC!$C$7:$C$3006,$J23)) | C23: =IF($J23="","",INDEX(NKC!$D$7:$D$3006,$J23)) | D23: =IF($J23="","",INDEX(NKC!$E$7:$E$3006,$J23)) | E23: =IF($J23="","",IF(LEFT(INDEX(NKC!$F$7:$F$3006,$J23),LEN($B$5))=$B$5,INDEX(NKC!$G$7:$G$3006,$J23),INDEX(NKC!$F$7:$F$3006,$J23))) | F23: =IF($J23="","",IF(LEFT(INDEX(NKC!$F$7:$F$3006,$J23),LEN($B$5))=$B$5,INDEX(NKC!$H$7:$H$3006,$J23),"")) | G23: =IF($J23="","",IF(LEFT(INDEX(NKC!$G$7:$G$3006,$J23),LEN($B$5))=$B$5,INDEX(NKC!$H$7:$H$3006,$J23),"")) | H23: =IF($J23="","",H22+N(F23)-N(G23)) | J23: =IFERROR(MATCH(16,NKC!$P$7:$P$3006,0),"")
A24: =IF($J24="","",INDEX(NKC!$B$7:$B$3006,$J24)) | B24: =IF($J24="","",INDEX(NKC!$C$7:$C$3006,$J24)) | C24: =IF($J24="","",INDEX(NKC!$D$7:$D$3006,$J24)) | D24: =IF($J24="","",INDEX(NKC!$E$7:$E$3006,$J24)) | E24: =IF($J24="","",IF(LEFT(INDEX(NKC!$F$7:$F$3006,$J24),LEN($B$5))=$B$5,INDEX(NKC!$G$7:$G$3006,$J24),INDEX(NKC!$F$7:$F$3006,$J24))) | F24: =IF($J24="","",IF(LEFT(INDEX(NKC!$F$7:$F$3006,$J24),LEN($B$5))=$B$5,INDEX(NKC!$H$7:$H$3006,$J24),"")) | G24: =IF($J24="","",IF(LEFT(INDEX(NKC!$G$7:$G$3006,$J24),LEN($B$5))=$B$5,INDEX(NKC!$H$7:$H$3006,$J24),"")) | H24: =IF($J24="","",H23+N(F24)-N(G24)) | J24: =IFERROR(MATCH(17,NKC!$P$7:$P$3006,0),"")
A25: =IF($J25="","",INDEX(NKC!$B$7:$B$3006,$J25)) | B25: =IF($J25="","",INDEX(NKC!$C$7:$C$3006,$J25)) | C25: =IF($J25="","",INDEX(NKC!$D$7:$D$3006,$J25)) | D25: =IF($J25="","",INDEX(NKC!$E$7:$E$3006,$J25)) | E25: =IF($J25="","",IF(LEFT(INDEX(NKC!$F$7:$F$3006,$J25),LEN($B$5))=$B$5,INDEX(NKC!$G$7:$G$3006,$J25),INDEX(NKC!$F$7:$F$3006,$J25))) | F25: =IF($J25="","",IF(LEFT(INDEX(NKC!$F$7:$F$3006,$J25),LEN($B$5))=$B$5,INDEX(NKC!$H$7:$H$3006,$J25),"")) | G25: =IF($J25="","",IF(LEFT(INDEX(NKC!$G$7:$G$3006,$J25),LEN($B$5))=$B$5,INDEX(NKC!$H$7:$H$3006,$J25),"")) | H25: =IF($J25="","",H24+N(F25)-N(G25)) | J25: =IFERROR(MATCH(18,NKC!$P$7:$P$3006,0),"")
A26: =IF($J26="","",INDEX(NKC!$B$7:$B$3006,$J26)) | B26: =IF($J26="","",INDEX(NKC!$C$7:$C$3006,$J26)) | C26: =IF($J26="","",INDEX(NKC!$D$7:$D$3006,$J26)) | D26: =IF($J26="","",INDEX(NKC!$E$7:$E$3006,$J26)) | E26: =IF($J26="","",IF(LEFT(INDEX(NKC!$F$7:$F$3006,$J26),LEN($B$5))=$B$5,INDEX(NKC!$G$7:$G$3006,$J26),INDEX(NKC!$F$7:$F$3006,$J26))) | F26: =IF($J26="","",IF(LEFT(INDEX(NKC!$F$7:$F$3006,$J26),LEN($B$5))=$B$5,INDEX(NKC!$H$7:$H$3006,$J26),"")) | G26: =IF($J26="","",IF(LEFT(INDEX(NKC!$G$7:$G$3006,$J26),LEN($B$5))=$B$5,INDEX(NKC!$H$7:$H$3006,$J26),"")) | H26: =IF($J26="","",H25+N(F26)-N(G26)) | J26: =IFERROR(MATCH(19,NKC!$P$7:$P$3006,0),"")
A27: =IF($J27="","",INDEX(NKC!$B$7:$B$3006,$J27)) | B27: =IF($J27="","",INDEX(NKC!$C$7:$C$3006,$J27)) | C27: =IF($J27="","",INDEX(NKC!$D$7:$D$3006,$J27)) | D27: =IF($J27="","",INDEX(NKC!$E$7:$E$3006,$J27)) | E27: =IF($J27="","",IF(LEFT(INDEX(NKC!$F$7:$F$3006,$J27),LEN($B$5))=$B$5,INDEX(NKC!$G$7:$G$3006,$J27),INDEX(NKC!$F$7:$F$3006,$J27))) | F27: =IF($J27="","",IF(LEFT(INDEX(NKC!$F$7:$F$3006,$J27),LEN($B$5))=$B$5,INDEX(NKC!$H$7:$H$3006,$J27),"")) | G27: =IF($J27="","",IF(LEFT(INDEX(NKC!$G$7:$G$3006,$J27),LEN($B$5))=$B$5,INDEX(NKC!$H$7:$H$3006,$J27),"")) | H27: =IF($J27="","",H26+N(F27)-N(G27)) | J27: =IFERROR(MATCH(20,NKC!$P$7:$P$3006,0),"")
A28: =IF($J28="","",INDEX(NKC!$B$7:$B$3006,$J28)) | B28: =IF($J28="","",INDEX(NKC!$C$7:$C$3006,$J28)) | C28: =IF($J28="","",INDEX(NKC!$D$7:$D$3006,$J28)) | D28: =IF($J28="","",INDEX(NKC!$E$7:$E$3006,$J28)) | E28: =IF($J28="","",IF(LEFT(INDEX(NKC!$F$7:$F$3006,$J28),LEN($B$5))=$B$5,INDEX(NKC!$G$7:$G$3006,$J28),INDEX(NKC!$F$7:$F$3006,$J28))) | F28: =IF($J28="","",IF(LEFT(INDEX(NKC!$F$7:$F$3006,$J28),LEN($B$5))=$B$5,INDEX(NKC!$H$7:$H$3006,$J28),"")) | G28: =IF($J28="","",IF(LEFT(INDEX(NKC!$G$7:$G$3006,$J28),LEN($B$5))=$B$5,INDEX(NKC!$H$7:$H$3006,$J28),"")) | H28: =IF($J28="","",H27+N(F28)-N(G28)) | J28: =IFERROR(MATCH(21,NKC!$P$7:$P$3006,0),"")
A29: =IF($J29="","",INDEX(NKC!$B$7:$B$3006,$J29)) | B29: =IF($J29="","",INDEX(NKC!$C$7:$C$3006,$J29)) | C29: =IF($J29="","",INDEX(NKC!$D$7:$D$3006,$J29)) | D29: =IF($J29="","",INDEX(NKC!$E$7:$E$3006,$J29)) | E29: =IF($J29="","",IF(LEFT(INDEX(NKC!$F$7:$F$3006,$J29),LEN($B$5))=$B$5,INDEX(NKC!$G$7:$G$3006,$J29),INDEX(NKC!$F$7:$F$3006,$J29))) | F29: =IF($J29="","",IF(LEFT(INDEX(NKC!$F$7:$F$3006,$J29),LEN($B$5))=$B$5,INDEX(NKC!$H$7:$H$3006,$J29),"")) | G29: =IF($J29="","",IF(LEFT(INDEX(NKC!$G$7:$G$3006,$J29),LEN($B$5))=$B$5,INDEX(NKC!$H$7:$H$3006,$J29),"")) | H29: =IF($J29="","",H28+N(F29)-N(G29)) | J29: =IFERROR(MATCH(22,NKC!$P$7:$P$3006,0),"")
A30: =IF($J30="","",INDEX(NKC!$B$7:$B$3006,$J30)) | B30: =IF($J30="","",INDEX(NKC!$C$7:$C$3006,$J30)) | C30: =IF($J30="","",INDEX(NKC!$D$7:$D$3006,$J30)) | D30: =IF($J30="","",INDEX(NKC!$E$7:$E$3006,$J30)) | E30: =IF($J30="","",IF(LEFT(INDEX(NKC!$F$7:$F$3006,$J30),LEN($B$5))=$B$5,INDEX(NKC!$G$7:$G$3006,$J30),INDEX(NKC!$F$7:$F$3006,$J30))) | F30: =IF($J30="","",IF(LEFT(INDEX(NKC!$F$7:$F$3006,$J30),LEN($B$5))=$B$5,INDEX(NKC!$H$7:$H$3006,$J30),"")) | G30: =IF($J30="","",IF(LEFT(INDEX(NKC!$G$7:$G$3006,$J30),LEN($B$5))=$B$5,INDEX(NKC!$H$7:$H$3006,$J30),"")) | H30: =IF($J30="","",H29+N(F30)-N(G30)) | J30: =IFERROR(MATCH(23,NKC!$P$7:$P$3006,0),"")
A31: =IF($J31="","",INDEX(NKC!$B$7:$B$3006,$J31)) | B31: =IF($J31="","",INDEX(NKC!$C$7:$C$3006,$J31)) | C31: =IF($J31="","",INDEX(NKC!$D$7:$D$3006,$J31)) | D31: =IF($J31="","",INDEX(NKC!$E$7:$E$3006,$J31)) | E31: =IF($J31="","",IF(LEFT(INDEX(NKC!$F$7:$F$3006,$J31),LEN($B$5))=$B$5,INDEX(NKC!$G$7:$G$3006,$J31),INDEX(NKC!$F$7:$F$3006,$J31))) | F31: =IF($J31="","",IF(LEFT(INDEX(NKC!$F$7:$F$3006,$J31),LEN($B$5))=$B$5,INDEX(NKC!$H$7:$H$3006,$J31),"")) | G31: =IF($J31="","",IF(LEFT(INDEX(NKC!$G$7:$G$3006,$J31),LEN($B$5))=$B$5,INDEX(NKC!$H$7:$H$3006,$J31),"")) | H31: =IF($J31="","",H30+N(F31)-N(G31)) | J31: =IFERROR(MATCH(24,NKC!$P$7:$P$3006,0),"")
A32: =IF($J32="","",INDEX(NKC!$B$7:$B$3006,$J32)) | B32: =IF($J32="","",INDEX(NKC!$C$7:$C$3006,$J32)) | C32: =IF($J32="","",INDEX(NKC!$D$7:$D$3006,$J32)) | D32: =IF($J32="","",INDEX(NKC!$E$7:$E$3006,$J32)) | E32: =IF($J32="","",IF(LEFT(INDEX(NKC!$F$7:$F$3006,$J32),LEN($B$5))=$B$5,INDEX(NKC!$G$7:$G$3006,$J32),INDEX(NKC!$F$7:$F$3006,$J32))) | F32: =IF($J32="","",IF(LEFT(INDEX(NKC!$F$7:$F$3006,$J32),LEN($B$5))=$B$5,INDEX(NKC!$H$7:$H$3006,$J32),"")) | G32: =IF($J32="","",IF(LEFT(INDEX(NKC!$G$7:$G$3006,$J32),LEN($B$5))=$B$5,INDEX(NKC!$H$7:$H$3006,$J32),"")) | H32: =IF($J32="","",H31+N(F32)-N(G32)) | J32: =IFERROR(MATCH(25,NKC!$P$7:$P$3006,0),"")
A33: =IF($J33="","",INDEX(NKC!$B$7:$B$3006,$J33)) | B33: =IF($J33="","",INDEX(NKC!$C$7:$C$3006,$J33)) | C33: =IF($J33="","",INDEX(NKC!$D$7:$D$3006,$J33)) | D33: =IF($J33="","",INDEX(NKC!$E$7:$E$3006,$J33)) | E33: =IF($J33="","",IF(LEFT(INDEX(NKC!$F$7:$F$3006,$J33),LEN($B$5))=$B$5,INDEX(NKC!$G$7:$G$3006,$J33),INDEX(NKC!$F$7:$F$3006,$J33))) | F33: =IF($J33="","",IF(LEFT(INDEX(NKC!$F$7:$F$3006,$J33),LEN($B$5))=$B$5,INDEX(NKC!$H$7:$H$3006,$J33),"")) | G33: =IF($J33="","",IF(LEFT(INDEX(NKC!$G$7:$G$3006,$J33),LEN($B$5))=$B$5,INDEX(NKC!$H$7:$H$3006,$J33),"")) | H33: =IF($J33="","",H32+N(F33)-N(G33)) | J33: =IFERROR(MATCH(26,NKC!$P$7:$P$3006,0),"")
A34: =IF($J34="","",INDEX(NKC!$B$7:$B$3006,$J34)) | B34: =IF($J34="","",INDEX(NKC!$C$7:$C$3006,$J34)) | C34: =IF($J34="","",INDEX(NKC!$D$7:$D$3006,$J34)) | D34: =IF($J34="","",INDEX(NKC!$E$7:$E$3006,$J34)) | E34: =IF($J34="","",IF(LEFT(INDEX(NKC!$F$7:$F$3006,$J34),LEN($B$5))=$B$5,INDEX(NKC!$G$7:$G$3006,$J34),INDEX(NKC!$F$7:$F$3006,$J34))) | F34: =IF($J34="","",IF(LEFT(INDEX(NKC!$F$7:$F$3006,$J34),LEN($B$5))=$B$5,INDEX(NKC!$H$7:$H$3006,$J34),"")) | G34: =IF($J34="","",IF(LEFT(INDEX(NKC!$G$7:$G$3006,$J34),LEN($B$5))=$B$5,INDEX(NKC!$H$7:$H$3006,$J34),"")) | H34: =IF($J34="","",H33+N(F34)-N(G34)) | J34: =IFERROR(MATCH(27,NKC!$P$7:$P$3006,0),"")
A35: =IF($J35="","",INDEX(NKC!$B$7:$B$3006,$J35)) | B35: =IF($J35="","",INDEX(NKC!$C$7:$C$3006,$J35)) | C35: =IF($J35="","",INDEX(NKC!$D$7:$D$3006,$J35)) | D35: =IF($J35="","",INDEX(NKC!$E$7:$E$3006,$J35)) | E35: =IF($J35="","",IF(LEFT(INDEX(NKC!$F$7:$F$3006,$J35),LEN($B$5))=$B$5,INDEX(NKC!$G$7:$G$3006,$J35),INDEX(NKC!$F$7:$F$3006,$J35))) | F35: =IF($J35="","",IF(LEFT(INDEX(NKC!$F$7:$F$3006,$J35),LEN($B$5))=$B$5,INDEX(NKC!$H$7:$H$3006,$J35),"")) | G35: =IF($J35="","",IF(LEFT(INDEX(NKC!$G$7:$G$3006,$J35),LEN($B$5))=$B$5,INDEX(NKC!$H$7:$H$3006,$J35),"")) | H35: =IF($J35="","",H34+N(F35)-N(G35)) | J35: =IFERROR(MATCH(28,NKC!$P$7:$P$3006,0),"")
A36: =IF($J36="","",INDEX(NKC!$B$7:$B$3006,$J36)) | B36: =IF($J36="","",INDEX(NKC!$C$7:$C$3006,$J36)) | C36: =IF($J36="","",INDEX(NKC!$D$7:$D$3006,$J36)) | D36: =IF($J36="","",INDEX(NKC!$E$7:$E$3006,$J36)) | E36: =IF($J36="","",IF(LEFT(INDEX(NKC!$F$7:$F$3006,$J36),LEN($B$5))=$B$5,INDEX(NKC!$G$7:$G$3006,$J36),INDEX(NKC!$F$7:$F$3006,$J36))) | F36: =IF($J36="","",IF(LEFT(INDEX(NKC!$F$7:$F$3006,$J36),LEN($B$5))=$B$5,INDEX(NKC!$H$7:$H$3006,$J36),"")) | G36: =IF($J36="","",IF(LEFT(INDEX(NKC!$G$7:$G$3006,$J36),LEN($B$5))=$B$5,INDEX(NKC!$H$7:$H$3006,$J36),"")) | H36: =IF($J36="","",H35+N(F36)-N(G36)) | J36: =IFERROR(MATCH(29,NKC!$P$7:$P$3006,0),"")
A37: =IF($J37="","",INDEX(NKC!$B$7:$B$3006,$J37)) | B37: =IF($J37="","",INDEX(NKC!$C$7:$C$3006,$J37)) | C37: =IF($J37="","",INDEX(NKC!$D$7:$D$3006,$J37)) | D37: =IF($J37="","",INDEX(NKC!$E$7:$E$3006,$J37)) | E37: =IF($J37="","",IF(LEFT(INDEX(NKC!$F$7:$F$3006,$J37),LEN($B$5))=$B$5,INDEX(NKC!$G$7:$G$3006,$J37),INDEX(NKC!$F$7:$F$3006,$J37))) | F37: =IF($J37="","",IF(LEFT(INDEX(NKC!$F$7:$F$3006,$J37),LEN($B$5))=$B$5,INDEX(NKC!$H$7:$H$3006,$J37),"")) | G37: =IF($J37="","",IF(LEFT(INDEX(NKC!$G$7:$G$3006,$J37),LEN($B$5))=$B$5,INDEX(NKC!$H$7:$H$3006,$J37),"")) | H37: =IF($J37="","",H36+N(F37)-N(G37)) | J37: =IFERROR(MATCH(30,NKC!$P$7:$P$3006,0),"")
A38: =IF($J38="","",INDEX(NKC!$B$7:$B$3006,$J38)) | B38: =IF($J38="","",INDEX(NKC!$C$7:$C$3006,$J38)) | C38: =IF($J38="","",INDEX(NKC!$D$7:$D$3006,$J38)) | D38: =IF($J38="","",INDEX(NKC!$E$7:$E$3006,$J38)) | E38: =IF($J38="","",IF(LEFT(INDEX(NKC!$F$7:$F$3006,$J38),LEN($B$5))=$B$5,INDEX(NKC!$G$7:$G$3006,$J38),INDEX(NKC!$F$7:$F$3006,$J38))) | F38: =IF($J38="","",IF(LEFT(INDEX(NKC!$F$7:$F$3006,$J38),LEN($B$5))=$B$5,INDEX(NKC!$H$7:$H$3006,$J38),"")) | G38: =IF($J38="","",IF(LEFT(INDEX(NKC!$G$7:$G$3006,$J38),LEN($B$5))=$B$5,INDEX(NKC!$H$7:$H$3006,$J38),"")) | H38: =IF($J38="","",H37+N(F38)-N(G38)) | J38: =IFERROR(MATCH(31,NKC!$P$7:$P$3006,0),"")
A39: =IF($J39="","",INDEX(NKC!$B$7:$B$3006,$J39)) | B39: =IF($J39="","",INDEX(NKC!$C$7:$C$3006,$J39)) | C39: =IF($J39="","",INDEX(NKC!$D$7:$D$3006,$J39)) | D39: =IF($J39="","",INDEX(NKC!$E$7:$E$3006,$J39)) | E39: =IF($J39="","",IF(LEFT(INDEX(NKC!$F$7:$F$3006,$J39),LEN($B$5))=$B$5,INDEX(NKC!$G$7:$G$3006,$J39),INDEX(NKC!$F$7:$F$3006,$J39))) | F39: =IF($J39="","",IF(LEFT(INDEX(NKC!$F$7:$F$3006,$J39),LEN($B$5))=$B$5,INDEX(NKC!$H$7:$H$3006,$J39),"")) | G39: =IF($J39="","",IF(LEFT(INDEX(NKC!$G$7:$G$3006,$J39),LEN($B$5))=$B$5,INDEX(NKC!$H$7:$H$3006,$J39),"")) | H39: =IF($J39="","",H38+N(F39)-N(G39)) | J39: =IFERROR(MATCH(32,NKC!$P$7:$P$3006,0),"")
A40: =IF($J40="","",INDEX(NKC!$B$7:$B$3006,$J40)) | B40: =IF($J40="","",INDEX(NKC!$C$7:$C$3006,$J40)) | C40: =IF($J40="","",INDEX(NKC!$D$7:$D$3006,$J40)) | D40: =IF($J40="","",INDEX(NKC!$E$7:$E$3006,$J40)) | E40: =IF($J40="","",IF(LEFT(INDEX(NKC!$F$7:$F$3006,$J40),LEN($B$5))=$B$5,INDEX(NKC!$G$7:$G$3006,$J40),INDEX(NKC!$F$7:$F$3006,$J40))) | F40: =IF($J40="","",IF(LEFT(INDEX(NKC!$F$7:$F$3006,$J40),LEN($B$5))=$B$5,INDEX(NKC!$H$7:$H$3006,$J40),"")) | G40: =IF($J40="","",IF(LEFT(INDEX(NKC!$G$7:$G$3006,$J40),LEN($B$5))=$B$5,INDEX(NKC!$H$7:$H$3006,$J40),"")) | H40: =IF($J40="","",H39+N(F40)-N(G40)) | J40: =IFERROR(MATCH(33,NKC!$P$7:$P$3006,0),"")
A41: =IF($J41="","",INDEX(NKC!$B$7:$B$3006,$J41)) | B41: =IF($J41="","",INDEX(NKC!$C$7:$C$3006,$J41)) | C41: =IF($J41="","",INDEX(NKC!$D$7:$D$3006,$J41)) | D41: =IF($J41="","",INDEX(NKC!$E$7:$E$3006,$J41)) | E41: =IF($J41="","",IF(LEFT(INDEX(NKC!$F$7:$F$3006,$J41),LEN($B$5))=$B$5,INDEX(NKC!$G$7:$G$3006,$J41),INDEX(NKC!$F$7:$F$3006,$J41))) | F41: =IF($J41="","",IF(LEFT(INDEX(NKC!$F$7:$F$3006,$J41),LEN($B$5))=$B$5,INDEX(NKC!$H$7:$H$3006,$J41),"")) | G41: =IF($J41="","",IF(LEFT(INDEX(NKC!$G$7:$G$3006,$J41),LEN($B$5))=$B$5,INDEX(NKC!$H$7:$H$3006,$J41),"")) | H41: =IF($J41="","",H40+N(F41)-N(G41)) | J41: =IFERROR(MATCH(34,NKC!$P$7:$P$3006,0),"")
A42: =IF($J42="","",INDEX(NKC!$B$7:$B$3006,$J42)) | B42: =IF($J42="","",INDEX(NKC!$C$7:$C$3006,$J42)) | C42: =IF($J42="","",INDEX(NKC!$D$7:$D$3006,$J42)) | D42: =IF($J42="","",INDEX(NKC!$E$7:$E$3006,$J42)) | E42: =IF($J42="","",IF(LEFT(INDEX(NKC!$F$7:$F$3006,$J42),LEN($B$5))=$B$5,INDEX(NKC!$G$7:$G$3006,$J42),INDEX(NKC!$F$7:$F$3006,$J42))) | F42: =IF($J42="","",IF(LEFT(INDEX(NKC!$F$7:$F$3006,$J42),LEN($B$5))=$B$5,INDEX(NKC!$H$7:$H$3006,$J42),"")) | G42: =IF($J42="","",IF(LEFT(INDEX(NKC!$G$7:$G$3006,$J42),LEN($B$5))=$B$5,INDEX(NKC!$H$7:$H$3006,$J42),"")) | H42: =IF($J42="","",H41+N(F42)-N(G42)) | J42: =IFERROR(MATCH(35,NKC!$P$7:$P$3006,0),"")
A43: =IF($J43="","",INDEX(NKC!$B$7:$B$3006,$J43)) | B43: =IF($J43="","",INDEX(NKC!$C$7:$C$3006,$J43)) | C43: =IF($J43="","",INDEX(NKC!$D$7:$D$3006,$J43)) | D43: =IF($J43="","",INDEX(NKC!$E$7:$E$3006,$J43)) | E43: =IF($J43="","",IF(LEFT(INDEX(NKC!$F$7:$F$3006,$J43),LEN($B$5))=$B$5,INDEX(NKC!$G$7:$G$3006,$J43),INDEX(NKC!$F$7:$F$3006,$J43))) | F43: =IF($J43="","",IF(LEFT(INDEX(NKC!$F$7:$F$3006,$J43),LEN($B$5))=$B$5,INDEX(NKC!$H$7:$H$3006,$J43),"")) | G43: =IF($J43="","",IF(LEFT(INDEX(NKC!$G$7:$G$3006,$J43),LEN($B$5))=$B$5,INDEX(NKC!$H$7:$H$3006,$J43),"")) | H43: =IF($J43="","",H42+N(F43)-N(G43)) | J43: =IFERROR(MATCH(36,NKC!$P$7:$P$3006,0),"")
A44: =IF($J44="","",INDEX(NKC!$B$7:$B$3006,$J44)) | B44: =IF($J44="","",INDEX(NKC!$C$7:$C$3006,$J44)) | C44: =IF($J44="","",INDEX(NKC!$D$7:$D$3006,$J44)) | D44: =IF($J44="","",INDEX(NKC!$E$7:$E$3006,$J44)) | E44: =IF($J44="","",IF(LEFT(INDEX(NKC!$F$7:$F$3006,$J44),LEN($B$5))=$B$5,INDEX(NKC!$G$7:$G$3006,$J44),INDEX(NKC!$F$7:$F$3006,$J44))) | F44: =IF($J44="","",IF(LEFT(INDEX(NKC!$F$7:$F$3006,$J44),LEN($B$5))=$B$5,INDEX(NKC!$H$7:$H$3006,$J44),"")) | G44: =IF($J44="","",IF(LEFT(INDEX(NKC!$G$7:$G$3006,$J44),LEN($B$5))=$B$5,INDEX(NKC!$H$7:$H$3006,$J44),"")) | H44: =IF($J44="","",H43+N(F44)-N(G44)) | J44: =IFERROR(MATCH(37,NKC!$P$7:$P$3006,0),"")
A45: =IF($J45="","",INDEX(NKC!$B$7:$B$3006,$J45)) | B45: =IF($J45="","",INDEX(NKC!$C$7:$C$3006,$J45)) | C45: =IF($J45="","",INDEX(NKC!$D$7:$D$3006,$J45)) | D45: =IF($J45="","",INDEX(NKC!$E$7:$E$3006,$J45)) | E45: =IF($J45="","",IF(LEFT(INDEX(NKC!$F$7:$F$3006,$J45),LEN($B$5))=$B$5,INDEX(NKC!$G$7:$G$3006,$J45),INDEX(NKC!$F$7:$F$3006,$J45))) | F45: =IF($J45="","",IF(LEFT(INDEX(NKC!$F$7:$F$3006,$J45),LEN($B$5))=$B$5,INDEX(NKC!$H$7:$H$3006,$J45),"")) | G45: =IF($J45="","",IF(LEFT(INDEX(NKC!$G$7:$G$3006,$J45),LEN($B$5))=$B$5,INDEX(NKC!$H$7:$H$3006,$J45),"")) | H45: =IF($J45="","",H44+N(F45)-N(G45)) | J45: =IFERROR(MATCH(38,NKC!$P$7:$P$3006,0),"")
A46: =IF($J46="","",INDEX(NKC!$B$7:$B$3006,$J46)) | B46: =IF($J46="","",INDEX(NKC!$C$7:$C$3006,$J46)) | C46: =IF($J46="","",INDEX(NKC!$D$7:$D$3006,$J46)) | D46: =IF($J46="","",INDEX(NKC!$E$7:$E$3006,$J46)) | E46: =IF($J46="","",IF(LEFT(INDEX(NKC!$F$7:$F$3006,$J46),LEN($B$5))=$B$5,INDEX(NKC!$G$7:$G$3006,$J46),INDEX(NKC!$F$7:$F$3006,$J46))) | F46: =IF($J46="","",IF(LEFT(INDEX(NKC!$F$7:$F$3006,$J46),LEN($B$5))=$B$5,INDEX(NKC!$H$7:$H$3006,$J46),"")) | G46: =IF($J46="","",IF(LEFT(INDEX(NKC!$G$7:$G$3006,$J46),LEN($B$5))=$B$5,INDEX(NKC!$H$7:$H$3006,$J46),"")) | H46: =IF($J46="","",H45+N(F46)-N(G46)) | J46: =IFERROR(MATCH(39,NKC!$P$7:$P$3006,0),"")
A47: =IF($J47="","",INDEX(NKC!$B$7:$B$3006,$J47)) | B47: =IF($J47="","",INDEX(NKC!$C$7:$C$3006,$J47)) | C47: =IF($J47="","",INDEX(NKC!$D$7:$D$3006,$J47)) | D47: =IF($J47="","",INDEX(NKC!$E$7:$E$3006,$J47)) | E47: =IF($J47="","",IF(LEFT(INDEX(NKC!$F$7:$F$3006,$J47),LEN($B$5))=$B$5,INDEX(NKC!$G$7:$G$3006,$J47),INDEX(NKC!$F$7:$F$3006,$J47))) | F47: =IF($J47="","",IF(LEFT(INDEX(NKC!$F$7:$F$3006,$J47),LEN($B$5))=$B$5,INDEX(NKC!$H$7:$H$3006,$J47),"")) | G47: =IF($J47="","",IF(LEFT(INDEX(NKC!$G$7:$G$3006,$J47),LEN($B$5))=$B$5,INDEX(NKC!$H$7:$H$3006,$J47),"")) | H47: =IF($J47="","",H46+N(F47)-N(G47)) | J47: =IFERROR(MATCH(40,NKC!$P$7:$P$3006,0),"")
A48: =IF($J48="","",INDEX(NKC!$B$7:$B$3006,$J48)) | B48: =IF($J48="","",INDEX(NKC!$C$7:$C$3006,$J48)) | C48: =IF($J48="","",INDEX(NKC!$D$7:$D$3006,$J48)) | D48: =IF($J48="","",INDEX(NKC!$E$7:$E$3006,$J48)) | E48: =IF($J48="","",IF(LEFT(INDEX(NKC!$F$7:$F$3006,$J48),LEN($B$5))=$B$5,INDEX(NKC!$G$7:$G$3006,$J48),INDEX(NKC!$F$7:$F$3006,$J48))) | F48: =IF($J48="","",IF(LEFT(INDEX(NKC!$F$7:$F$3006,$J48),LEN($B$5))=$B$5,INDEX(NKC!$H$7:$H$3006,$J48),"")) | G48: =IF($J48="","",IF(LEFT(INDEX(NKC!$G$7:$G$3006,$J48),LEN($B$5))=$B$5,INDEX(NKC!$H$7:$H$3006,$J48),"")) | H48: =IF($J48="","",H47+N(F48)-N(G48)) | J48: =IFERROR(MATCH(41,NKC!$P$7:$P$3006,0),"")
A49: =IF($J49="","",INDEX(NKC!$B$7:$B$3006,$J49)) | B49: =IF($J49="","",INDEX(NKC!$C$7:$C$3006,$J49)) | C49: =IF($J49="","",INDEX(NKC!$D$7:$D$3006,$J49)) | D49: =IF($J49="","",INDEX(NKC!$E$7:$E$3006,$J49)) | E49: =IF($J49="","",IF(LEFT(INDEX(NKC!$F$7:$F$3006,$J49),LEN($B$5))=$B$5,INDEX(NKC!$G$7:$G$3006,$J49),INDEX(NKC!$F$7:$F$3006,$J49))) | F49: =IF($J49="","",IF(LEFT(INDEX(NKC!$F$7:$F$3006,$J49),LEN($B$5))=$B$5,INDEX(NKC!$H$7:$H$3006,$J49),"")) | G49: =IF($J49="","",IF(LEFT(INDEX(NKC!$G$7:$G$3006,$J49),LEN($B$5))=$B$5,INDEX(NKC!$H$7:$H$3006,$J49),"")) | H49: =IF($J49="","",H48+N(F49)-N(G49)) | J49: =IFERROR(MATCH(42,NKC!$P$7:$P$3006,0),"")
A50: =IF($J50="","",INDEX(NKC!$B$7:$B$3006,$J50)) | B50: =IF($J50="","",INDEX(NKC!$C$7:$C$3006,$J50)) | C50: =IF($J50="","",INDEX(NKC!$D$7:$D$3006,$J50)) | D50: =IF($J50="","",INDEX(NKC!$E$7:$E$3006,$J50)) | E50: =IF($J50="","",IF(LEFT(INDEX(NKC!$F$7:$F$3006,$J50),LEN($B$5))=$B$5,INDEX(NKC!$G$7:$G$3006,$J50),INDEX(NKC!$F$7:$F$3006,$J50))) | F50: =IF($J50="","",IF(LEFT(INDEX(NKC!$F$7:$F$3006,$J50),LEN($B$5))=$B$5,INDEX(NKC!$H$7:$H$3006,$J50),"")) | G50: =IF($J50="","",IF(LEFT(INDEX(NKC!$G$7:$G$3006,$J50),LEN($B$5))=$B$5,INDEX(NKC!$H$7:$H$3006,$J50),"")) | H50: =IF($J50="","",H49+N(F50)-N(G50)) | J50: =IFERROR(MATCH(43,NKC!$P$7:$P$3006,0),"")
