Workbook

Sheet HUONG_DAN
A1: BẢNG CHẤM CÔNG TỰ ĐỘNG 2026 – KHỚP NỐI FILE TÍNH LƯƠNG W1 | KK HOME
A2: Bản sạch dùng trên Excel 365. File chấm công theo lưới ngày 1–31 bằng ký hiệu, tự tổng hợp ngày công, ngày nghỉ và giờ làm thêm, rồi kết xuất đúng thứ tự cột của sheet CHAM_CONG_THANG trong file NS06_Bang_Luong_Tu_Dong_2026.xlsx. Hai file dùng chung mã nhân viên và chung thứ tự dòng.
A5: QUY TRÌNH SỬ DỤNG
A6: Bước 1 | B6: THAM_SO_CC | C6: Điền tên đơn vị, Từ ngày – Đến ngày của kỳ, giờ làm việc/ngày, chế độ nghỉ hằng tuần và danh sách ngày lễ, Tết trong kỳ. Ngày công chuẩn để chế độ Theo lịch thì file tự tính.
A7: Bước 2 | B7: KY_HIEU | C7: Xem bộ ký hiệu chấm công. Mỗi ký hiệu khai giá trị ngày cho từng chỉ tiêu, nên có cả ký hiệu nửa ngày làm việc ghép nửa ngày nghỉ. Được thêm ký hiệu mới từ dòng trống.
A8: Bước 3 | B8: DM_NHAN_SU | C8: Khai mã NV, họ tên, bộ phận, chức danh, ngày vào, ngày nghỉ việc. Mã NV phải trùng khít với file lương, không để dòng trống ở giữa.
A9: Bước 4 | B9: BANG_CHAM_CONG | C9: Chấm công lưới ngày 1–31 bằng ký hiệu chọn từ danh sách xổ xuống. Cột ngày nghỉ tuần và ngày lễ tự đổi màu. Bảy cột tổng hợp bên phải tự chạy.
A10: Bước 5 | B10: CC_OT_GIO | C10: Nhập giờ làm thêm và giờ làm ban đêm theo từng ngày. File tự xếp vào OT ngày thường, OT ngày nghỉ tuần hay OT ngày lễ theo danh sách ngày lễ đã khai.
A11: Bước 6 | B11: TONG_HOP_CC | C11: Đối chiếu ngày công, giờ công, giờ OT của từng người và xử lý hết cảnh báo trước khi chốt công.
A12: Bước 7 | B12: XUAT_SANG_LUONG | C12: Copy 3 khối sang file NS06_Bang_Luong_Tu_Dong_2026.xlsx theo đúng ô đích ghi trên đầu mỗi khối. Luôn dán bằng Paste Values.
A13: Bước 8 | B13: BAO_CAO | C13: Xem tổng hợp theo bộ phận và bảng kiểm tra khớp nối. Bảy dòng kiểm tra phải bằng 0 mới phát hành.
A15: CÁCH NỐI VỚI FILE TÍNH LƯƠNG NS06_Bang_Luong_Tu_Dong_2026.xlsx
A16: Khối 0 | B16: DM_NHAN_SU – ô B6 | C16: Copy XUAT_SANG_LUONG cột W:AB (Mã NV → Ngày nghỉ), dán Paste Values vào ô B6 sheet DM_NHAN_SU của file lương. Làm bước này trước để hai file cùng thứ tự dòng.
A17: Khối 1 | B17: CHAM_CONG_THANG – ô D6 | C17: Copy XUAT_SANG_LUONG cột E:N (Nguồn công → OT lễ đêm), dán Paste Values vào ô D6 sheet CHAM_CONG_THANG. Đúng 10 cột D:M.
A18: Khối 2 | B18: CHAM_CONG_THANG – ô AL6 | C18: Copy XUAT_SANG_LUONG cột P:U (Phép năm → Nghỉ không lương), dán Paste Values vào ô AL6 sheet CHAM_CONG_THANG. Đúng 6 cột AL:AQ.
A19: Sau khi dán | B19: Kiểm tra lại | C19: Trên file lương, cột AC:AK và AR:AW phải hiện đúng số vừa dán. Không dán đè lên hai vùng công thức này. Đối chiếu tổng tại BAO_CAO với sheet TONG_HOP của file lương.
A21: QUY ƯỚC MÀU
A22: Ô nhập liệu | C22: Người dùng được sửa | E22: Ô công thức | G22: Không sửa nếu chưa hiểu logic
A23: Cảnh báo | C23: Cần kiểm tra hồ sơ, dữ liệu | E23: Kết quả | G23: Dùng để đối chiếu hoặc kết xuất
A24: Ngày lễ, Tết | C24: Theo danh sách tại THAM_SO_CC | E24: Ngày nghỉ tuần | G24: Theo chế độ nghỉ tuần đã chọn
A26: QUY ƯỚC NGÀY CÔNG VÀ LƯU Ý
A27: Ngày công chuẩn là số ngày phải làm theo lịch doanh nghiệp, không gồm ngày nghỉ hằng tuần và ngày lễ, Tết. Mỗi ngày chỉ chấm một ký hiệu; muốn nửa ngày làm việc ghép nửa ngày nghỉ thì dùng ký hiệu ghép X-P, X-R, X-O, X-KL. Ngày nghỉ hằng tuần mà người lao động vẫn đi làm thì chấm NT trên lưới và nhập số giờ tại CC_OT_GIO, không chấm X, để công làm việc không bị đội lên. Giờ đêm trong ca là phần 22:00–06:00 nằm trong ca bình thường, file chỉ chuyển sang file lương để tính phần trả thêm ban đêm; giờ OT nhập tại CC_OT_GIO là giờ ngoài giờ tiêu chuẩn, không cộng vào công làm việc.
A31: Trước khi chốt lương, phải đối chiếu bảng chấm công với đơn xin nghỉ phép, giấy ra viện, hồ sơ hưởng chế độ BHXH, văn bản thoả thuận làm thêm giờ và giới hạn giờ làm thêm theo Bộ luật Lao động 45/2019/QH14 cùng Nghị định 145/2020/NĐ-CP. File là công cụ kiểm soát, không thay thế hồ sơ gốc và không tự kết luận tính hợp lệ của giờ làm thêm.

Sheet THAM_SO_CC
A1: THAM SỐ KỲ CHẤM CÔNG
A2: Ô vàng là dữ liệu phải điền. Từ ngày – Đến ngày quyết định lưới ngày 1–31 và cách tô màu ngày nghỉ. Danh sách ngày lễ, Tết dùng để tô màu lưới và xếp giờ làm thêm vào nhóm OT ngày lễ.
A5: THÔNG TIN KỲ CHẤM CÔNG | E5: NGÀY LỄ, TẾT VÀ NGÀY NGHỈ HƯỞNG LƯƠNG TRONG KỲ
A6: Tên đơn vị | B6: CÔNG TY … | E6: Nhập ngày lễ, Tết rơi vào kỳ chấm công. Ngày trong danh sách được tô cam trên lưới chấm công, bị trừ khỏi ngày công chuẩn theo lịch, và giờ làm thêm của ngày đó tự xếp vào nhóm OT ngày lễ.
A7: Địa chỉ | B7: Địa chỉ doanh nghiệp
A8: Từ ngày | B8: 46204
A9: Đến ngày | B9: 46234 | E9: STT | F9: Ngày | G9: Nội dung
A10: Ngày công chuẩn nhập tay | B10: 26 | E10: =IF($F10="","",ROW()-9) | F10: 46266 | G10: Ví dụ – xoá nếu không thuộc kỳ
A11: Giờ làm việc/ngày | B11: 8 | E11: =IF($F11="","",ROW()-9) | F11: 46267 | G11: Ví dụ – xoá nếu không thuộc kỳ
A12: Chế độ nghỉ hằng tuần | B12: CN | E12: =IF($F12="","",ROW()-9)
A13: Người chấm công | B13: Họ tên người chấm công | E13: =IF($F13="","",ROW()-9)
A14: Người duyệt | B14: Họ tên người duyệt | E14: =IF($F14="","",ROW()-9)
A15: Ngày cập nhật | B15: 46272 | E15: =IF($F15="","",ROW()-9)
A16: Phiên bản | B16: KK HOME Timesheet 2026.1 – Excel 365 | E16: =IF($F16="","",ROW()-9)
A17: Kỳ chấm công | B17: =IF($B$8="","","Từ "&TEXT($B$8,"dd/mm/yyyy")&" đến "&TEXT($B$9,"dd/mm/yyyy")) | E17: =IF($F17="","",ROW()-9)
A18: Số ngày dương lịch trong kỳ | B18: =IF(OR($B$8="",$B$9=""),"",$B$9-$B$8+1) | E18: =IF($F18="","",ROW()-9)
A19: Ngày công chuẩn theo lịch (tự tính) | B19: =IF(OR($B$8="",$B$9=""),"",SUMPRODUCT(((WEEKDAY(ROW(INDIRECT($B$8&":"&$B$9)),2)<7)*($B$12="CN")+(WEEKDAY(ROW(INDIRECT($B$8&":"&$B$9)),2)<6)*($B$12="T7+CN"))*(COUNTIF($F$10:$F$40,ROW(INDIRECT($B$8&":"&$B$9)))=0))) | E19: =IF($F19="","",ROW()-9)
A20: Cách lấy ngày công chuẩn | B20: Theo lịch | E20: =IF($F20="","",ROW()-9)
A21: Ngày công chuẩn đang áp dụng | B21: =IF($B$20="Nhập tay",$B$10,$B$19) | E21: =IF($F21="","",ROW()-9)
A22: Số ngày lễ, Tết trong kỳ | B22: =IF(OR($B$8="",$B$9=""),"",SUMPRODUCT(($F$10:$F$40>=$B$8)*($F$10:$F$40<=$B$9)*($F$10:$F$40<>""))) | E22: =IF($F22="","",ROW()-9)
E23: =IF($F23="","",ROW()-9)
A24: Hệ số làm thêm giờ, hệ số ban đêm, lương tối thiểu vùng và toàn bộ tham số thuế – bảo hiểm nằm ở sheet THAM_SO của file NS06_Bang_Luong_Tu_Dong_2026.xlsx. File chấm công chỉ đếm ngày và giờ, không tính tiền, để hai file không lệch tham số. | E24: =IF($F24="","",ROW()-9)
E25: =IF($F25="","",ROW()-9)
E26: =IF($F26="","",ROW()-9)
E27: =IF($F27="","",ROW()-9)
E28: =IF($F28="","",ROW()-9)
E29: =IF($F29="","",ROW()-9)
E30: =IF($F30="","",ROW()-9)
E31: =IF($F31="","",ROW()-9)
E32: =IF($F32="","",ROW()-9)
E33: =IF($F33="","",ROW()-9)
E34: =IF($F34="","",ROW()-9)
E35: =IF($F35="","",ROW()-9)
E36: =IF($F36="","",ROW()-9)
... E40: =IF($F40="","",ROW()-9)

Sheet KY_HIEU
A1: BỘ KÝ HIỆU CHẤM CÔNG VÀ GIÁ TRỊ QUY ĐỔI
A2: Bảy cột C:I là số ngày quy đổi của một ô chấm cho từng chỉ tiêu trên bảng lương. Cột J phải bằng 1 với ngày phải làm và bằng 0 với ngày không tính công. Thêm ký hiệu mới từ dòng trống và khai đủ giá trị, phần tổng hợp sẽ tự nhận.
A5: Mã ký hiệu | B5: Diễn giải | C5: Làm việc | D5: Phép năm | E5: Lễ/Tết | F5: Việc riêng | G5: Ốm BHXH | H5: Thai sản | I5: Không lương | J5: Tổng ngày quy đổi | K5: Ghi chú
A6: X | B6: Làm việc đủ ngày | C6: 1 | D6: 0 | E6: 0 | F6: 0 | G6: 0 | H6: 0 | I6: 0 | J6: =IF($A6="","",SUM($C6:$I6))
A7: X/2 | B7: Làm việc nửa ngày, nửa ngày còn lại không chấm | C7: 0.5 | D7: 0 | E7: 0 | F7: 0 | G7: 0 | H7: 0 | I7: 0 | J7: =IF($A7="","",SUM($C7:$I7)) | K7: Dùng khi nửa ngày kia không thuộc ngày phải làm
A8: P | B8: Nghỉ phép năm hưởng lương cả ngày | C8: 0 | D8: 1 | E8: 0 | F8: 0 | G8: 0 | H8: 0 | I8: 0 | J8: =IF($A8="","",SUM($C8:$I8))
A9: P/2 | B9: Nghỉ phép năm nửa ngày | C9: 0 | D9: 0.5 | E9: 0 | F9: 0 | G9: 0 | H9: 0 | I9: 0 | J9: =IF($A9="","",SUM($C9:$I9))
A10: X-P | B10: Nửa ngày làm việc, nửa ngày nghỉ phép năm | C10: 0.5 | D10: 0.5 | E10: 0 | F10: 0 | G10: 0 | H10: 0 | I10: 0 | J10: =IF($A10="","",SUM($C10:$I10)) | K10: Ký hiệu ghép
A11: L | B11: Nghỉ lễ, Tết hưởng nguyên lương | C11: 0 | D11: 0 | E11: 1 | F11: 0 | G11: 0 | H11: 0 | I11: 0 | J11: =IF($A11="","",SUM($C11:$I11)) | K11: Không nằm trong ngày công chuẩn
A12: R | B12: Nghỉ việc riêng hưởng lương cả ngày | C12: 0 | D12: 0 | E12: 0 | F12: 1 | G12: 0 | H12: 0 | I12: 0 | J12: =IF($A12="","",SUM($C12:$I12)) | K12: Kết hôn, con kết hôn, tang chế
A13: R/2 | B13: Nghỉ việc riêng hưởng lương nửa ngày | C13: 0 | D13: 0 | E13: 0 | F13: 0.5 | G13: 0 | H13: 0 | I13: 0 | J13: =IF($A13="","",SUM($C13:$I13))
A14: X-R | B14: Nửa ngày làm việc, nửa ngày việc riêng | C14: 0.5 | D14: 0 | E14: 0 | F14: 0.5 | G14: 0 | H14: 0 | I14: 0 | J14: =IF($A14="","",SUM($C14:$I14)) | K14: Ký hiệu ghép
A15: O | B15: Nghỉ ốm hưởng chế độ BHXH | C15: 0 | D15: 0 | E15: 0 | F15: 0 | G15: 1 | H15: 0 | I15: 0 | J15: =IF($A15="","",SUM($C15:$I15)) | K15: Cần giấy ra viện, giấy nghỉ hưởng BHXH
A16: CO | B16: Nghỉ chăm con ốm hưởng chế độ BHXH | C16: 0 | D16: 0 | E16: 0 | F16: 0 | G16: 1 | H16: 0 | I16: 0 | J16: =IF($A16="","",SUM($C16:$I16))
A17: DS | B17: Nghỉ dưỡng sức, phục hồi sức khoẻ | C17: 0 | D17: 0 | E17: 0 | F17: 0 | G17: 1 | H17: 0 | I17: 0 | J17: =IF($A17="","",SUM($C17:$I17))
A18: X-O | B18: Nửa ngày làm việc, nửa ngày nghỉ ốm | C18: 0.5 | D18: 0 | E18: 0 | F18: 0 | G18: 0.5 | H18: 0 | I18: 0 | J18: =IF($A18="","",SUM($C18:$I18)) | K18: Ký hiệu ghép
A19: TS | B19: Nghỉ thai sản hưởng chế độ BHXH | C19: 0 | D19: 0 | E19: 0 | F19: 0 | G19: 0 | H19: 1 | I19: 0 | J19: =IF($A19="","",SUM($C19:$I19))
A20: KCT | B20: Nghỉ khám thai hưởng chế độ BHXH | C20: 0 | D20: 0 | E20: 0 | F20: 0 | G20: 0 | H20: 1 | I20: 0 | J20: =IF($A20="","",SUM($C20:$I20))
A21: KL | B21: Nghỉ không hưởng lương, có xin phép | C21: 0 | D21: 0 | E21: 0 | F21: 0 | G21: 0 | H21: 0 | I21: 1 | J21: =IF($A21="","",SUM($C21:$I21))
A22: KL/2 | B22: Nghỉ không hưởng lương nửa ngày | C22: 0 | D22: 0 | E22: 0 | F22: 0 | G22: 0 | H22: 0 | I22: 0.5 | J22: =IF($A22="","",SUM($C22:$I22))
A23: X-KL | B23: Nửa ngày làm việc, nửa ngày không lương | C23: 0.5 | D23: 0 | E23: 0 | F23: 0 | G23: 0 | H23: 0 | I23: 0.5 | J23: =IF($A23="","",SUM($C23:$I23)) | K23: Ký hiệu ghép
A24: NN | B24: Nghỉ không phép, không hưởng lương | C24: 0 | D24: 0 | E24: 0 | F24: 0 | G24: 0 | H24: 0 | I24: 1 | J24: =IF($A24="","",SUM($C24:$I24)) | K24: Rà soát xử lý kỷ luật lao động
A25: NT | B25: Ngày nghỉ hằng tuần theo lịch | C25: 0 | D25: 0 | E25: 0 | F25: 0 | G25: 0 | H25: 0 | I25: 0 | J25: =IF($A25="","",SUM($C25:$I25)) | K25: Đi làm ngày này thì nhập giờ tại CC_OT_GIO
A26: TN | B26: Nghỉ do tai nạn lao động, bệnh nghề nghiệp | C26: 0 | D26: 0 | E26: 0 | F26: 0 | G26: 0 | H26: 0 | I26: 0 | J26: =IF($A26="","",SUM($C26:$I26)) | K26: Khai riêng tại CHE_DO_BHXH của file lương
A27: NV | B27: Chưa vào làm hoặc đã nghỉ việc | C27: 0 | D27: 0 | E27: 0 | F27: 0 | G27: 0 | H27: 0 | I27: 0 | J27: =IF($A27="","",SUM($C27:$I27))
J28: =IF($A28="","",SUM($C28:$I28))
J29: =IF($A29="","",SUM($C29:$I29))
J30: =IF($A30="","",SUM($C30:$I30))
J31: =IF($A31="","",SUM($C31:$I31))
J32: =IF($A32="","",SUM($C32:$I32))
J33: =IF($A33="","",SUM($C33:$I33))
J34: =IF($A34="","",SUM($C34:$I34))
J35: =IF($A35="","",SUM($C35:$I35))
J36: =IF($A36="","",SUM($C36:$I36))
J37: =IF($A37="","",SUM($C37:$I37))
J38: =IF($A38="","",SUM($C38:$I38))
J39: =IF($A39="","",SUM($C39:$I39))
... J45: =IF($A45="","",SUM($C45:$I45))

Sheet DM_NHAN_SU
A1: DANH MỤC NHÂN SỰ CHẤM CÔNG
A2: Nhập một dòng cho mỗi nhân viên, không để dòng trống ở giữa. Mã NV phải trùng khít với sheet DM_NHAN_SU của file NS06_Bang_Luong_Tu_Dong_2026.xlsx – dùng khối W:AB tại sheet XUAT_SANG_LUONG để dán danh sách này sang file lương, hai file sẽ cùng thứ tự dòng. Cột H, I chỉ điền khi người này khác mặt bằng chung của đơn vị.
A5: STT | B5: Mã NV | C5: Họ và tên | D5: Bộ phận | E5: Chức danh | F5: Ngày vào | G5: Ngày nghỉ việc | H5: Giờ/ngày riêng | I5: Ngày công chuẩn riêng | J5: Ghi chú
A6: =IF($B6="","",ROW()-5)
A7: =IF($B7="","",ROW()-5)
A8: =IF($B8="","",ROW()-5)
A9: =IF($B9="","",ROW()-5)
A10: =IF($B10="","",ROW()-5)
A11: =IF($B11="","",ROW()-5)
A12: =IF($B12="","",ROW()-5)
A13: =IF($B13="","",ROW()-5)
A14: =IF($B14="","",ROW()-5)
A15: =IF($B15="","",ROW()-5)
A16: =IF($B16="","",ROW()-5)
A17: =IF($B17="","",ROW()-5)
... A155: =IF($B155="","",ROW()-5)

Sheet BANG_CHAM_CONG
A1: BẢNG CHẤM CÔNG THÁNG – LƯỚI NGÀY 1 ĐẾN 31
A2: Mỗi ngày chỉ chấm một ký hiệu, chọn từ danh sách xổ xuống. Cột xanh nhạt là ngày nghỉ hằng tuần, cột cam là ngày lễ – Tết, cột xám đậm là ngày không thuộc kỳ. Nửa ngày làm việc ghép nửa ngày nghỉ thì dùng ký hiệu ghép X-P, X-R, X-O, X-KL. Bảy cột tổng hợp bên phải chạy theo sheet KY_HIEU, không sửa.
A4: Thứ trong tuần → | F4: =IF(THAM_SO_CC!$B$8+0>THAM_SO_CC!$B$9,"",CHOOSE(WEEKDAY(THAM_SO_CC!$B$8+0,2),"T2","T3","T4","T5","T6","T7","CN")) | G4: =IF(THAM_SO_CC!$B$8+1>THAM_SO_CC!$B$9,"",CHOOSE(WEEKDAY(THAM_SO_CC!$B$8+1,2),"T2","T3","T4","T5","T6","T7","CN")) | H4: =IF(THAM_SO_CC!$B$8+2>THAM_SO_CC!$B$9,"",CHOOSE(WEEKDAY(THAM_SO_CC!$B$8+2,2),"T2","T3","T4","T5","T6","T7","CN")) | I4: =IF(THAM_SO_CC!$B$8+3>THAM_SO_CC!$B$9,"",CHOOSE(WEEKDAY(THAM_SO_CC!$B$8+3,2),"T2","T3","T4","T5","T6","T7","CN")) | J4: =IF(THAM_SO_CC!$B$8+4>THAM_SO_CC!$B$9,"",CHOOSE(WEEKDAY(THAM_SO_CC!$B$8+4,2),"T2","T3","T4","T5","T6","T7","CN")) | K4: =IF(THAM_SO_CC!$B$8+5>THAM_SO_CC!$B$9,"",CHOOSE(WEEKDAY(THAM_SO_CC!$B$8+5,2),"T2","T3","T4","T5","T6","T7","CN")) | L4: =IF(THAM_SO_CC!$B$8+6>THAM_SO_CC!$B$9,"",CHOOSE(WEEKDAY(THAM_SO_CC!$B$8+6,2),"T2","T3","T4","T5","T6","T7","CN")) | M4: =IF(THAM_SO_CC!$B$8+7>THAM_SO_CC!$B$9,"",CHOOSE(WEEKDAY(THAM_SO_CC!$B$8+7,2),"T2","T3","T4","T5","T6","T7","CN")) | N4: =IF(THAM_SO_CC!$B$8+8>THAM_SO_CC!$B$9,"",CHOOSE(WEEKDAY(THAM_SO_CC!$B$8+8,2),"T2","T3","T4","T5","T6","T7","CN")) | O4: =IF(THAM_SO_CC!$B$8+9>THAM_SO_CC!$B$9,"",CHOOSE(WEEKDAY(THAM_SO_CC!$B$8+9,2),"T2","T3","T4","T5","T6","T7","CN")) | P4: =IF(THAM_SO_CC!$B$8+10>THAM_SO_CC!$B$9,"",CHOOSE(WEEKDAY(THAM_SO_CC!$B$8+10,2),"T2","T3","T4","T5","T6","T7","CN")) | Q4: =IF(THAM_SO_CC!$B$8+11>THAM_SO_CC!$B$9,"",CHOOSE(WEEKDAY(THAM_SO_CC!$B$8+11,2),"T2","T3","T4","T5","T6","T7","CN")) | R4: =IF(THAM_SO_CC!$B$8+12>THAM_SO_CC!$B$9,"",CHOOSE(WEEKDAY(THAM_SO_CC!$B$8+12,2),"T2","T3","T4","T5","T6","T7","CN")) | S4: =IF(THAM_SO_CC!$B$8+13>THAM_SO_CC!$B$9,"",CHOOSE(WEEKDAY(THAM_SO_CC!$B$8+13,2),"T2","T3","T4","T5","T6","T7","CN")) | T4: =IF(THAM_SO_CC!$B$8+14>THAM_SO_CC!$B$9,"",CHOOSE(WEEKDAY(THAM_SO_CC!$B$8+14,2),"T2","T3","T4","T5","T6","T7","CN")) | U4: =IF(THAM_SO_CC!$B$8+15>THAM_SO_CC!$B$9,"",CHOOSE(WEEKDAY(THAM_SO_CC!$B$8+15,2),"T2","T3","T4","T5","T6","T7","CN")) | V4: =IF(THAM_SO_CC!$B$8+16>THAM_SO_CC!$B$9,"",CHOOSE(WEEKDAY(THAM_SO_CC!$B$8+16,2),"T2","T3","T4","T5","T6","T7","CN")) | W4: =IF(THAM_SO_CC!$B$8+17>THAM_SO_CC!$B$9,"",CHOOSE(WEEKDAY(THAM_SO_CC!$B$8+17,2),"T2","T3","T4","T5","T6","T7","CN")) | X4: =IF(THAM_SO_CC!$B$8+18>THAM_SO_CC!$B$9,"",CHOOSE(WEEKDAY(THAM_SO_CC!$B$8+18,2),"T2","T3","T4","T5","T6","T7","CN")) | Y4: =IF(THAM_SO_CC!$B$8+19>THAM_SO_CC!$B$9,"",CHOOSE(WEEKDAY(THAM_SO_CC!$B$8+19,2),"T2","T3","T4","T5","T6","T7","CN")) | Z4: =IF(THAM_SO_CC!$B$8+20>THAM_SO_CC!$B$9,"",CHOOSE(WEEKDAY(THAM_SO_CC!$B$8+20,2),"T2","T3","T4","T5","T6","T7","CN")) | AA4: =IF(THAM_SO_CC!$B$8+21>THAM_SO_CC!$B$9,"",CHOOSE(WEEKDAY(THAM_SO_CC!$B$8+21,2),"T2","T3","T4","T5","T6","T7","CN")) | AB4: =IF(THAM_SO_CC!$B$8+22>THAM_SO_CC!$B$9,"",CHOOSE(WEEKDAY(THAM_SO_CC!$B$8+22,2),"T2","T3","T4","T5","T6","T7","CN")) | AC4: =IF(THAM_SO_CC!$B$8+23>THAM_SO_CC!$B$9,"",CHOOSE(WEEKDAY(THAM_SO_CC!$B$8+23,2),"T2","T3","T4","T5","T6","T7","CN")) | AD4: =IF(THAM_SO_CC!$B$8+24>THAM_SO_CC!$B$9,"",CHOOSE(WEEKDAY(THAM_SO_CC!$B$8+24,2),"T2","T3","T4","T5","T6","T7","CN")) | AE4: =IF(THAM_SO_CC!$B$8+25>THAM_SO_CC!$B$9,"",CHOOSE(WEEKDAY(THAM_SO_CC!$B$8+25,2),"T2","T3","T4","T5","T6","T7","CN")) | AF4: =IF(THAM_SO_CC!$B$8+26>THAM_SO_CC!$B$9,"",CHOOSE(WEEKDAY(THAM_SO_CC!$B$8+26,2),"T2","T3","T4","T5","T6","T7","CN")) | AG4: =IF(THAM_SO_CC!$B$8+27>THAM_SO_CC!$B$9,"",CHOOSE(WEEKDAY(THAM_SO_CC!$B$8+27,2),"T2","T3","T4","T5","T6","T7","CN")) | AH4: =IF(THAM_SO_CC!$B$8+28>THAM_SO_CC!$B$9,"",CHOOSE(WEEKDAY(THAM_SO_CC!$B$8+28,2),"T2","T3","T4","T5","T6","T7","CN")) | AI4: =IF(THAM_SO_CC!$B$8+29>THAM_SO_CC!$B$9,"",CHOOSE(WEEKDAY(THAM_SO_CC!$B$8+29,2),"T2","T3","T4","T5","T6","T7","CN")) | AJ4: =IF(THAM_SO_CC!$B$8+30>THAM_SO_CC!$B$9,"",CHOOSE(WEEKDAY(THAM_SO_CC!$B$8+30,2),"T2","T3","T4","T5","T6","T7","CN")) | AK4: Làm việc | AL4: Phép năm | AM4: Lễ/Tết | AN4: Việc riêng | AO4: Ốm BHXH | AP4: Thai sản | AQ4: Không lương
A5: STT | B5: Mã NV | C5: Họ và tên | D5: Bộ phận | E5: Chức danh | F5: =IF(THAM_SO_CC!$B$8+0>THAM_SO_CC!$B$9,"",DAY(THAM_SO_CC!$B$8+0)) | G5: =IF(THAM_SO_CC!$B$8+1>THAM_SO_CC!$B$9,"",DAY(THAM_SO_CC!$B$8+1)) | H5: =IF(THAM_SO_CC!$B$8+2>THAM_SO_CC!$B$9,"",DAY(THAM_SO_CC!$B$8+2)) | I5: =IF(THAM_SO_CC!$B$8+3>THAM_SO_CC!$B$9,"",DAY(THAM_SO_CC!$B$8+3)) | J5: =IF(THAM_SO_CC!$B$8+4>THAM_SO_CC!$B$9,"",DAY(THAM_SO_CC!$B$8+4)) | K5: =IF(THAM_SO_CC!$B$8+5>THAM_SO_CC!$B$9,"",DAY(THAM_SO_CC!$B$8+5)) | L5: =IF(THAM_SO_CC!$B$8+6>THAM_SO_CC!$B$9,"",DAY(THAM_SO_CC!$B$8+6)) | M5: =IF(THAM_SO_CC!$B$8+7>THAM_SO_CC!$B$9,"",DAY(THAM_SO_CC!$B$8+7)) | N5: =IF(THAM_SO_CC!$B$8+8>THAM_SO_CC!$B$9,"",DAY(THAM_SO_CC!$B$8+8)) | O5: =IF(THAM_SO_CC!$B$8+9>THAM_SO_CC!$B$9,"",DAY(THAM_SO_CC!$B$8+9)) | P5: =IF(THAM_SO_CC!$B$8+10>THAM_SO_CC!$B$9,"",DAY(THAM_SO_CC!$B$8+10)) | Q5: =IF(THAM_SO_CC!$B$8+11>THAM_SO_CC!$B$9,"",DAY(THAM_SO_CC!$B$8+11)) | R5: =IF(THAM_SO_CC!$B$8+12>THAM_SO_CC!$B$9,"",DAY(THAM_SO_CC!$B$8+12)) | S5: =IF(THAM_SO_CC!$B$8+13>THAM_SO_CC!$B$9,"",DAY(THAM_SO_CC!$B$8+13)) | T5: =IF(THAM_SO_CC!$B$8+14>THAM_SO_CC!$B$9,"",DAY(THAM_SO_CC!$B$8+14)) | U5: =IF(THAM_SO_CC!$B$8+15>THAM_SO_CC!$B$9,"",DAY(THAM_SO_CC!$B$8+15)) | V5: =IF(THAM_SO_CC!$B$8+16>THAM_SO_CC!$B$9,"",DAY(THAM_SO_CC!$B$8+16)) | W5: =IF(THAM_SO_CC!$B$8+17>THAM_SO_CC!$B$9,"",DAY(THAM_SO_CC!$B$8+17)) | X5: =IF(THAM_SO_CC!$B$8+18>THAM_SO_CC!$B$9,"",DAY(THAM_SO_CC!$B$8+18)) | Y5: =IF(THAM_SO_CC!$B$8+19>THAM_SO_CC!$B$9,"",DAY(THAM_SO_CC!$B$8+19)) | Z5: =IF(THAM_SO_CC!$B$8+20>THAM_SO_CC!$B$9,"",DAY(THAM_SO_CC!$B$8+20)) | AA5: =IF(THAM_SO_CC!$B$8+21>THAM_SO_CC!$B$9,"",DAY(THAM_SO_CC!$B$8+21)) | AB5: =IF(THAM_SO_CC!$B$8+22>THAM_SO_CC!$B$9,"",DAY(THAM_SO_CC!$B$8+22)) | AC5: =IF(THAM_SO_CC!$B$8+23>THAM_SO_CC!$B$9,"",DAY(THAM_SO_CC!$B$8+23)) | AD5: =IF(THAM_SO_CC!$B$8+24>THAM_SO_CC!$B$9,"",DAY(THAM_SO_CC!$B$8+24)) | AE5: =IF(THAM_SO_CC!$B$8+25>THAM_SO_CC!$B$9,"",DAY(THAM_SO_CC!$B$8+25)) | AF5: =IF(THAM_SO_CC!$B$8+26>THAM_SO_CC!$B$9,"",DAY(THAM_SO_CC!$B$8+26)) | AG5: =IF(THAM_SO_CC!$B$8+27>THAM_SO_CC!$B$9,"",DAY(THAM_SO_CC!$B$8+27)) | AH5: =IF(THAM_SO_CC!$B$8+28>THAM_SO_CC!$B$9,"",DAY(THAM_SO_CC!$B$8+28)) | AI5: =IF(THAM_SO_CC!$B$8+29>THAM_SO_CC!$B$9,"",DAY(THAM_SO_CC!$B$8+29)) | AJ5: =IF(THAM_SO_CC!$B$8+30>THAM_SO_CC!$B$9,"",DAY(THAM_SO_CC!$B$8+30)) | AK5: Công làm việc | AL5: Phép năm hưởng lương | AM5: Lễ/Tết hưởng lương | AN5: Việc riêng hưởng lương | AO5: Nghỉ ốm hưởng BHXH | AP5: Nghỉ thai sản | AQ5: Nghỉ không lương | AR5: Tổng ngày phải làm đã chấm | AS5: Ngày công chuẩn kỳ | AT5: Chênh lệch | AU5: Cảnh báo
A6: =IF($B6="","",ROW()-5) | B6: =IF(DM_NHAN_SU!B6="","",DM_NHAN_SU!B6) | C6: =IF($B6="","",DM_NHAN_SU!C6) | D6: =IF($B6="","",DM_NHAN_SU!D6) | E6: =IF($B6="","",DM_NHAN_SU!E6) | AK6: =IF($B6="","",SUMPRODUCT(COUNTIF($F6:$AJ6,KY_HIEU!$A$6:$A$45)*KY_HIEU!$C$6:$C$45)) | AL6: =IF($B6="","",SUMPRODUCT(COUNTIF($F6:$AJ6,KY_HIEU!$A$6:$A$45)*KY_HIEU!$D$6:$D$45)) | AM6: =IF($B6="","",SUMPRODUCT(COUNTIF($F6:$AJ6,KY_HIEU!$A$6:$A$45)*KY_HIEU!$E$6:$E$45)) | AN6: =IF($B6="","",SUMPRODUCT(COUNTIF($F6:$AJ6,KY_HIEU!$A$6:$A$45)*KY_HIEU!$F$6:$F$45)) | AO6: =IF($B6="","",SUMPRODUCT(COUNTIF($F6:$AJ6,KY_HIEU!$A$6:$A$45)*KY_HIEU!$G$6:$G$45)) | AP6: =IF($B6="","",SUMPRODUCT(COUNTIF($F6:$AJ6,KY_HIEU!$A$6:$A$45)*KY_HIEU!$H$6:$H$45)) | AQ6: =IF($B6="","",SUMPRODUCT(COUNTIF($F6:$AJ6,KY_HIEU!$A$6:$A$45)*KY_HIEU!$I$6:$I$45)) | AR6: =IF($B6="","",$AK6+$AL6+$AN6+$AO6+$AP6+$AQ6) | AS6: =IF($B6="","",IF(DM_NHAN_SU!$I6<>"",DM_NHAN_SU!$I6,IF(THAM_SO_CC!$B$20="Nhập tay",THAM_SO_CC!$B$10,SUMPRODUCT(((WEEKDAY(ROW(INDIRECT(THAM_SO_CC!$B$8&":"&THAM_SO_CC!$B$9)),2)<7)*(THAM_SO_CC!$B$12="CN")+(WEEKDAY(ROW(INDIRECT(THAM_SO_CC!$B$8&":"&THAM_SO_CC!$B$9)),2)<6)*(THAM_SO_CC!$B$12="T7+CN"))*(COUNTIF(THAM_SO_CC!$F$10:$F$40,ROW(INDIRECT(THAM_SO_CC!$B$8&":"&THAM_SO_CC!$B$9)))=0)*(ROW(INDIRECT(THAM_SO_CC!$B$8&":"&THAM_SO_CC!$B$9))>=IF(DM_NHAN_SU!$F6="",THAM_SO_CC!$B$8,DM_NHAN_SU!$F6))*(ROW(INDIRECT(THAM_SO_CC!$B$8&":"&THAM_SO_CC!$B$9))<=IF(DM_NHAN_SU!$G6="",THAM_SO_CC!$B$9,DM_NHAN_SU!$G6)))))) | AT6: =IF($B6="","",$AR6-$AS6) | AU6: =IF($B6="","",TRIM(IF(SUMPRODUCT(--($F6:$AJ6<>""))-SUMPRODUCT(COUNTIF($F6:$AJ6,KY_HIEU!$A$6:$A$45))>0,"Ký hiệu lạ; ","")&IF(ROUND($AT6,2)<>0,"Lệch ngày công "&TEXT($AT6,"0.0")&"; ","")&IF(SUMPRODUCT(--($F6:$AJ6<>""),--((THAM_SO_CC!$B$8+COLUMN($F$1:$AJ$1)-6)>THAM_SO_CC!$B$9))>0,"Chấm ngoài kỳ; ","")&IF(AND(DM_NHAN_SU!$F6<>"",SUMPRODUCT(--($F6:$AJ6<>""),--($F6:$AJ6<>"NV"),--($F6:$AJ6<>"NT"),--($F6:$AJ6<>"TN"),--((THAM_SO_CC!$B$8+COLUMN($F$1:$AJ$1)-6)<DM_NHAN_SU!$F6))>0),"Chấm trước ngày vào; ","")&IF(AND(DM_NHAN_SU!$G6<>"",SUMPRODUCT(--($F6:$AJ6<>""),--($F6:$AJ6<>"NV"),--($F6:$AJ6<>"NT"),--($F6:$AJ6<>"TN"),--((THAM_SO_CC!$B$8+COLUMN($F$1:$AJ$1)-6)>DM_NHAN_SU!$G6))>0),"Chấm sau ngày nghỉ việc; ","")))
A7: =IF($B7="","",ROW()-5) | B7: =IF(DM_NHAN_SU!B7="","",DM_NHAN_SU!B7) | C7: =IF($B7="","",DM_NHAN_SU!C7) | D7: =IF($B7="","",DM_NHAN_SU!D7) | E7: =IF($B7="","",DM_NHAN_SU!E7) | AK7: =IF($B7="","",SUMPRODUCT(COUNTIF($F7:$AJ7,KY_HIEU!$A$6:$A$45)*KY_HIEU!$C$6:$C$45)) | AL7: =IF($B7="","",SUMPRODUCT(COUNTIF($F7:$AJ7,KY_HIEU!$A$6:$A$45)*KY_HIEU!$D$6:$D$45)) | AM7: =IF($B7="","",SUMPRODUCT(COUNTIF($F7:$AJ7,KY_HIEU!$A$6:$A$45)*KY_HIEU!$E$6:$E$45)) | AN7: =IF($B7="","",SUMPRODUCT(COUNTIF($F7:$AJ7,KY_HIEU!$A$6:$A$45)*KY_HIEU!$F$6:$F$45)) | AO7: =IF($B7="","",SUMPRODUCT(COUNTIF($F7:$AJ7,KY_HIEU!$A$6:$A$45)*KY_HIEU!$G$6:$G$45)) | AP7: =IF($B7="","",SUMPRODUCT(COUNTIF($F7:$AJ7,KY_HIEU!$A$6:$A$45)*KY_HIEU!$H$6:$H$45)) | AQ7: =IF($B7="","",SUMPRODUCT(COUNTIF($F7:$AJ7,KY_HIEU!$A$6:$A$45)*KY_HIEU!$I$6:$I$45)) | AR7: =IF($B7="","",$AK7+$AL7+$AN7+$AO7+$AP7+$AQ7) | AS7: =IF($B7="","",IF(DM_NHAN_SU!$I7<>"",DM_NHAN_SU!$I7,IF(THAM_SO_CC!$B$20="Nhập tay",THAM_SO_CC!$B$10,SUMPRODUCT(((WEEKDAY(ROW(INDIRECT(THAM_SO_CC!$B$8&":"&THAM_SO_CC!$B$9)),2)<7)*(THAM_SO_CC!$B$12="CN")+(WEEKDAY(ROW(INDIRECT(THAM_SO_CC!$B$8&":"&THAM_SO_CC!$B$9)),2)<6)*(THAM_SO_CC!$B$12="T7+CN"))*(COUNTIF(THAM_SO_CC!$F$10:$F$40,ROW(INDIRECT(THAM_SO_CC!$B$8&":"&THAM_SO_CC!$B$9)))=0)*(ROW(INDIRECT(THAM_SO_CC!$B$8&":"&THAM_SO_CC!$B$9))>=IF(DM_NHAN_SU!$F7="",THAM_SO_CC!$B$8,DM_NHAN_SU!$F7))*(ROW(INDIRECT(THAM_SO_CC!$B$8&":"&THAM_SO_CC!$B$9))<=IF(DM_NHAN_SU!$G7="",THAM_SO_CC!$B$9,DM_NHAN_SU!$G7)))))) | AT7: =IF($B7="","",$AR7-$AS7) | AU7: =IF($B7="","",TRIM(IF(SUMPRODUCT(--($F7:$AJ7<>""))-SUMPRODUCT(COUNTIF($F7:$AJ7,KY_HIEU!$A$6:$A$45))>0,"Ký hiệu lạ; ","")&IF(ROUND($AT7,2)<>0,"Lệch ngày công "&TEXT($AT7,"0.0")&"; ","")&IF(SUMPRODUCT(--($F7:$AJ7<>""),--((THAM_SO_CC!$B$8+COLUMN($F$1:$AJ$1)-6)>THAM_SO_CC!$B$9))>0,"Chấm ngoài kỳ; ","")&IF(AND(DM_NHAN_SU!$F7<>"",SUMPRODUCT(--($F7:$AJ7<>""),--($F7:$AJ7<>"NV"),--($F7:$AJ7<>"NT"),--($F7:$AJ7<>"TN"),--((THAM_SO_CC!$B$8+COLUMN($F$1:$AJ$1)-6)<DM_NHAN_SU!$F7))>0),"Chấm trước ngày vào; ","")&IF(AND(DM_NHAN_SU!$G7<>"",SUMPRODUCT(--($F7:$AJ7<>""),--($F7:$AJ7<>"NV"),--($F7:$AJ7<>"NT"),--($F7:$AJ7<>"TN"),--((THAM_SO_CC!$B$8+COLUMN($F$1:$AJ$1)-6)>DM_NHAN_SU!$G7))>0),"Chấm sau ngày nghỉ việc; ","")))
A8: =IF($B8="","",ROW()-5) | B8: =IF(DM_NHAN_SU!B8="","",DM_NHAN_SU!B8) | C8: =IF($B8="","",DM_NHAN_SU!C8) | D8: =IF($B8="","",DM_NHAN_SU!D8) | E8: =IF($B8="","",DM_NHAN_SU!E8) | AK8: =IF($B8="","",SUMPRODUCT(COUNTIF($F8:$AJ8,KY_HIEU!$A$6:$A$45)*KY_HIEU!$C$6:$C$45)) | AL8: =IF($B8="","",SUMPRODUCT(COUNTIF($F8:$AJ8,KY_HIEU!$A$6:$A$45)*KY_HIEU!$D$6:$D$45)) | AM8: =IF($B8="","",SUMPRODUCT(COUNTIF($F8:$AJ8,KY_HIEU!$A$6:$A$45)*KY_HIEU!$E$6:$E$45)) | AN8: =IF($B8="","",SUMPRODUCT(COUNTIF($F8:$AJ8,KY_HIEU!$A$6:$A$45)*KY_HIEU!$F$6:$F$45)) | AO8: =IF($B8="","",SUMPRODUCT(COUNTIF($F8:$AJ8,KY_HIEU!$A$6:$A$45)*KY_HIEU!$G$6:$G$45)) | AP8: =IF($B8="","",SUMPRODUCT(COUNTIF($F8:$AJ8,KY_HIEU!$A$6:$A$45)*KY_HIEU!$H$6:$H$45)) | AQ8: =IF($B8="","",SUMPRODUCT(COUNTIF($F8:$AJ8,KY_HIEU!$A$6:$A$45)*KY_HIEU!$I$6:$I$45)) | AR8: =IF($B8="","",$AK8+$AL8+$AN8+$AO8+$AP8+$AQ8) | AS8: =IF($B8="","",IF(DM_NHAN_SU!$I8<>"",DM_NHAN_SU!$I8,IF(THAM_SO_CC!$B$20="Nhập tay",THAM_SO_CC!$B$10,SUMPRODUCT(((WEEKDAY(ROW(INDIRECT(THAM_SO_CC!$B$8&":"&THAM_SO_CC!$B$9)),2)<7)*(THAM_SO_CC!$B$12="CN")+(WEEKDAY(ROW(INDIRECT(THAM_SO_CC!$B$8&":"&THAM_SO_CC!$B$9)),2)<6)*(THAM_SO_CC!$B$12="T7+CN"))*(COUNTIF(THAM_SO_CC!$F$10:$F$40,ROW(INDIRECT(THAM_SO_CC!$B$8&":"&THAM_SO_CC!$B$9)))=0)*(ROW(INDIRECT(THAM_SO_CC!$B$8&":"&THAM_SO_CC!$B$9))>=IF(DM_NHAN_SU!$F8="",THAM_SO_CC!$B$8,DM_NHAN_SU!$F8))*(ROW(INDIRECT(THAM_SO_CC!$B$8&":"&THAM_SO_CC!$B$9))<=IF(DM_NHAN_SU!$G8="",THAM_SO_CC!$B$9,DM_NHAN_SU!$G8)))))) | AT8: =IF($B8="","",$AR8-$AS8) | AU8: =IF($B8="","",TRIM(IF(SUMPRODUCT(--($F8:$AJ8<>""))-SUMPRODUCT(COUNTIF($F8:$AJ8,KY_HIEU!$A$6:$A$45))>0,"Ký hiệu lạ; ","")&IF(ROUND($AT8,2)<>0,"Lệch ngày công "&TEXT($AT8,"0.0")&"; ","")&IF(SUMPRODUCT(--($F8:$AJ8<>""),--((THAM_SO_CC!$B$8+COLUMN($F$1:$AJ$1)-6)>THAM_SO_CC!$B$9))>0,"Chấm ngoài kỳ; ","")&IF(AND(DM_NHAN_SU!$F8<>"",SUMPRODUCT(--($F8:$AJ8<>""),--($F8:$AJ8<>"NV"),--($F8:$AJ8<>"NT"),--($F8:$AJ8<>"TN"),--((THAM_SO_CC!$B$8+COLUMN($F$1:$AJ$1)-6)<DM_NHAN_SU!$F8))>0),"Chấm trước ngày vào; ","")&IF(AND(DM_NHAN_SU!$G8<>"",SUMPRODUCT(--($F8:$AJ8<>""),--($F8:$AJ8<>"NV"),--($F8:$AJ8<>"NT"),--($F8:$AJ8<>"TN"),--((THAM_SO_CC!$B$8+COLUMN($F$1:$AJ$1)-6)>DM_NHAN_SU!$G8))>0),"Chấm sau ngày nghỉ việc; ","")))
A9: =IF($B9="","",ROW()-5) | B9: =IF(DM_NHAN_SU!B9="","",DM_NHAN_SU!B9) | C9: =IF($B9="","",DM_NHAN_SU!C9) | D9: =IF($B9="","",DM_NHAN_SU!D9) | E9: =IF($B9="","",DM_NHAN_SU!E9) | AK9: =IF($B9="","",SUMPRODUCT(COUNTIF($F9:$AJ9,KY_HIEU!$A$6:$A$45)*KY_HIEU!$C$6:$C$45)) | AL9: =IF($B9="","",SUMPRODUCT(COUNTIF($F9:$AJ9,KY_HIEU!$A$6:$A$45)*KY_HIEU!$D$6:$D$45)) | AM9: =IF($B9="","",SUMPRODUCT(COUNTIF($F9:$AJ9,KY_HIEU!$A$6:$A$45)*KY_HIEU!$E$6:$E$45)) | AN9: =IF($B9="","",SUMPRODUCT(COUNTIF($F9:$AJ9,KY_HIEU!$A$6:$A$45)*KY_HIEU!$F$6:$F$45)) | AO9: =IF($B9="","",SUMPRODUCT(COUNTIF($F9:$AJ9,KY_HIEU!$A$6:$A$45)*KY_HIEU!$G$6:$G$45)) | AP9: =IF($B9="","",SUMPRODUCT(COUNTIF($F9:$AJ9,KY_HIEU!$A$6:$A$45)*KY_HIEU!$H$6:$H$45)) | AQ9: =IF($B9="","",SUMPRODUCT(COUNTIF($F9:$AJ9,KY_HIEU!$A$6:$A$45)*KY_HIEU!$I$6:$I$45)) | AR9: =IF($B9="","",$AK9+$AL9+$AN9+$AO9+$AP9+$AQ9) | AS9: =IF($B9="","",IF(DM_NHAN_SU!$I9<>"",DM_NHAN_SU!$I9,IF(THAM_SO_CC!$B$20="Nhập tay",THAM_SO_CC!$B$10,SUMPRODUCT(((WEEKDAY(ROW(INDIRECT(THAM_SO_CC!$B$8&":"&THAM_SO_CC!$B$9)),2)<7)*(THAM_SO_CC!$B$12="CN")+(WEEKDAY(ROW(INDIRECT(THAM_SO_CC!$B$8&":"&THAM_SO_CC!$B$9)),2)<6)*(THAM_SO_CC!$B$12="T7+CN"))*(COUNTIF(THAM_SO_CC!$F$10:$F$40,ROW(INDIRECT(THAM_SO_CC!$B$8&":"&THAM_SO_CC!$B$9)))=0)*(ROW(INDIRECT(THAM_SO_CC!$B$8&":"&THAM_SO_CC!$B$9))>=IF(DM_NHAN_SU!$F9="",THAM_SO_CC!$B$8,DM_NHAN_SU!$F9))*(ROW(INDIRECT(THAM_SO_CC!$B$8&":"&THAM_SO_CC!$B$9))<=IF(DM_NHAN_SU!$G9="",THAM_SO_CC!$B$9,DM_NHAN_SU!$G9)))))) | AT9: =IF($B9="","",$AR9-$AS9) | AU9: =IF($B9="","",TRIM(IF(SUMPRODUCT(--($F9:$AJ9<>""))-SUMPRODUCT(COUNTIF($F9:$AJ9,KY_HIEU!$A$6:$A$45))>0,"Ký hiệu lạ; ","")&IF(ROUND($AT9,2)<>0,"Lệch ngày công "&TEXT($AT9,"0.0")&"; ","")&IF(SUMPRODUCT(--($F9:$AJ9<>""),--((THAM_SO_CC!$B$8+COLUMN($F$1:$AJ$1)-6)>THAM_SO_CC!$B$9))>0,"Chấm ngoài kỳ; ","")&IF(AND(DM_NHAN_SU!$F9<>"",SUMPRODUCT(--($F9:$AJ9<>""),--($F9:$AJ9<>"NV"),--($F9:$AJ9<>"NT"),--($F9:$AJ9<>"TN"),--((THAM_SO_CC!$B$8+COLUMN($F$1:$AJ$1)-6)<DM_NHAN_SU!$F9))>0),"Chấm trước ngày vào; ","")&IF(AND(DM_NHAN_SU!$G9<>"",SUMPRODUCT(--($F9:$AJ9<>""),--($F9:$AJ9<>"NV"),--($F9:$AJ9<>"NT"),--($F9:$AJ9<>"TN"),--((THAM_SO_CC!$B$8+COLUMN($F$1:$AJ$1)-6)>DM_NHAN_SU!$G9))>0),"Chấm sau ngày nghỉ việc; ","")))
A10: =IF($B10="","",ROW()-5) | B10: =IF(DM_NHAN_SU!B10="","",DM_NHAN_SU!B10) | C10: =IF($B10="","",DM_NHAN_SU!C10) | D10: =IF($B10="","",DM_NHAN_SU!D10) | E10: =IF($B10="","",DM_NHAN_SU!E10) | AK10: =IF($B10="","",SUMPRODUCT(COUNTIF($F10:$AJ10,KY_HIEU!$A$6:$A$45)*KY_HIEU!$C$6:$C$45)) | AL10: =IF($B10="","",SUMPRODUCT(COUNTIF($F10:$AJ10,KY_HIEU!$A$6:$A$45)*KY_HIEU!$D$6:$D$45)) | AM10: =IF($B10="","",SUMPRODUCT(COUNTIF($F10:$AJ10,KY_HIEU!$A$6:$A$45)*KY_HIEU!$E$6:$E$45)) | AN10: =IF($B10="","",SUMPRODUCT(COUNTIF($F10:$AJ10,KY_HIEU!$A$6:$A$45)*KY_HIEU!$F$6:$F$45)) | AO10: =IF($B10="","",SUMPRODUCT(COUNTIF($F10:$AJ10,KY_HIEU!$A$6:$A$45)*KY_HIEU!$G$6:$G$45)) | AP10: =IF($B10="","",SUMPRODUCT(COUNTIF($F10:$AJ10,KY_HIEU!$A$6:$A$45)*KY_HIEU!$H$6:$H$45)) | AQ10: =IF($B10="","",SUMPRODUCT(COUNTIF($F10:$AJ10,KY_HIEU!$A$6:$A$45)*KY_HIEU!$I$6:$I$45)) | AR10: =IF($B10="","",$AK10+$AL10+$AN10+$AO10+$AP10+$AQ10) | AS10: =IF($B10="","",IF(DM_NHAN_SU!$I10<>"",DM_NHAN_SU!$I10,IF(THAM_SO_CC!$B$20="Nhập tay",THAM_SO_CC!$B$10,SUMPRODUCT(((WEEKDAY(ROW(INDIRECT(THAM_SO_CC!$B$8&":"&THAM_SO_CC!$B$9)),2)<7)*(THAM_SO_CC!$B$12="CN")+(WEEKDAY(ROW(INDIRECT(THAM_SO_CC!$B$8&":"&THAM_SO_CC!$B$9)),2)<6)*(THAM_SO_CC!$B$12="T7+CN"))*(COUNTIF(THAM_SO_CC!$F$10:$F$40,ROW(INDIRECT(THAM_SO_CC!$B$8&":"&THAM_SO_CC!$B$9)))=0)*(ROW(INDIRECT(THAM_SO_CC!$B$8&":"&THAM_SO_CC!$B$9))>=IF(DM_NHAN_SU!$F10="",THAM_SO_CC!$B$8,DM_NHAN_SU!$F10))*(ROW(INDIRECT(THAM_SO_CC!$B$8&":"&THAM_SO_CC!$B$9))<=IF(DM_NHAN_SU!$G10="",THAM_SO_CC!$B$9,DM_NHAN_SU!$G10)))))) | AT10: =IF($B10="","",$AR10-$AS10) | AU10: =IF($B10="","",TRIM(IF(SUMPRODUCT(--($F10:$AJ10<>""))-SUMPRODUCT(COUNTIF($F10:$AJ10,KY_HIEU!$A$6:$A$45))>0,"Ký hiệu lạ; ","")&IF(ROUND($AT10,2)<>0,"Lệch ngày công "&TEXT($AT10,"0.0")&"; ","")&IF(SUMPRODUCT(--($F10:$AJ10<>""),--((THAM_SO_CC!$B$8+COLUMN($F$1:$AJ$1)-6)>THAM_SO_CC!$B$9))>0,"Chấm ngoài kỳ; ","")&IF(AND(DM_NHAN_SU!$F10<>"",SUMPRODUCT(--($F10:$AJ10<>""),--($F10:$AJ10<>"NV"),--($F10:$AJ10<>"NT"),--($F10:$AJ10<>"TN"),--((THAM_SO_CC!$B$8+COLUMN($F$1:$AJ$1)-6)<DM_NHAN_SU!$F10))>0),"Chấm trước ngày vào; ","")&IF(AND(DM_NHAN_SU!$G10<>"",SUMPRODUCT(--($F10:$AJ10<>""),--($F10:$AJ10<>"NV"),--($F10:$AJ10<>"NT"),--($F10:$AJ10<>"TN"),--((THAM_SO_CC!$B$8+COLUMN($F$1:$AJ$1)-6)>DM_NHAN_SU!$G10))>0),"Chấm sau ngày nghỉ việc; ","")))
A11: =IF($B11="","",ROW()-5) | B11: =IF(DM_NHAN_SU!B11="","",DM_NHAN_SU!B11) | C11: =IF($B11="","",DM_NHAN_SU!C11) | D11: =IF($B11="","",DM_NHAN_SU!D11) | E11: =IF($B11="","",DM_NHAN_SU!E11) | AK11: =IF($B11="","",SUMPRODUCT(COUNTIF($F11:$AJ11,KY_HIEU!$A$6:$A$45)*KY_HIEU!$C$6:$C$45)) | AL11: =IF($B11="","",SUMPRODUCT(COUNTIF($F11:$AJ11,KY_HIEU!$A$6:$A$45)*KY_HIEU!$D$6:$D$45)) | AM11: =IF($B11="","",SUMPRODUCT(COUNTIF($F11:$AJ11,KY_HIEU!$A$6:$A$45)*KY_HIEU!$E$6:$E$45)) | AN11: =IF($B11="","",SUMPRODUCT(COUNTIF($F11:$AJ11,KY_HIEU!$A$6:$A$45)*KY_HIEU!$F$6:$F$45)) | AO11: =IF($B11="","",SUMPRODUCT(COUNTIF($F11:$AJ11,KY_HIEU!$A$6:$A$45)*KY_HIEU!$G$6:$G$45)) | AP11: =IF($B11="","",SUMPRODUCT(COUNTIF($F11:$AJ11,KY_HIEU!$A$6:$A$45)*KY_HIEU!$H$6:$H$45)) | AQ11: =IF($B11="","",SUMPRODUCT(COUNTIF($F11:$AJ11,KY_HIEU!$A$6:$A$45)*KY_HIEU!$I$6:$I$45)) | AR11: =IF($B11="","",$AK11+$AL11+$AN11+$AO11+$AP11+$AQ11) | AS11: =IF($B11="","",IF(DM_NHAN_SU!$I11<>"",DM_NHAN_SU!$I11,IF(THAM_SO_CC!$B$20="Nhập tay",THAM_SO_CC!$B$10,SUMPRODUCT(((WEEKDAY(ROW(INDIRECT(THAM_SO_CC!$B$8&":"&THAM_SO_CC!$B$9)),2)<7)*(THAM_SO_CC!$B$12="CN")+(WEEKDAY(ROW(INDIRECT(THAM_SO_CC!$B$8&":"&THAM_SO_CC!$B$9)),2)<6)*(THAM_SO_CC!$B$12="T7+CN"))*(COUNTIF(THAM_SO_CC!$F$10:$F$40,ROW(INDIRECT(THAM_SO_CC!$B$8&":"&THAM_SO_CC!$B$9)))=0)*(ROW(INDIRECT(THAM_SO_CC!$B$8&":"&THAM_SO_CC!$B$9))>=IF(DM_NHAN_SU!$F11="",THAM_SO_CC!$B$8,DM_NHAN_SU!$F11))*(ROW(INDIRECT(THAM_SO_CC!$B$8&":"&THAM_SO_CC!$B$9))<=IF(DM_NHAN_SU!$G11="",THAM_SO_CC!$B$9,DM_NHAN_SU!$G11)))))) | AT11: =IF($B11="","",$AR11-$AS11) | AU11: =IF($B11="","",TRIM(IF(SUMPRODUCT(--($F11:$AJ11<>""))-SUMPRODUCT(COUNTIF($F11:$AJ11,KY_HIEU!$A$6:$A$45))>0,"Ký hiệu lạ; ","")&IF(ROUND($AT11,2)<>0,"Lệch ngày công "&TEXT($AT11,"0.0")&"; ","")&IF(SUMPRODUCT(--($F11:$AJ11<>""),--((THAM_SO_CC!$B$8+COLUMN($F$1:$AJ$1)-6)>THAM_SO_CC!$B$9))>0,"Chấm ngoài kỳ; ","")&IF(AND(DM_NHAN_SU!$F11<>"",SUMPRODUCT(--($F11:$AJ11<>""),--($F11:$AJ11<>"NV"),--($F11:$AJ11<>"NT"),--($F11:$AJ11<>"TN"),--((THAM_SO_CC!$B$8+COLUMN($F$1:$AJ$1)-6)<DM_NHAN_SU!$F11))>0),"Chấm trước ngày vào; ","")&IF(AND(DM_NHAN_SU!$G11<>"",SUMPRODUCT(--($F11:$AJ11<>""),--($F11:$AJ11<>"NV"),--($F11:$AJ11<>"NT"),--($F11:$AJ11<>"TN"),--((THAM_SO_CC!$B$8+COLUMN($F$1:$AJ$1)-6)>DM_NHAN_SU!$G11))>0),"Chấm sau ngày nghỉ việc; ","")))
A12: =IF($B12="","",ROW()-5) | B12: =IF(DM_NHAN_SU!B12="","",DM_NHAN_SU!B12) | C12: =IF($B12="","",DM_NHAN_SU!C12) | D12: =IF($B12="","",DM_NHAN_SU!D12) | E12: =IF($B12="","",DM_NHAN_SU!E12) | AK12: =IF($B12="","",SUMPRODUCT(COUNTIF($F12:$AJ12,KY_HIEU!$A$6:$A$45)*KY_HIEU!$C$6:$C$45)) | AL12: =IF($B12="","",SUMPRODUCT(COUNTIF($F12:$AJ12,KY_HIEU!$A$6:$A$45)*KY_HIEU!$D$6:$D$45)) | AM12: =IF($B12="","",SUMPRODUCT(COUNTIF($F12:$AJ12,KY_HIEU!$A$6:$A$45)*KY_HIEU!$E$6:$E$45)) | AN12: =IF($B12="","",SUMPRODUCT(COUNTIF($F12:$AJ12,KY_HIEU!$A$6:$A$45)*KY_HIEU!$F$6:$F$45)) | AO12: =IF($B12="","",SUMPRODUCT(COUNTIF($F12:$AJ12,KY_HIEU!$A$6:$A$45)*KY_HIEU!$G$6:$G$45)) | AP12: =IF($B12="","",SUMPRODUCT(COUNTIF($F12:$AJ12,KY_HIEU!$A$6:$A$45)*KY_HIEU!$H$6:$H$45)) | AQ12: =IF($B12="","",SUMPRODUCT(COUNTIF($F12:$AJ12,KY_HIEU!$A$6:$A$45)*KY_HIEU!$I$6:$I$45)) | AR12: =IF($B12="","",$AK12+$AL12+$AN12+$AO12+$AP12+$AQ12) | AS12: =IF($B12="","",IF(DM_NHAN_SU!$I12<>"",DM_NHAN_SU!$I12,IF(THAM_SO_CC!$B$20="Nhập tay",THAM_SO_CC!$B$10,SUMPRODUCT(((WEEKDAY(ROW(INDIRECT(THAM_SO_CC!$B$8&":"&THAM_SO_CC!$B$9)),2)<7)*(THAM_SO_CC!$B$12="CN")+(WEEKDAY(ROW(INDIRECT(THAM_SO_CC!$B$8&":"&THAM_SO_CC!$B$9)),2)<6)*(THAM_SO_CC!$B$12="T7+CN"))*(COUNTIF(THAM_SO_CC!$F$10:$F$40,ROW(INDIRECT(THAM_SO_CC!$B$8&":"&THAM_SO_CC!$B$9)))=0)*(ROW(INDIRECT(THAM_SO_CC!$B$8&":"&THAM_SO_CC!$B$9))>=IF(DM_NHAN_SU!$F12="",THAM_SO_CC!$B$8,DM_NHAN_SU!$F12))*(ROW(INDIRECT(THAM_SO_CC!$B$8&":"&THAM_SO_CC!$B$9))<=IF(DM_NHAN_SU!$G12="",THAM_SO_CC!$B$9,DM_NHAN_SU!$G12)))))) | AT12: =IF($B12="","",$AR12-$AS12) | AU12: =IF($B12="","",TRIM(IF(SUMPRODUCT(--($F12:$AJ12<>""))-SUMPRODUCT(COUNTIF($F12:$AJ12,KY_HIEU!$A$6:$A$45))>0,"Ký hiệu lạ; ","")&IF(ROUND($AT12,2)<>0,"Lệch ngày công "&TEXT($AT12,"0.0")&"; ","")&IF(SUMPRODUCT(--($F12:$AJ12<>""),--((THAM_SO_CC!$B$8+COLUMN($F$1:$AJ$1)-6)>THAM_SO_CC!$B$9))>0,"Chấm ngoài kỳ; ","")&IF(AND(DM_NHAN_SU!$F12<>"",SUMPRODUCT(--($F12:$AJ12<>""),--($F12:$AJ12<>"NV"),--($F12:$AJ12<>"NT"),--($F12:$AJ12<>"TN"),--((THAM_SO_CC!$B$8+COLUMN($F$1:$AJ$1)-6)<DM_NHAN_SU!$F12))>0),"Chấm trước ngày vào; ","")&IF(AND(DM_NHAN_SU!$G12<>"",SUMPRODUCT(--($F12:$AJ12<>""),--($F12:$AJ12<>"NV"),--($F12:$AJ12<>"NT"),--($F12:$AJ12<>"TN"),--((THAM_SO_CC!$B$8+COLUMN($F$1:$AJ$1)-6)>DM_NHAN_SU!$G12))>0),"Chấm sau ngày nghỉ việc; ","")))
A13: =IF($B13="","",ROW()-5) | B13: =IF(DM_NHAN_SU!B13="","",DM_NHAN_SU!B13) | C13: =IF($B13="","",DM_NHAN_SU!C13) | D13: =IF($B13="","",DM_NHAN_SU!D13) | E13: =IF($B13="","",DM_NHAN_SU!E13) | AK13: =IF($B13="","",SUMPRODUCT(COUNTIF($F13:$AJ13,KY_HIEU!$A$6:$A$45)*KY_HIEU!$C$6:$C$45)) | AL13: =IF($B13="","",SUMPRODUCT(COUNTIF($F13:$AJ13,KY_HIEU!$A$6:$A$45)*KY_HIEU!$D$6:$D$45)) | AM13: =IF($B13="","",SUMPRODUCT(COUNTIF($F13:$AJ13,KY_HIEU!$A$6:$A$45)*KY_HIEU!$E$6:$E$45)) | AN13: =IF($B13="","",SUMPRODUCT(COUNTIF($F13:$AJ13,KY_HIEU!$A$6:$A$45)*KY_HIEU!$F$6:$F$45)) | AO13: =IF($B13="","",SUMPRODUCT(COUNTIF($F13:$AJ13,KY_HIEU!$A$6:$A$45)*KY_HIEU!$G$6:$G$45)) | AP13: =IF($B13="","",SUMPRODUCT(COUNTIF($F13:$AJ13,KY_HIEU!$A$6:$A$45)*KY_HIEU!$H$6:$H$45)) | AQ13: =IF($B13="","",SUMPRODUCT(COUNTIF($F13:$AJ13,KY_HIEU!$A$6:$A$45)*KY_HIEU!$I$6:$I$45)) | AR13: =IF($B13="","",$AK13+$AL13+$AN13+$AO13+$AP13+$AQ13) | AS13: =IF($B13="","",IF(DM_NHAN_SU!$I13<>"",DM_NHAN_SU!$I13,IF(THAM_SO_CC!$B$20="Nhập tay",THAM_SO_CC!$B$10,SUMPRODUCT(((WEEKDAY(ROW(INDIRECT(THAM_SO_CC!$B$8&":"&THAM_SO_CC!$B$9)),2)<7)*(THAM_SO_CC!$B$12="CN")+(WEEKDAY(ROW(INDIRECT(THAM_SO_CC!$B$8&":"&THAM_SO_CC!$B$9)),2)<6)*(THAM_SO_CC!$B$12="T7+CN"))*(COUNTIF(THAM_SO_CC!$F$10:$F$40,ROW(INDIRECT(THAM_SO_CC!$B$8&":"&THAM_SO_CC!$B$9)))=0)*(ROW(INDIRECT(THAM_SO_CC!$B$8&":"&THAM_SO_CC!$B$9))>=IF(DM_NHAN_SU!$F13="",THAM_SO_CC!$B$8,DM_NHAN_SU!$F13))*(ROW(INDIRECT(THAM_SO_CC!$B$8&":"&THAM_SO_CC!$B$9))<=IF(DM_NHAN_SU!$G13="",THAM_SO_CC!$B$9,DM_NHAN_SU!$G13)))))) | AT13: =IF($B13="","",$AR13-$AS13) | AU13: =IF($B13="","",TRIM(IF(SUMPRODUCT(--($F13:$AJ13<>""))-SUMPRODUCT(COUNTIF($F13:$AJ13,KY_HIEU!$A$6:$A$45))>0,"Ký hiệu lạ; ","")&IF(ROUND($AT13,2)<>0,"Lệch ngày công "&TEXT($AT13,"0.0")&"; ","")&IF(SUMPRODUCT(--($F13:$AJ13<>""),--((THAM_SO_CC!$B$8+COLUMN($F$1:$AJ$1)-6)>THAM_SO_CC!$B$9))>0,"Chấm ngoài kỳ; ","")&IF(AND(DM_NHAN_SU!$F13<>"",SUMPRODUCT(--($F13:$AJ13<>""),--($F13:$AJ13<>"NV"),--($F13:$AJ13<>"NT"),--($F13:$AJ13<>"TN"),--((THAM_SO_CC!$B$8+COLUMN($F$1:$AJ$1)-6)<DM_NHAN_SU!$F13))>0),"Chấm trước ngày vào; ","")&IF(AND(DM_NHAN_SU!$G13<>"",SUMPRODUCT(--($F13:$AJ13<>""),--($F13:$AJ13<>"NV"),--($F13:$AJ13<>"NT"),--($F13:$AJ13<>"TN"),--((THAM_SO_CC!$B$8+COLUMN($F$1:$AJ$1)-6)>DM_NHAN_SU!$G13))>0),"Chấm sau ngày nghỉ việc; ","")))
A14: =IF($B14="","",ROW()-5) | B14: =IF(DM_NHAN_SU!B14="","",DM_NHAN_SU!B14) | C14: =IF($B14="","",DM_NHAN_SU!C14) | D14: =IF($B14="","",DM_NHAN_SU!D14) | E14: =IF($B14="","",DM_NHAN_SU!E14) | AK14: =IF($B14="","",SUMPRODUCT(COUNTIF($F14:$AJ14,KY_HIEU!$A$6:$A$45)*KY_HIEU!$C$6:$C$45)) | AL14: =IF($B14="","",SUMPRODUCT(COUNTIF($F14:$AJ14,KY_HIEU!$A$6:$A$45)*KY_HIEU!$D$6:$D$45)) | AM14: =IF($B14="","",SUMPRODUCT(COUNTIF($F14:$AJ14,KY_HIEU!$A$6:$A$45)*KY_HIEU!$E$6:$E$45)) | AN14: =IF($B14="","",SUMPRODUCT(COUNTIF($F14:$AJ14,KY_HIEU!$A$6:$A$45)*KY_HIEU!$F$6:$F$45)) | AO14: =IF($B14="","",SUMPRODUCT(COUNTIF($F14:$AJ14,KY_HIEU!$A$6:$A$45)*KY_HIEU!$G$6:$G$45)) | AP14: =IF($B14="","",SUMPRODUCT(COUNTIF($F14:$AJ14,KY_HIEU!$A$6:$A$45)*KY_HIEU!$H$6:$H$45)) | AQ14: =IF($B14="","",SUMPRODUCT(COUNTIF($F14:$AJ14,KY_HIEU!$A$6:$A$45)*KY_HIEU!$I$6:$I$45)) | AR14: =IF($B14="","",$AK14+$AL14+$AN14+$AO14+$AP14+$AQ14) | AS14: =IF($B14="","",IF(DM_NHAN_SU!$I14<>"",DM_NHAN_SU!$I14,IF(THAM_SO_CC!$B$20="Nhập tay",THAM_SO_CC!$B$10,SUMPRODUCT(((WEEKDAY(ROW(INDIRECT(THAM_SO_CC!$B$8&":"&THAM_SO_CC!$B$9)),2)<7)*(THAM_SO_CC!$B$12="CN")+(WEEKDAY(ROW(INDIRECT(THAM_SO_CC!$B$8&":"&THAM_SO_CC!$B$9)),2)<6)*(THAM_SO_CC!$B$12="T7+CN"))*(COUNTIF(THAM_SO_CC!$F$10:$F$40,ROW(INDIRECT(THAM_SO_CC!$B$8&":"&THAM_SO_CC!$B$9)))=0)*(ROW(INDIRECT(THAM_SO_CC!$B$8&":"&THAM_SO_CC!$B$9))>=IF(DM_NHAN_SU!$F14="",THAM_SO_CC!$B$8,DM_NHAN_SU!$F14))*(ROW(INDIRECT(THAM_SO_CC!$B$8&":"&THAM_SO_CC!$B$9))<=IF(DM_NHAN_SU!$G14="",THAM_SO_CC!$B$9,DM_NHAN_SU!$G14)))))) | AT14: =IF($B14="","",$AR14-$AS14) | AU14: =IF($B14="","",TRIM(IF(SUMPRODUCT(--($F14:$AJ14<>""))-SUMPRODUCT(COUNTIF($F14:$AJ14,KY_HIEU!$A$6:$A$45))>0,"Ký hiệu lạ; ","")&IF(ROUND($AT14,2)<>0,"Lệch ngày công "&TEXT($AT14,"0.0")&"; ","")&IF(SUMPRODUCT(--($F14:$AJ14<>""),--((THAM_SO_CC!$B$8+COLUMN($F$1:$AJ$1)-6)>THAM_SO_CC!$B$9))>0,"Chấm ngoài kỳ; ","")&IF(AND(DM_NHAN_SU!$F14<>"",SUMPRODUCT(--($F14:$AJ14<>""),--($F14:$AJ14<>"NV"),--($F14:$AJ14<>"NT"),--($F14:$AJ14<>"TN"),--((THAM_SO_CC!$B$8+COLUMN($F$1:$AJ$1)-6)<DM_NHAN_SU!$F14))>0),"Chấm trước ngày vào; ","")&IF(AND(DM_NHAN_SU!$G14<>"",SUMPRODUCT(--($F14:$AJ14<>""),--($F14:$AJ14<>"NV"),--($F14:$AJ14<>"NT"),--($F14:$AJ14<>"TN"),--((THAM_SO_CC!$B$8+COLUMN($F$1:$AJ$1)-6)>DM_NHAN_SU!$G14))>0),"Chấm sau ngày nghỉ việc; ","")))
A15: =IF($B15="","",ROW()-5) | B15: =IF(DM_NHAN_SU!B15="","",DM_NHAN_SU!B15) | C15: =IF($B15="","",DM_NHAN_SU!C15) | D15: =IF($B15="","",DM_NHAN_SU!D15) | E15: =IF($B15="","",DM_NHAN_SU!E15) | AK15: =IF($B15="","",SUMPRODUCT(COUNTIF($F15:$AJ15,KY_HIEU!$A$6:$A$45)*KY_HIEU!$C$6:$C$45)) | AL15: =IF($B15="","",SUMPRODUCT(COUNTIF($F15:$AJ15,KY_HIEU!$A$6:$A$45)*KY_HIEU!$D$6:$D$45)) | AM15: =IF($B15="","",SUMPRODUCT(COUNTIF($F15:$AJ15,KY_HIEU!$A$6:$A$45)*KY_HIEU!$E$6:$E$45)) | AN15: =IF($B15="","",SUMPRODUCT(COUNTIF($F15:$AJ15,KY_HIEU!$A$6:$A$45)*KY_HIEU!$F$6:$F$45)) | AO15: =IF($B15="","",SUMPRODUCT(COUNTIF($F15:$AJ15,KY_HIEU!$A$6:$A$45)*KY_HIEU!$G$6:$G$45)) | AP15: =IF($B15="","",SUMPRODUCT(COUNTIF($F15:$AJ15,KY_HIEU!$A$6:$A$45)*KY_HIEU!$H$6:$H$45)) | AQ15: =IF($B15="","",SUMPRODUCT(COUNTIF($F15:$AJ15,KY_HIEU!$A$6:$A$45)*KY_HIEU!$I$6:$I$45)) | AR15: =IF($B15="","",$AK15+$AL15+$AN15+$AO15+$AP15+$AQ15) | AS15: =IF($B15="","",IF(DM_NHAN_SU!$I15<>"",DM_NHAN_SU!$I15,IF(THAM_SO_CC!$B$20="Nhập tay",THAM_SO_CC!$B$10,SUMPRODUCT(((WEEKDAY(ROW(INDIRECT(THAM_SO_CC!$B$8&":"&THAM_SO_CC!$B$9)),2)<7)*(THAM_SO_CC!$B$12="CN")+(WEEKDAY(ROW(INDIRECT(THAM_SO_CC!$B$8&":"&THAM_SO_CC!$B$9)),2)<6)*(THAM_SO_CC!$B$12="T7+CN"))*(COUNTIF(THAM_SO_CC!$F$10:$F$40,ROW(INDIRECT(THAM_SO_CC!$B$8&":"&THAM_SO_CC!$B$9)))=0)*(ROW(INDIRECT(THAM_SO_CC!$B$8&":"&THAM_SO_CC!$B$9))>=IF(DM_NHAN_SU!$F15="",THAM_SO_CC!$B$8,DM_NHAN_SU!$F15))*(ROW(INDIRECT(THAM_SO_CC!$B$8&":"&THAM_SO_CC!$B$9))<=IF(DM_NHAN_SU!$G15="",THAM_SO_CC!$B$9,DM_NHAN_SU!$G15)))))) | AT15: =IF($B15="","",$AR15-$AS15) | AU15: =IF($B15="","",TRIM(IF(SUMPRODUCT(--($F15:$AJ15<>""))-SUMPRODUCT(COUNTIF($F15:$AJ15,KY_HIEU!$A$6:$A$45))>0,"Ký hiệu lạ; ","")&IF(ROUND($AT15,2)<>0,"Lệch ngày công "&TEXT($AT15,"0.0")&"; ","")&IF(SUMPRODUCT(--($F15:$AJ15<>""),--((THAM_SO_CC!$B$8+COLUMN($F$1:$AJ$1)-6)>THAM_SO_CC!$B$9))>0,"Chấm ngoài kỳ; ","")&IF(AND(DM_NHAN_SU!$F15<>"",SUMPRODUCT(--($F15:$AJ15<>""),--($F15:$AJ15<>"NV"),--($F15:$AJ15<>"NT"),--($F15:$AJ15<>"TN"),--((THAM_SO_CC!$B$8+COLUMN($F$1:$AJ$1)-6)<DM_NHAN_SU!$F15))>0),"Chấm trước ngày vào; ","")&IF(AND(DM_NHAN_SU!$G15<>"",SUMPRODUCT(--($F15:$AJ15<>""),--($F15:$AJ15<>"NV"),--($F15:$AJ15<>"NT"),--($F15:$AJ15<>"TN"),--((THAM_SO_CC!$B$8+COLUMN($F$1:$AJ$1)-6)>DM_NHAN_SU!$G15))>0),"Chấm sau ngày nghỉ việc; ","")))
A16: =IF($B16="","",ROW()-5) | B16: =IF(DM_NHAN_SU!B16="","",DM_NHAN_SU!B16) | C16: =IF($B16="","",DM_NHAN_SU!C16) | D16: =IF($B16="","",DM_NHAN_SU!D16) | E16: =IF($B16="","",DM_NHAN_SU!E16) | AK16: =IF($B16="","",SUMPRODUCT(COUNTIF($F16:$AJ16,KY_HIEU!$A$6:$A$45)*KY_HIEU!$C$6:$C$45)) | AL16: =IF($B16="","",SUMPRODUCT(COUNTIF($F16:$AJ16,KY_HIEU!$A$6:$A$45)*KY_HIEU!$D$6:$D$45)) | AM16: =IF($B16="","",SUMPRODUCT(COUNTIF($F16:$AJ16,KY_HIEU!$A$6:$A$45)*KY_HIEU!$E$6:$E$45)) | AN16: =IF($B16="","",SUMPRODUCT(COUNTIF($F16:$AJ16,KY_HIEU!$A$6:$A$45)*KY_HIEU!$F$6:$F$45)) | AO16: =IF($B16="","",SUMPRODUCT(COUNTIF($F16:$AJ16,KY_HIEU!$A$6:$A$45)*KY_HIEU!$G$6:$G$45)) | AP16: =IF($B16="","",SUMPRODUCT(COUNTIF($F16:$AJ16,KY_HIEU!$A$6:$A$45)*KY_HIEU!$H$6:$H$45)) | AQ16: =IF($B16="","",SUMPRODUCT(COUNTIF($F16:$AJ16,KY_HIEU!$A$6:$A$45)*KY_HIEU!$I$6:$I$45)) | AR16: =IF($B16="","",$AK16+$AL16+$AN16+$AO16+$AP16+$AQ16) | AS16: =IF($B16="","",IF(DM_NHAN_SU!$I16<>"",DM_NHAN_SU!$I16,IF(THAM_SO_CC!$B$20="Nhập tay",THAM_SO_CC!$B$10,SUMPRODUCT(((WEEKDAY(ROW(INDIRECT(THAM_SO_CC!$B$8&":"&THAM_SO_CC!$B$9)),2)<7)*(THAM_SO_CC!$B$12="CN")+(WEEKDAY(ROW(INDIRECT(THAM_SO_CC!$B$8&":"&THAM_SO_CC!$B$9)),2)<6)*(THAM_SO_CC!$B$12="T7+CN"))*(COUNTIF(THAM_SO_CC!$F$10:$F$40,ROW(INDIRECT(THAM_SO_CC!$B$8&":"&THAM_SO_CC!$B$9)))=0)*(ROW(INDIRECT(THAM_SO_CC!$B$8&":"&THAM_SO_CC!$B$9))>=IF(DM_NHAN_SU!$F16="",THAM_SO_CC!$B$8,DM_NHAN_SU!$F16))*(ROW(INDIRECT(THAM_SO_CC!$B$8&":"&THAM_SO_CC!$B$9))<=IF(DM_NHAN_SU!$G16="",THAM_SO_CC!$B$9,DM_NHAN_SU!$G16)))))) | AT16: =IF($B16="","",$AR16-$AS16) | AU16: =IF($B16="","",TRIM(IF(SUMPRODUCT(--($F16:$AJ16<>""))-SUMPRODUCT(COUNTIF($F16:$AJ16,KY_HIEU!$A$6:$A$45))>0,"Ký hiệu lạ; ","")&IF(ROUND($AT16,2)<>0,"Lệch ngày công "&TEXT($AT16,"0.0")&"; ","")&IF(SUMPRODUCT(--($F16:$AJ16<>""),--((THAM_SO_CC!$B$8+COLUMN($F$1:$AJ$1)-6)>THAM_SO_CC!$B$9))>0,"Chấm ngoài kỳ; ","")&IF(AND(DM_NHAN_SU!$F16<>"",SUMPRODUCT(--($F16:$AJ16<>""),--($F16:$AJ16<>"NV"),--($F16:$AJ16<>"NT"),--($F16:$AJ16<>"TN"),--((THAM_SO_CC!$B$8+COLUMN($F$1:$AJ$1)-6)<DM_NHAN_SU!$F16))>0),"Chấm trước ngày vào; ","")&IF(AND(DM_NHAN_SU!$G16<>"",SUMPRODUCT(--($F16:$AJ16<>""),--($F16:$AJ16<>"NV"),--($F16:$AJ16<>"NT"),--($F16:$AJ16<>"TN"),--((THAM_SO_CC!$B$8+COLUMN($F$1:$AJ$1)-6)>DM_NHAN_SU!$G16))>0),"Chấm sau ngày nghỉ việc; ","")))
A17: =IF($B17="","",ROW()-5) | B17: =IF(DM_NHAN_SU!B17="","",DM_NHAN_SU!B17) | C17: =IF($B17="","",DM_NHAN_SU!C17) | D17: =IF($B17="","",DM_NHAN_SU!D17) | E17: =IF($B17="","",DM_NHAN_SU!E17) | AK17: =IF($B17="","",SUMPRODUCT(COUNTIF($F17:$AJ17,KY_HIEU!$A$6:$A$45)*KY_HIEU!$C$6:$C$45)) | AL17: =IF($B17="","",SUMPRODUCT(COUNTIF($F17:$AJ17,KY_HIEU!$A$6:$A$45)*KY_HIEU!$D$6:$D$45)) | AM17: =IF($B17="","",SUMPRODUCT(COUNTIF($F17:$AJ17,KY_HIEU!$A$6:$A$45)*KY_HIEU!$E$6:$E$45)) | AN17: =IF($B17="","",SUMPRODUCT(COUNTIF($F17:$AJ17,KY_HIEU!$A$6:$A$45)*KY_HIEU!$F$6:$F$45)) | AO17: =IF($B17="","",SUMPRODUCT(COUNTIF($F17:$AJ17,KY_HIEU!$A$6:$A$45)*KY_HIEU!$G$6:$G$45)) | AP17: =IF($B17="","",SUMPRODUCT(COUNTIF($F17:$AJ17,KY_HIEU!$A$6:$A$45)*KY_HIEU!$H$6:$H$45)) | AQ17: =IF($B17="","",SUMPRODUCT(COUNTIF($F17:$AJ17,KY_HIEU!$A$6:$A$45)*KY_HIEU!$I$6:$I$45)) | AR17: =IF($B17="","",$AK17+$AL17+$AN17+$AO17+$AP17+$AQ17) | AS17: =IF($B17="","",IF(DM_NHAN_SU!$I17<>"",DM_NHAN_SU!$I17,IF(THAM_SO_CC!$B$20="Nhập tay",THAM_SO_CC!$B$10,SUMPRODUCT(((WEEKDAY(ROW(INDIRECT(THAM_SO_CC!$B$8&":"&THAM_SO_CC!$B$9)),2)<7)*(THAM_SO_CC!$B$12="CN")+(WEEKDAY(ROW(INDIRECT(THAM_SO_CC!$B$8&":"&THAM_SO_CC!$B$9)),2)<6)*(THAM_SO_CC!$B$12="T7+CN"))*(COUNTIF(THAM_SO_CC!$F$10:$F$40,ROW(INDIRECT(THAM_SO_CC!$B$8&":"&THAM_SO_CC!$B$9)))=0)*(ROW(INDIRECT(THAM_SO_CC!$B$8&":"&THAM_SO_CC!$B$9))>=IF(DM_NHAN_SU!$F17="",THAM_SO_CC!$B$8,DM_NHAN_SU!$F17))*(ROW(INDIRECT(THAM_SO_CC!$B$8&":"&THAM_SO_CC!$B$9))<=IF(DM_NHAN_SU!$G17="",THAM_SO_CC!$B$9,DM_NHAN_SU!$G17)))))) | AT17: =IF($B17="","",$AR17-$AS17) | AU17: =IF($B17="","",TRIM(IF(SUMPRODUCT(--($F17:$AJ17<>""))-SUMPRODUCT(COUNTIF($F17:$AJ17,KY_HIEU!$A$6:$A$45))>0,"Ký hiệu lạ; ","")&IF(ROUND($AT17,2)<>0,"Lệch ngày công "&TEXT($AT17,"0.0")&"; ","")&IF(SUMPRODUCT(--($F17:$AJ17<>""),--((THAM_SO_CC!$B$8+COLUMN($F$1:$AJ$1)-6)>THAM_SO_CC!$B$9))>0,"Chấm ngoài kỳ; ","")&IF(AND(DM_NHAN_SU!$F17<>"",SUMPRODUCT(--($F17:$AJ17<>""),--($F17:$AJ17<>"NV"),--($F17:$AJ17<>"NT"),--($F17:$AJ17<>"TN"),--((THAM_SO_CC!$B$8+COLUMN($F$1:$AJ$1)-6)<DM_NHAN_SU!$F17))>0),"Chấm trước ngày vào; ","")&IF(AND(DM_NHAN_SU!$G17<>"",SUMPRODUCT(--($F17:$AJ17<>""),--($F17:$AJ17<>"NV"),--($F17:$AJ17<>"NT"),--($F17:$AJ17<>"TN"),--((THAM_SO_CC!$B$8+COLUMN($F$1:$AJ$1)-6)>DM_NHAN_SU!$G17))>0),"Chấm sau ngày nghỉ việc; ","")))
... A155: =IF($B155="","",ROW()-5) | B155: =IF(DM_NHAN_SU!B155="","",DM_NHAN_SU!B155) | C155: =IF($B155="","",DM_NHAN_SU!C155) | D155: =IF($B155="","",DM_NHAN_SU!D155) | E155: =IF($B155="","",DM_NHAN_SU!E155) | AK155: =IF($B155="","",SUMPRODUCT(COUNTIF($F155:$AJ155,KY_HIEU!$A$6:$A$45)*KY_HIEU!$C$6:$C$45)) | AL155: =IF($B155="","",SUMPRODUCT(COUNTIF($F155:$AJ155,KY_HIEU!$A$6:$A$45)*KY_HIEU!$D$6:$D$45)) | AM155: =IF($B155="","",SUMPRODUCT(COUNTIF($F155:$AJ155,KY_HIEU!$A$6:$A$45)*KY_HIEU!$E$6:$E$45)) | AN155: =IF($B155="","",SUMPRODUCT(COUNTIF($F155:$AJ155,KY_HIEU!$A$6:$A$45)*KY_HIEU!$F$6:$F$45)) | AO155: =IF($B155="","",SUMPRODUCT(COUNTIF($F155:$AJ155,KY_HIEU!$A$6:$A$45)*KY_HIEU!$G$6:$G$45)) | AP155: =IF($B155="","",SUMPRODUCT(COUNTIF($F155:$AJ155,KY_HIEU!$A$6:$A$45)*KY_HIEU!$H$6:$H$45)) | AQ155: =IF($B155="","",SUMPRODUCT(COUNTIF($F155:$AJ155,KY_HIEU!$A$6:$A$45)*KY_HIEU!$I$6:$I$45)) | AR155: =IF($B155="","",$AK155+$AL155+$AN155+$AO155+$AP155+$AQ155) | AS155: =IF($B155="","",IF(DM_NHAN_SU!$I155<>"",DM_NHAN_SU!$I155,IF(THAM_SO_CC!$B$20="Nhập tay",THAM_SO_CC!$B$10,SUMPRODUCT(((WEEKDAY(ROW(INDIRECT(THAM_SO_CC!$B$8&":"&THAM_SO_CC!$B$9)),2)<7)*(THAM_SO_CC!$B$12="CN")+(WEEKDAY(ROW(INDIRECT(THAM_SO_CC!$B$8&":"&THAM_SO_CC!$B$9)),2)<6)*(THAM_SO_CC!$B$12="T7+CN"))*(COUNTIF(THAM_SO_CC!$F$10:$F$40,ROW(INDIRECT(THAM_SO_CC!$B$8&":"&THAM_SO_CC!$B$9)))=0)*(ROW(INDIRECT(THAM_SO_CC!$B$8&":"&THAM_SO_CC!$B$9))>=IF(DM_NHAN_SU!$F155="",THAM_SO_CC!$B$8,DM_NHAN_SU!$F155))*(ROW(INDIRECT(THAM_SO_CC!$B$8&":"&THAM_SO_CC!$B$9))<=IF(DM_NHAN_SU!$G155="",THAM_SO_CC!$B$9,DM_NHAN_SU!$G155)))))) | AT155: =IF($B155="","",$AR155-$AS155) | AU155: =IF($B155="","",TRIM(IF(SUMPRODUCT(--($F155:$AJ155<>""))-SUMPRODUCT(COUNTIF($F155:$AJ155,KY_HIEU!$A$6:$A$45))>0,"Ký hiệu lạ; ","")&IF(ROUND($AT155,2)<>0,"Lệch ngày công "&TEXT($AT155,"0.0")&"; ","")&IF(SUMPRODUCT(--($F155:$AJ155<>""),--((THAM_SO_CC!$B$8+COLUMN($F$1:$AJ$1)-6)>THAM_SO_CC!$B$9))>0,"Chấm ngoài kỳ; ","")&IF(AND(DM_NHAN_SU!$F155<>"",SUMPRODUCT(--($F155:$AJ155<>""),--($F155:$AJ155<>"NV"),--($F155:$AJ155<>"NT"),--($F155:$AJ155<>"TN"),--((THAM_SO_CC!$B$8+COLUMN($F$1:$AJ$1)-6)<DM_NHAN_SU!$F155))>0),"Chấm trước ngày vào; ","")&IF(AND(DM_NHAN_SU!$G155<>"",SUMPRODUCT(--($F155:$AJ155<>""),--($F155:$AJ155<>"NV"),--($F155:$AJ155<>"NT"),--($F155:$AJ155<>"TN"),--((THAM_SO_CC!$B$8+COLUMN($F$1:$AJ$1)-6)>DM_NHAN_SU!$G155))>0),"Chấm sau ngày nghỉ việc; ","")))

Sheet CC_OT_GIO
A1: CHẤM GIỜ LÀM THÊM VÀ GIỜ BAN ĐÊM THEO NGÀY
A2: Chỉ nhập cho ngày thực tế có làm thêm giờ hoặc làm ban đêm. Nhập Mã NV, Ngày, số giờ OT ban ngày và số giờ OT ban đêm; file tự xác định loại ngày rồi xếp vào đúng nhóm OT. Giờ đêm trong ca là phần 22:00–06:00 nằm trong ca bình thường, không phải giờ OT, nhập riêng tại cột F.
A5: STT | B5: Mã NV | C5: Họ và tên | D5: Ngày | E5: Loại ngày | F5: Giờ đêm trong ca | G5: Giờ OT ban ngày | H5: Giờ OT ban đêm | I5: Ghi chú | J5: OT thường ngày | K5: OT nghỉ tuần ngày | L5: OT lễ ngày | M5: OT thường đêm | N5: OT nghỉ tuần đêm | O5: OT lễ đêm
A6: =IF($B6="","",ROW()-5) | C6: =IF($B6="","",IFERROR(INDEX(DM_NHAN_SU!$C$6:$C$155,MATCH($B6,DM_NHAN_SU!$B$6:$B$155,0)),"SAI MÃ NV")) | E6: =IF(OR($B6="",$D6=""),"",IF(COUNTIF(THAM_SO_CC!$F$10:$F$40,$D6)>0,"Lễ",IF(IF(THAM_SO_CC!$B$12="T7+CN",WEEKDAY($D6,2)>=6,WEEKDAY($D6,2)=7),"Nghỉ tuần","Ngày thường"))) | J6: =IF($B6="","",IF($E6="Ngày thường",N($G6),0)) | K6: =IF($B6="","",IF($E6="Nghỉ tuần",N($G6),0)) | L6: =IF($B6="","",IF($E6="Lễ",N($G6),0)) | M6: =IF($B6="","",IF($E6="Ngày thường",N($H6),0)) | N6: =IF($B6="","",IF($E6="Nghỉ tuần",N($H6),0)) | O6: =IF($B6="","",IF($E6="Lễ",N($H6),0))
A7: =IF($B7="","",ROW()-5) | C7: =IF($B7="","",IFERROR(INDEX(DM_NHAN_SU!$C$6:$C$155,MATCH($B7,DM_NHAN_SU!$B$6:$B$155,0)),"SAI MÃ NV")) | E7: =IF(OR($B7="",$D7=""),"",IF(COUNTIF(THAM_SO_CC!$F$10:$F$40,$D7)>0,"Lễ",IF(IF(THAM_SO_CC!$B$12="T7+CN",WEEKDAY($D7,2)>=6,WEEKDAY($D7,2)=7),"Nghỉ tuần","Ngày thường"))) | J7: =IF($B7="","",IF($E7="Ngày thường",N($G7),0)) | K7: =IF($B7="","",IF($E7="Nghỉ tuần",N($G7),0)) | L7: =IF($B7="","",IF($E7="Lễ",N($G7),0)) | M7: =IF($B7="","",IF($E7="Ngày thường",N($H7),0)) | N7: =IF($B7="","",IF($E7="Nghỉ tuần",N($H7),0)) | O7: =IF($B7="","",IF($E7="Lễ",N($H7),0))
A8: =IF($B8="","",ROW()-5) | C8: =IF($B8="","",IFERROR(INDEX(DM_NHAN_SU!$C$6:$C$155,MATCH($B8,DM_NHAN_SU!$B$6:$B$155,0)),"SAI MÃ NV")) | E8: =IF(OR($B8="",$D8=""),"",IF(COUNTIF(THAM_SO_CC!$F$10:$F$40,$D8)>0,"Lễ",IF(IF(THAM_SO_CC!$B$12="T7+CN",WEEKDAY($D8,2)>=6,WEEKDAY($D8,2)=7),"Nghỉ tuần","Ngày thường"))) | J8: =IF($B8="","",IF($E8="Ngày thường",N($G8),0)) | K8: =IF($B8="","",IF($E8="Nghỉ tuần",N($G8),0)) | L8: =IF($B8="","",IF($E8="Lễ",N($G8),0)) | M8: =IF($B8="","",IF($E8="Ngày thường",N($H8),0)) | N8: =IF($B8="","",IF($E8="Nghỉ tuần",N($H8),0)) | O8: =IF($B8="","",IF($E8="Lễ",N($H8),0))
A9: =IF($B9="","",ROW()-5) | C9: =IF($B9="","",IFERROR(INDEX(DM_NHAN_SU!$C$6:$C$155,MATCH($B9,DM_NHAN_SU!$B$6:$B$155,0)),"SAI MÃ NV")) | E9: =IF(OR($B9="",$D9=""),"",IF(COUNTIF(THAM_SO_CC!$F$10:$F$40,$D9)>0,"Lễ",IF(IF(THAM_SO_CC!$B$12="T7+CN",WEEKDAY($D9,2)>=6,WEEKDAY($D9,2)=7),"Nghỉ tuần","Ngày thường"))) | J9: =IF($B9="","",IF($E9="Ngày thường",N($G9),0)) | K9: =IF($B9="","",IF($E9="Nghỉ tuần",N($G9),0)) | L9: =IF($B9="","",IF($E9="Lễ",N($G9),0)) | M9: =IF($B9="","",IF($E9="Ngày thường",N($H9),0)) | N9: =IF($B9="","",IF($E9="Nghỉ tuần",N($H9),0)) | O9: =IF($B9="","",IF($E9="Lễ",N($H9),0))
A10: =IF($B10="","",ROW()-5) | C10: =IF($B10="","",IFERROR(INDEX(DM_NHAN_SU!$C$6:$C$155,MATCH($B10,DM_NHAN_SU!$B$6:$B$155,0)),"SAI MÃ NV")) | E10: =IF(OR($B10="",$D10=""),"",IF(COUNTIF(THAM_SO_CC!$F$10:$F$40,$D10)>0,"Lễ",IF(IF(THAM_SO_CC!$B$12="T7+CN",WEEKDAY($D10,2)>=6,WEEKDAY($D10,2)=7),"Nghỉ tuần","Ngày thường"))) | J10: =IF($B10="","",IF($E10="Ngày thường",N($G10),0)) | K10: =IF($B10="","",IF($E10="Nghỉ tuần",N($G10),0)) | L10: =IF($B10="","",IF($E10="Lễ",N($G10),0)) | M10: =IF($B10="","",IF($E10="Ngày thường",N($H10),0)) | N10: =IF($B10="","",IF($E10="Nghỉ tuần",N($H10),0)) | O10: =IF($B10="","",IF($E10="Lễ",N($H10),0))
A11: =IF($B11="","",ROW()-5) | C11: =IF($B11="","",IFERROR(INDEX(DM_NHAN_SU!$C$6:$C$155,MATCH($B11,DM_NHAN_SU!$B$6:$B$155,0)),"SAI MÃ NV")) | E11: =IF(OR($B11="",$D11=""),"",IF(COUNTIF(THAM_SO_CC!$F$10:$F$40,$D11)>0,"Lễ",IF(IF(THAM_SO_CC!$B$12="T7+CN",WEEKDAY($D11,2)>=6,WEEKDAY($D11,2)=7),"Nghỉ tuần","Ngày thường"))) | J11: =IF($B11="","",IF($E11="Ngày thường",N($G11),0)) | K11: =IF($B11="","",IF($E11="Nghỉ tuần",N($G11),0)) | L11: =IF($B11="","",IF($E11="Lễ",N($G11),0)) | M11: =IF($B11="","",IF($E11="Ngày thường",N($H11),0)) | N11: =IF($B11="","",IF($E11="Nghỉ tuần",N($H11),0)) | O11: =IF($B11="","",IF($E11="Lễ",N($H11),0))
A12: =IF($B12="","",ROW()-5) | C12: =IF($B12="","",IFERROR(INDEX(DM_NHAN_SU!$C$6:$C$155,MATCH($B12,DM_NHAN_SU!$B$6:$B$155,0)),"SAI MÃ NV")) | E12: =IF(OR($B12="",$D12=""),"",IF(COUNTIF(THAM_SO_CC!$F$10:$F$40,$D12)>0,"Lễ",IF(IF(THAM_SO_CC!$B$12="T7+CN",WEEKDAY($D12,2)>=6,WEEKDAY($D12,2)=7),"Nghỉ tuần","Ngày thường"))) | J12: =IF($B12="","",IF($E12="Ngày thường",N($G12),0)) | K12: =IF($B12="","",IF($E12="Nghỉ tuần",N($G12),0)) | L12: =IF($B12="","",IF($E12="Lễ",N($G12),0)) | M12: =IF($B12="","",IF($E12="Ngày thường",N($H12),0)) | N12: =IF($B12="","",IF($E12="Nghỉ tuần",N($H12),0)) | O12: =IF($B12="","",IF($E12="Lễ",N($H12),0))
A13: =IF($B13="","",ROW()-5) | C13: =IF($B13="","",IFERROR(INDEX(DM_NHAN_SU!$C$6:$C$155,MATCH($B13,DM_NHAN_SU!$B$6:$B$155,0)),"SAI MÃ NV")) | E13: =IF(OR($B13="",$D13=""),"",IF(COUNTIF(THAM_SO_CC!$F$10:$F$40,$D13)>0,"Lễ",IF(IF(THAM_SO_CC!$B$12="T7+CN",WEEKDAY($D13,2)>=6,WEEKDAY($D13,2)=7),"Nghỉ tuần","Ngày thường"))) | J13: =IF($B13="","",IF($E13="Ngày thường",N($G13),0)) | K13: =IF($B13="","",IF($E13="Nghỉ tuần",N($G13),0)) | L13: =IF($B13="","",IF($E13="Lễ",N($G13),0)) | M13: =IF($B13="","",IF($E13="Ngày thường",N($H13),0)) | N13: =IF($B13="","",IF($E13="Nghỉ tuần",N($H13),0)) | O13: =IF($B13="","",IF($E13="Lễ",N($H13),0))
A14: =IF($B14="","",ROW()-5) | C14: =IF($B14="","",IFERROR(INDEX(DM_NHAN_SU!$C$6:$C$155,MATCH($B14,DM_NHAN_SU!$B$6:$B$155,0)),"SAI MÃ NV")) | E14: =IF(OR($B14="",$D14=""),"",IF(COUNTIF(THAM_SO_CC!$F$10:$F$40,$D14)>0,"Lễ",IF(IF(THAM_SO_CC!$B$12="T7+CN",WEEKDAY($D14,2)>=6,WEEKDAY($D14,2)=7),"Nghỉ tuần","Ngày thường"))) | J14: =IF($B14="","",IF($E14="Ngày thường",N($G14),0)) | K14: =IF($B14="","",IF($E14="Nghỉ tuần",N($G14),0)) | L14: =IF($B14="","",IF($E14="Lễ",N($G14),0)) | M14: =IF($B14="","",IF($E14="Ngày thường",N($H14),0)) | N14: =IF($B14="","",IF($E14="Nghỉ tuần",N($H14),0)) | O14: =IF($B14="","",IF($E14="Lễ",N($H14),0))
A15: =IF($B15="","",ROW()-5) | C15: =IF($B15="","",IFERROR(INDEX(DM_NHAN_SU!$C$6:$C$155,MATCH($B15,DM_NHAN_SU!$B$6:$B$155,0)),"SAI MÃ NV")) | E15: =IF(OR($B15="",$D15=""),"",IF(COUNTIF(THAM_SO_CC!$F$10:$F$40,$D15)>0,"Lễ",IF(IF(THAM_SO_CC!$B$12="T7+CN",WEEKDAY($D15,2)>=6,WEEKDAY($D15,2)=7),"Nghỉ tuần","Ngày thường"))) | J15: =IF($B15="","",IF($E15="Ngày thường",N($G15),0)) | K15: =IF($B15="","",IF($E15="Nghỉ tuần",N($G15),0)) | L15: =IF($B15="","",IF($E15="Lễ",N($G15),0)) | M15: =IF($B15="","",IF($E15="Ngày thường",N($H15),0)) | N15: =IF($B15="","",IF($E15="Nghỉ tuần",N($H15),0)) | O15: =IF($B15="","",IF($E15="Lễ",N($H15),0))
A16: =IF($B16="","",ROW()-5) | C16: =IF($B16="","",IFERROR(INDEX(DM_NHAN_SU!$C$6:$C$155,MATCH($B16,DM_NHAN_SU!$B$6:$B$155,0)),"SAI MÃ NV")) | E16: =IF(OR($B16="",$D16=""),"",IF(COUNTIF(THAM_SO_CC!$F$10:$F$40,$D16)>0,"Lễ",IF(IF(THAM_SO_CC!$B$12="T7+CN",WEEKDAY($D16,2)>=6,WEEKDAY($D16,2)=7),"Nghỉ tuần","Ngày thường"))) | J16: =IF($B16="","",IF($E16="Ngày thường",N($G16),0)) | K16: =IF($B16="","",IF($E16="Nghỉ tuần",N($G16),0)) | L16: =IF($B16="","",IF($E16="Lễ",N($G16),0)) | M16: =IF($B16="","",IF($E16="Ngày thường",N($H16),0)) | N16: =IF($B16="","",IF($E16="Nghỉ tuần",N($H16),0)) | O16: =IF($B16="","",IF($E16="Lễ",N($H16),0))
A17: =IF($B17="","",ROW()-5) | C17: =IF($B17="","",IFERROR(INDEX(DM_NHAN_SU!$C$6:$C$155,MATCH($B17,DM_NHAN_SU!$B$6:$B$155,0)),"SAI MÃ NV")) | E17: =IF(OR($B17="",$D17=""),"",IF(COUNTIF(THAM_SO_CC!$F$10:$F$40,$D17)>0,"Lễ",IF(IF(THAM_SO_CC!$B$12="T7+CN",WEEKDAY($D17,2)>=6,WEEKDAY($D17,2)=7),"Nghỉ tuần","Ngày thường"))) | J17: =IF($B17="","",IF($E17="Ngày thường",N($G17),0)) | K17: =IF($B17="","",IF($E17="Nghỉ tuần",N($G17),0)) | L17: =IF($B17="","",IF($E17="Lễ",N($G17),0)) | M17: =IF($B17="","",IF($E17="Ngày thường",N($H17),0)) | N17: =IF($B17="","",IF($E17="Nghỉ tuần",N($H17),0)) | O17: =IF($B17="","",IF($E17="Lễ",N($H17),0))
... A2005: =IF($B2005="","",ROW()-5) | C2005: =IF($B2005="","",IFERROR(INDEX(DM_NHAN_SU!$C$6:$C$155,MATCH($B2005,DM_NHAN_SU!$B$6:$B$155,0)),"SAI MÃ NV")) | E2005: =IF(OR($B2005="",$D2005=""),"",IF(COUNTIF(THAM_SO_CC!$F$10:$F$40,$D2005)>0,"Lễ",IF(IF(THAM_SO_CC!$B$12="T7+CN",WEEKDAY($D2005,2)>=6,WEEKDAY($D2005,2)=7),"Nghỉ tuần","Ngày thường"))) | J2005: =IF($B2005="","",IF($E2005="Ngày thường",N($G2005),0)) | K2005: =IF($B2005="","",IF($E2005="Nghỉ tuần",N($G2005),0)) | L2005: =IF($B2005="","",IF($E2005="Lễ",N($G2005),0)) | M2005: =IF($B2005="","",IF($E2005="Ngày thường",N($H2005),0)) | N2005: =IF($B2005="","",IF($E2005="Nghỉ tuần",N($H2005),0)) | O2005: =IF($B2005="","",IF($E2005="Lễ",N($H2005),0))

Sheet TONG_HOP_CC
A1: TỔNG HỢP CHẤM CÔNG THEO NHÂN VIÊN
A2: Toàn bộ sheet là công thức. Ngày công lấy từ BANG_CHAM_CONG, giờ làm thêm lấy từ CC_OT_GIO trong khoảng Từ ngày – Đến ngày của THAM_SO_CC. Đây là số được kết xuất sang file lương tại sheet XUAT_SANG_LUONG.
A5: STT | B5: Mã NV | C5: Họ và tên | D5: Bộ phận | E5: Công làm việc | F5: Giờ/ngày áp dụng | G5: Giờ thường | H5: Giờ đêm trong ca | I5: OT thường ngày | J5: OT nghỉ tuần ngày | K5: OT lễ ngày | L5: OT thường đêm | M5: OT nghỉ tuần đêm | N5: OT lễ đêm | O5: Phép năm hưởng lương | P5: Lễ/Tết hưởng lương | Q5: Việc riêng hưởng lương | R5: Nghỉ ốm hưởng BHXH | S5: Nghỉ thai sản | T5: Nghỉ không lương | U5: Tổng giờ OT | V5: Cảnh báo
A6: =IF($B6="","",ROW()-5) | B6: =IF(BANG_CHAM_CONG!B6="","",BANG_CHAM_CONG!B6) | C6: =IF($B6="","",BANG_CHAM_CONG!C6) | D6: =IF($B6="","",BANG_CHAM_CONG!D6) | E6: =IF($B6="","",BANG_CHAM_CONG!AK6) | F6: =IF($B6="","",IF(DM_NHAN_SU!$H6="",THAM_SO_CC!$B$11,DM_NHAN_SU!$H6)) | G6: =IF($B6="","",ROUND($E6*$F6,2)) | H6: =IF($B6="","",SUMIFS(CC_OT_GIO!$F$6:$F$2005,CC_OT_GIO!$B$6:$B$2005,$B6,CC_OT_GIO!$D$6:$D$2005,">="&THAM_SO_CC!$B$8,CC_OT_GIO!$D$6:$D$2005,"<="&THAM_SO_CC!$B$9)) | I6: =IF($B6="","",SUMIFS(CC_OT_GIO!$J$6:$J$2005,CC_OT_GIO!$B$6:$B$2005,$B6,CC_OT_GIO!$D$6:$D$2005,">="&THAM_SO_CC!$B$8,CC_OT_GIO!$D$6:$D$2005,"<="&THAM_SO_CC!$B$9)) | J6: =IF($B6="","",SUMIFS(CC_OT_GIO!$K$6:$K$2005,CC_OT_GIO!$B$6:$B$2005,$B6,CC_OT_GIO!$D$6:$D$2005,">="&THAM_SO_CC!$B$8,CC_OT_GIO!$D$6:$D$2005,"<="&THAM_SO_CC!$B$9)) | K6: =IF($B6="","",SUMIFS(CC_OT_GIO!$L$6:$L$2005,CC_OT_GIO!$B$6:$B$2005,$B6,CC_OT_GIO!$D$6:$D$2005,">="&THAM_SO_CC!$B$8,CC_OT_GIO!$D$6:$D$2005,"<="&THAM_SO_CC!$B$9)) | L6: =IF($B6="","",SUMIFS(CC_OT_GIO!$M$6:$M$2005,CC_OT_GIO!$B$6:$B$2005,$B6,CC_OT_GIO!$D$6:$D$2005,">="&THAM_SO_CC!$B$8,CC_OT_GIO!$D$6:$D$2005,"<="&THAM_SO_CC!$B$9)) | M6: =IF($B6="","",SUMIFS(CC_OT_GIO!$N$6:$N$2005,CC_OT_GIO!$B$6:$B$2005,$B6,CC_OT_GIO!$D$6:$D$2005,">="&THAM_SO_CC!$B$8,CC_OT_GIO!$D$6:$D$2005,"<="&THAM_SO_CC!$B$9)) | N6: =IF($B6="","",SUMIFS(CC_OT_GIO!$O$6:$O$2005,CC_OT_GIO!$B$6:$B$2005,$B6,CC_OT_GIO!$D$6:$D$2005,">="&THAM_SO_CC!$B$8,CC_OT_GIO!$D$6:$D$2005,"<="&THAM_SO_CC!$B$9)) | O6: =IF($B6="","",BANG_CHAM_CONG!AL6) | P6: =IF($B6="","",BANG_CHAM_CONG!AM6) | Q6: =IF($B6="","",BANG_CHAM_CONG!AN6) | R6: =IF($B6="","",BANG_CHAM_CONG!AO6) | S6: =IF($B6="","",BANG_CHAM_CONG!AP6) | T6: =IF($B6="","",BANG_CHAM_CONG!AQ6) | U6: =IF($B6="","",SUM($I6:$N6)) | V6: =IF($B6="","",TRIM(BANG_CHAM_CONG!$AU6&IF($U6>60,"OT vượt 60 giờ/tháng – rà soát giới hạn làm thêm; ","")&IF(AND($E6=0,SUM($O6:$T6)=0),"Chưa có dữ liệu chấm công; ","")&IF($H6>$G6,"Giờ đêm trong ca lớn hơn giờ thường; ","")))
A7: =IF($B7="","",ROW()-5) | B7: =IF(BANG_CHAM_CONG!B7="","",BANG_CHAM_CONG!B7) | C7: =IF($B7="","",BANG_CHAM_CONG!C7) | D7: =IF($B7="","",BANG_CHAM_CONG!D7) | E7: =IF($B7="","",BANG_CHAM_CONG!AK7) | F7: =IF($B7="","",IF(DM_NHAN_SU!$H7="",THAM_SO_CC!$B$11,DM_NHAN_SU!$H7)) | G7: =IF($B7="","",ROUND($E7*$F7,2)) | H7: =IF($B7="","",SUMIFS(CC_OT_GIO!$F$6:$F$2005,CC_OT_GIO!$B$6:$B$2005,$B7,CC_OT_GIO!$D$6:$D$2005,">="&THAM_SO_CC!$B$8,CC_OT_GIO!$D$6:$D$2005,"<="&THAM_SO_CC!$B$9)) | I7: =IF($B7="","",SUMIFS(CC_OT_GIO!$J$6:$J$2005,CC_OT_GIO!$B$6:$B$2005,$B7,CC_OT_GIO!$D$6:$D$2005,">="&THAM_SO_CC!$B$8,CC_OT_GIO!$D$6:$D$2005,"<="&THAM_SO_CC!$B$9)) | J7: =IF($B7="","",SUMIFS(CC_OT_GIO!$K$6:$K$2005,CC_OT_GIO!$B$6:$B$2005,$B7,CC_OT_GIO!$D$6:$D$2005,">="&THAM_SO_CC!$B$8,CC_OT_GIO!$D$6:$D$2005,"<="&THAM_SO_CC!$B$9)) | K7: =IF($B7="","",SUMIFS(CC_OT_GIO!$L$6:$L$2005,CC_OT_GIO!$B$6:$B$2005,$B7,CC_OT_GIO!$D$6:$D$2005,">="&THAM_SO_CC!$B$8,CC_OT_GIO!$D$6:$D$2005,"<="&THAM_SO_CC!$B$9)) | L7: =IF($B7="","",SUMIFS(CC_OT_GIO!$M$6:$M$2005,CC_OT_GIO!$B$6:$B$2005,$B7,CC_OT_GIO!$D$6:$D$2005,">="&THAM_SO_CC!$B$8,CC_OT_GIO!$D$6:$D$2005,"<="&THAM_SO_CC!$B$9)) | M7: =IF($B7="","",SUMIFS(CC_OT_GIO!$N$6:$N$2005,CC_OT_GIO!$B$6:$B$2005,$B7,CC_OT_GIO!$D$6:$D$2005,">="&THAM_SO_CC!$B$8,CC_OT_GIO!$D$6:$D$2005,"<="&THAM_SO_CC!$B$9)) | N7: =IF($B7="","",SUMIFS(CC_OT_GIO!$O$6:$O$2005,CC_OT_GIO!$B$6:$B$2005,$B7,CC_OT_GIO!$D$6:$D$2005,">="&THAM_SO_CC!$B$8,CC_OT_GIO!$D$6:$D$2005,"<="&THAM_SO_CC!$B$9)) | O7: =IF($B7="","",BANG_CHAM_CONG!AL7) | P7: =IF($B7="","",BANG_CHAM_CONG!AM7) | Q7: =IF($B7="","",BANG_CHAM_CONG!AN7) | R7: =IF($B7="","",BANG_CHAM_CONG!AO7) | S7: =IF($B7="","",BANG_CHAM_CONG!AP7) | T7: =IF($B7="","",BANG_CHAM_CONG!AQ7) | U7: =IF($B7="","",SUM($I7:$N7)) | V7: =IF($B7="","",TRIM(BANG_CHAM_CONG!$AU7&IF($U7>60,"OT vượt 60 giờ/tháng – rà soát giới hạn làm thêm; ","")&IF(AND($E7=0,SUM($O7:$T7)=0),"Chưa có dữ liệu chấm công; ","")&IF($H7>$G7,"Giờ đêm trong ca lớn hơn giờ thường; ","")))
A8: =IF($B8="","",ROW()-5) | B8: =IF(BANG_CHAM_CONG!B8="","",BANG_CHAM_CONG!B8) | C8: =IF($B8="","",BANG_CHAM_CONG!C8) | D8: =IF($B8="","",BANG_CHAM_CONG!D8) | E8: =IF($B8="","",BANG_CHAM_CONG!AK8) | F8: =IF($B8="","",IF(DM_NHAN_SU!$H8="",THAM_SO_CC!$B$11,DM_NHAN_SU!$H8)) | G8: =IF($B8="","",ROUND($E8*$F8,2)) | H8: =IF($B8="","",SUMIFS(CC_OT_GIO!$F$6:$F$2005,CC_OT_GIO!$B$6:$B$2005,$B8,CC_OT_GIO!$D$6:$D$2005,">="&THAM_SO_CC!$B$8,CC_OT_GIO!$D$6:$D$2005,"<="&THAM_SO_CC!$B$9)) | I8: =IF($B8="","",SUMIFS(CC_OT_GIO!$J$6:$J$2005,CC_OT_GIO!$B$6:$B$2005,$B8,CC_OT_GIO!$D$6:$D$2005,">="&THAM_SO_CC!$B$8,CC_OT_GIO!$D$6:$D$2005,"<="&THAM_SO_CC!$B$9)) | J8: =IF($B8="","",SUMIFS(CC_OT_GIO!$K$6:$K$2005,CC_OT_GIO!$B$6:$B$2005,$B8,CC_OT_GIO!$D$6:$D$2005,">="&THAM_SO_CC!$B$8,CC_OT_GIO!$D$6:$D$2005,"<="&THAM_SO_CC!$B$9)) | K8: =IF($B8="","",SUMIFS(CC_OT_GIO!$L$6:$L$2005,CC_OT_GIO!$B$6:$B$2005,$B8,CC_OT_GIO!$D$6:$D$2005,">="&THAM_SO_CC!$B$8,CC_OT_GIO!$D$6:$D$2005,"<="&THAM_SO_CC!$B$9)) | L8: =IF($B8="","",SUMIFS(CC_OT_GIO!$M$6:$M$2005,CC_OT_GIO!$B$6:$B$2005,$B8,CC_OT_GIO!$D$6:$D$2005,">="&THAM_SO_CC!$B$8,CC_OT_GIO!$D$6:$D$2005,"<="&THAM_SO_CC!$B$9)) | M8: =IF($B8="","",SUMIFS(CC_OT_GIO!$N$6:$N$2005,CC_OT_GIO!$B$6:$B$2005,$B8,CC_OT_GIO!$D$6:$D$2005,">="&THAM_SO_CC!$B$8,CC_OT_GIO!$D$6:$D$2005,"<="&THAM_SO_CC!$B$9)) | N8: =IF($B8="","",SUMIFS(CC_OT_GIO!$O$6:$O$2005,CC_OT_GIO!$B$6:$B$2005,$B8,CC_OT_GIO!$D$6:$D$2005,">="&THAM_SO_CC!$B$8,CC_OT_GIO!$D$6:$D$2005,"<="&THAM_SO_CC!$B$9)) | O8: =IF($B8="","",BANG_CHAM_CONG!AL8) | P8: =IF($B8="","",BANG_CHAM_CONG!AM8) | Q8: =IF($B8="","",BANG_CHAM_CONG!AN8) | R8: =IF($B8="","",BANG_CHAM_CONG!AO8) | S8: =IF($B8="","",BANG_CHAM_CONG!AP8) | T8: =IF($B8="","",BANG_CHAM_CONG!AQ8) | U8: =IF($B8="","",SUM($I8:$N8)) | V8: =IF($B8="","",TRIM(BANG_CHAM_CONG!$AU8&IF($U8>60,"OT vượt 60 giờ/tháng – rà soát giới hạn làm thêm; ","")&IF(AND($E8=0,SUM($O8:$T8)=0),"Chưa có dữ liệu chấm công; ","")&IF($H8>$G8,"Giờ đêm trong ca lớn hơn giờ thường; ","")))
A9: =IF($B9="","",ROW()-5) | B9: =IF(BANG_CHAM_CONG!B9="","",BANG_CHAM_CONG!B9) | C9: =IF($B9="","",BANG_CHAM_CONG!C9) | D9: =IF($B9="","",BANG_CHAM_CONG!D9) | E9: =IF($B9="","",BANG_CHAM_CONG!AK9) | F9: =IF($B9="","",IF(DM_NHAN_SU!$H9="",THAM_SO_CC!$B$11,DM_NHAN_SU!$H9)) | G9: =IF($B9="","",ROUND($E9*$F9,2)) | H9: =IF($B9="","",SUMIFS(CC_OT_GIO!$F$6:$F$2005,CC_OT_GIO!$B$6:$B$2005,$B9,CC_OT_GIO!$D$6:$D$2005,">="&THAM_SO_CC!$B$8,CC_OT_GIO!$D$6:$D$2005,"<="&THAM_SO_CC!$B$9)) | I9: =IF($B9="","",SUMIFS(CC_OT_GIO!$J$6:$J$2005,CC_OT_GIO!$B$6:$B$2005,$B9,CC_OT_GIO!$D$6:$D$2005,">="&THAM_SO_CC!$B$8,CC_OT_GIO!$D$6:$D$2005,"<="&THAM_SO_CC!$B$9)) | J9: =IF($B9="","",SUMIFS(CC_OT_GIO!$K$6:$K$2005,CC_OT_GIO!$B$6:$B$2005,$B9,CC_OT_GIO!$D$6:$D$2005,">="&THAM_SO_CC!$B$8,CC_OT_GIO!$D$6:$D$2005,"<="&THAM_SO_CC!$B$9)) | K9: =IF($B9="","",SUMIFS(CC_OT_GIO!$L$6:$L$2005,CC_OT_GIO!$B$6:$B$2005,$B9,CC_OT_GIO!$D$6:$D$2005,">="&THAM_SO_CC!$B$8,CC_OT_GIO!$D$6:$D$2005,"<="&THAM_SO_CC!$B$9)) | L9: =IF($B9="","",SUMIFS(CC_OT_GIO!$M$6:$M$2005,CC_OT_GIO!$B$6:$B$2005,$B9,CC_OT_GIO!$D$6:$D$2005,">="&THAM_SO_CC!$B$8,CC_OT_GIO!$D$6:$D$2005,"<="&THAM_SO_CC!$B$9)) | M9: =IF($B9="","",SUMIFS(CC_OT_GIO!$N$6:$N$2005,CC_OT_GIO!$B$6:$B$2005,$B9,CC_OT_GIO!$D$6:$D$2005,">="&THAM_SO_CC!$B$8,CC_OT_GIO!$D$6:$D$2005,"<="&THAM_SO_CC!$B$9)) | N9: =IF($B9="","",SUMIFS(CC_OT_GIO!$O$6:$O$2005,CC_OT_GIO!$B$6:$B$2005,$B9,CC_OT_GIO!$D$6:$D$2005,">="&THAM_SO_CC!$B$8,CC_OT_GIO!$D$6:$D$2005,"<="&THAM_SO_CC!$B$9)) | O9: =IF($B9="","",BANG_CHAM_CONG!AL9) | P9: =IF($B9="","",BANG_CHAM_CONG!AM9) | Q9: =IF($B9="","",BANG_CHAM_CONG!AN9) | R9: =IF($B9="","",BANG_CHAM_CONG!AO9) | S9: =IF($B9="","",BANG_CHAM_CONG!AP9) | T9: =IF($B9="","",BANG_CHAM_CONG!AQ9) | U9: =IF($B9="","",SUM($I9:$N9)) | V9: =IF($B9="","",TRIM(BANG_CHAM_CONG!$AU9&IF($U9>60,"OT vượt 60 giờ/tháng – rà soát giới hạn làm thêm; ","")&IF(AND($E9=0,SUM($O9:$T9)=0),"Chưa có dữ liệu chấm công; ","")&IF($H9>$G9,"Giờ đêm trong ca lớn hơn giờ thường; ","")))
A10: =IF($B10="","",ROW()-5) | B10: =IF(BANG_CHAM_CONG!B10="","",BANG_CHAM_CONG!B10) | C10: =IF($B10="","",BANG_CHAM_CONG!C10) | D10: =IF($B10="","",BANG_CHAM_CONG!D10) | E10: =IF($B10="","",BANG_CHAM_CONG!AK10) | F10: =IF($B10="","",IF(DM_NHAN_SU!$H10="",THAM_SO_CC!$B$11,DM_NHAN_SU!$H10)) | G10: =IF($B10="","",ROUND($E10*$F10,2)) | H10: =IF($B10="","",SUMIFS(CC_OT_GIO!$F$6:$F$2005,CC_OT_GIO!$B$6:$B$2005,$B10,CC_OT_GIO!$D$6:$D$2005,">="&THAM_SO_CC!$B$8,CC_OT_GIO!$D$6:$D$2005,"<="&THAM_SO_CC!$B$9)) | I10: =IF($B10="","",SUMIFS(CC_OT_GIO!$J$6:$J$2005,CC_OT_GIO!$B$6:$B$2005,$B10,CC_OT_GIO!$D$6:$D$2005,">="&THAM_SO_CC!$B$8,CC_OT_GIO!$D$6:$D$2005,"<="&THAM_SO_CC!$B$9)) | J10: =IF($B10="","",SUMIFS(CC_OT_GIO!$K$6:$K$2005,CC_OT_GIO!$B$6:$B$2005,$B10,CC_OT_GIO!$D$6:$D$2005,">="&THAM_SO_CC!$B$8,CC_OT_GIO!$D$6:$D$2005,"<="&THAM_SO_CC!$B$9)) | K10: =IF($B10="","",SUMIFS(CC_OT_GIO!$L$6:$L$2005,CC_OT_GIO!$B$6:$B$2005,$B10,CC_OT_GIO!$D$6:$D$2005,">="&THAM_SO_CC!$B$8,CC_OT_GIO!$D$6:$D$2005,"<="&THAM_SO_CC!$B$9)) | L10: =IF($B10="","",SUMIFS(CC_OT_GIO!$M$6:$M$2005,CC_OT_GIO!$B$6:$B$2005,$B10,CC_OT_GIO!$D$6:$D$2005,">="&THAM_SO_CC!$B$8,CC_OT_GIO!$D$6:$D$2005,"<="&THAM_SO_CC!$B$9)) | M10: =IF($B10="","",SUMIFS(CC_OT_GIO!$N$6:$N$2005,CC_OT_GIO!$B$6:$B$2005,$B10,CC_OT_GIO!$D$6:$D$2005,">="&THAM_SO_CC!$B$8,CC_OT_GIO!$D$6:$D$2005,"<="&THAM_SO_CC!$B$9)) | N10: =IF($B10="","",SUMIFS(CC_OT_GIO!$O$6:$O$2005,CC_OT_GIO!$B$6:$B$2005,$B10,CC_OT_GIO!$D$6:$D$2005,">="&THAM_SO_CC!$B$8,CC_OT_GIO!$D$6:$D$2005,"<="&THAM_SO_CC!$B$9)) | O10: =IF($B10="","",BANG_CHAM_CONG!AL10) | P10: =IF($B10="","",BANG_CHAM_CONG!AM10) | Q10: =IF($B10="","",BANG_CHAM_CONG!AN10) | R10: =IF($B10="","",BANG_CHAM_CONG!AO10) | S10: =IF($B10="","",BANG_CHAM_CONG!AP10) | T10: =IF($B10="","",BANG_CHAM_CONG!AQ10) | U10: =IF($B10="","",SUM($I10:$N10)) | V10: =IF($B10="","",TRIM(BANG_CHAM_CONG!$AU10&IF($U10>60,"OT vượt 60 giờ/tháng – rà soát giới hạn làm thêm; ","")&IF(AND($E10=0,SUM($O10:$T10)=0),"Chưa có dữ liệu chấm công; ","")&IF($H10>$G10,"Giờ đêm trong ca lớn hơn giờ thường; ","")))
A11: =IF($B11="","",ROW()-5) | B11: =IF(BANG_CHAM_CONG!B11="","",BANG_CHAM_CONG!B11) | C11: =IF($B11="","",BANG_CHAM_CONG!C11) | D11: =IF($B11="","",BANG_CHAM_CONG!D11) | E11: =IF($B11="","",BANG_CHAM_CONG!AK11) | F11: =IF($B11="","",IF(DM_NHAN_SU!$H11="",THAM_SO_CC!$B$11,DM_NHAN_SU!$H11)) | G11: =IF($B11="","",ROUND($E11*$F11,2)) | H11: =IF($B11="","",SUMIFS(CC_OT_GIO!$F$6:$F$2005,CC_OT_GIO!$B$6:$B$2005,$B11,CC_OT_GIO!$D$6:$D$2005,">="&THAM_SO_CC!$B$8,CC_OT_GIO!$D$6:$D$2005,"<="&THAM_SO_CC!$B$9)) | I11: =IF($B11="","",SUMIFS(CC_OT_GIO!$J$6:$J$2005,CC_OT_GIO!$B$6:$B$2005,$B11,CC_OT_GIO!$D$6:$D$2005,">="&THAM_SO_CC!$B$8,CC_OT_GIO!$D$6:$D$2005,"<="&THAM_SO_CC!$B$9)) | J11: =IF($B11="","",SUMIFS(CC_OT_GIO!$K$6:$K$2005,CC_OT_GIO!$B$6:$B$2005,$B11,CC_OT_GIO!$D$6:$D$2005,">="&THAM_SO_CC!$B$8,CC_OT_GIO!$D$6:$D$2005,"<="&THAM_SO_CC!$B$9)) | K11: =IF($B11="","",SUMIFS(CC_OT_GIO!$L$6:$L$2005,CC_OT_GIO!$B$6:$B$2005,$B11,CC_OT_GIO!$D$6:$D$2005,">="&THAM_SO_CC!$B$8,CC_OT_GIO!$D$6:$D$2005,"<="&THAM_SO_CC!$B$9)) | L11: =IF($B11="","",SUMIFS(CC_OT_GIO!$M$6:$M$2005,CC_OT_GIO!$B$6:$B$2005,$B11,CC_OT_GIO!$D$6:$D$2005,">="&THAM_SO_CC!$B$8,CC_OT_GIO!$D$6:$D$2005,"<="&THAM_SO_CC!$B$9)) | M11: =IF($B11="","",SUMIFS(CC_OT_GIO!$N$6:$N$2005,CC_OT_GIO!$B$6:$B$2005,$B11,CC_OT_GIO!$D$6:$D$2005,">="&THAM_SO_CC!$B$8,CC_OT_GIO!$D$6:$D$2005,"<="&THAM_SO_CC!$B$9)) | N11: =IF($B11="","",SUMIFS(CC_OT_GIO!$O$6:$O$2005,CC_OT_GIO!$B$6:$B$2005,$B11,CC_OT_GIO!$D$6:$D$2005,">="&THAM_SO_CC!$B$8,CC_OT_GIO!$D$6:$D$2005,"<="&THAM_SO_CC!$B$9)) | O11: =IF($B11="","",BANG_CHAM_CONG!AL11) | P11: =IF($B11="","",BANG_CHAM_CONG!AM11) | Q11: =IF($B11="","",BANG_CHAM_CONG!AN11) | R11: =IF($B11="","",BANG_CHAM_CONG!AO11) | S11: =IF($B11="","",BANG_CHAM_CONG!AP11) | T11: =IF($B11="","",BANG_CHAM_CONG!AQ11) | U11: =IF($B11="","",SUM($I11:$N11)) | V11: =IF($B11="","",TRIM(BANG_CHAM_CONG!$AU11&IF($U11>60,"OT vượt 60 giờ/tháng – rà soát giới hạn làm thêm; ","")&IF(AND($E11=0,SUM($O11:$T11)=0),"Chưa có dữ liệu chấm công; ","")&IF($H11>$G11,"Giờ đêm trong ca lớn hơn giờ thường; ","")))
A12: =IF($B12="","",ROW()-5) | B12: =IF(BANG_CHAM_CONG!B12="","",BANG_CHAM_CONG!B12) | C12: =IF($B12="","",BANG_CHAM_CONG!C12) | D12: =IF($B12="","",BANG_CHAM_CONG!D12) | E12: =IF($B12="","",BANG_CHAM_CONG!AK12) | F12: =IF($B12="","",IF(DM_NHAN_SU!$H12="",THAM_SO_CC!$B$11,DM_NHAN_SU!$H12)) | G12: =IF($B12="","",ROUND($E12*$F12,2)) | H12: =IF($B12="","",SUMIFS(CC_OT_GIO!$F$6:$F$2005,CC_OT_GIO!$B$6:$B$2005,$B12,CC_OT_GIO!$D$6:$D$2005,">="&THAM_SO_CC!$B$8,CC_OT_GIO!$D$6:$D$2005,"<="&THAM_SO_CC!$B$9)) | I12: =IF($B12="","",SUMIFS(CC_OT_GIO!$J$6:$J$2005,CC_OT_GIO!$B$6:$B$2005,$B12,CC_OT_GIO!$D$6:$D$2005,">="&THAM_SO_CC!$B$8,CC_OT_GIO!$D$6:$D$2005,"<="&THAM_SO_CC!$B$9)) | J12: =IF($B12="","",SUMIFS(CC_OT_GIO!$K$6:$K$2005,CC_OT_GIO!$B$6:$B$2005,$B12,CC_OT_GIO!$D$6:$D$2005,">="&THAM_SO_CC!$B$8,CC_OT_GIO!$D$6:$D$2005,"<="&THAM_SO_CC!$B$9)) | K12: =IF($B12="","",SUMIFS(CC_OT_GIO!$L$6:$L$2005,CC_OT_GIO!$B$6:$B$2005,$B12,CC_OT_GIO!$D$6:$D$2005,">="&THAM_SO_CC!$B$8,CC_OT_GIO!$D$6:$D$2005,"<="&THAM_SO_CC!$B$9)) | L12: =IF($B12="","",SUMIFS(CC_OT_GIO!$M$6:$M$2005,CC_OT_GIO!$B$6:$B$2005,$B12,CC_OT_GIO!$D$6:$D$2005,">="&THAM_SO_CC!$B$8,CC_OT_GIO!$D$6:$D$2005,"<="&THAM_SO_CC!$B$9)) | M12: =IF($B12="","",SUMIFS(CC_OT_GIO!$N$6:$N$2005,CC_OT_GIO!$B$6:$B$2005,$B12,CC_OT_GIO!$D$6:$D$2005,">="&THAM_SO_CC!$B$8,CC_OT_GIO!$D$6:$D$2005,"<="&THAM_SO_CC!$B$9)) | N12: =IF($B12="","",SUMIFS(CC_OT_GIO!$O$6:$O$2005,CC_OT_GIO!$B$6:$B$2005,$B12,CC_OT_GIO!$D$6:$D$2005,">="&THAM_SO_CC!$B$8,CC_OT_GIO!$D$6:$D$2005,"<="&THAM_SO_CC!$B$9)) | O12: =IF($B12="","",BANG_CHAM_CONG!AL12) | P12: =IF($B12="","",BANG_CHAM_CONG!AM12) | Q12: =IF($B12="","",BANG_CHAM_CONG!AN12) | R12: =IF($B12="","",BANG_CHAM_CONG!AO12) | S12: =IF($B12="","",BANG_CHAM_CONG!AP12) | T12: =IF($B12="","",BANG_CHAM_CONG!AQ12) | U12: =IF($B12="","",SUM($I12:$N12)) | V12: =IF($B12="","",TRIM(BANG_CHAM_CONG!$AU12&IF($U12>60,"OT vượt 60 giờ/tháng – rà soát giới hạn làm thêm; ","")&IF(AND($E12=0,SUM($O12:$T12)=0),"Chưa có dữ liệu chấm công; ","")&IF($H12>$G12,"Giờ đêm trong ca lớn hơn giờ thường; ","")))
A13: =IF($B13="","",ROW()-5) | B13: =IF(BANG_CHAM_CONG!B13="","",BANG_CHAM_CONG!B13) | C13: =IF($B13="","",BANG_CHAM_CONG!C13) | D13: =IF($B13="","",BANG_CHAM_CONG!D13) | E13: =IF($B13="","",BANG_CHAM_CONG!AK13) | F13: =IF($B13="","",IF(DM_NHAN_SU!$H13="",THAM_SO_CC!$B$11,DM_NHAN_SU!$H13)) | G13: =IF($B13="","",ROUND($E13*$F13,2)) | H13: =IF($B13="","",SUMIFS(CC_OT_GIO!$F$6:$F$2005,CC_OT_GIO!$B$6:$B$2005,$B13,CC_OT_GIO!$D$6:$D$2005,">="&THAM_SO_CC!$B$8,CC_OT_GIO!$D$6:$D$2005,"<="&THAM_SO_CC!$B$9)) | I13: =IF($B13="","",SUMIFS(CC_OT_GIO!$J$6:$J$2005,CC_OT_GIO!$B$6:$B$2005,$B13,CC_OT_GIO!$D$6:$D$2005,">="&THAM_SO_CC!$B$8,CC_OT_GIO!$D$6:$D$2005,"<="&THAM_SO_CC!$B$9)) | J13: =IF($B13="","",SUMIFS(CC_OT_GIO!$K$6:$K$2005,CC_OT_GIO!$B$6:$B$2005,$B13,CC_OT_GIO!$D$6:$D$2005,">="&THAM_SO_CC!$B$8,CC_OT_GIO!$D$6:$D$2005,"<="&THAM_SO_CC!$B$9)) | K13: =IF($B13="","",SUMIFS(CC_OT_GIO!$L$6:$L$2005,CC_OT_GIO!$B$6:$B$2005,$B13,CC_OT_GIO!$D$6:$D$2005,">="&THAM_SO_CC!$B$8,CC_OT_GIO!$D$6:$D$2005,"<="&THAM_SO_CC!$B$9)) | L13: =IF($B13="","",SUMIFS(CC_OT_GIO!$M$6:$M$2005,CC_OT_GIO!$B$6:$B$2005,$B13,CC_OT_GIO!$D$6:$D$2005,">="&THAM_SO_CC!$B$8,CC_OT_GIO!$D$6:$D$2005,"<="&THAM_SO_CC!$B$9)) | M13: =IF($B13="","",SUMIFS(CC_OT_GIO!$N$6:$N$2005,CC_OT_GIO!$B$6:$B$2005,$B13,CC_OT_GIO!$D$6:$D$2005,">="&THAM_SO_CC!$B$8,CC_OT_GIO!$D$6:$D$2005,"<="&THAM_SO_CC!$B$9)) | N13: =IF($B13="","",SUMIFS(CC_OT_GIO!$O$6:$O$2005,CC_OT_GIO!$B$6:$B$2005,$B13,CC_OT_GIO!$D$6:$D$2005,">="&THAM_SO_CC!$B$8,CC_OT_GIO!$D$6:$D$2005,"<="&THAM_SO_CC!$B$9)) | O13: =IF($B13="","",BANG_CHAM_CONG!AL13) | P13: =IF($B13="","",BANG_CHAM_CONG!AM13) | Q13: =IF($B13="","",BANG_CHAM_CONG!AN13) | R13: =IF($B13="","",BANG_CHAM_CONG!AO13) | S13: =IF($B13="","",BANG_CHAM_CONG!AP13) | T13: =IF($B13="","",BANG_CHAM_CONG!AQ13) | U13: =IF($B13="","",SUM($I13:$N13)) | V13: =IF($B13="","",TRIM(BANG_CHAM_CONG!$AU13&IF($U13>60,"OT vượt 60 giờ/tháng – rà soát giới hạn làm thêm; ","")&IF(AND($E13=0,SUM($O13:$T13)=0),"Chưa có dữ liệu chấm công; ","")&IF($H13>$G13,"Giờ đêm trong ca lớn hơn giờ thường; ","")))
A14: =IF($B14="","",ROW()-5) | B14: =IF(BANG_CHAM_CONG!B14="","",BANG_CHAM_CONG!B14) | C14: =IF($B14="","",BANG_CHAM_CONG!C14) | D14: =IF($B14="","",BANG_CHAM_CONG!D14) | E14: =IF($B14="","",BANG_CHAM_CONG!AK14) | F14: =IF($B14="","",IF(DM_NHAN_SU!$H14="",THAM_SO_CC!$B$11,DM_NHAN_SU!$H14)) | G14: =IF($B14="","",ROUND($E14*$F14,2)) | H14: =IF($B14="","",SUMIFS(CC_OT_GIO!$F$6:$F$2005,CC_OT_GIO!$B$6:$B$2005,$B14,CC_OT_GIO!$D$6:$D$2005,">="&THAM_SO_CC!$B$8,CC_OT_GIO!$D$6:$D$2005,"<="&THAM_SO_CC!$B$9)) | I14: =IF($B14="","",SUMIFS(CC_OT_GIO!$J$6:$J$2005,CC_OT_GIO!$B$6:$B$2005,$B14,CC_OT_GIO!$D$6:$D$2005,">="&THAM_SO_CC!$B$8,CC_OT_GIO!$D$6:$D$2005,"<="&THAM_SO_CC!$B$9)) | J14: =IF($B14="","",SUMIFS(CC_OT_GIO!$K$6:$K$2005,CC_OT_GIO!$B$6:$B$2005,$B14,CC_OT_GIO!$D$6:$D$2005,">="&THAM_SO_CC!$B$8,CC_OT_GIO!$D$6:$D$2005,"<="&THAM_SO_CC!$B$9)) | K14: =IF($B14="","",SUMIFS(CC_OT_GIO!$L$6:$L$2005,CC_OT_GIO!$B$6:$B$2005,$B14,CC_OT_GIO!$D$6:$D$2005,">="&THAM_SO_CC!$B$8,CC_OT_GIO!$D$6:$D$2005,"<="&THAM_SO_CC!$B$9)) | L14: =IF($B14="","",SUMIFS(CC_OT_GIO!$M$6:$M$2005,CC_OT_GIO!$B$6:$B$2005,$B14,CC_OT_GIO!$D$6:$D$2005,">="&THAM_SO_CC!$B$8,CC_OT_GIO!$D$6:$D$2005,"<="&THAM_SO_CC!$B$9)) | M14: =IF($B14="","",SUMIFS(CC_OT_GIO!$N$6:$N$2005,CC_OT_GIO!$B$6:$B$2005,$B14,CC_OT_GIO!$D$6:$D$2005,">="&THAM_SO_CC!$B$8,CC_OT_GIO!$D$6:$D$2005,"<="&THAM_SO_CC!$B$9)) | N14: =IF($B14="","",SUMIFS(CC_OT_GIO!$O$6:$O$2005,CC_OT_GIO!$B$6:$B$2005,$B14,CC_OT_GIO!$D$6:$D$2005,">="&THAM_SO_CC!$B$8,CC_OT_GIO!$D$6:$D$2005,"<="&THAM_SO_CC!$B$9)) | O14: =IF($B14="","",BANG_CHAM_CONG!AL14) | P14: =IF($B14="","",BANG_CHAM_CONG!AM14) | Q14: =IF($B14="","",BANG_CHAM_CONG!AN14) | R14: =IF($B14="","",BANG_CHAM_CONG!AO14) | S14: =IF($B14="","",BANG_CHAM_CONG!AP14) | T14: =IF($B14="","",BANG_CHAM_CONG!AQ14) | U14: =IF($B14="","",SUM($I14:$N14)) | V14: =IF($B14="","",TRIM(BANG_CHAM_CONG!$AU14&IF($U14>60,"OT vượt 60 giờ/tháng – rà soát giới hạn làm thêm; ","")&IF(AND($E14=0,SUM($O14:$T14)=0),"Chưa có dữ liệu chấm công; ","")&IF($H14>$G14,"Giờ đêm trong ca lớn hơn giờ thường; ","")))
A15: =IF($B15="","",ROW()-5) | B15: =IF(BANG_CHAM_CONG!B15="","",BANG_CHAM_CONG!B15) | C15: =IF($B15="","",BANG_CHAM_CONG!C15) | D15: =IF($B15="","",BANG_CHAM_CONG!D15) | E15: =IF($B15="","",BANG_CHAM_CONG!AK15) | F15: =IF($B15="","",IF(DM_NHAN_SU!$H15="",THAM_SO_CC!$B$11,DM_NHAN_SU!$H15)) | G15: =IF($B15="","",ROUND($E15*$F15,2)) | H15: =IF($B15="","",SUMIFS(CC_OT_GIO!$F$6:$F$2005,CC_OT_GIO!$B$6:$B$2005,$B15,CC_OT_GIO!$D$6:$D$2005,">="&THAM_SO_CC!$B$8,CC_OT_GIO!$D$6:$D$2005,"<="&THAM_SO_CC!$B$9)) | I15: =IF($B15="","",SUMIFS(CC_OT_GIO!$J$6:$J$2005,CC_OT_GIO!$B$6:$B$2005,$B15,CC_OT_GIO!$D$6:$D$2005,">="&THAM_SO_CC!$B$8,CC_OT_GIO!$D$6:$D$2005,"<="&THAM_SO_CC!$B$9)) | J15: =IF($B15="","",SUMIFS(CC_OT_GIO!$K$6:$K$2005,CC_OT_GIO!$B$6:$B$2005,$B15,CC_OT_GIO!$D$6:$D$2005,">="&THAM_SO_CC!$B$8,CC_OT_GIO!$D$6:$D$2005,"<="&THAM_SO_CC!$B$9)) | K15: =IF($B15="","",SUMIFS(CC_OT_GIO!$L$6:$L$2005,CC_OT_GIO!$B$6:$B$2005,$B15,CC_OT_GIO!$D$6:$D$2005,">="&THAM_SO_CC!$B$8,CC_OT_GIO!$D$6:$D$2005,"<="&THAM_SO_CC!$B$9)) | L15: =IF($B15="","",SUMIFS(CC_OT_GIO!$M$6:$M$2005,CC_OT_GIO!$B$6:$B$2005,$B15,CC_OT_GIO!$D$6:$D$2005,">="&THAM_SO_CC!$B$8,CC_OT_GIO!$D$6:$D$2005,"<="&THAM_SO_CC!$B$9)) | M15: =IF($B15="","",SUMIFS(CC_OT_GIO!$N$6:$N$2005,CC_OT_GIO!$B$6:$B$2005,$B15,CC_OT_GIO!$D$6:$D$2005,">="&THAM_SO_CC!$B$8,CC_OT_GIO!$D$6:$D$2005,"<="&THAM_SO_CC!$B$9)) | N15: =IF($B15="","",SUMIFS(CC_OT_GIO!$O$6:$O$2005,CC_OT_GIO!$B$6:$B$2005,$B15,CC_OT_GIO!$D$6:$D$2005,">="&THAM_SO_CC!$B$8,CC_OT_GIO!$D$6:$D$2005,"<="&THAM_SO_CC!$B$9)) | O15: =IF($B15="","",BANG_CHAM_CONG!AL15) | P15: =IF($B15="","",BANG_CHAM_CONG!AM15) | Q15: =IF($B15="","",BANG_CHAM_CONG!AN15) | R15: =IF($B15="","",BANG_CHAM_CONG!AO15) | S15: =IF($B15="","",BANG_CHAM_CONG!AP15) | T15: =IF($B15="","",BANG_CHAM_CONG!AQ15) | U15: =IF($B15="","",SUM($I15:$N15)) | V15: =IF($B15="","",TRIM(BANG_CHAM_CONG!$AU15&IF($U15>60,"OT vượt 60 giờ/tháng – rà soát giới hạn làm thêm; ","")&IF(AND($E15=0,SUM($O15:$T15)=0),"Chưa có dữ liệu chấm công; ","")&IF($H15>$G15,"Giờ đêm trong ca lớn hơn giờ thường; ","")))
A16: =IF($B16="","",ROW()-5) | B16: =IF(BANG_CHAM_CONG!B16="","",BANG_CHAM_CONG!B16) | C16: =IF($B16="","",BANG_CHAM_CONG!C16) | D16: =IF($B16="","",BANG_CHAM_CONG!D16) | E16: =IF($B16="","",BANG_CHAM_CONG!AK16) | F16: =IF($B16="","",IF(DM_NHAN_SU!$H16="",THAM_SO_CC!$B$11,DM_NHAN_SU!$H16)) | G16: =IF($B16="","",ROUND($E16*$F16,2)) | H16: =IF($B16="","",SUMIFS(CC_OT_GIO!$F$6:$F$2005,CC_OT_GIO!$B$6:$B$2005,$B16,CC_OT_GIO!$D$6:$D$2005,">="&THAM_SO_CC!$B$8,CC_OT_GIO!$D$6:$D$2005,"<="&THAM_SO_CC!$B$9)) | I16: =IF($B16="","",SUMIFS(CC_OT_GIO!$J$6:$J$2005,CC_OT_GIO!$B$6:$B$2005,$B16,CC_OT_GIO!$D$6:$D$2005,">="&THAM_SO_CC!$B$8,CC_OT_GIO!$D$6:$D$2005,"<="&THAM_SO_CC!$B$9)) | J16: =IF($B16="","",SUMIFS(CC_OT_GIO!$K$6:$K$2005,CC_OT_GIO!$B$6:$B$2005,$B16,CC_OT_GIO!$D$6:$D$2005,">="&THAM_SO_CC!$B$8,CC_OT_GIO!$D$6:$D$2005,"<="&THAM_SO_CC!$B$9)) | K16: =IF($B16="","",SUMIFS(CC_OT_GIO!$L$6:$L$2005,CC_OT_GIO!$B$6:$B$2005,$B16,CC_OT_GIO!$D$6:$D$2005,">="&THAM_SO_CC!$B$8,CC_OT_GIO!$D$6:$D$2005,"<="&THAM_SO_CC!$B$9)) | L16: =IF($B16="","",SUMIFS(CC_OT_GIO!$M$6:$M$2005,CC_OT_GIO!$B$6:$B$2005,$B16,CC_OT_GIO!$D$6:$D$2005,">="&THAM_SO_CC!$B$8,CC_OT_GIO!$D$6:$D$2005,"<="&THAM_SO_CC!$B$9)) | M16: =IF($B16="","",SUMIFS(CC_OT_GIO!$N$6:$N$2005,CC_OT_GIO!$B$6:$B$2005,$B16,CC_OT_GIO!$D$6:$D$2005,">="&THAM_SO_CC!$B$8,CC_OT_GIO!$D$6:$D$2005,"<="&THAM_SO_CC!$B$9)) | N16: =IF($B16="","",SUMIFS(CC_OT_GIO!$O$6:$O$2005,CC_OT_GIO!$B$6:$B$2005,$B16,CC_OT_GIO!$D$6:$D$2005,">="&THAM_SO_CC!$B$8,CC_OT_GIO!$D$6:$D$2005,"<="&THAM_SO_CC!$B$9)) | O16: =IF($B16="","",BANG_CHAM_CONG!AL16) | P16: =IF($B16="","",BANG_CHAM_CONG!AM16) | Q16: =IF($B16="","",BANG_CHAM_CONG!AN16) | R16: =IF($B16="","",BANG_CHAM_CONG!AO16) | S16: =IF($B16="","",BANG_CHAM_CONG!AP16) | T16: =IF($B16="","",BANG_CHAM_CONG!AQ16) | U16: =IF($B16="","",SUM($I16:$N16)) | V16: =IF($B16="","",TRIM(BANG_CHAM_CONG!$AU16&IF($U16>60,"OT vượt 60 giờ/tháng – rà soát giới hạn làm thêm; ","")&IF(AND($E16=0,SUM($O16:$T16)=0),"Chưa có dữ liệu chấm công; ","")&IF($H16>$G16,"Giờ đêm trong ca lớn hơn giờ thường; ","")))
A17: =IF($B17="","",ROW()-5) | B17: =IF(BANG_CHAM_CONG!B17="","",BANG_CHAM_CONG!B17) | C17: =IF($B17="","",BANG_CHAM_CONG!C17) | D17: =IF($B17="","",BANG_CHAM_CONG!D17) | E17: =IF($B17="","",BANG_CHAM_CONG!AK17) | F17: =IF($B17="","",IF(DM_NHAN_SU!$H17="",THAM_SO_CC!$B$11,DM_NHAN_SU!$H17)) | G17: =IF($B17="","",ROUND($E17*$F17,2)) | H17: =IF($B17="","",SUMIFS(CC_OT_GIO!$F$6:$F$2005,CC_OT_GIO!$B$6:$B$2005,$B17,CC_OT_GIO!$D$6:$D$2005,">="&THAM_SO_CC!$B$8,CC_OT_GIO!$D$6:$D$2005,"<="&THAM_SO_CC!$B$9)) | I17: =IF($B17="","",SUMIFS(CC_OT_GIO!$J$6:$J$2005,CC_OT_GIO!$B$6:$B$2005,$B17,CC_OT_GIO!$D$6:$D$2005,">="&THAM_SO_CC!$B$8,CC_OT_GIO!$D$6:$D$2005,"<="&THAM_SO_CC!$B$9)) | J17: =IF($B17="","",SUMIFS(CC_OT_GIO!$K$6:$K$2005,CC_OT_GIO!$B$6:$B$2005,$B17,CC_OT_GIO!$D$6:$D$2005,">="&THAM_SO_CC!$B$8,CC_OT_GIO!$D$6:$D$2005,"<="&THAM_SO_CC!$B$9)) | K17: =IF($B17="","",SUMIFS(CC_OT_GIO!$L$6:$L$2005,CC_OT_GIO!$B$6:$B$2005,$B17,CC_OT_GIO!$D$6:$D$2005,">="&THAM_SO_CC!$B$8,CC_OT_GIO!$D$6:$D$2005,"<="&THAM_SO_CC!$B$9)) | L17: =IF($B17="","",SUMIFS(CC_OT_GIO!$M$6:$M$2005,CC_OT_GIO!$B$6:$B$2005,$B17,CC_OT_GIO!$D$6:$D$2005,">="&THAM_SO_CC!$B$8,CC_OT_GIO!$D$6:$D$2005,"<="&THAM_SO_CC!$B$9)) | M17: =IF($B17="","",SUMIFS(CC_OT_GIO!$N$6:$N$2005,CC_OT_GIO!$B$6:$B$2005,$B17,CC_OT_GIO!$D$6:$D$2005,">="&THAM_SO_CC!$B$8,CC_OT_GIO!$D$6:$D$2005,"<="&THAM_SO_CC!$B$9)) | N17: =IF($B17="","",SUMIFS(CC_OT_GIO!$O$6:$O$2005,CC_OT_GIO!$B$6:$B$2005,$B17,CC_OT_GIO!$D$6:$D$2005,">="&THAM_SO_CC!$B$8,CC_OT_GIO!$D$6:$D$2005,"<="&THAM_SO_CC!$B$9)) | O17: =IF($B17="","",BANG_CHAM_CONG!AL17) | P17: =IF($B17="","",BANG_CHAM_CONG!AM17) | Q17: =IF($B17="","",BANG_CHAM_CONG!AN17) | R17: =IF($B17="","",BANG_CHAM_CONG!AO17) | S17: =IF($B17="","",BANG_CHAM_CONG!AP17) | T17: =IF($B17="","",BANG_CHAM_CONG!AQ17) | U17: =IF($B17="","",SUM($I17:$N17)) | V17: =IF($B17="","",TRIM(BANG_CHAM_CONG!$AU17&IF($U17>60,"OT vượt 60 giờ/tháng – rà soát giới hạn làm thêm; ","")&IF(AND($E17=0,SUM($O17:$T17)=0),"Chưa có dữ liệu chấm công; ","")&IF($H17>$G17,"Giờ đêm trong ca lớn hơn giờ thường; ","")))
... A155: =IF($B155="","",ROW()-5) | B155: =IF(BANG_CHAM_CONG!B155="","",BANG_CHAM_CONG!B155) | C155: =IF($B155="","",BANG_CHAM_CONG!C155) | D155: =IF($B155="","",BANG_CHAM_CONG!D155) | E155: =IF($B155="","",BANG_CHAM_CONG!AK155) | F155: =IF($B155="","",IF(DM_NHAN_SU!$H155="",THAM_SO_CC!$B$11,DM_NHAN_SU!$H155)) | G155: =IF($B155="","",ROUND($E155*$F155,2)) | H155: =IF($B155="","",SUMIFS(CC_OT_GIO!$F$6:$F$2005,CC_OT_GIO!$B$6:$B$2005,$B155,CC_OT_GIO!$D$6:$D$2005,">="&THAM_SO_CC!$B$8,CC_OT_GIO!$D$6:$D$2005,"<="&THAM_SO_CC!$B$9)) | I155: =IF($B155="","",SUMIFS(CC_OT_GIO!$J$6:$J$2005,CC_OT_GIO!$B$6:$B$2005,$B155,CC_OT_GIO!$D$6:$D$2005,">="&THAM_SO_CC!$B$8,CC_OT_GIO!$D$6:$D$2005,"<="&THAM_SO_CC!$B$9)) | J155: =IF($B155="","",SUMIFS(CC_OT_GIO!$K$6:$K$2005,CC_OT_GIO!$B$6:$B$2005,$B155,CC_OT_GIO!$D$6:$D$2005,">="&THAM_SO_CC!$B$8,CC_OT_GIO!$D$6:$D$2005,"<="&THAM_SO_CC!$B$9)) | K155: =IF($B155="","",SUMIFS(CC_OT_GIO!$L$6:$L$2005,CC_OT_GIO!$B$6:$B$2005,$B155,CC_OT_GIO!$D$6:$D$2005,">="&THAM_SO_CC!$B$8,CC_OT_GIO!$D$6:$D$2005,"<="&THAM_SO_CC!$B$9)) | L155: =IF($B155="","",SUMIFS(CC_OT_GIO!$M$6:$M$2005,CC_OT_GIO!$B$6:$B$2005,$B155,CC_OT_GIO!$D$6:$D$2005,">="&THAM_SO_CC!$B$8,CC_OT_GIO!$D$6:$D$2005,"<="&THAM_SO_CC!$B$9)) | M155: =IF($B155="","",SUMIFS(CC_OT_GIO!$N$6:$N$2005,CC_OT_GIO!$B$6:$B$2005,$B155,CC_OT_GIO!$D$6:$D$2005,">="&THAM_SO_CC!$B$8,CC_OT_GIO!$D$6:$D$2005,"<="&THAM_SO_CC!$B$9)) | N155: =IF($B155="","",SUMIFS(CC_OT_GIO!$O$6:$O$2005,CC_OT_GIO!$B$6:$B$2005,$B155,CC_OT_GIO!$D$6:$D$2005,">="&THAM_SO_CC!$B$8,CC_OT_GIO!$D$6:$D$2005,"<="&THAM_SO_CC!$B$9)) | O155: =IF($B155="","",BANG_CHAM_CONG!AL155) | P155: =IF($B155="","",BANG_CHAM_CONG!AM155) | Q155: =IF($B155="","",BANG_CHAM_CONG!AN155) | R155: =IF($B155="","",BANG_CHAM_CONG!AO155) | S155: =IF($B155="","",BANG_CHAM_CONG!AP155) | T155: =IF($B155="","",BANG_CHAM_CONG!AQ155) | U155: =IF($B155="","",SUM($I155:$N155)) | V155: =IF($B155="","",TRIM(BANG_CHAM_CONG!$AU155&IF($U155>60,"OT vượt 60 giờ/tháng – rà soát giới hạn làm thêm; ","")&IF(AND($E155=0,SUM($O155:$T155)=0),"Chưa có dữ liệu chấm công; ","")&IF($H155>$G155,"Giờ đêm trong ca lớn hơn giờ thường; ","")))

Sheet XUAT_SANG_LUONG
A1: KẾT XUẤT SANG FILE NS06_Bang_Luong_Tu_Dong_2026.xlsx
A2: Copy từng khối rồi dán vào file lương bằng Paste Values (Ctrl+Alt+V → Values). Dán Khối 0 trước để hai file cùng thứ tự dòng, sau đó dán Khối 1 và Khối 2. Không dán đè lên vùng công thức AC:AK và AR:AW của sheet CHAM_CONG_THANG.
A4: ĐỐI CHIẾU – KHÔNG DÁN | E4: KHỐI 1 → dán Paste Values vào ô D6 sheet CHAM_CONG_THANG (10 cột D:M) | P4: KHỐI 2 → dán vào ô AL6 sheet CHAM_CONG_THANG (6 cột AL:AQ) | W4: KHỐI 0 → dán vào ô B6 sheet DM_NHAN_SU (6 cột B:G) – làm trước tiên
A5: STT | B5: Mã NV | C5: Họ và tên | E5: Nguồn công | F5: Công làm việc | G5: Giờ thường | H5: Giờ đêm trong ca | I5: OT thường ngày | J5: OT nghỉ tuần ngày | K5: OT lễ ngày | L5: OT thường đêm | M5: OT nghỉ tuần đêm | N5: OT lễ đêm | P5: Phép năm hưởng lương | Q5: Lễ/Tết hưởng lương | R5: Việc riêng hưởng lương | S5: Nghỉ ốm hưởng BHXH | T5: Nghỉ thai sản | U5: Nghỉ không lương | W5: Mã NV | X5: Họ và tên | Y5: Bộ phận | Z5: Chức danh | AA5: Ngày vào | AB5: Ngày nghỉ
A6: =IF($B6="","",ROW()-5) | B6: =IF(TONG_HOP_CC!B6="","",TONG_HOP_CC!B6) | C6: =IF($B6="","",TONG_HOP_CC!C6) | E6: =IF($B6="","","Tổng hợp") | F6: =IF($B6="","",TONG_HOP_CC!E6) | G6: =IF($B6="","",TONG_HOP_CC!G6) | H6: =IF($B6="","",TONG_HOP_CC!H6) | I6: =IF($B6="","",TONG_HOP_CC!I6) | J6: =IF($B6="","",TONG_HOP_CC!J6) | K6: =IF($B6="","",TONG_HOP_CC!K6) | L6: =IF($B6="","",TONG_HOP_CC!L6) | M6: =IF($B6="","",TONG_HOP_CC!M6) | N6: =IF($B6="","",TONG_HOP_CC!N6) | P6: =IF($B6="","",TONG_HOP_CC!O6) | Q6: =IF($B6="","",TONG_HOP_CC!P6) | R6: =IF($B6="","",TONG_HOP_CC!Q6) | S6: =IF($B6="","",TONG_HOP_CC!R6) | T6: =IF($B6="","",TONG_HOP_CC!S6) | U6: =IF($B6="","",TONG_HOP_CC!T6) | W6: =IF(DM_NHAN_SU!$B6="","",IF(DM_NHAN_SU!$B6="","",DM_NHAN_SU!$B6)) | X6: =IF(DM_NHAN_SU!$B6="","",IF(DM_NHAN_SU!$C6="","",DM_NHAN_SU!$C6)) | Y6: =IF(DM_NHAN_SU!$B6="","",IF(DM_NHAN_SU!$D6="","",DM_NHAN_SU!$D6)) | Z6: =IF(DM_NHAN_SU!$B6="","",IF(DM_NHAN_SU!$E6="","",DM_NHAN_SU!$E6)) | AA6: =IF(DM_NHAN_SU!$B6="","",IF(DM_NHAN_SU!$F6="","",DM_NHAN_SU!$F6)) | AB6: =IF(DM_NHAN_SU!$B6="","",IF(DM_NHAN_SU!$G6="","",DM_NHAN_SU!$G6))
A7: =IF($B7="","",ROW()-5) | B7: =IF(TONG_HOP_CC!B7="","",TONG_HOP_CC!B7) | C7: =IF($B7="","",TONG_HOP_CC!C7) | E7: =IF($B7="","","Tổng hợp") | F7: =IF($B7="","",TONG_HOP_CC!E7) | G7: =IF($B7="","",TONG_HOP_CC!G7) | H7: =IF($B7="","",TONG_HOP_CC!H7) | I7: =IF($B7="","",TONG_HOP_CC!I7) | J7: =IF($B7="","",TONG_HOP_CC!J7) | K7: =IF($B7="","",TONG_HOP_CC!K7) | L7: =IF($B7="","",TONG_HOP_CC!L7) | M7: =IF($B7="","",TONG_HOP_CC!M7) | N7: =IF($B7="","",TONG_HOP_CC!N7) | P7: =IF($B7="","",TONG_HOP_CC!O7) | Q7: =IF($B7="","",TONG_HOP_CC!P7) | R7: =IF($B7="","",TONG_HOP_CC!Q7) | S7: =IF($B7="","",TONG_HOP_CC!R7) | T7: =IF($B7="","",TONG_HOP_CC!S7) | U7: =IF($B7="","",TONG_HOP_CC!T7) | W7: =IF(DM_NHAN_SU!$B7="","",IF(DM_NHAN_SU!$B7="","",DM_NHAN_SU!$B7)) | X7: =IF(DM_NHAN_SU!$B7="","",IF(DM_NHAN_SU!$C7="","",DM_NHAN_SU!$C7)) | Y7: =IF(DM_NHAN_SU!$B7="","",IF(DM_NHAN_SU!$D7="","",DM_NHAN_SU!$D7)) | Z7: =IF(DM_NHAN_SU!$B7="","",IF(DM_NHAN_SU!$E7="","",DM_NHAN_SU!$E7)) | AA7: =IF(DM_NHAN_SU!$B7="","",IF(DM_NHAN_SU!$F7="","",DM_NHAN_SU!$F7)) | AB7: =IF(DM_NHAN_SU!$B7="","",IF(DM_NHAN_SU!$G7="","",DM_NHAN_SU!$G7))
A8: =IF($B8="","",ROW()-5) | B8: =IF(TONG_HOP_CC!B8="","",TONG_HOP_CC!B8) | C8: =IF($B8="","",TONG_HOP_CC!C8) | E8: =IF($B8="","","Tổng hợp") | F8: =IF($B8="","",TONG_HOP_CC!E8) | G8: =IF($B8="","",TONG_HOP_CC!G8) | H8: =IF($B8="","",TONG_HOP_CC!H8) | I8: =IF($B8="","",TONG_HOP_CC!I8) | J8: =IF($B8="","",TONG_HOP_CC!J8) | K8: =IF($B8="","",TONG_HOP_CC!K8) | L8: =IF($B8="","",TONG_HOP_CC!L8) | M8: =IF($B8="","",TONG_HOP_CC!M8) | N8: =IF($B8="","",TONG_HOP_CC!N8) | P8: =IF($B8="","",TONG_HOP_CC!O8) | Q8: =IF($B8="","",TONG_HOP_CC!P8) | R8: =IF($B8="","",TONG_HOP_CC!Q8) | S8: =IF($B8="","",TONG_HOP_CC!R8) | T8: =IF($B8="","",TONG_HOP_CC!S8) | U8: =IF($B8="","",TONG_HOP_CC!T8) | W8: =IF(DM_NHAN_SU!$B8="","",IF(DM_NHAN_SU!$B8="","",DM_NHAN_SU!$B8)) | X8: =IF(DM_NHAN_SU!$B8="","",IF(DM_NHAN_SU!$C8="","",DM_NHAN_SU!$C8)) | Y8: =IF(DM_NHAN_SU!$B8="","",IF(DM_NHAN_SU!$D8="","",DM_NHAN_SU!$D8)) | Z8: =IF(DM_NHAN_SU!$B8="","",IF(DM_NHAN_SU!$E8="","",DM_NHAN_SU!$E8)) | AA8: =IF(DM_NHAN_SU!$B8="","",IF(DM_NHAN_SU!$F8="","",DM_NHAN_SU!$F8)) | AB8: =IF(DM_NHAN_SU!$B8="","",IF(DM_NHAN_SU!$G8="","",DM_NHAN_SU!$G8))
A9: =IF($B9="","",ROW()-5) | B9: =IF(TONG_HOP_CC!B9="","",TONG_HOP_CC!B9) | C9: =IF($B9="","",TONG_HOP_CC!C9) | E9: =IF($B9="","","Tổng hợp") | F9: =IF($B9="","",TONG_HOP_CC!E9) | G9: =IF($B9="","",TONG_HOP_CC!G9) | H9: =IF($B9="","",TONG_HOP_CC!H9) | I9: =IF($B9="","",TONG_HOP_CC!I9) | J9: =IF($B9="","",TONG_HOP_CC!J9) | K9: =IF($B9="","",TONG_HOP_CC!K9) | L9: =IF($B9="","",TONG_HOP_CC!L9) | M9: =IF($B9="","",TONG_HOP_CC!M9) | N9: =IF($B9="","",TONG_HOP_CC!N9) | P9: =IF($B9="","",TONG_HOP_CC!O9) | Q9: =IF($B9="","",TONG_HOP_CC!P9) | R9: =IF($B9="","",TONG_HOP_CC!Q9) | S9: =IF($B9="","",TONG_HOP_CC!R9) | T9: =IF($B9="","",TONG_HOP_CC!S9) | U9: =IF($B9="","",TONG_HOP_CC!T9) | W9: =IF(DM_NHAN_SU!$B9="","",IF(DM_NHAN_SU!$B9="","",DM_NHAN_SU!$B9)) | X9: =IF(DM_NHAN_SU!$B9="","",IF(DM_NHAN_SU!$C9="","",DM_NHAN_SU!$C9)) | Y9: =IF(DM_NHAN_SU!$B9="","",IF(DM_NHAN_SU!$D9="","",DM_NHAN_SU!$D9)) | Z9: =IF(DM_NHAN_SU!$B9="","",IF(DM_NHAN_SU!$E9="","",DM_NHAN_SU!$E9)) | AA9: =IF(DM_NHAN_SU!$B9="","",IF(DM_NHAN_SU!$F9="","",DM_NHAN_SU!$F9)) | AB9: =IF(DM_NHAN_SU!$B9="","",IF(DM_NHAN_SU!$G9="","",DM_NHAN_SU!$G9))
A10: =IF($B10="","",ROW()-5) | B10: =IF(TONG_HOP_CC!B10="","",TONG_HOP_CC!B10) | C10: =IF($B10="","",TONG_HOP_CC!C10) | E10: =IF($B10="","","Tổng hợp") | F10: =IF($B10="","",TONG_HOP_CC!E10) | G10: =IF($B10="","",TONG_HOP_CC!G10) | H10: =IF($B10="","",TONG_HOP_CC!H10) | I10: =IF($B10="","",TONG_HOP_CC!I10) | J10: =IF($B10="","",TONG_HOP_CC!J10) | K10: =IF($B10="","",TONG_HOP_CC!K10) | L10: =IF($B10="","",TONG_HOP_CC!L10) | M10: =IF($B10="","",TONG_HOP_CC!M10) | N10: =IF($B10="","",TONG_HOP_CC!N10) | P10: =IF($B10="","",TONG_HOP_CC!O10) | Q10: =IF($B10="","",TONG_HOP_CC!P10) | R10: =IF($B10="","",TONG_HOP_CC!Q10) | S10: =IF($B10="","",TONG_HOP_CC!R10) | T10: =IF($B10="","",TONG_HOP_CC!S10) | U10: =IF($B10="","",TONG_HOP_CC!T10) | W10: =IF(DM_NHAN_SU!$B10="","",IF(DM_NHAN_SU!$B10="","",DM_NHAN_SU!$B10)) | X10: =IF(DM_NHAN_SU!$B10="","",IF(DM_NHAN_SU!$C10="","",DM_NHAN_SU!$C10)) | Y10: =IF(DM_NHAN_SU!$B10="","",IF(DM_NHAN_SU!$D10="","",DM_NHAN_SU!$D10)) | Z10: =IF(DM_NHAN_SU!$B10="","",IF(DM_NHAN_SU!$E10="","",DM_NHAN_SU!$E10)) | AA10: =IF(DM_NHAN_SU!$B10="","",IF(DM_NHAN_SU!$F10="","",DM_NHAN_SU!$F10)) | AB10: =IF(DM_NHAN_SU!$B10="","",IF(DM_NHAN_SU!$G10="","",DM_NHAN_SU!$G10))
A11: =IF($B11="","",ROW()-5) | B11: =IF(TONG_HOP_CC!B11="","",TONG_HOP_CC!B11) | C11: =IF($B11="","",TONG_HOP_CC!C11) | E11: =IF($B11="","","Tổng hợp") | F11: =IF($B11="","",TONG_HOP_CC!E11) | G11: =IF($B11="","",TONG_HOP_CC!G11) | H11: =IF($B11="","",TONG_HOP_CC!H11) | I11: =IF($B11="","",TONG_HOP_CC!I11) | J11: =IF($B11="","",TONG_HOP_CC!J11) | K11: =IF($B11="","",TONG_HOP_CC!K11) | L11: =IF($B11="","",TONG_HOP_CC!L11) | M11: =IF($B11="","",TONG_HOP_CC!M11) | N11: =IF($B11="","",TONG_HOP_CC!N11) | P11: =IF($B11="","",TONG_HOP_CC!O11) | Q11: =IF($B11="","",TONG_HOP_CC!P11) | R11: =IF($B11="","",TONG_HOP_CC!Q11) | S11: =IF($B11="","",TONG_HOP_CC!R11) | T11: =IF($B11="","",TONG_HOP_CC!S11) | U11: =IF($B11="","",TONG_HOP_CC!T11) | W11: =IF(DM_NHAN_SU!$B11="","",IF(DM_NHAN_SU!$B11="","",DM_NHAN_SU!$B11)) | X11: =IF(DM_NHAN_SU!$B11="","",IF(DM_NHAN_SU!$C11="","",DM_NHAN_SU!$C11)) | Y11: =IF(DM_NHAN_SU!$B11="","",IF(DM_NHAN_SU!$D11="","",DM_NHAN_SU!$D11)) | Z11: =IF(DM_NHAN_SU!$B11="","",IF(DM_NHAN_SU!$E11="","",DM_NHAN_SU!$E11)) | AA11: =IF(DM_NHAN_SU!$B11="","",IF(DM_NHAN_SU!$F11="","",DM_NHAN_SU!$F11)) | AB11: =IF(DM_NHAN_SU!$B11="","",IF(DM_NHAN_SU!$G11="","",DM_NHAN_SU!$G11))
A12: =IF($B12="","",ROW()-5) | B12: =IF(TONG_HOP_CC!B12="","",TONG_HOP_CC!B12) | C12: =IF($B12="","",TONG_HOP_CC!C12) | E12: =IF($B12="","","Tổng hợp") | F12: =IF($B12="","",TONG_HOP_CC!E12) | G12: =IF($B12="","",TONG_HOP_CC!G12) | H12: =IF($B12="","",TONG_HOP_CC!H12) | I12: =IF($B12="","",TONG_HOP_CC!I12) | J12: =IF($B12="","",TONG_HOP_CC!J12) | K12: =IF($B12="","",TONG_HOP_CC!K12) | L12: =IF($B12="","",TONG_HOP_CC!L12) | M12: =IF($B12="","",TONG_HOP_CC!M12) | N12: =IF($B12="","",TONG_HOP_CC!N12) | P12: =IF($B12="","",TONG_HOP_CC!O12) | Q12: =IF($B12="","",TONG_HOP_CC!P12) | R12: =IF($B12="","",TONG_HOP_CC!Q12) | S12: =IF($B12="","",TONG_HOP_CC!R12) | T12: =IF($B12="","",TONG_HOP_CC!S12) | U12: =IF($B12="","",TONG_HOP_CC!T12) | W12: =IF(DM_NHAN_SU!$B12="","",IF(DM_NHAN_SU!$B12="","",DM_NHAN_SU!$B12)) | X12: =IF(DM_NHAN_SU!$B12="","",IF(DM_NHAN_SU!$C12="","",DM_NHAN_SU!$C12)) | Y12: =IF(DM_NHAN_SU!$B12="","",IF(DM_NHAN_SU!$D12="","",DM_NHAN_SU!$D12)) | Z12: =IF(DM_NHAN_SU!$B12="","",IF(DM_NHAN_SU!$E12="","",DM_NHAN_SU!$E12)) | AA12: =IF(DM_NHAN_SU!$B12="","",IF(DM_NHAN_SU!$F12="","",DM_NHAN_SU!$F12)) | AB12: =IF(DM_NHAN_SU!$B12="","",IF(DM_NHAN_SU!$G12="","",DM_NHAN_SU!$G12))
A13: =IF($B13="","",ROW()-5) | B13: =IF(TONG_HOP_CC!B13="","",TONG_HOP_CC!B13) | C13: =IF($B13="","",TONG_HOP_CC!C13) | E13: =IF($B13="","","Tổng hợp") | F13: =IF($B13="","",TONG_HOP_CC!E13) | G13: =IF($B13="","",TONG_HOP_CC!G13) | H13: =IF($B13="","",TONG_HOP_CC!H13) | I13: =IF($B13="","",TONG_HOP_CC!I13) | J13: =IF($B13="","",TONG_HOP_CC!J13) | K13: =IF($B13="","",TONG_HOP_CC!K13) | L13: =IF($B13="","",TONG_HOP_CC!L13) | M13: =IF($B13="","",TONG_HOP_CC!M13) | N13: =IF($B13="","",TONG_HOP_CC!N13) | P13: =IF($B13="","",TONG_HOP_CC!O13) | Q13: =IF($B13="","",TONG_HOP_CC!P13) | R13: =IF($B13="","",TONG_HOP_CC!Q13) | S13: =IF($B13="","",TONG_HOP_CC!R13) | T13: =IF($B13="","",TONG_HOP_CC!S13) | U13: =IF($B13="","",TONG_HOP_CC!T13) | W13: =IF(DM_NHAN_SU!$B13="","",IF(DM_NHAN_SU!$B13="","",DM_NHAN_SU!$B13)) | X13: =IF(DM_NHAN_SU!$B13="","",IF(DM_NHAN_SU!$C13="","",DM_NHAN_SU!$C13)) | Y13: =IF(DM_NHAN_SU!$B13="","",IF(DM_NHAN_SU!$D13="","",DM_NHAN_SU!$D13)) | Z13: =IF(DM_NHAN_SU!$B13="","",IF(DM_NHAN_SU!$E13="","",DM_NHAN_SU!$E13)) | AA13: =IF(DM_NHAN_SU!$B13="","",IF(DM_NHAN_SU!$F13="","",DM_NHAN_SU!$F13)) | AB13: =IF(DM_NHAN_SU!$B13="","",IF(DM_NHAN_SU!$G13="","",DM_NHAN_SU!$G13))
A14: =IF($B14="","",ROW()-5) | B14: =IF(TONG_HOP_CC!B14="","",TONG_HOP_CC!B14) | C14: =IF($B14="","",TONG_HOP_CC!C14) | E14: =IF($B14="","","Tổng hợp") | F14: =IF($B14="","",TONG_HOP_CC!E14) | G14: =IF($B14="","",TONG_HOP_CC!G14) | H14: =IF($B14="","",TONG_HOP_CC!H14) | I14: =IF($B14="","",TONG_HOP_CC!I14) | J14: =IF($B14="","",TONG_HOP_CC!J14) | K14: =IF($B14="","",TONG_HOP_CC!K14) | L14: =IF($B14="","",TONG_HOP_CC!L14) | M14: =IF($B14="","",TONG_HOP_CC!M14) | N14: =IF($B14="","",TONG_HOP_CC!N14) | P14: =IF($B14="","",TONG_HOP_CC!O14) | Q14: =IF($B14="","",TONG_HOP_CC!P14) | R14: =IF($B14="","",TONG_HOP_CC!Q14) | S14: =IF($B14="","",TONG_HOP_CC!R14) | T14: =IF($B14="","",TONG_HOP_CC!S14) | U14: =IF($B14="","",TONG_HOP_CC!T14) | W14: =IF(DM_NHAN_SU!$B14="","",IF(DM_NHAN_SU!$B14="","",DM_NHAN_SU!$B14)) | X14: =IF(DM_NHAN_SU!$B14="","",IF(DM_NHAN_SU!$C14="","",DM_NHAN_SU!$C14)) | Y14: =IF(DM_NHAN_SU!$B14="","",IF(DM_NHAN_SU!$D14="","",DM_NHAN_SU!$D14)) | Z14: =IF(DM_NHAN_SU!$B14="","",IF(DM_NHAN_SU!$E14="","",DM_NHAN_SU!$E14)) | AA14: =IF(DM_NHAN_SU!$B14="","",IF(DM_NHAN_SU!$F14="","",DM_NHAN_SU!$F14)) | AB14: =IF(DM_NHAN_SU!$B14="","",IF(DM_NHAN_SU!$G14="","",DM_NHAN_SU!$G14))
A15: =IF($B15="","",ROW()-5) | B15: =IF(TONG_HOP_CC!B15="","",TONG_HOP_CC!B15) | C15: =IF($B15="","",TONG_HOP_CC!C15) | E15: =IF($B15="","","Tổng hợp") | F15: =IF($B15="","",TONG_HOP_CC!E15) | G15: =IF($B15="","",TONG_HOP_CC!G15) | H15: =IF($B15="","",TONG_HOP_CC!H15) | I15: =IF($B15="","",TONG_HOP_CC!I15) | J15: =IF($B15="","",TONG_HOP_CC!J15) | K15: =IF($B15="","",TONG_HOP_CC!K15) | L15: =IF($B15="","",TONG_HOP_CC!L15) | M15: =IF($B15="","",TONG_HOP_CC!M15) | N15: =IF($B15="","",TONG_HOP_CC!N15) | P15: =IF($B15="","",TONG_HOP_CC!O15) | Q15: =IF($B15="","",TONG_HOP_CC!P15) | R15: =IF($B15="","",TONG_HOP_CC!Q15) | S15: =IF($B15="","",TONG_HOP_CC!R15) | T15: =IF($B15="","",TONG_HOP_CC!S15) | U15: =IF($B15="","",TONG_HOP_CC!T15) | W15: =IF(DM_NHAN_SU!$B15="","",IF(DM_NHAN_SU!$B15="","",DM_NHAN_SU!$B15)) | X15: =IF(DM_NHAN_SU!$B15="","",IF(DM_NHAN_SU!$C15="","",DM_NHAN_SU!$C15)) | Y15: =IF(DM_NHAN_SU!$B15="","",IF(DM_NHAN_SU!$D15="","",DM_NHAN_SU!$D15)) | Z15: =IF(DM_NHAN_SU!$B15="","",IF(DM_NHAN_SU!$E15="","",DM_NHAN_SU!$E15)) | AA15: =IF(DM_NHAN_SU!$B15="","",IF(DM_NHAN_SU!$F15="","",DM_NHAN_SU!$F15)) | AB15: =IF(DM_NHAN_SU!$B15="","",IF(DM_NHAN_SU!$G15="","",DM_NHAN_SU!$G15))
A16: =IF($B16="","",ROW()-5) | B16: =IF(TONG_HOP_CC!B16="","",TONG_HOP_CC!B16) | C16: =IF($B16="","",TONG_HOP_CC!C16) | E16: =IF($B16="","","Tổng hợp") | F16: =IF($B16="","",TONG_HOP_CC!E16) | G16: =IF($B16="","",TONG_HOP_CC!G16) | H16: =IF($B16="","",TONG_HOP_CC!H16) | I16: =IF($B16="","",TONG_HOP_CC!I16) | J16: =IF($B16="","",TONG_HOP_CC!J16) | K16: =IF($B16="","",TONG_HOP_CC!K16) | L16: =IF($B16="","",TONG_HOP_CC!L16) | M16: =IF($B16="","",TONG_HOP_CC!M16) | N16: =IF($B16="","",TONG_HOP_CC!N16) | P16: =IF($B16="","",TONG_HOP_CC!O16) | Q16: =IF($B16="","",TONG_HOP_CC!P16) | R16: =IF($B16="","",TONG_HOP_CC!Q16) | S16: =IF($B16="","",TONG_HOP_CC!R16) | T16: =IF($B16="","",TONG_HOP_CC!S16) | U16: =IF($B16="","",TONG_HOP_CC!T16) | W16: =IF(DM_NHAN_SU!$B16="","",IF(DM_NHAN_SU!$B16="","",DM_NHAN_SU!$B16)) | X16: =IF(DM_NHAN_SU!$B16="","",IF(DM_NHAN_SU!$C16="","",DM_NHAN_SU!$C16)) | Y16: =IF(DM_NHAN_SU!$B16="","",IF(DM_NHAN_SU!$D16="","",DM_NHAN_SU!$D16)) | Z16: =IF(DM_NHAN_SU!$B16="","",IF(DM_NHAN_SU!$E16="","",DM_NHAN_SU!$E16)) | AA16: =IF(DM_NHAN_SU!$B16="","",IF(DM_NHAN_SU!$F16="","",DM_NHAN_SU!$F16)) | AB16: =IF(DM_NHAN_SU!$B16="","",IF(DM_NHAN_SU!$G16="","",DM_NHAN_SU!$G16))
A17: =IF($B17="","",ROW()-5) | B17: =IF(TONG_HOP_CC!B17="","",TONG_HOP_CC!B17) | C17: =IF($B17="","",TONG_HOP_CC!C17) | E17: =IF($B17="","","Tổng hợp") | F17: =IF($B17="","",TONG_HOP_CC!E17) | G17: =IF($B17="","",TONG_HOP_CC!G17) | H17: =IF($B17="","",TONG_HOP_CC!H17) | I17: =IF($B17="","",TONG_HOP_CC!I17) | J17: =IF($B17="","",TONG_HOP_CC!J17) | K17: =IF($B17="","",TONG_HOP_CC!K17) | L17: =IF($B17="","",TONG_HOP_CC!L17) | M17: =IF($B17="","",TONG_HOP_CC!M17) | N17: =IF($B17="","",TONG_HOP_CC!N17) | P17: =IF($B17="","",TONG_HOP_CC!O17) | Q17: =IF($B17="","",TONG_HOP_CC!P17) | R17: =IF($B17="","",TONG_HOP_CC!Q17) | S17: =IF($B17="","",TONG_HOP_CC!R17) | T17: =IF($B17="","",TONG_HOP_CC!S17) | U17: =IF($B17="","",TONG_HOP_CC!T17) | W17: =IF(DM_NHAN_SU!$B17="","",IF(DM_NHAN_SU!$B17="","",DM_NHAN_SU!$B17)) | X17: =IF(DM_NHAN_SU!$B17="","",IF(DM_NHAN_SU!$C17="","",DM_NHAN_SU!$C17)) | Y17: =IF(DM_NHAN_SU!$B17="","",IF(DM_NHAN_SU!$D17="","",DM_NHAN_SU!$D17)) | Z17: =IF(DM_NHAN_SU!$B17="","",IF(DM_NHAN_SU!$E17="","",DM_NHAN_SU!$E17)) | AA17: =IF(DM_NHAN_SU!$B17="","",IF(DM_NHAN_SU!$F17="","",DM_NHAN_SU!$F17)) | AB17: =IF(DM_NHAN_SU!$B17="","",IF(DM_NHAN_SU!$G17="","",DM_NHAN_SU!$G17))
... A155: =IF($B155="","",ROW()-5) | B155: =IF(TONG_HOP_CC!B155="","",TONG_HOP_CC!B155) | C155: =IF($B155="","",TONG_HOP_CC!C155) | E155: =IF($B155="","","Tổng hợp") | F155: =IF($B155="","",TONG_HOP_CC!E155) | G155: =IF($B155="","",TONG_HOP_CC!G155) | H155: =IF($B155="","",TONG_HOP_CC!H155) | I155: =IF($B155="","",TONG_HOP_CC!I155) | J155: =IF($B155="","",TONG_HOP_CC!J155) | K155: =IF($B155="","",TONG_HOP_CC!K155) | L155: =IF($B155="","",TONG_HOP_CC!L155) | M155: =IF($B155="","",TONG_HOP_CC!M155) | N155: =IF($B155="","",TONG_HOP_CC!N155) | P155: =IF($B155="","",TONG_HOP_CC!O155) | Q155: =IF($B155="","",TONG_HOP_CC!P155) | R155: =IF($B155="","",TONG_HOP_CC!Q155) | S155: =IF($B155="","",TONG_HOP_CC!R155) | T155: =IF($B155="","",TONG_HOP_CC!S155) | U155: =IF($B155="","",TONG_HOP_CC!T155) | W155: =IF(DM_NHAN_SU!$B155="","",IF(DM_NHAN_SU!$B155="","",DM_NHAN_SU!$B155)) | X155: =IF(DM_NHAN_SU!$B155="","",IF(DM_NHAN_SU!$C155="","",DM_NHAN_SU!$C155)) | Y155: =IF(DM_NHAN_SU!$B155="","",IF(DM_NHAN_SU!$D155="","",DM_NHAN_SU!$D155)) | Z155: =IF(DM_NHAN_SU!$B155="","",IF(DM_NHAN_SU!$E155="","",DM_NHAN_SU!$E155)) | AA155: =IF(DM_NHAN_SU!$B155="","",IF(DM_NHAN_SU!$F155="","",DM_NHAN_SU!$F155)) | AB155: =IF(DM_NHAN_SU!$B155="","",IF(DM_NHAN_SU!$G155="","",DM_NHAN_SU!$G155))

Sheet BAO_CAO
A1: BÁO CÁO CHẤM CÔNG VÀ KIỂM TRA KHỚP NỐI
A2: Khối trên là tổng toàn đơn vị. Khối giữa tổng hợp theo bộ phận – gõ tên bộ phận vào ô vàng đúng như đã khai tại DM_NHAN_SU. Khối dưới là các phép kiểm tra, tất cả phải bằng 0 trước khi dán số sang file lương.
A5: TỔNG TOÀN ĐƠN VỊ
A6: Số nhân viên có chấm công | C6: =COUNTIF(TONG_HOP_CC!$B$6:$B$155,"?*")
A7: Tổng công làm việc (ngày) | C7: =SUM(TONG_HOP_CC!$E$6:$E$155)
A8: Tổng giờ làm việc bình thường (giờ) | C8: =SUM(TONG_HOP_CC!$G$6:$G$155)
A9: Tổng giờ đêm trong ca (giờ) | C9: =SUM(TONG_HOP_CC!$H$6:$H$155)
A10: Tổng giờ làm thêm (giờ) | C10: =SUM(TONG_HOP_CC!$U$6:$U$155)
A11: Tổng ngày phép năm hưởng lương | C11: =SUM(TONG_HOP_CC!$O$6:$O$155)
A12: Tổng ngày lễ, Tết hưởng lương | C12: =SUM(TONG_HOP_CC!$P$6:$P$155)
A13: Tổng ngày việc riêng hưởng lương | C13: =SUM(TONG_HOP_CC!$Q$6:$Q$155)
A14: Tổng ngày nghỉ ốm hưởng BHXH | C14: =SUM(TONG_HOP_CC!$R$6:$R$155)
A15: Tổng ngày nghỉ thai sản | C15: =SUM(TONG_HOP_CC!$S$6:$S$155)
A16: Tổng ngày nghỉ không lương | C16: =SUM(TONG_HOP_CC!$T$6:$T$155)
A18: TỔNG HỢP THEO BỘ PHẬN
A19: STT | B19: Bộ phận | C19: Số NV | D19: Công làm việc | E19: Giờ thường | F19: Giờ đêm trong ca | G19: Tổng giờ OT | H19: Phép năm | I19: Lễ/Tết | J19: Việc riêng | K19: Ốm + Thai sản | L19: Không lương
A20: =IF($B20="","",ROW()-19) | C20: =IF($B20="","",COUNTIFS(TONG_HOP_CC!$D$6:$D$155,$B20)) | D20: =IF($B20="","",SUMIFS(TONG_HOP_CC!$E$6:$E$155,TONG_HOP_CC!$D$6:$D$155,$B20)) | E20: =IF($B20="","",SUMIFS(TONG_HOP_CC!$G$6:$G$155,TONG_HOP_CC!$D$6:$D$155,$B20)) | F20: =IF($B20="","",SUMIFS(TONG_HOP_CC!$H$6:$H$155,TONG_HOP_CC!$D$6:$D$155,$B20)) | G20: =IF($B20="","",SUMIFS(TONG_HOP_CC!$U$6:$U$155,TONG_HOP_CC!$D$6:$D$155,$B20)) | H20: =IF($B20="","",SUMIFS(TONG_HOP_CC!$O$6:$O$155,TONG_HOP_CC!$D$6:$D$155,$B20)) | I20: =IF($B20="","",SUMIFS(TONG_HOP_CC!$P$6:$P$155,TONG_HOP_CC!$D$6:$D$155,$B20)) | J20: =IF($B20="","",SUMIFS(TONG_HOP_CC!$Q$6:$Q$155,TONG_HOP_CC!$D$6:$D$155,$B20)) | K20: =IF($B20="","",SUMIFS(TONG_HOP_CC!$R$6:$R$155,TONG_HOP_CC!$D$6:$D$155,$B20)+SUMIFS(TONG_HOP_CC!$S$6:$S$155,TONG_HOP_CC!$D$6:$D$155,$B20)) | L20: =IF($B20="","",SUMIFS(TONG_HOP_CC!$T$6:$T$155,TONG_HOP_CC!$D$6:$D$155,$B20))
A21: =IF($B21="","",ROW()-19) | C21: =IF($B21="","",COUNTIFS(TONG_HOP_CC!$D$6:$D$155,$B21)) | D21: =IF($B21="","",SUMIFS(TONG_HOP_CC!$E$6:$E$155,TONG_HOP_CC!$D$6:$D$155,$B21)) | E21: =IF($B21="","",SUMIFS(TONG_HOP_CC!$G$6:$G$155,TONG_HOP_CC!$D$6:$D$155,$B21)) | F21: =IF($B21="","",SUMIFS(TONG_HOP_CC!$H$6:$H$155,TONG_HOP_CC!$D$6:$D$155,$B21)) | G21: =IF($B21="","",SUMIFS(TONG_HOP_CC!$U$6:$U$155,TONG_HOP_CC!$D$6:$D$155,$B21)) | H21: =IF($B21="","",SUMIFS(TONG_HOP_CC!$O$6:$O$155,TONG_HOP_CC!$D$6:$D$155,$B21)) | I21: =IF($B21="","",SUMIFS(TONG_HOP_CC!$P$6:$P$155,TONG_HOP_CC!$D$6:$D$155,$B21)) | J21: =IF($B21="","",SUMIFS(TONG_HOP_CC!$Q$6:$Q$155,TONG_HOP_CC!$D$6:$D$155,$B21)) | K21: =IF($B21="","",SUMIFS(TONG_HOP_CC!$R$6:$R$155,TONG_HOP_CC!$D$6:$D$155,$B21)+SUMIFS(TONG_HOP_CC!$S$6:$S$155,TONG_HOP_CC!$D$6:$D$155,$B21)) | L21: =IF($B21="","",SUMIFS(TONG_HOP_CC!$T$6:$T$155,TONG_HOP_CC!$D$6:$D$155,$B21))
A22: =IF($B22="","",ROW()-19) | C22: =IF($B22="","",COUNTIFS(TONG_HOP_CC!$D$6:$D$155,$B22)) | D22: =IF($B22="","",SUMIFS(TONG_HOP_CC!$E$6:$E$155,TONG_HOP_CC!$D$6:$D$155,$B22)) | E22: =IF($B22="","",SUMIFS(TONG_HOP_CC!$G$6:$G$155,TONG_HOP_CC!$D$6:$D$155,$B22)) | F22: =IF($B22="","",SUMIFS(TONG_HOP_CC!$H$6:$H$155,TONG_HOP_CC!$D$6:$D$155,$B22)) | G22: =IF($B22="","",SUMIFS(TONG_HOP_CC!$U$6:$U$155,TONG_HOP_CC!$D$6:$D$155,$B22)) | H22: =IF($B22="","",SUMIFS(TONG_HOP_CC!$O$6:$O$155,TONG_HOP_CC!$D$6:$D$155,$B22)) | I22: =IF($B22="","",SUMIFS(TONG_HOP_CC!$P$6:$P$155,TONG_HOP_CC!$D$6:$D$155,$B22)) | J22: =IF($B22="","",SUMIFS(TONG_HOP_CC!$Q$6:$Q$155,TONG_HOP_CC!$D$6:$D$155,$B22)) | K22: =IF($B22="","",SUMIFS(TONG_HOP_CC!$R$6:$R$155,TONG_HOP_CC!$D$6:$D$155,$B22)+SUMIFS(TONG_HOP_CC!$S$6:$S$155,TONG_HOP_CC!$D$6:$D$155,$B22)) | L22: =IF($B22="","",SUMIFS(TONG_HOP_CC!$T$6:$T$155,TONG_HOP_CC!$D$6:$D$155,$B22))
A23: =IF($B23="","",ROW()-19) | C23: =IF($B23="","",COUNTIFS(TONG_HOP_CC!$D$6:$D$155,$B23)) | D23: =IF($B23="","",SUMIFS(TONG_HOP_CC!$E$6:$E$155,TONG_HOP_CC!$D$6:$D$155,$B23)) | E23: =IF($B23="","",SUMIFS(TONG_HOP_CC!$G$6:$G$155,TONG_HOP_CC!$D$6:$D$155,$B23)) | F23: =IF($B23="","",SUMIFS(TONG_HOP_CC!$H$6:$H$155,TONG_HOP_CC!$D$6:$D$155,$B23)) | G23: =IF($B23="","",SUMIFS(TONG_HOP_CC!$U$6:$U$155,TONG_HOP_CC!$D$6:$D$155,$B23)) | H23: =IF($B23="","",SUMIFS(TONG_HOP_CC!$O$6:$O$155,TONG_HOP_CC!$D$6:$D$155,$B23)) | I23: =IF($B23="","",SUMIFS(TONG_HOP_CC!$P$6:$P$155,TONG_HOP_CC!$D$6:$D$155,$B23)) | J23: =IF($B23="","",SUMIFS(TONG_HOP_CC!$Q$6:$Q$155,TONG_HOP_CC!$D$6:$D$155,$B23)) | K23: =IF($B23="","",SUMIFS(TONG_HOP_CC!$R$6:$R$155,TONG_HOP_CC!$D$6:$D$155,$B23)+SUMIFS(TONG_HOP_CC!$S$6:$S$155,TONG_HOP_CC!$D$6:$D$155,$B23)) | L23: =IF($B23="","",SUMIFS(TONG_HOP_CC!$T$6:$T$155,TONG_HOP_CC!$D$6:$D$155,$B23))
A24: =IF($B24="","",ROW()-19) | C24: =IF($B24="","",COUNTIFS(TONG_HOP_CC!$D$6:$D$155,$B24)) | D24: =IF($B24="","",SUMIFS(TONG_HOP_CC!$E$6:$E$155,TONG_HOP_CC!$D$6:$D$155,$B24)) | E24: =IF($B24="","",SUMIFS(TONG_HOP_CC!$G$6:$G$155,TONG_HOP_CC!$D$6:$D$155,$B24)) | F24: =IF($B24="","",SUMIFS(TONG_HOP_CC!$H$6:$H$155,TONG_HOP_CC!$D$6:$D$155,$B24)) | G24: =IF($B24="","",SUMIFS(TONG_HOP_CC!$U$6:$U$155,TONG_HOP_CC!$D$6:$D$155,$B24)) | H24: =IF($B24="","",SUMIFS(TONG_HOP_CC!$O$6:$O$155,TONG_HOP_CC!$D$6:$D$155,$B24)) | I24: =IF($B24="","",SUMIFS(TONG_HOP_CC!$P$6:$P$155,TONG_HOP_CC!$D$6:$D$155,$B24)) | J24: =IF($B24="","",SUMIFS(TONG_HOP_CC!$Q$6:$Q$155,TONG_HOP_CC!$D$6:$D$155,$B24)) | K24: =IF($B24="","",SUMIFS(TONG_HOP_CC!$R$6:$R$155,TONG_HOP_CC!$D$6:$D$155,$B24)+SUMIFS(TONG_HOP_CC!$S$6:$S$155,TONG_HOP_CC!$D$6:$D$155,$B24)) | L24: =IF($B24="","",SUMIFS(TONG_HOP_CC!$T$6:$T$155,TONG_HOP_CC!$D$6:$D$155,$B24))
A25: =IF($B25="","",ROW()-19) | C25: =IF($B25="","",COUNTIFS(TONG_HOP_CC!$D$6:$D$155,$B25)) | D25: =IF($B25="","",SUMIFS(TONG_HOP_CC!$E$6:$E$155,TONG_HOP_CC!$D$6:$D$155,$B25)) | E25: =IF($B25="","",SUMIFS(TONG_HOP_CC!$G$6:$G$155,TONG_HOP_CC!$D$6:$D$155,$B25)) | F25: =IF($B25="","",SUMIFS(TONG_HOP_CC!$H$6:$H$155,TONG_HOP_CC!$D$6:$D$155,$B25)) | G25: =IF($B25="","",SUMIFS(TONG_HOP_CC!$U$6:$U$155,TONG_HOP_CC!$D$6:$D$155,$B25)) | H25: =IF($B25="","",SUMIFS(TONG_HOP_CC!$O$6:$O$155,TONG_HOP_CC!$D$6:$D$155,$B25)) | I25: =IF($B25="","",SUMIFS(TONG_HOP_CC!$P$6:$P$155,TONG_HOP_CC!$D$6:$D$155,$B25)) | J25: =IF($B25="","",SUMIFS(TONG_HOP_CC!$Q$6:$Q$155,TONG_HOP_CC!$D$6:$D$155,$B25)) | K25: =IF($B25="","",SUMIFS(TONG_HOP_CC!$R$6:$R$155,TONG_HOP_CC!$D$6:$D$155,$B25)+SUMIFS(TONG_HOP_CC!$S$6:$S$155,TONG_HOP_CC!$D$6:$D$155,$B25)) | L25: =IF($B25="","",SUMIFS(TONG_HOP_CC!$T$6:$T$155,TONG_HOP_CC!$D$6:$D$155,$B25))
A26: =IF($B26="","",ROW()-19) | C26: =IF($B26="","",COUNTIFS(TONG_HOP_CC!$D$6:$D$155,$B26)) | D26: =IF($B26="","",SUMIFS(TONG_HOP_CC!$E$6:$E$155,TONG_HOP_CC!$D$6:$D$155,$B26)) | E26: =IF($B26="","",SUMIFS(TONG_HOP_CC!$G$6:$G$155,TONG_HOP_CC!$D$6:$D$155,$B26)) | F26: =IF($B26="","",SUMIFS(TONG_HOP_CC!$H$6:$H$155,TONG_HOP_CC!$D$6:$D$155,$B26)) | G26: =IF($B26="","",SUMIFS(TONG_HOP_CC!$U$6:$U$155,TONG_HOP_CC!$D$6:$D$155,$B26)) | H26: =IF($B26="","",SUMIFS(TONG_HOP_CC!$O$6:$O$155,TONG_HOP_CC!$D$6:$D$155,$B26)) | I26: =IF($B26="","",SUMIFS(TONG_HOP_CC!$P$6:$P$155,TONG_HOP_CC!$D$6:$D$155,$B26)) | J26: =IF($B26="","",SUMIFS(TONG_HOP_CC!$Q$6:$Q$155,TONG_HOP_CC!$D$6:$D$155,$B26)) | K26: =IF($B26="","",SUMIFS(TONG_HOP_CC!$R$6:$R$155,TONG_HOP_CC!$D$6:$D$155,$B26)+SUMIFS(TONG_HOP_CC!$S$6:$S$155,TONG_HOP_CC!$D$6:$D$155,$B26)) | L26: =IF($B26="","",SUMIFS(TONG_HOP_CC!$T$6:$T$155,TONG_HOP_CC!$D$6:$D$155,$B26))
A27: =IF($B27="","",ROW()-19) | C27: =IF($B27="","",COUNTIFS(TONG_HOP_CC!$D$6:$D$155,$B27)) | D27: =IF($B27="","",SUMIFS(TONG_HOP_CC!$E$6:$E$155,TONG_HOP_CC!$D$6:$D$155,$B27)) | E27: =IF($B27="","",SUMIFS(TONG_HOP_CC!$G$6:$G$155,TONG_HOP_CC!$D$6:$D$155,$B27)) | F27: =IF($B27="","",SUMIFS(TONG_HOP_CC!$H$6:$H$155,TONG_HOP_CC!$D$6:$D$155,$B27)) | G27: =IF($B27="","",SUMIFS(TONG_HOP_CC!$U$6:$U$155,TONG_HOP_CC!$D$6:$D$155,$B27)) | H27: =IF($B27="","",SUMIFS(TONG_HOP_CC!$O$6:$O$155,TONG_HOP_CC!$D$6:$D$155,$B27)) | I27: =IF($B27="","",SUMIFS(TONG_HOP_CC!$P$6:$P$155,TONG_HOP_CC!$D$6:$D$155,$B27)) | J27: =IF($B27="","",SUMIFS(TONG_HOP_CC!$Q$6:$Q$155,TONG_HOP_CC!$D$6:$D$155,$B27)) | K27: =IF($B27="","",SUMIFS(TONG_HOP_CC!$R$6:$R$155,TONG_HOP_CC!$D$6:$D$155,$B27)+SUMIFS(TONG_HOP_CC!$S$6:$S$155,TONG_HOP_CC!$D$6:$D$155,$B27)) | L27: =IF($B27="","",SUMIFS(TONG_HOP_CC!$T$6:$T$155,TONG_HOP_CC!$D$6:$D$155,$B27))
A28: =IF($B28="","",ROW()-19) | C28: =IF($B28="","",COUNTIFS(TONG_HOP_CC!$D$6:$D$155,$B28)) | D28: =IF($B28="","",SUMIFS(TONG_HOP_CC!$E$6:$E$155,TONG_HOP_CC!$D$6:$D$155,$B28)) | E28: =IF($B28="","",SUMIFS(TONG_HOP_CC!$G$6:$G$155,TONG_HOP_CC!$D$6:$D$155,$B28)) | F28: =IF($B28="","",SUMIFS(TONG_HOP_CC!$H$6:$H$155,TONG_HOP_CC!$D$6:$D$155,$B28)) | G28: =IF($B28="","",SUMIFS(TONG_HOP_CC!$U$6:$U$155,TONG_HOP_CC!$D$6:$D$155,$B28)) | H28: =IF($B28="","",SUMIFS(TONG_HOP_CC!$O$6:$O$155,TONG_HOP_CC!$D$6:$D$155,$B28)) | I28: =IF($B28="","",SUMIFS(TONG_HOP_CC!$P$6:$P$155,TONG_HOP_CC!$D$6:$D$155,$B28)) | J28: =IF($B28="","",SUMIFS(TONG_HOP_CC!$Q$6:$Q$155,TONG_HOP_CC!$D$6:$D$155,$B28)) | K28: =IF($B28="","",SUMIFS(TONG_HOP_CC!$R$6:$R$155,TONG_HOP_CC!$D$6:$D$155,$B28)+SUMIFS(TONG_HOP_CC!$S$6:$S$155,TONG_HOP_CC!$D$6:$D$155,$B28)) | L28: =IF($B28="","",SUMIFS(TONG_HOP_CC!$T$6:$T$155,TONG_HOP_CC!$D$6:$D$155,$B28))
A29: =IF($B29="","",ROW()-19) | C29: =IF($B29="","",COUNTIFS(TONG_HOP_CC!$D$6:$D$155,$B29)) | D29: =IF($B29="","",SUMIFS(TONG_HOP_CC!$E$6:$E$155,TONG_HOP_CC!$D$6:$D$155,$B29)) | E29: =IF($B29="","",SUMIFS(TONG_HOP_CC!$G$6:$G$155,TONG_HOP_CC!$D$6:$D$155,$B29)) | F29: =IF($B29="","",SUMIFS(TONG_HOP_CC!$H$6:$H$155,TONG_HOP_CC!$D$6:$D$155,$B29)) | G29: =IF($B29="","",SUMIFS(TONG_HOP_CC!$U$6:$U$155,TONG_HOP_CC!$D$6:$D$155,$B29)) | H29: =IF($B29="","",SUMIFS(TONG_HOP_CC!$O$6:$O$155,TONG_HOP_CC!$D$6:$D$155,$B29)) | I29: =IF($B29="","",SUMIFS(TONG_HOP_CC!$P$6:$P$155,TONG_HOP_CC!$D$6:$D$155,$B29)) | J29: =IF($B29="","",SUMIFS(TONG_HOP_CC!$Q$6:$Q$155,TONG_HOP_CC!$D$6:$D$155,$B29)) | K29: =IF($B29="","",SUMIFS(TONG_HOP_CC!$R$6:$R$155,TONG_HOP_CC!$D$6:$D$155,$B29)+SUMIFS(TONG_HOP_CC!$S$6:$S$155,TONG_HOP_CC!$D$6:$D$155,$B29)) | L29: =IF($B29="","",SUMIFS(TONG_HOP_CC!$T$6:$T$155,TONG_HOP_CC!$D$6:$D$155,$B29))
A30: =IF($B30="","",ROW()-19) | C30: =IF($B30="","",COUNTIFS(TONG_HOP_CC!$D$6:$D$155,$B30)) | D30: =IF($B30="","",SUMIFS(TONG_HOP_CC!$E$6:$E$155,TONG_HOP_CC!$D$6:$D$155,$B30)) | E30: =IF($B30="","",SUMIFS(TONG_HOP_CC!$G$6:$G$155,TONG_HOP_CC!$D$6:$D$155,$B30)) | F30: =IF($B30="","",SUMIFS(TONG_HOP_CC!$H$6:$H$155,TONG_HOP_CC!$D$6:$D$155,$B30)) | G30: =IF($B30="","",SUMIFS(TONG_HOP_CC!$U$6:$U$155,TONG_HOP_CC!$D$6:$D$155,$B30)) | H30: =IF($B30="","",SUMIFS(TONG_HOP_CC!$O$6:$O$155,TONG_HOP_CC!$D$6:$D$155,$B30)) | I30: =IF($B30="","",SUMIFS(TONG_HOP_CC!$P$6:$P$155,TONG_HOP_CC!$D$6:$D$155,$B30)) | J30: =IF($B30="","",SUMIFS(TONG_HOP_CC!$Q$6:$Q$155,TONG_HOP_CC!$D$6:$D$155,$B30)) | K30: =IF($B30="","",SUMIFS(TONG_HOP_CC!$R$6:$R$155,TONG_HOP_CC!$D$6:$D$155,$B30)+SUMIFS(TONG_HOP_CC!$S$6:$S$155,TONG_HOP_CC!$D$6:$D$155,$B30)) | L30: =IF($B30="","",SUMIFS(TONG_HOP_CC!$T$6:$T$155,TONG_HOP_CC!$D$6:$D$155,$B30))
A31: =IF($B31="","",ROW()-19) | C31: =IF($B31="","",COUNTIFS(TONG_HOP_CC!$D$6:$D$155,$B31)) | D31: =IF($B31="","",SUMIFS(TONG_HOP_CC!$E$6:$E$155,TONG_HOP_CC!$D$6:$D$155,$B31)) | E31: =IF($B31="","",SUMIFS(TONG_HOP_CC!$G$6:$G$155,TONG_HOP_CC!$D$6:$D$155,$B31)) | F31: =IF($B31="","",SUMIFS(TONG_HOP_CC!$H$6:$H$155,TONG_HOP_CC!$D$6:$D$155,$B31)) | G31: =IF($B31="","",SUMIFS(TONG_HOP_CC!$U$6:$U$155,TONG_HOP_CC!$D$6:$D$155,$B31)) | H31: =IF($B31="","",SUMIFS(TONG_HOP_CC!$O$6:$O$155,TONG_HOP_CC!$D$6:$D$155,$B31)) | I31: =IF($B31="","",SUMIFS(TONG_HOP_CC!$P$6:$P$155,TONG_HOP_CC!$D$6:$D$155,$B31)) | J31: =IF($B31="","",SUMIFS(TONG_HOP_CC!$Q$6:$Q$155,TONG_HOP_CC!$D$6:$D$155,$B31)) | K31: =IF($B31="","",SUMIFS(TONG_HOP_CC!$R$6:$R$155,TONG_HOP_CC!$D$6:$D$155,$B31)+SUMIFS(TONG_HOP_CC!$S$6:$S$155,TONG_HOP_CC!$D$6:$D$155,$B31)) | L31: =IF($B31="","",SUMIFS(TONG_HOP_CC!$T$6:$T$155,TONG_HOP_CC!$D$6:$D$155,$B31))
... A38: =IF($B38="","",ROW()-19) | C38: =IF($B38="","",COUNTIFS(TONG_HOP_CC!$D$6:$D$155,$B38)) | D38: =IF($B38="","",SUMIFS(TONG_HOP_CC!$E$6:$E$155,TONG_HOP_CC!$D$6:$D$155,$B38)) | E38: =IF($B38="","",SUMIFS(TONG_HOP_CC!$G$6:$G$155,TONG_HOP_CC!$D$6:$D$155,$B38)) | F38: =IF($B38="","",SUMIFS(TONG_HOP_CC!$H$6:$H$155,TONG_HOP_CC!$D$6:$D$155,$B38)) | G38: =IF($B38="","",SUMIFS(TONG_HOP_CC!$U$6:$U$155,TONG_HOP_CC!$D$6:$D$155,$B38)) | H38: =IF($B38="","",SUMIFS(TONG_HOP_CC!$O$6:$O$155,TONG_HOP_CC!$D$6:$D$155,$B38)) | I38: =IF($B38="","",SUMIFS(TONG_HOP_CC!$P$6:$P$155,TONG_HOP_CC!$D$6:$D$155,$B38)) | J38: =IF($B38="","",SUMIFS(TONG_HOP_CC!$Q$6:$Q$155,TONG_HOP_CC!$D$6:$D$155,$B38)) | K38: =IF($B38="","",SUMIFS(TONG_HOP_CC!$R$6:$R$155,TONG_HOP_CC!$D$6:$D$155,$B38)+SUMIFS(TONG_HOP_CC!$S$6:$S$155,TONG_HOP_CC!$D$6:$D$155,$B38)) | L38: =IF($B38="","",SUMIFS(TONG_HOP_CC!$T$6:$T$155,TONG_HOP_CC!$D$6:$D$155,$B38))
B39: CỘNG THEO BỘ PHẬN ĐÃ LIỆT KÊ | C39: =SUM(C20:C38) | D39: =SUM(D20:D38) | E39: =SUM(E20:E38) | F39: =SUM(F20:F38) | G39: =SUM(G20:G38) | H39: =SUM(H20:H38) | I39: =SUM(I20:I38) | J39: =SUM(J20:J38) | ... L39: =SUM(L20:L38)
A41: KIỂM TRA TRƯỚC KHI DÁN SANG FILE LƯƠNG – TẤT CẢ PHẢI BẰNG 0
A42: Số dòng có cảnh báo tại BANG_CHAM_CONG | C42: =COUNTIF(BANG_CHAM_CONG!$AU$6:$AU$155,"?*") | D42: Mở BANG_CHAM_CONG, lọc cột Cảnh báo để xử lý từng dòng.
A43: Số dòng có cảnh báo tại TONG_HOP_CC | C43: =COUNTIF(TONG_HOP_CC!$V$6:$V$155,"?*") | D43: Gồm cả cảnh báo giới hạn giờ làm thêm và dòng chưa có dữ liệu chấm công.
A44: Số dòng CC_OT_GIO sai mã nhân viên | C44: =COUNTIF(CC_OT_GIO!$C$6:$C$2005,"SAI MÃ NV") | D44: Mã NV nhập tại CC_OT_GIO phải có trong DM_NHAN_SU.
A45: Số dòng CC_OT_GIO có ngày ngoài kỳ chấm công | C45: =SUMPRODUCT((CC_OT_GIO!$B$6:$B$2005<>"")*(CC_OT_GIO!$D$6:$D$2005<>"")*((CC_OT_GIO!$D$6:$D$2005<THAM_SO_CC!$B$8)+(CC_OT_GIO!$D$6:$D$2005>THAM_SO_CC!$B$9))) | D45: Giờ OT ngoài kỳ không được cộng vào TONG_HOP_CC. Sửa ngày hoặc chuyển sang kỳ đúng.
A46: Số ký hiệu tại KY_HIEU có tổng quy đổi lớn hơn 1 | C46: =SUMPRODUCT((KY_HIEU!$A$6:$A$45<>"")*(KY_HIEU!$J$6:$J$45>1)) | D46: Một ô chấm không được quy đổi quá 1 ngày.
A47: Chênh lệch tổng công làm việc: TONG_HOP_CC so với XUAT_SANG_LUONG | C47: =SUM(TONG_HOP_CC!$E$6:$E$155)-SUM(XUAT_SANG_LUONG!$F$6:$F$155) | D47: Phép đối chiếu khối kết xuất Khối 1.
A48: Chênh lệch tổng giờ OT: TONG_HOP_CC so với XUAT_SANG_LUONG | C48: =SUM(TONG_HOP_CC!$U$6:$U$155)-SUM(XUAT_SANG_LUONG!$I$6:$I$155)-SUM(XUAT_SANG_LUONG!$J$6:$J$155)-SUM(XUAT_SANG_LUONG!$K$6:$K$155)-SUM(XUAT_SANG_LUONG!$L$6:$L$155)-SUM(XUAT_SANG_LUONG!$M$6:$M$155)-SUM(XUAT_SANG_LUONG!$N$6:$N$155) | D48: Phép đối chiếu sáu nhóm giờ làm thêm.
A49: Số NV tại DM_NHAN_SU so với số dòng kết xuất | C49: =COUNTIF(DM_NHAN_SU!$B$6:$B$155,"?*")-COUNTIF(XUAT_SANG_LUONG!$B$6:$B$155,"?*") | D49: Khác 0 là danh sách nhân sự có dòng trống ở giữa.
A51: CHỮ KÝ
A52: Người chấm công | E52: Trưởng bộ phận | I52: Người duyệt
A53: (Ký, ghi rõ họ tên) | E53: (Ký, ghi rõ họ tên) | I53: (Ký, ghi rõ họ tên)
A56: =THAM_SO_CC!$B$13 | I56: =THAM_SO_CC!$B$14
