Workbook

Sheet HUONG_DAN
A1: CÔNG CỤ TÍNH LƯƠNG – BHXH – THUẾ TNCN 2026 | QUÀ TẶNG CỘNG ĐỒNG W1
A3: Bản sạch dùng trên Excel 365 cho cá nhân cư trú ký hợp đồng lao động từ 03 tháng. Công cụ hỗ trợ lương Gross, Net–Gross, lương tháng/ngày/giờ/sản phẩm, KPI, hoa hồng, hai cách nhập chấm công, nghỉ phép, chế độ BHXH, thưởng tháng 13/Tết, đoàn phí và quyết toán nghỉ việc.
A6: QUY TRÌNH SỬ DỤNG
A7: Bước 1 | B7: THAM_SO | C7: Điền thông tin doanh nghiệp, kỳ lương, ngày công chuẩn và kiểm tra các tham số pháp lý.
A8: Bước 2 | B8: DM_NHAN_SU | C8: Khai nhân viên, thỏa thuận lương, căn cứ đóng bảo hiểm, đoàn viên và dữ liệu phép năm.
A9: Bước 3 | B9: CHAM_CONG_THANG / NGAY | C9: Chọn nguồn Tổng hợp hoặc Theo ngày; công làm việc phải tách khỏi phép, lễ, việc riêng, ốm, thai sản và nghỉ không lương.
A10: Bước 4 | B10: NGHI_PHEP / CHE_DO_BHXH | C10: Đối chiếu phép còn lại; nhập căn cứ, số ngày/tháng và số thực nhận để so sánh ước tính chế độ ốm đau, thai sản.
A11: Bước 5 | B11: THUONG_T13_TET / QT_NGHI_VIEC | C11: Chọn cách tính thưởng từng người; nếu nghỉ việc, khai riêng khoản chịu thuế, miễn thuế và các khoản phải thu.
A12: Bước 6 | B12: TINH_LUONG / BANG_LUONG | C12: Kiểm tra Gross-up, bảo hiểm, thuế TNCN, đoàn phí, thực lĩnh và toàn bộ cảnh báo trước khi phê duyệt.
A13: Bước 7 | B13: PHIEU_LUONG / TONG_HOP | C13: Chọn mã nhân viên để in phiếu; đối chiếu quỹ lương, thuế, bảo hiểm, trợ cấp và danh sách chuyển khoản.
A15: PHẠM VI VÀ GIẢ ĐỊNH TÍNH
A16: 1 | B16: Net–Gross | C16: Với nhân viên loại Net, toàn bộ khoản chịu thuế nhập trong tháng được hiểu là số tiền người lao động cần nhận sau BH bắt buộc và thuế TNCN. Khoản miễn thuế được cộng riêng.
A17: 2 | B17: Bảo hiểm | C17: Căn cứ đóng BH do người dùng khai theo lương công việc/chức danh, phụ cấp lương và khoản bổ sung cố định. File áp sàn, trần và đưa cảnh báo khi dữ liệu bất thường.
A18: 3 | B18: Làm thêm/ban đêm | C18: Tiền lương làm thêm, làm ban đêm trong giới hạn và điều kiện của pháp luật lao động được miễn TNCN đến mức luật định; phần trả vượt mức hoặc không đủ điều kiện chịu thuế. Cột loại trừ cho phép đưa phần không đủ điều kiện trở lại thu nhập chịu thuế.
A19: 4 | B19: Nghỉ việc/BHXH | C19: Tiền phép chưa nghỉ khi chấm dứt HĐLĐ và trợ cấp đúng mức luật định được tách miễn thuế; phần vượt mức chịu thuế. Ước tính ốm đau, thai sản không thay thế quyết định của cơ quan BHXH.
A20: 5 | B20: Ngoài phạm vi | C20: Chưa xử lý HĐLĐ dưới 03 tháng, cá nhân không cư trú, lao động nước ngoài, thu nhập nhiều nơi, quyết toán thuế năm hoặc tự kết luận bồi thường trong tranh chấp lao động.
A22: QUY ƯỚC MÀU
A23: Ô nhập liệu | C23: Người dùng được sửa | E23: Ô công thức | G23: Không sửa nếu chưa hiểu logic
A24: Cảnh báo | C24: Cần kiểm tra hồ sơ/dữ liệu | E24: Kết quả | G24: Dùng để đối chiếu hoặc xuất báo cáo
A25: Nguồn pháp lý | C25: Xem tại sheet THAM_SO | E25: Bản sạch | G25: Không chứa hồ sơ nhân viên hoặc chấm công mẫu
A27: LƯU Ý TRƯỚC KHI PHÁT HÀNH HOẶC ÁP DỤNG
A28: Đây là công cụ tham khảo và hỗ trợ kiểm soát, không thay thế tư vấn pháp lý, quyết định hưởng BHXH hoặc hồ sơ quyết toán của doanh nghiệp. Trước khi trả lương, kê khai thuế hoặc đóng bảo hiểm, phải đối chiếu văn bản còn hiệu lực, HĐLĐ, thỏa ước/quy chế lương thưởng, nghị quyết công đoàn, hồ sơ người phụ thuộc và chứng từ thực tế.
A33: Quy ước ngày công: “Ngày công chuẩn” là số ngày phải làm theo lịch doanh nghiệp, không gồm ngày nghỉ hằng tuần và ngày lễ/Tết. Với lương tháng, ngày lễ/Tết được theo dõi nhưng không cộng thêm lần hai; phép năm và việc riêng hưởng lương dùng để bù ngày phải làm. Với lương ngày/giờ/sản phẩm, file tính riêng tiền ngày nghỉ hưởng lương.
A37: Đoàn phí: mặc định 0,5% căn cứ đóng BHXH và có trần 10% mức lương cơ sở; có thể chọn cách tính theo thực nhận hoặc nhập tay khi công đoàn cơ sở có nghị quyết/quy chế phù hợp. File tự đưa đoàn phí về 0 khi dữ liệu thể hiện hưởng chế độ BHXH từ 01 tháng trở lên hoặc nghỉ không lương đủ cả tháng; vẫn phải kiểm tra hồ sơ thực tế.

Sheet THAM_SO
A1: THAM SỐ TÍNH LƯƠNG – PHÁP LÝ 2026
A3: THÔNG TIN KỲ LƯƠNG | E3: THUẾ TNCN – KỲ TÍNH THUẾ 2026 | L3: BHXH – BHYT – BHTN – KPCĐ
A4: Tên đơn vị | B4: CÔNG TY … | E4: Giảm trừ bản thân/tháng | F4: 15500000 | L4: Mức tham chiếu trước 01/7/2026 | M4: 2340000
A5: Địa chỉ | B5: Địa chỉ doanh nghiệp | E5: Giảm trừ 01 NPT/tháng | F5: 6200000 | L5: Mức tham chiếu từ 01/7/2026 | M5: 2530000
A6: Từ ngày | B6: 46204 | E6: Tiền ăn ca bằng tiền miễn tối đa | F6: 1200000 | L6: Mức tham chiếu áp dụng | M6: =IF($B$6>=DATE(2026,7,1),$M$5,$M$4)
A7: Đến ngày | B7: 46234 | E7: Năm tính thuế | F7: 2026 | L7: Trần BHXH/BHYT | M7: =$M$6*20
A8: Ngày trả lương | B8: 46234 | L8: NLĐ – BHXH | M8: 0.08
A9: Ngày công chuẩn | B9: 26 | E9: Bậc | F9: Từ | G9: Đến | H9: Thuế suất | I9: Giảm trừ nhanh | J9: Ngưỡng Net sau thuế | L9: NLĐ – BHYT | M9: 0.015
A10: Giờ làm việc/ngày | B10: 8 | E10: 1 | F10: 0 | G10: 10000000 | H10: 0.05 | I10: 0 | J10: 9500000 | L10: NLĐ – BHTN | M10: 0.01
A11: Vùng mặc định | B11: Vùng I | E11: 2 | F11: 10000000 | G11: 30000000 | H11: 0.1 | I11: 500000 | J11: 27500000 | L11: NSDLĐ – BHXH | M11: 0.175
A12: Địa điểm lập | B12: Hà Nội | E12: 3 | F12: 30000000 | G12: 60000000 | H12: 0.2 | I12: 3500000 | J12: 51500000 | L12: NSDLĐ – BHYT | M12: 0.03
A13: Ngày cập nhật pháp lý | B13: 46232 | E13: 4 | F13: 60000000 | G13: 100000000 | H13: 0.3 | I13: 9500000 | J13: 79500000 | L13: NSDLĐ – BHTN | M13: 0.01
A14: Phiên bản | B14: KK HOME Payroll 2026.2 – Excel 365 | E14: 5 | F14: 100000000 | H14: 0.35 | I14: 14500000 | L14: Kinh phí công đoàn | M14: 0.02
L16: Vùng | M16: Lương tối thiểu tháng | N16: Lương tối thiểu giờ | O16: Sàn BHTN | P16: Trần BHTN
A17: HỆ SỐ LÀM THÊM GIỜ / BAN ĐÊM | L17: Vùng I | M17: 5310000 | N17: 25500 | O17: =$M$6 | P17: =M17*20
A18: Loại giờ | B18: Mức luật định | C18: Mức doanh nghiệp | D18: Xử lý TNCN | E18: Ghi chú | L18: Vùng II | M18: 4730000 | N18: 22700 | O18: =$M$6 | P18: =M18*20
A19: OT ngày thường – ban ngày | B19: 1.5 | C19: 1.5 | D19: Miễn đến mức luật định | E19: Ít nhất 150%; phần trả cao hơn mức luật định chịu thuế | L19: Vùng III | M19: 4140000 | N19: 20000 | O19: =$M$6 | P19: =M19*20
A20: OT ngày nghỉ tuần – ban ngày | B20: 2 | C20: 2 | D20: Miễn đến mức luật định | E20: Ít nhất 200%; phần trả cao hơn mức luật định chịu thuế | L20: Vùng IV | M20: 3700000 | N20: 17800 | O20: =$M$6 | P20: =M20*20
A21: OT ngày lễ – ban ngày | B21: 3 | C21: 3 | D21: Miễn đến mức luật định | E21: Ít nhất 300%; chưa gồm lương ngày lễ nếu NLĐ hưởng lương ngày
A22: Làm việc ban đêm trong ca | B22: 0.3 | C22: 0.3 | D22: Miễn đến mức luật định | E22: Phần trả thêm ít nhất 30% | L22: ĐOÀN PHÍ VÀ MỨC TRỢ CẤP THAM CHIẾU
A23: OT ngày thường – ban đêm | B23: 2 | C23: 2 | D23: Miễn đến mức luật định | E23: Tổng tối thiểu 200% theo cấu phần luật định | L23: Đoàn phí mặc định trên căn cứ BH | M23: 0.005
A24: OT ngày nghỉ tuần – ban đêm | B24: 2.7 | C24: 2.7 | D24: Miễn đến mức luật định | E24: Tổng tối thiểu 270% theo cấu phần luật định | L24: Mức lương cơ sở tính trần | M24: =$M$6
A25: OT ngày lễ – ban đêm | B25: 3.9 | C25: 3.9 | D25: Miễn đến mức luật định | E25: Tổng tối thiểu 390%; chưa gồm lương ngày lễ nếu NLĐ hưởng lương ngày | L25: Tỷ lệ trần trên lương cơ sở | M25: 0.1
L26: Trần đoàn phí/tháng | M26: =$M$24*$M$25
L27: Dưỡng sức/ngày | M27: =$M$6*30%
A28: VĂN BẢN VÀ NGUỒN ĐỐI CHIẾU
A29: Văn bản | B29: Nội dung dùng trong file | C29: Hiệu lực/áp dụng | D29: URL | E29: LƯU Ý PHÁP LÝ VÀ PHÂN LOẠI KHOẢN THU NHẬP
A30: Luật 109/2025/QH15 | B30: Thuế TNCN; biểu thuế 05 bậc; giảm trừ | C30: Thu nhập tiền lương áp dụng kỳ tính thuế 2026 | D30: https://vanban.chinhphu.vn/?classid=1&docid=216495&pageid=27160&typegroupid=3 | E30: Tham số được cập nhật đến 29/7/2026. Ô vàng là dữ liệu phải rà soát. OT/ban đêm được miễn TNCN đến mức luật định nếu đúng giới hạn, điều kiện và hồ sơ; phần vượt hoặc không đủ điều kiện chịu thuế. Tiền phép chưa nghỉ chỉ được tách miễn thuế khi thanh toán đúng trường hợp chấm dứt HĐLĐ/mất việc. Thưởng tháng 13, Tết, KPI/hoa hồng thông thường chịu TNCN và không tự động vào căn cứ BH nếu không phải khoản cố định, thường xuyên theo HĐLĐ.
A31: Nghị định 253/2026/NĐ-CP | B31: Hướng dẫn thuế TNCN; tiền ăn ca; OT/ban đêm | C31: 01/7/2026; nội dung tiền lương áp dụng kỳ tính thuế 2026 | D31: https://vanban.chinhphu.vn/?classid=1&docid=218684&pageid=27160&typegroupid=4
A32: Thông tư 87/2026/TT-BTC | B32: Hướng dẫn chi tiết Luật TNCN và NĐ 253 | C32: 01/7/2026 | D32: https://vanban.chinhphu.vn/?docid=218772&pageid=27160
A33: Nghị quyết 110/2025/UBTVQH15 | B33: Giảm trừ bản thân 15,5 triệu; NPT 6,2 triệu | C33: Kỳ tính thuế 2026 | D33: https://xaydungchinhsach.chinhphu.vn/nghi-quyet-110-2025-ubtvqh15-dieu-chinh-muc-giam-tru-gia-canh-cua-thue-thu-nhap-ca-nhan-119251110101313787.htm
A34: Luật 41/2024/QH15 | B34: Căn cứ đóng; mức hưởng ốm đau, thai sản, dưỡng sức | C34: 01/7/2025 | D34: https://vanban.chinhphu.vn/?docid=211199&pageid=27160
A35: Thông tư 12/2025/TT-BNV | B35: Hướng dẫn BHXH bắt buộc và hồ sơ chế độ | C35: 01/7/2025 | D35: https://xaydungchinhsach.chinhphu.vn/toan-van-thong-tu-12-2025-tt-bnv-quy-dinh-chi-tiet-mot-so-dieu-cua-luat-bhxh-ve-bhxh-bat-buoc-11925070415595016.htm
A36: Nghị định 158/2025/NĐ-CP | B36: Tiền lương làm căn cứ đóng BHXH bắt buộc | C36: 01/7/2025 | D36: https://vanban.chinhphu.vn/?docid=214189&pageid=27160
A37: Nghị định 293/2025/NĐ-CP | B37: Lương tối thiểu vùng năm 2026 | C37: 01/01/2026 | D37: https://vanban.chinhphu.vn/?docid=215832&pageid=27160
A38: Nghị định 161/2026/NĐ-CP | B38: Mức lương cơ sở 2,53 triệu từ 01/7/2026 | C38: 01/7/2026 | D38: https://vanban.chinhphu.vn/?docid=218107&pageid=27160
A39: Luật Việc làm 74/2025/QH15 | B39: Đối tượng, căn cứ và trần đóng BHTN | C39: 01/01/2026 | D39: https://vanban.chinhphu.vn/?docid=214560&pageid=27160
A40: Bộ luật Lao động 45/2019/QH14 | B40: OT/ban đêm; phép năm; trợ cấp và thanh toán khi chấm dứt HĐLĐ | C40: 01/01/2021 | D40: https://vanban.chinhphu.vn/?docid=198540&pageid=27160
A41: Nghị định 145/2020/NĐ-CP | B41: Công thức OT, nghỉ phép, trợ cấp thôi việc/mất việc | C41: 01/02/2021 | D41: https://vanban.chinhphu.vn/?docid=201967&pageid=27160
A42: Luật Công đoàn 50/2024/QH15 | B42: Kinh phí công đoàn bằng 2% quỹ lương đóng BHXH | C42: 01/7/2025 | D42: https://vanban.chinhphu.vn/?classid=1&docid=212478&pageid=27160&typegroupid=3
... A45: Chính phủ – hướng dẫn TNCN tiền lương | B45: Miễn thuế OT/ban đêm trong mức luật định; tiền phép khi nghỉ việc | C45: Quy định áp dụng năm 2026 | D45: https://baochinhphu.vn/cac-truong-hop-tien-luong-tien-cong-duoc-mien-thue-tncn-102260715163431228.htm

Sheet DM_NHAN_SU
A1: DANH MỤC NHÂN SỰ VÀ THỎA THUẬN LƯƠNG
A2: Nhập một dòng cho mỗi nhân viên. Mức lương/đơn giá tại K là Gross hoặc Net theo I. Căn cứ đóng BH tại N:P lấy từ HĐLĐ/phụ lục và quy chế; không mặc định bằng tổng thu nhập. AA:AH dùng cho đoàn phí và phép năm; ngày phép cơ bản phải chọn 12/14/16 theo điều kiện công việc, cộng thâm niên riêng.
A5: STT | B5: Mã NV | C5: Họ và tên | D5: Bộ phận | E5: Chức danh | F5: Ngày vào | G5: Ngày nghỉ | H5: Vùng | I5: Loại lương | J5: Hình thức trả lương | K5: Mức lương/đơn giá | L5: Công chuẩn riêng | M5: Giờ/ngày riêng | N5: Lương công việc đóng BH | O5: Phụ cấp lương đóng BH | P5: Bổ sung cố định đóng BH | Q5: Lương giờ tính OT (ghi đè) | R5: BHXH+BHYT | S5: BHTN | T5: Số NPT | U5: MST | V5: CCCD | W5: Số tài khoản | X5: Ngân hàng | Y5: Email | Z5: Ghi chú | AA5: Đoàn viên | AB5: Cách tính đoàn phí | AC5: Đoàn phí nhập tay | AD5: Phép cơ bản/năm | AE5: Phép tăng do thâm niên | AF5: Phép chuyển sang | AG5: Phép đã dùng trước kỳ | AH5: Đơn giá ngày phép/lễ ghi đè
A6: =IF($B6="","",ROW()-5)
A7: =IF($B7="","",ROW()-5)
A8: =IF($B8="","",ROW()-5)
A9: =IF($B9="","",ROW()-5)
A10: =IF($B10="","",ROW()-5)
A11: =IF($B11="","",ROW()-5)
A12: =IF($B12="","",ROW()-5)
A13: =IF($B13="","",ROW()-5)
A14: =IF($B14="","",ROW()-5)
A15: =IF($B15="","",ROW()-5)
A16: =IF($B16="","",ROW()-5)
A17: =IF($B17="","",ROW()-5)
... A155: =IF($B155="","",ROW()-5)

Sheet CHAM_CONG_THANG
A1: DỮ LIỆU CHẤM CÔNG VÀ THU NHẬP THEO THÁNG
A2: Mỗi dòng khớp DM_NHAN_SU. Chọn “Tổng hợp” để nhập E:M và AL:AQ; chọn “Theo ngày” để hệ thống cộng CHAM_CONG_NGAY. Công làm việc phải tách khỏi phép/lễ/việc riêng hưởng lương. AC:AK và AR:AW là dữ liệu dùng để tính lương.
A5: STT | B5: Mã NV | C5: Họ và tên | D5: Nguồn công | E5: Công làm việc | F5: Giờ thường | G5: Giờ đêm trong ca | H5: OT thường ngày | I5: OT nghỉ tuần ngày | J5: OT lễ ngày | K5: OT thường đêm | L5: OT nghỉ tuần đêm | M5: OT lễ đêm | N5: Số lượng SP | O5: KPI | P5: Hoa hồng | Q5: Thưởng khác | R5: Phụ cấp chịu thuế | S5: Tiền ăn ca bằng tiền | T5: Khoán chi/hoàn trả miễn thuế | U5: Thu nhập miễn thuế khác | V5: OT/đêm không đủ điều kiện miễn TNCN | W5: Giảm trừ khác hợp lệ | X5: Tạm ứng | Y5: Khấu trừ khác | Z5: Điều chỉnh PIT | AA5: Không đóng BH tháng này | AB5: Ghi chú | AC5: Công dùng | AD5: Giờ thường dùng | AE5: Giờ đêm dùng | AF5: OT thường ngày dùng | AG5: OT nghỉ tuần ngày dùng | AH5: OT lễ ngày dùng | AI5: OT thường đêm dùng | AJ5: OT nghỉ tuần đêm dùng | AK5: OT lễ đêm dùng | AL5: Phép năm hưởng lương | AM5: Lễ/Tết hưởng lương | AN5: Việc riêng hưởng lương | AO5: Nghỉ ốm hưởng BHXH | AP5: Nghỉ thai sản | AQ5: Nghỉ không lương | AR5: Phép năm dùng | AS5: Lễ/Tết dùng | AT5: Việc riêng dùng | AU5: Ốm BHXH dùng | AV5: Thai sản dùng | AW5: Không lương dùng
A6: =IF($B6="","",ROW()-5) | B6: =IF('DM_NHAN_SU'!B6="","",'DM_NHAN_SU'!B6) | C6: =IF('DM_NHAN_SU'!B6="","",'DM_NHAN_SU'!C6) | AC6: =IF($B6="","",IF($D6="Theo ngày",SUMIFS('CHAM_CONG_NGAY'!$E$6:$E$4655,'CHAM_CONG_NGAY'!$B$6:$B$4655,$B6,'CHAM_CONG_NGAY'!$C$6:$C$4655,">="&'THAM_SO'!$B$6,'CHAM_CONG_NGAY'!$C$6:$C$4655,"<="&'THAM_SO'!$B$7),$E6)) | AD6: =IF($B6="","",IF($D6="Theo ngày",SUMIFS('CHAM_CONG_NGAY'!$F$6:$F$4655,'CHAM_CONG_NGAY'!$B$6:$B$4655,$B6,'CHAM_CONG_NGAY'!$C$6:$C$4655,">="&'THAM_SO'!$B$6,'CHAM_CONG_NGAY'!$C$6:$C$4655,"<="&'THAM_SO'!$B$7),$F6)) | AE6: =IF($B6="","",IF($D6="Theo ngày",SUMIFS('CHAM_CONG_NGAY'!$G$6:$G$4655,'CHAM_CONG_NGAY'!$B$6:$B$4655,$B6,'CHAM_CONG_NGAY'!$C$6:$C$4655,">="&'THAM_SO'!$B$6,'CHAM_CONG_NGAY'!$C$6:$C$4655,"<="&'THAM_SO'!$B$7),$G6)) | AF6: =IF($B6="","",IF($D6="Theo ngày",SUMIFS('CHAM_CONG_NGAY'!$H$6:$H$4655,'CHAM_CONG_NGAY'!$B$6:$B$4655,$B6,'CHAM_CONG_NGAY'!$C$6:$C$4655,">="&'THAM_SO'!$B$6,'CHAM_CONG_NGAY'!$C$6:$C$4655,"<="&'THAM_SO'!$B$7),$H6)) | AG6: =IF($B6="","",IF($D6="Theo ngày",SUMIFS('CHAM_CONG_NGAY'!$I$6:$I$4655,'CHAM_CONG_NGAY'!$B$6:$B$4655,$B6,'CHAM_CONG_NGAY'!$C$6:$C$4655,">="&'THAM_SO'!$B$6,'CHAM_CONG_NGAY'!$C$6:$C$4655,"<="&'THAM_SO'!$B$7),$I6)) | AH6: =IF($B6="","",IF($D6="Theo ngày",SUMIFS('CHAM_CONG_NGAY'!$J$6:$J$4655,'CHAM_CONG_NGAY'!$B$6:$B$4655,$B6,'CHAM_CONG_NGAY'!$C$6:$C$4655,">="&'THAM_SO'!$B$6,'CHAM_CONG_NGAY'!$C$6:$C$4655,"<="&'THAM_SO'!$B$7),$J6)) | AI6: =IF($B6="","",IF($D6="Theo ngày",SUMIFS('CHAM_CONG_NGAY'!$K$6:$K$4655,'CHAM_CONG_NGAY'!$B$6:$B$4655,$B6,'CHAM_CONG_NGAY'!$C$6:$C$4655,">="&'THAM_SO'!$B$6,'CHAM_CONG_NGAY'!$C$6:$C$4655,"<="&'THAM_SO'!$B$7),$K6)) | AJ6: =IF($B6="","",IF($D6="Theo ngày",SUMIFS('CHAM_CONG_NGAY'!$L$6:$L$4655,'CHAM_CONG_NGAY'!$B$6:$B$4655,$B6,'CHAM_CONG_NGAY'!$C$6:$C$4655,">="&'THAM_SO'!$B$6,'CHAM_CONG_NGAY'!$C$6:$C$4655,"<="&'THAM_SO'!$B$7),$L6)) | AK6: =IF($B6="","",IF($D6="Theo ngày",SUMIFS('CHAM_CONG_NGAY'!$M$6:$M$4655,'CHAM_CONG_NGAY'!$B$6:$B$4655,$B6,'CHAM_CONG_NGAY'!$C$6:$C$4655,">="&'THAM_SO'!$B$6,'CHAM_CONG_NGAY'!$C$6:$C$4655,"<="&'THAM_SO'!$B$7),$M6)) | AR6: =IF($B6="","",IF($D6="Theo ngày",SUMIFS('CHAM_CONG_NGAY'!$O$6:$O$4655,'CHAM_CONG_NGAY'!$B$6:$B$4655,$B6,'CHAM_CONG_NGAY'!$C$6:$C$4655,">="&'THAM_SO'!$B$6,'CHAM_CONG_NGAY'!$C$6:$C$4655,"<="&'THAM_SO'!$B$7),$AL6)) | AS6: =IF($B6="","",IF($D6="Theo ngày",SUMIFS('CHAM_CONG_NGAY'!$P$6:$P$4655,'CHAM_CONG_NGAY'!$B$6:$B$4655,$B6,'CHAM_CONG_NGAY'!$C$6:$C$4655,">="&'THAM_SO'!$B$6,'CHAM_CONG_NGAY'!$C$6:$C$4655,"<="&'THAM_SO'!$B$7),$AM6)) | AT6: =IF($B6="","",IF($D6="Theo ngày",SUMIFS('CHAM_CONG_NGAY'!$Q$6:$Q$4655,'CHAM_CONG_NGAY'!$B$6:$B$4655,$B6,'CHAM_CONG_NGAY'!$C$6:$C$4655,">="&'THAM_SO'!$B$6,'CHAM_CONG_NGAY'!$C$6:$C$4655,"<="&'THAM_SO'!$B$7),$AN6)) | AU6: =IF($B6="","",IF($D6="Theo ngày",SUMIFS('CHAM_CONG_NGAY'!$R$6:$R$4655,'CHAM_CONG_NGAY'!$B$6:$B$4655,$B6,'CHAM_CONG_NGAY'!$C$6:$C$4655,">="&'THAM_SO'!$B$6,'CHAM_CONG_NGAY'!$C$6:$C$4655,"<="&'THAM_SO'!$B$7),$AO6)) | AV6: =IF($B6="","",IF($D6="Theo ngày",SUMIFS('CHAM_CONG_NGAY'!$S$6:$S$4655,'CHAM_CONG_NGAY'!$B$6:$B$4655,$B6,'CHAM_CONG_NGAY'!$C$6:$C$4655,">="&'THAM_SO'!$B$6,'CHAM_CONG_NGAY'!$C$6:$C$4655,"<="&'THAM_SO'!$B$7),$AP6)) | AW6: =IF($B6="","",IF($D6="Theo ngày",SUMIFS('CHAM_CONG_NGAY'!$T$6:$T$4655,'CHAM_CONG_NGAY'!$B$6:$B$4655,$B6,'CHAM_CONG_NGAY'!$C$6:$C$4655,">="&'THAM_SO'!$B$6,'CHAM_CONG_NGAY'!$C$6:$C$4655,"<="&'THAM_SO'!$B$7),$AQ6))
A7: =IF($B7="","",ROW()-5) | B7: =IF('DM_NHAN_SU'!B7="","",'DM_NHAN_SU'!B7) | C7: =IF('DM_NHAN_SU'!B7="","",'DM_NHAN_SU'!C7) | AC7: =IF($B7="","",IF($D7="Theo ngày",SUMIFS('CHAM_CONG_NGAY'!$E$6:$E$4655,'CHAM_CONG_NGAY'!$B$6:$B$4655,$B7,'CHAM_CONG_NGAY'!$C$6:$C$4655,">="&'THAM_SO'!$B$6,'CHAM_CONG_NGAY'!$C$6:$C$4655,"<="&'THAM_SO'!$B$7),$E7)) | AD7: =IF($B7="","",IF($D7="Theo ngày",SUMIFS('CHAM_CONG_NGAY'!$F$6:$F$4655,'CHAM_CONG_NGAY'!$B$6:$B$4655,$B7,'CHAM_CONG_NGAY'!$C$6:$C$4655,">="&'THAM_SO'!$B$6,'CHAM_CONG_NGAY'!$C$6:$C$4655,"<="&'THAM_SO'!$B$7),$F7)) | AE7: =IF($B7="","",IF($D7="Theo ngày",SUMIFS('CHAM_CONG_NGAY'!$G$6:$G$4655,'CHAM_CONG_NGAY'!$B$6:$B$4655,$B7,'CHAM_CONG_NGAY'!$C$6:$C$4655,">="&'THAM_SO'!$B$6,'CHAM_CONG_NGAY'!$C$6:$C$4655,"<="&'THAM_SO'!$B$7),$G7)) | AF7: =IF($B7="","",IF($D7="Theo ngày",SUMIFS('CHAM_CONG_NGAY'!$H$6:$H$4655,'CHAM_CONG_NGAY'!$B$6:$B$4655,$B7,'CHAM_CONG_NGAY'!$C$6:$C$4655,">="&'THAM_SO'!$B$6,'CHAM_CONG_NGAY'!$C$6:$C$4655,"<="&'THAM_SO'!$B$7),$H7)) | AG7: =IF($B7="","",IF($D7="Theo ngày",SUMIFS('CHAM_CONG_NGAY'!$I$6:$I$4655,'CHAM_CONG_NGAY'!$B$6:$B$4655,$B7,'CHAM_CONG_NGAY'!$C$6:$C$4655,">="&'THAM_SO'!$B$6,'CHAM_CONG_NGAY'!$C$6:$C$4655,"<="&'THAM_SO'!$B$7),$I7)) | AH7: =IF($B7="","",IF($D7="Theo ngày",SUMIFS('CHAM_CONG_NGAY'!$J$6:$J$4655,'CHAM_CONG_NGAY'!$B$6:$B$4655,$B7,'CHAM_CONG_NGAY'!$C$6:$C$4655,">="&'THAM_SO'!$B$6,'CHAM_CONG_NGAY'!$C$6:$C$4655,"<="&'THAM_SO'!$B$7),$J7)) | AI7: =IF($B7="","",IF($D7="Theo ngày",SUMIFS('CHAM_CONG_NGAY'!$K$6:$K$4655,'CHAM_CONG_NGAY'!$B$6:$B$4655,$B7,'CHAM_CONG_NGAY'!$C$6:$C$4655,">="&'THAM_SO'!$B$6,'CHAM_CONG_NGAY'!$C$6:$C$4655,"<="&'THAM_SO'!$B$7),$K7)) | AJ7: =IF($B7="","",IF($D7="Theo ngày",SUMIFS('CHAM_CONG_NGAY'!$L$6:$L$4655,'CHAM_CONG_NGAY'!$B$6:$B$4655,$B7,'CHAM_CONG_NGAY'!$C$6:$C$4655,">="&'THAM_SO'!$B$6,'CHAM_CONG_NGAY'!$C$6:$C$4655,"<="&'THAM_SO'!$B$7),$L7)) | AK7: =IF($B7="","",IF($D7="Theo ngày",SUMIFS('CHAM_CONG_NGAY'!$M$6:$M$4655,'CHAM_CONG_NGAY'!$B$6:$B$4655,$B7,'CHAM_CONG_NGAY'!$C$6:$C$4655,">="&'THAM_SO'!$B$6,'CHAM_CONG_NGAY'!$C$6:$C$4655,"<="&'THAM_SO'!$B$7),$M7)) | AR7: =IF($B7="","",IF($D7="Theo ngày",SUMIFS('CHAM_CONG_NGAY'!$O$6:$O$4655,'CHAM_CONG_NGAY'!$B$6:$B$4655,$B7,'CHAM_CONG_NGAY'!$C$6:$C$4655,">="&'THAM_SO'!$B$6,'CHAM_CONG_NGAY'!$C$6:$C$4655,"<="&'THAM_SO'!$B$7),$AL7)) | AS7: =IF($B7="","",IF($D7="Theo ngày",SUMIFS('CHAM_CONG_NGAY'!$P$6:$P$4655,'CHAM_CONG_NGAY'!$B$6:$B$4655,$B7,'CHAM_CONG_NGAY'!$C$6:$C$4655,">="&'THAM_SO'!$B$6,'CHAM_CONG_NGAY'!$C$6:$C$4655,"<="&'THAM_SO'!$B$7),$AM7)) | AT7: =IF($B7="","",IF($D7="Theo ngày",SUMIFS('CHAM_CONG_NGAY'!$Q$6:$Q$4655,'CHAM_CONG_NGAY'!$B$6:$B$4655,$B7,'CHAM_CONG_NGAY'!$C$6:$C$4655,">="&'THAM_SO'!$B$6,'CHAM_CONG_NGAY'!$C$6:$C$4655,"<="&'THAM_SO'!$B$7),$AN7)) | AU7: =IF($B7="","",IF($D7="Theo ngày",SUMIFS('CHAM_CONG_NGAY'!$R$6:$R$4655,'CHAM_CONG_NGAY'!$B$6:$B$4655,$B7,'CHAM_CONG_NGAY'!$C$6:$C$4655,">="&'THAM_SO'!$B$6,'CHAM_CONG_NGAY'!$C$6:$C$4655,"<="&'THAM_SO'!$B$7),$AO7)) | AV7: =IF($B7="","",IF($D7="Theo ngày",SUMIFS('CHAM_CONG_NGAY'!$S$6:$S$4655,'CHAM_CONG_NGAY'!$B$6:$B$4655,$B7,'CHAM_CONG_NGAY'!$C$6:$C$4655,">="&'THAM_SO'!$B$6,'CHAM_CONG_NGAY'!$C$6:$C$4655,"<="&'THAM_SO'!$B$7),$AP7)) | AW7: =IF($B7="","",IF($D7="Theo ngày",SUMIFS('CHAM_CONG_NGAY'!$T$6:$T$4655,'CHAM_CONG_NGAY'!$B$6:$B$4655,$B7,'CHAM_CONG_NGAY'!$C$6:$C$4655,">="&'THAM_SO'!$B$6,'CHAM_CONG_NGAY'!$C$6:$C$4655,"<="&'THAM_SO'!$B$7),$AQ7))
A8: =IF($B8="","",ROW()-5) | B8: =IF('DM_NHAN_SU'!B8="","",'DM_NHAN_SU'!B8) | C8: =IF('DM_NHAN_SU'!B8="","",'DM_NHAN_SU'!C8) | AC8: =IF($B8="","",IF($D8="Theo ngày",SUMIFS('CHAM_CONG_NGAY'!$E$6:$E$4655,'CHAM_CONG_NGAY'!$B$6:$B$4655,$B8,'CHAM_CONG_NGAY'!$C$6:$C$4655,">="&'THAM_SO'!$B$6,'CHAM_CONG_NGAY'!$C$6:$C$4655,"<="&'THAM_SO'!$B$7),$E8)) | AD8: =IF($B8="","",IF($D8="Theo ngày",SUMIFS('CHAM_CONG_NGAY'!$F$6:$F$4655,'CHAM_CONG_NGAY'!$B$6:$B$4655,$B8,'CHAM_CONG_NGAY'!$C$6:$C$4655,">="&'THAM_SO'!$B$6,'CHAM_CONG_NGAY'!$C$6:$C$4655,"<="&'THAM_SO'!$B$7),$F8)) | AE8: =IF($B8="","",IF($D8="Theo ngày",SUMIFS('CHAM_CONG_NGAY'!$G$6:$G$4655,'CHAM_CONG_NGAY'!$B$6:$B$4655,$B8,'CHAM_CONG_NGAY'!$C$6:$C$4655,">="&'THAM_SO'!$B$6,'CHAM_CONG_NGAY'!$C$6:$C$4655,"<="&'THAM_SO'!$B$7),$G8)) | AF8: =IF($B8="","",IF($D8="Theo ngày",SUMIFS('CHAM_CONG_NGAY'!$H$6:$H$4655,'CHAM_CONG_NGAY'!$B$6:$B$4655,$B8,'CHAM_CONG_NGAY'!$C$6:$C$4655,">="&'THAM_SO'!$B$6,'CHAM_CONG_NGAY'!$C$6:$C$4655,"<="&'THAM_SO'!$B$7),$H8)) | AG8: =IF($B8="","",IF($D8="Theo ngày",SUMIFS('CHAM_CONG_NGAY'!$I$6:$I$4655,'CHAM_CONG_NGAY'!$B$6:$B$4655,$B8,'CHAM_CONG_NGAY'!$C$6:$C$4655,">="&'THAM_SO'!$B$6,'CHAM_CONG_NGAY'!$C$6:$C$4655,"<="&'THAM_SO'!$B$7),$I8)) | AH8: =IF($B8="","",IF($D8="Theo ngày",SUMIFS('CHAM_CONG_NGAY'!$J$6:$J$4655,'CHAM_CONG_NGAY'!$B$6:$B$4655,$B8,'CHAM_CONG_NGAY'!$C$6:$C$4655,">="&'THAM_SO'!$B$6,'CHAM_CONG_NGAY'!$C$6:$C$4655,"<="&'THAM_SO'!$B$7),$J8)) | AI8: =IF($B8="","",IF($D8="Theo ngày",SUMIFS('CHAM_CONG_NGAY'!$K$6:$K$4655,'CHAM_CONG_NGAY'!$B$6:$B$4655,$B8,'CHAM_CONG_NGAY'!$C$6:$C$4655,">="&'THAM_SO'!$B$6,'CHAM_CONG_NGAY'!$C$6:$C$4655,"<="&'THAM_SO'!$B$7),$K8)) | AJ8: =IF($B8="","",IF($D8="Theo ngày",SUMIFS('CHAM_CONG_NGAY'!$L$6:$L$4655,'CHAM_CONG_NGAY'!$B$6:$B$4655,$B8,'CHAM_CONG_NGAY'!$C$6:$C$4655,">="&'THAM_SO'!$B$6,'CHAM_CONG_NGAY'!$C$6:$C$4655,"<="&'THAM_SO'!$B$7),$L8)) | AK8: =IF($B8="","",IF($D8="Theo ngày",SUMIFS('CHAM_CONG_NGAY'!$M$6:$M$4655,'CHAM_CONG_NGAY'!$B$6:$B$4655,$B8,'CHAM_CONG_NGAY'!$C$6:$C$4655,">="&'THAM_SO'!$B$6,'CHAM_CONG_NGAY'!$C$6:$C$4655,"<="&'THAM_SO'!$B$7),$M8)) | AR8: =IF($B8="","",IF($D8="Theo ngày",SUMIFS('CHAM_CONG_NGAY'!$O$6:$O$4655,'CHAM_CONG_NGAY'!$B$6:$B$4655,$B8,'CHAM_CONG_NGAY'!$C$6:$C$4655,">="&'THAM_SO'!$B$6,'CHAM_CONG_NGAY'!$C$6:$C$4655,"<="&'THAM_SO'!$B$7),$AL8)) | AS8: =IF($B8="","",IF($D8="Theo ngày",SUMIFS('CHAM_CONG_NGAY'!$P$6:$P$4655,'CHAM_CONG_NGAY'!$B$6:$B$4655,$B8,'CHAM_CONG_NGAY'!$C$6:$C$4655,">="&'THAM_SO'!$B$6,'CHAM_CONG_NGAY'!$C$6:$C$4655,"<="&'THAM_SO'!$B$7),$AM8)) | AT8: =IF($B8="","",IF($D8="Theo ngày",SUMIFS('CHAM_CONG_NGAY'!$Q$6:$Q$4655,'CHAM_CONG_NGAY'!$B$6:$B$4655,$B8,'CHAM_CONG_NGAY'!$C$6:$C$4655,">="&'THAM_SO'!$B$6,'CHAM_CONG_NGAY'!$C$6:$C$4655,"<="&'THAM_SO'!$B$7),$AN8)) | AU8: =IF($B8="","",IF($D8="Theo ngày",SUMIFS('CHAM_CONG_NGAY'!$R$6:$R$4655,'CHAM_CONG_NGAY'!$B$6:$B$4655,$B8,'CHAM_CONG_NGAY'!$C$6:$C$4655,">="&'THAM_SO'!$B$6,'CHAM_CONG_NGAY'!$C$6:$C$4655,"<="&'THAM_SO'!$B$7),$AO8)) | AV8: =IF($B8="","",IF($D8="Theo ngày",SUMIFS('CHAM_CONG_NGAY'!$S$6:$S$4655,'CHAM_CONG_NGAY'!$B$6:$B$4655,$B8,'CHAM_CONG_NGAY'!$C$6:$C$4655,">="&'THAM_SO'!$B$6,'CHAM_CONG_NGAY'!$C$6:$C$4655,"<="&'THAM_SO'!$B$7),$AP8)) | AW8: =IF($B8="","",IF($D8="Theo ngày",SUMIFS('CHAM_CONG_NGAY'!$T$6:$T$4655,'CHAM_CONG_NGAY'!$B$6:$B$4655,$B8,'CHAM_CONG_NGAY'!$C$6:$C$4655,">="&'THAM_SO'!$B$6,'CHAM_CONG_NGAY'!$C$6:$C$4655,"<="&'THAM_SO'!$B$7),$AQ8))
A9: =IF($B9="","",ROW()-5) | B9: =IF('DM_NHAN_SU'!B9="","",'DM_NHAN_SU'!B9) | C9: =IF('DM_NHAN_SU'!B9="","",'DM_NHAN_SU'!C9) | AC9: =IF($B9="","",IF($D9="Theo ngày",SUMIFS('CHAM_CONG_NGAY'!$E$6:$E$4655,'CHAM_CONG_NGAY'!$B$6:$B$4655,$B9,'CHAM_CONG_NGAY'!$C$6:$C$4655,">="&'THAM_SO'!$B$6,'CHAM_CONG_NGAY'!$C$6:$C$4655,"<="&'THAM_SO'!$B$7),$E9)) | AD9: =IF($B9="","",IF($D9="Theo ngày",SUMIFS('CHAM_CONG_NGAY'!$F$6:$F$4655,'CHAM_CONG_NGAY'!$B$6:$B$4655,$B9,'CHAM_CONG_NGAY'!$C$6:$C$4655,">="&'THAM_SO'!$B$6,'CHAM_CONG_NGAY'!$C$6:$C$4655,"<="&'THAM_SO'!$B$7),$F9)) | AE9: =IF($B9="","",IF($D9="Theo ngày",SUMIFS('CHAM_CONG_NGAY'!$G$6:$G$4655,'CHAM_CONG_NGAY'!$B$6:$B$4655,$B9,'CHAM_CONG_NGAY'!$C$6:$C$4655,">="&'THAM_SO'!$B$6,'CHAM_CONG_NGAY'!$C$6:$C$4655,"<="&'THAM_SO'!$B$7),$G9)) | AF9: =IF($B9="","",IF($D9="Theo ngày",SUMIFS('CHAM_CONG_NGAY'!$H$6:$H$4655,'CHAM_CONG_NGAY'!$B$6:$B$4655,$B9,'CHAM_CONG_NGAY'!$C$6:$C$4655,">="&'THAM_SO'!$B$6,'CHAM_CONG_NGAY'!$C$6:$C$4655,"<="&'THAM_SO'!$B$7),$H9)) | AG9: =IF($B9="","",IF($D9="Theo ngày",SUMIFS('CHAM_CONG_NGAY'!$I$6:$I$4655,'CHAM_CONG_NGAY'!$B$6:$B$4655,$B9,'CHAM_CONG_NGAY'!$C$6:$C$4655,">="&'THAM_SO'!$B$6,'CHAM_CONG_NGAY'!$C$6:$C$4655,"<="&'THAM_SO'!$B$7),$I9)) | AH9: =IF($B9="","",IF($D9="Theo ngày",SUMIFS('CHAM_CONG_NGAY'!$J$6:$J$4655,'CHAM_CONG_NGAY'!$B$6:$B$4655,$B9,'CHAM_CONG_NGAY'!$C$6:$C$4655,">="&'THAM_SO'!$B$6,'CHAM_CONG_NGAY'!$C$6:$C$4655,"<="&'THAM_SO'!$B$7),$J9)) | AI9: =IF($B9="","",IF($D9="Theo ngày",SUMIFS('CHAM_CONG_NGAY'!$K$6:$K$4655,'CHAM_CONG_NGAY'!$B$6:$B$4655,$B9,'CHAM_CONG_NGAY'!$C$6:$C$4655,">="&'THAM_SO'!$B$6,'CHAM_CONG_NGAY'!$C$6:$C$4655,"<="&'THAM_SO'!$B$7),$K9)) | AJ9: =IF($B9="","",IF($D9="Theo ngày",SUMIFS('CHAM_CONG_NGAY'!$L$6:$L$4655,'CHAM_CONG_NGAY'!$B$6:$B$4655,$B9,'CHAM_CONG_NGAY'!$C$6:$C$4655,">="&'THAM_SO'!$B$6,'CHAM_CONG_NGAY'!$C$6:$C$4655,"<="&'THAM_SO'!$B$7),$L9)) | AK9: =IF($B9="","",IF($D9="Theo ngày",SUMIFS('CHAM_CONG_NGAY'!$M$6:$M$4655,'CHAM_CONG_NGAY'!$B$6:$B$4655,$B9,'CHAM_CONG_NGAY'!$C$6:$C$4655,">="&'THAM_SO'!$B$6,'CHAM_CONG_NGAY'!$C$6:$C$4655,"<="&'THAM_SO'!$B$7),$M9)) | AR9: =IF($B9="","",IF($D9="Theo ngày",SUMIFS('CHAM_CONG_NGAY'!$O$6:$O$4655,'CHAM_CONG_NGAY'!$B$6:$B$4655,$B9,'CHAM_CONG_NGAY'!$C$6:$C$4655,">="&'THAM_SO'!$B$6,'CHAM_CONG_NGAY'!$C$6:$C$4655,"<="&'THAM_SO'!$B$7),$AL9)) | AS9: =IF($B9="","",IF($D9="Theo ngày",SUMIFS('CHAM_CONG_NGAY'!$P$6:$P$4655,'CHAM_CONG_NGAY'!$B$6:$B$4655,$B9,'CHAM_CONG_NGAY'!$C$6:$C$4655,">="&'THAM_SO'!$B$6,'CHAM_CONG_NGAY'!$C$6:$C$4655,"<="&'THAM_SO'!$B$7),$AM9)) | AT9: =IF($B9="","",IF($D9="Theo ngày",SUMIFS('CHAM_CONG_NGAY'!$Q$6:$Q$4655,'CHAM_CONG_NGAY'!$B$6:$B$4655,$B9,'CHAM_CONG_NGAY'!$C$6:$C$4655,">="&'THAM_SO'!$B$6,'CHAM_CONG_NGAY'!$C$6:$C$4655,"<="&'THAM_SO'!$B$7),$AN9)) | AU9: =IF($B9="","",IF($D9="Theo ngày",SUMIFS('CHAM_CONG_NGAY'!$R$6:$R$4655,'CHAM_CONG_NGAY'!$B$6:$B$4655,$B9,'CHAM_CONG_NGAY'!$C$6:$C$4655,">="&'THAM_SO'!$B$6,'CHAM_CONG_NGAY'!$C$6:$C$4655,"<="&'THAM_SO'!$B$7),$AO9)) | AV9: =IF($B9="","",IF($D9="Theo ngày",SUMIFS('CHAM_CONG_NGAY'!$S$6:$S$4655,'CHAM_CONG_NGAY'!$B$6:$B$4655,$B9,'CHAM_CONG_NGAY'!$C$6:$C$4655,">="&'THAM_SO'!$B$6,'CHAM_CONG_NGAY'!$C$6:$C$4655,"<="&'THAM_SO'!$B$7),$AP9)) | AW9: =IF($B9="","",IF($D9="Theo ngày",SUMIFS('CHAM_CONG_NGAY'!$T$6:$T$4655,'CHAM_CONG_NGAY'!$B$6:$B$4655,$B9,'CHAM_CONG_NGAY'!$C$6:$C$4655,">="&'THAM_SO'!$B$6,'CHAM_CONG_NGAY'!$C$6:$C$4655,"<="&'THAM_SO'!$B$7),$AQ9))
A10: =IF($B10="","",ROW()-5) | B10: =IF('DM_NHAN_SU'!B10="","",'DM_NHAN_SU'!B10) | C10: =IF('DM_NHAN_SU'!B10="","",'DM_NHAN_SU'!C10) | AC10: =IF($B10="","",IF($D10="Theo ngày",SUMIFS('CHAM_CONG_NGAY'!$E$6:$E$4655,'CHAM_CONG_NGAY'!$B$6:$B$4655,$B10,'CHAM_CONG_NGAY'!$C$6:$C$4655,">="&'THAM_SO'!$B$6,'CHAM_CONG_NGAY'!$C$6:$C$4655,"<="&'THAM_SO'!$B$7),$E10)) | AD10: =IF($B10="","",IF($D10="Theo ngày",SUMIFS('CHAM_CONG_NGAY'!$F$6:$F$4655,'CHAM_CONG_NGAY'!$B$6:$B$4655,$B10,'CHAM_CONG_NGAY'!$C$6:$C$4655,">="&'THAM_SO'!$B$6,'CHAM_CONG_NGAY'!$C$6:$C$4655,"<="&'THAM_SO'!$B$7),$F10)) | AE10: =IF($B10="","",IF($D10="Theo ngày",SUMIFS('CHAM_CONG_NGAY'!$G$6:$G$4655,'CHAM_CONG_NGAY'!$B$6:$B$4655,$B10,'CHAM_CONG_NGAY'!$C$6:$C$4655,">="&'THAM_SO'!$B$6,'CHAM_CONG_NGAY'!$C$6:$C$4655,"<="&'THAM_SO'!$B$7),$G10)) | AF10: =IF($B10="","",IF($D10="Theo ngày",SUMIFS('CHAM_CONG_NGAY'!$H$6:$H$4655,'CHAM_CONG_NGAY'!$B$6:$B$4655,$B10,'CHAM_CONG_NGAY'!$C$6:$C$4655,">="&'THAM_SO'!$B$6,'CHAM_CONG_NGAY'!$C$6:$C$4655,"<="&'THAM_SO'!$B$7),$H10)) | AG10: =IF($B10="","",IF($D10="Theo ngày",SUMIFS('CHAM_CONG_NGAY'!$I$6:$I$4655,'CHAM_CONG_NGAY'!$B$6:$B$4655,$B10,'CHAM_CONG_NGAY'!$C$6:$C$4655,">="&'THAM_SO'!$B$6,'CHAM_CONG_NGAY'!$C$6:$C$4655,"<="&'THAM_SO'!$B$7),$I10)) | AH10: =IF($B10="","",IF($D10="Theo ngày",SUMIFS('CHAM_CONG_NGAY'!$J$6:$J$4655,'CHAM_CONG_NGAY'!$B$6:$B$4655,$B10,'CHAM_CONG_NGAY'!$C$6:$C$4655,">="&'THAM_SO'!$B$6,'CHAM_CONG_NGAY'!$C$6:$C$4655,"<="&'THAM_SO'!$B$7),$J10)) | AI10: =IF($B10="","",IF($D10="Theo ngày",SUMIFS('CHAM_CONG_NGAY'!$K$6:$K$4655,'CHAM_CONG_NGAY'!$B$6:$B$4655,$B10,'CHAM_CONG_NGAY'!$C$6:$C$4655,">="&'THAM_SO'!$B$6,'CHAM_CONG_NGAY'!$C$6:$C$4655,"<="&'THAM_SO'!$B$7),$K10)) | AJ10: =IF($B10="","",IF($D10="Theo ngày",SUMIFS('CHAM_CONG_NGAY'!$L$6:$L$4655,'CHAM_CONG_NGAY'!$B$6:$B$4655,$B10,'CHAM_CONG_NGAY'!$C$6:$C$4655,">="&'THAM_SO'!$B$6,'CHAM_CONG_NGAY'!$C$6:$C$4655,"<="&'THAM_SO'!$B$7),$L10)) | AK10: =IF($B10="","",IF($D10="Theo ngày",SUMIFS('CHAM_CONG_NGAY'!$M$6:$M$4655,'CHAM_CONG_NGAY'!$B$6:$B$4655,$B10,'CHAM_CONG_NGAY'!$C$6:$C$4655,">="&'THAM_SO'!$B$6,'CHAM_CONG_NGAY'!$C$6:$C$4655,"<="&'THAM_SO'!$B$7),$M10)) | AR10: =IF($B10="","",IF($D10="Theo ngày",SUMIFS('CHAM_CONG_NGAY'!$O$6:$O$4655,'CHAM_CONG_NGAY'!$B$6:$B$4655,$B10,'CHAM_CONG_NGAY'!$C$6:$C$4655,">="&'THAM_SO'!$B$6,'CHAM_CONG_NGAY'!$C$6:$C$4655,"<="&'THAM_SO'!$B$7),$AL10)) | AS10: =IF($B10="","",IF($D10="Theo ngày",SUMIFS('CHAM_CONG_NGAY'!$P$6:$P$4655,'CHAM_CONG_NGAY'!$B$6:$B$4655,$B10,'CHAM_CONG_NGAY'!$C$6:$C$4655,">="&'THAM_SO'!$B$6,'CHAM_CONG_NGAY'!$C$6:$C$4655,"<="&'THAM_SO'!$B$7),$AM10)) | AT10: =IF($B10="","",IF($D10="Theo ngày",SUMIFS('CHAM_CONG_NGAY'!$Q$6:$Q$4655,'CHAM_CONG_NGAY'!$B$6:$B$4655,$B10,'CHAM_CONG_NGAY'!$C$6:$C$4655,">="&'THAM_SO'!$B$6,'CHAM_CONG_NGAY'!$C$6:$C$4655,"<="&'THAM_SO'!$B$7),$AN10)) | AU10: =IF($B10="","",IF($D10="Theo ngày",SUMIFS('CHAM_CONG_NGAY'!$R$6:$R$4655,'CHAM_CONG_NGAY'!$B$6:$B$4655,$B10,'CHAM_CONG_NGAY'!$C$6:$C$4655,">="&'THAM_SO'!$B$6,'CHAM_CONG_NGAY'!$C$6:$C$4655,"<="&'THAM_SO'!$B$7),$AO10)) | AV10: =IF($B10="","",IF($D10="Theo ngày",SUMIFS('CHAM_CONG_NGAY'!$S$6:$S$4655,'CHAM_CONG_NGAY'!$B$6:$B$4655,$B10,'CHAM_CONG_NGAY'!$C$6:$C$4655,">="&'THAM_SO'!$B$6,'CHAM_CONG_NGAY'!$C$6:$C$4655,"<="&'THAM_SO'!$B$7),$AP10)) | AW10: =IF($B10="","",IF($D10="Theo ngày",SUMIFS('CHAM_CONG_NGAY'!$T$6:$T$4655,'CHAM_CONG_NGAY'!$B$6:$B$4655,$B10,'CHAM_CONG_NGAY'!$C$6:$C$4655,">="&'THAM_SO'!$B$6,'CHAM_CONG_NGAY'!$C$6:$C$4655,"<="&'THAM_SO'!$B$7),$AQ10))
A11: =IF($B11="","",ROW()-5) | B11: =IF('DM_NHAN_SU'!B11="","",'DM_NHAN_SU'!B11) | C11: =IF('DM_NHAN_SU'!B11="","",'DM_NHAN_SU'!C11) | AC11: =IF($B11="","",IF($D11="Theo ngày",SUMIFS('CHAM_CONG_NGAY'!$E$6:$E$4655,'CHAM_CONG_NGAY'!$B$6:$B$4655,$B11,'CHAM_CONG_NGAY'!$C$6:$C$4655,">="&'THAM_SO'!$B$6,'CHAM_CONG_NGAY'!$C$6:$C$4655,"<="&'THAM_SO'!$B$7),$E11)) | AD11: =IF($B11="","",IF($D11="Theo ngày",SUMIFS('CHAM_CONG_NGAY'!$F$6:$F$4655,'CHAM_CONG_NGAY'!$B$6:$B$4655,$B11,'CHAM_CONG_NGAY'!$C$6:$C$4655,">="&'THAM_SO'!$B$6,'CHAM_CONG_NGAY'!$C$6:$C$4655,"<="&'THAM_SO'!$B$7),$F11)) | AE11: =IF($B11="","",IF($D11="Theo ngày",SUMIFS('CHAM_CONG_NGAY'!$G$6:$G$4655,'CHAM_CONG_NGAY'!$B$6:$B$4655,$B11,'CHAM_CONG_NGAY'!$C$6:$C$4655,">="&'THAM_SO'!$B$6,'CHAM_CONG_NGAY'!$C$6:$C$4655,"<="&'THAM_SO'!$B$7),$G11)) | AF11: =IF($B11="","",IF($D11="Theo ngày",SUMIFS('CHAM_CONG_NGAY'!$H$6:$H$4655,'CHAM_CONG_NGAY'!$B$6:$B$4655,$B11,'CHAM_CONG_NGAY'!$C$6:$C$4655,">="&'THAM_SO'!$B$6,'CHAM_CONG_NGAY'!$C$6:$C$4655,"<="&'THAM_SO'!$B$7),$H11)) | AG11: =IF($B11="","",IF($D11="Theo ngày",SUMIFS('CHAM_CONG_NGAY'!$I$6:$I$4655,'CHAM_CONG_NGAY'!$B$6:$B$4655,$B11,'CHAM_CONG_NGAY'!$C$6:$C$4655,">="&'THAM_SO'!$B$6,'CHAM_CONG_NGAY'!$C$6:$C$4655,"<="&'THAM_SO'!$B$7),$I11)) | AH11: =IF($B11="","",IF($D11="Theo ngày",SUMIFS('CHAM_CONG_NGAY'!$J$6:$J$4655,'CHAM_CONG_NGAY'!$B$6:$B$4655,$B11,'CHAM_CONG_NGAY'!$C$6:$C$4655,">="&'THAM_SO'!$B$6,'CHAM_CONG_NGAY'!$C$6:$C$4655,"<="&'THAM_SO'!$B$7),$J11)) | AI11: =IF($B11="","",IF($D11="Theo ngày",SUMIFS('CHAM_CONG_NGAY'!$K$6:$K$4655,'CHAM_CONG_NGAY'!$B$6:$B$4655,$B11,'CHAM_CONG_NGAY'!$C$6:$C$4655,">="&'THAM_SO'!$B$6,'CHAM_CONG_NGAY'!$C$6:$C$4655,"<="&'THAM_SO'!$B$7),$K11)) | AJ11: =IF($B11="","",IF($D11="Theo ngày",SUMIFS('CHAM_CONG_NGAY'!$L$6:$L$4655,'CHAM_CONG_NGAY'!$B$6:$B$4655,$B11,'CHAM_CONG_NGAY'!$C$6:$C$4655,">="&'THAM_SO'!$B$6,'CHAM_CONG_NGAY'!$C$6:$C$4655,"<="&'THAM_SO'!$B$7),$L11)) | AK11: =IF($B11="","",IF($D11="Theo ngày",SUMIFS('CHAM_CONG_NGAY'!$M$6:$M$4655,'CHAM_CONG_NGAY'!$B$6:$B$4655,$B11,'CHAM_CONG_NGAY'!$C$6:$C$4655,">="&'THAM_SO'!$B$6,'CHAM_CONG_NGAY'!$C$6:$C$4655,"<="&'THAM_SO'!$B$7),$M11)) | AR11: =IF($B11="","",IF($D11="Theo ngày",SUMIFS('CHAM_CONG_NGAY'!$O$6:$O$4655,'CHAM_CONG_NGAY'!$B$6:$B$4655,$B11,'CHAM_CONG_NGAY'!$C$6:$C$4655,">="&'THAM_SO'!$B$6,'CHAM_CONG_NGAY'!$C$6:$C$4655,"<="&'THAM_SO'!$B$7),$AL11)) | AS11: =IF($B11="","",IF($D11="Theo ngày",SUMIFS('CHAM_CONG_NGAY'!$P$6:$P$4655,'CHAM_CONG_NGAY'!$B$6:$B$4655,$B11,'CHAM_CONG_NGAY'!$C$6:$C$4655,">="&'THAM_SO'!$B$6,'CHAM_CONG_NGAY'!$C$6:$C$4655,"<="&'THAM_SO'!$B$7),$AM11)) | AT11: =IF($B11="","",IF($D11="Theo ngày",SUMIFS('CHAM_CONG_NGAY'!$Q$6:$Q$4655,'CHAM_CONG_NGAY'!$B$6:$B$4655,$B11,'CHAM_CONG_NGAY'!$C$6:$C$4655,">="&'THAM_SO'!$B$6,'CHAM_CONG_NGAY'!$C$6:$C$4655,"<="&'THAM_SO'!$B$7),$AN11)) | AU11: =IF($B11="","",IF($D11="Theo ngày",SUMIFS('CHAM_CONG_NGAY'!$R$6:$R$4655,'CHAM_CONG_NGAY'!$B$6:$B$4655,$B11,'CHAM_CONG_NGAY'!$C$6:$C$4655,">="&'THAM_SO'!$B$6,'CHAM_CONG_NGAY'!$C$6:$C$4655,"<="&'THAM_SO'!$B$7),$AO11)) | AV11: =IF($B11="","",IF($D11="Theo ngày",SUMIFS('CHAM_CONG_NGAY'!$S$6:$S$4655,'CHAM_CONG_NGAY'!$B$6:$B$4655,$B11,'CHAM_CONG_NGAY'!$C$6:$C$4655,">="&'THAM_SO'!$B$6,'CHAM_CONG_NGAY'!$C$6:$C$4655,"<="&'THAM_SO'!$B$7),$AP11)) | AW11: =IF($B11="","",IF($D11="Theo ngày",SUMIFS('CHAM_CONG_NGAY'!$T$6:$T$4655,'CHAM_CONG_NGAY'!$B$6:$B$4655,$B11,'CHAM_CONG_NGAY'!$C$6:$C$4655,">="&'THAM_SO'!$B$6,'CHAM_CONG_NGAY'!$C$6:$C$4655,"<="&'THAM_SO'!$B$7),$AQ11))
A12: =IF($B12="","",ROW()-5) | B12: =IF('DM_NHAN_SU'!B12="","",'DM_NHAN_SU'!B12) | C12: =IF('DM_NHAN_SU'!B12="","",'DM_NHAN_SU'!C12) | AC12: =IF($B12="","",IF($D12="Theo ngày",SUMIFS('CHAM_CONG_NGAY'!$E$6:$E$4655,'CHAM_CONG_NGAY'!$B$6:$B$4655,$B12,'CHAM_CONG_NGAY'!$C$6:$C$4655,">="&'THAM_SO'!$B$6,'CHAM_CONG_NGAY'!$C$6:$C$4655,"<="&'THAM_SO'!$B$7),$E12)) | AD12: =IF($B12="","",IF($D12="Theo ngày",SUMIFS('CHAM_CONG_NGAY'!$F$6:$F$4655,'CHAM_CONG_NGAY'!$B$6:$B$4655,$B12,'CHAM_CONG_NGAY'!$C$6:$C$4655,">="&'THAM_SO'!$B$6,'CHAM_CONG_NGAY'!$C$6:$C$4655,"<="&'THAM_SO'!$B$7),$F12)) | AE12: =IF($B12="","",IF($D12="Theo ngày",SUMIFS('CHAM_CONG_NGAY'!$G$6:$G$4655,'CHAM_CONG_NGAY'!$B$6:$B$4655,$B12,'CHAM_CONG_NGAY'!$C$6:$C$4655,">="&'THAM_SO'!$B$6,'CHAM_CONG_NGAY'!$C$6:$C$4655,"<="&'THAM_SO'!$B$7),$G12)) | AF12: =IF($B12="","",IF($D12="Theo ngày",SUMIFS('CHAM_CONG_NGAY'!$H$6:$H$4655,'CHAM_CONG_NGAY'!$B$6:$B$4655,$B12,'CHAM_CONG_NGAY'!$C$6:$C$4655,">="&'THAM_SO'!$B$6,'CHAM_CONG_NGAY'!$C$6:$C$4655,"<="&'THAM_SO'!$B$7),$H12)) | AG12: =IF($B12="","",IF($D12="Theo ngày",SUMIFS('CHAM_CONG_NGAY'!$I$6:$I$4655,'CHAM_CONG_NGAY'!$B$6:$B$4655,$B12,'CHAM_CONG_NGAY'!$C$6:$C$4655,">="&'THAM_SO'!$B$6,'CHAM_CONG_NGAY'!$C$6:$C$4655,"<="&'THAM_SO'!$B$7),$I12)) | AH12: =IF($B12="","",IF($D12="Theo ngày",SUMIFS('CHAM_CONG_NGAY'!$J$6:$J$4655,'CHAM_CONG_NGAY'!$B$6:$B$4655,$B12,'CHAM_CONG_NGAY'!$C$6:$C$4655,">="&'THAM_SO'!$B$6,'CHAM_CONG_NGAY'!$C$6:$C$4655,"<="&'THAM_SO'!$B$7),$J12)) | AI12: =IF($B12="","",IF($D12="Theo ngày",SUMIFS('CHAM_CONG_NGAY'!$K$6:$K$4655,'CHAM_CONG_NGAY'!$B$6:$B$4655,$B12,'CHAM_CONG_NGAY'!$C$6:$C$4655,">="&'THAM_SO'!$B$6,'CHAM_CONG_NGAY'!$C$6:$C$4655,"<="&'THAM_SO'!$B$7),$K12)) | AJ12: =IF($B12="","",IF($D12="Theo ngày",SUMIFS('CHAM_CONG_NGAY'!$L$6:$L$4655,'CHAM_CONG_NGAY'!$B$6:$B$4655,$B12,'CHAM_CONG_NGAY'!$C$6:$C$4655,">="&'THAM_SO'!$B$6,'CHAM_CONG_NGAY'!$C$6:$C$4655,"<="&'THAM_SO'!$B$7),$L12)) | AK12: =IF($B12="","",IF($D12="Theo ngày",SUMIFS('CHAM_CONG_NGAY'!$M$6:$M$4655,'CHAM_CONG_NGAY'!$B$6:$B$4655,$B12,'CHAM_CONG_NGAY'!$C$6:$C$4655,">="&'THAM_SO'!$B$6,'CHAM_CONG_NGAY'!$C$6:$C$4655,"<="&'THAM_SO'!$B$7),$M12)) | AR12: =IF($B12="","",IF($D12="Theo ngày",SUMIFS('CHAM_CONG_NGAY'!$O$6:$O$4655,'CHAM_CONG_NGAY'!$B$6:$B$4655,$B12,'CHAM_CONG_NGAY'!$C$6:$C$4655,">="&'THAM_SO'!$B$6,'CHAM_CONG_NGAY'!$C$6:$C$4655,"<="&'THAM_SO'!$B$7),$AL12)) | AS12: =IF($B12="","",IF($D12="Theo ngày",SUMIFS('CHAM_CONG_NGAY'!$P$6:$P$4655,'CHAM_CONG_NGAY'!$B$6:$B$4655,$B12,'CHAM_CONG_NGAY'!$C$6:$C$4655,">="&'THAM_SO'!$B$6,'CHAM_CONG_NGAY'!$C$6:$C$4655,"<="&'THAM_SO'!$B$7),$AM12)) | AT12: =IF($B12="","",IF($D12="Theo ngày",SUMIFS('CHAM_CONG_NGAY'!$Q$6:$Q$4655,'CHAM_CONG_NGAY'!$B$6:$B$4655,$B12,'CHAM_CONG_NGAY'!$C$6:$C$4655,">="&'THAM_SO'!$B$6,'CHAM_CONG_NGAY'!$C$6:$C$4655,"<="&'THAM_SO'!$B$7),$AN12)) | AU12: =IF($B12="","",IF($D12="Theo ngày",SUMIFS('CHAM_CONG_NGAY'!$R$6:$R$4655,'CHAM_CONG_NGAY'!$B$6:$B$4655,$B12,'CHAM_CONG_NGAY'!$C$6:$C$4655,">="&'THAM_SO'!$B$6,'CHAM_CONG_NGAY'!$C$6:$C$4655,"<="&'THAM_SO'!$B$7),$AO12)) | AV12: =IF($B12="","",IF($D12="Theo ngày",SUMIFS('CHAM_CONG_NGAY'!$S$6:$S$4655,'CHAM_CONG_NGAY'!$B$6:$B$4655,$B12,'CHAM_CONG_NGAY'!$C$6:$C$4655,">="&'THAM_SO'!$B$6,'CHAM_CONG_NGAY'!$C$6:$C$4655,"<="&'THAM_SO'!$B$7),$AP12)) | AW12: =IF($B12="","",IF($D12="Theo ngày",SUMIFS('CHAM_CONG_NGAY'!$T$6:$T$4655,'CHAM_CONG_NGAY'!$B$6:$B$4655,$B12,'CHAM_CONG_NGAY'!$C$6:$C$4655,">="&'THAM_SO'!$B$6,'CHAM_CONG_NGAY'!$C$6:$C$4655,"<="&'THAM_SO'!$B$7),$AQ12))
A13: =IF($B13="","",ROW()-5) | B13: =IF('DM_NHAN_SU'!B13="","",'DM_NHAN_SU'!B13) | C13: =IF('DM_NHAN_SU'!B13="","",'DM_NHAN_SU'!C13) | AC13: =IF($B13="","",IF($D13="Theo ngày",SUMIFS('CHAM_CONG_NGAY'!$E$6:$E$4655,'CHAM_CONG_NGAY'!$B$6:$B$4655,$B13,'CHAM_CONG_NGAY'!$C$6:$C$4655,">="&'THAM_SO'!$B$6,'CHAM_CONG_NGAY'!$C$6:$C$4655,"<="&'THAM_SO'!$B$7),$E13)) | AD13: =IF($B13="","",IF($D13="Theo ngày",SUMIFS('CHAM_CONG_NGAY'!$F$6:$F$4655,'CHAM_CONG_NGAY'!$B$6:$B$4655,$B13,'CHAM_CONG_NGAY'!$C$6:$C$4655,">="&'THAM_SO'!$B$6,'CHAM_CONG_NGAY'!$C$6:$C$4655,"<="&'THAM_SO'!$B$7),$F13)) | AE13: =IF($B13="","",IF($D13="Theo ngày",SUMIFS('CHAM_CONG_NGAY'!$G$6:$G$4655,'CHAM_CONG_NGAY'!$B$6:$B$4655,$B13,'CHAM_CONG_NGAY'!$C$6:$C$4655,">="&'THAM_SO'!$B$6,'CHAM_CONG_NGAY'!$C$6:$C$4655,"<="&'THAM_SO'!$B$7),$G13)) | AF13: =IF($B13="","",IF($D13="Theo ngày",SUMIFS('CHAM_CONG_NGAY'!$H$6:$H$4655,'CHAM_CONG_NGAY'!$B$6:$B$4655,$B13,'CHAM_CONG_NGAY'!$C$6:$C$4655,">="&'THAM_SO'!$B$6,'CHAM_CONG_NGAY'!$C$6:$C$4655,"<="&'THAM_SO'!$B$7),$H13)) | AG13: =IF($B13="","",IF($D13="Theo ngày",SUMIFS('CHAM_CONG_NGAY'!$I$6:$I$4655,'CHAM_CONG_NGAY'!$B$6:$B$4655,$B13,'CHAM_CONG_NGAY'!$C$6:$C$4655,">="&'THAM_SO'!$B$6,'CHAM_CONG_NGAY'!$C$6:$C$4655,"<="&'THAM_SO'!$B$7),$I13)) | AH13: =IF($B13="","",IF($D13="Theo ngày",SUMIFS('CHAM_CONG_NGAY'!$J$6:$J$4655,'CHAM_CONG_NGAY'!$B$6:$B$4655,$B13,'CHAM_CONG_NGAY'!$C$6:$C$4655,">="&'THAM_SO'!$B$6,'CHAM_CONG_NGAY'!$C$6:$C$4655,"<="&'THAM_SO'!$B$7),$J13)) | AI13: =IF($B13="","",IF($D13="Theo ngày",SUMIFS('CHAM_CONG_NGAY'!$K$6:$K$4655,'CHAM_CONG_NGAY'!$B$6:$B$4655,$B13,'CHAM_CONG_NGAY'!$C$6:$C$4655,">="&'THAM_SO'!$B$6,'CHAM_CONG_NGAY'!$C$6:$C$4655,"<="&'THAM_SO'!$B$7),$K13)) | AJ13: =IF($B13="","",IF($D13="Theo ngày",SUMIFS('CHAM_CONG_NGAY'!$L$6:$L$4655,'CHAM_CONG_NGAY'!$B$6:$B$4655,$B13,'CHAM_CONG_NGAY'!$C$6:$C$4655,">="&'THAM_SO'!$B$6,'CHAM_CONG_NGAY'!$C$6:$C$4655,"<="&'THAM_SO'!$B$7),$L13)) | AK13: =IF($B13="","",IF($D13="Theo ngày",SUMIFS('CHAM_CONG_NGAY'!$M$6:$M$4655,'CHAM_CONG_NGAY'!$B$6:$B$4655,$B13,'CHAM_CONG_NGAY'!$C$6:$C$4655,">="&'THAM_SO'!$B$6,'CHAM_CONG_NGAY'!$C$6:$C$4655,"<="&'THAM_SO'!$B$7),$M13)) | AR13: =IF($B13="","",IF($D13="Theo ngày",SUMIFS('CHAM_CONG_NGAY'!$O$6:$O$4655,'CHAM_CONG_NGAY'!$B$6:$B$4655,$B13,'CHAM_CONG_NGAY'!$C$6:$C$4655,">="&'THAM_SO'!$B$6,'CHAM_CONG_NGAY'!$C$6:$C$4655,"<="&'THAM_SO'!$B$7),$AL13)) | AS13: =IF($B13="","",IF($D13="Theo ngày",SUMIFS('CHAM_CONG_NGAY'!$P$6:$P$4655,'CHAM_CONG_NGAY'!$B$6:$B$4655,$B13,'CHAM_CONG_NGAY'!$C$6:$C$4655,">="&'THAM_SO'!$B$6,'CHAM_CONG_NGAY'!$C$6:$C$4655,"<="&'THAM_SO'!$B$7),$AM13)) | AT13: =IF($B13="","",IF($D13="Theo ngày",SUMIFS('CHAM_CONG_NGAY'!$Q$6:$Q$4655,'CHAM_CONG_NGAY'!$B$6:$B$4655,$B13,'CHAM_CONG_NGAY'!$C$6:$C$4655,">="&'THAM_SO'!$B$6,'CHAM_CONG_NGAY'!$C$6:$C$4655,"<="&'THAM_SO'!$B$7),$AN13)) | AU13: =IF($B13="","",IF($D13="Theo ngày",SUMIFS('CHAM_CONG_NGAY'!$R$6:$R$4655,'CHAM_CONG_NGAY'!$B$6:$B$4655,$B13,'CHAM_CONG_NGAY'!$C$6:$C$4655,">="&'THAM_SO'!$B$6,'CHAM_CONG_NGAY'!$C$6:$C$4655,"<="&'THAM_SO'!$B$7),$AO13)) | AV13: =IF($B13="","",IF($D13="Theo ngày",SUMIFS('CHAM_CONG_NGAY'!$S$6:$S$4655,'CHAM_CONG_NGAY'!$B$6:$B$4655,$B13,'CHAM_CONG_NGAY'!$C$6:$C$4655,">="&'THAM_SO'!$B$6,'CHAM_CONG_NGAY'!$C$6:$C$4655,"<="&'THAM_SO'!$B$7),$AP13)) | AW13: =IF($B13="","",IF($D13="Theo ngày",SUMIFS('CHAM_CONG_NGAY'!$T$6:$T$4655,'CHAM_CONG_NGAY'!$B$6:$B$4655,$B13,'CHAM_CONG_NGAY'!$C$6:$C$4655,">="&'THAM_SO'!$B$6,'CHAM_CONG_NGAY'!$C$6:$C$4655,"<="&'THAM_SO'!$B$7),$AQ13))
A14: =IF($B14="","",ROW()-5) | B14: =IF('DM_NHAN_SU'!B14="","",'DM_NHAN_SU'!B14) | C14: =IF('DM_NHAN_SU'!B14="","",'DM_NHAN_SU'!C14) | AC14: =IF($B14="","",IF($D14="Theo ngày",SUMIFS('CHAM_CONG_NGAY'!$E$6:$E$4655,'CHAM_CONG_NGAY'!$B$6:$B$4655,$B14,'CHAM_CONG_NGAY'!$C$6:$C$4655,">="&'THAM_SO'!$B$6,'CHAM_CONG_NGAY'!$C$6:$C$4655,"<="&'THAM_SO'!$B$7),$E14)) | AD14: =IF($B14="","",IF($D14="Theo ngày",SUMIFS('CHAM_CONG_NGAY'!$F$6:$F$4655,'CHAM_CONG_NGAY'!$B$6:$B$4655,$B14,'CHAM_CONG_NGAY'!$C$6:$C$4655,">="&'THAM_SO'!$B$6,'CHAM_CONG_NGAY'!$C$6:$C$4655,"<="&'THAM_SO'!$B$7),$F14)) | AE14: =IF($B14="","",IF($D14="Theo ngày",SUMIFS('CHAM_CONG_NGAY'!$G$6:$G$4655,'CHAM_CONG_NGAY'!$B$6:$B$4655,$B14,'CHAM_CONG_NGAY'!$C$6:$C$4655,">="&'THAM_SO'!$B$6,'CHAM_CONG_NGAY'!$C$6:$C$4655,"<="&'THAM_SO'!$B$7),$G14)) | AF14: =IF($B14="","",IF($D14="Theo ngày",SUMIFS('CHAM_CONG_NGAY'!$H$6:$H$4655,'CHAM_CONG_NGAY'!$B$6:$B$4655,$B14,'CHAM_CONG_NGAY'!$C$6:$C$4655,">="&'THAM_SO'!$B$6,'CHAM_CONG_NGAY'!$C$6:$C$4655,"<="&'THAM_SO'!$B$7),$H14)) | AG14: =IF($B14="","",IF($D14="Theo ngày",SUMIFS('CHAM_CONG_NGAY'!$I$6:$I$4655,'CHAM_CONG_NGAY'!$B$6:$B$4655,$B14,'CHAM_CONG_NGAY'!$C$6:$C$4655,">="&'THAM_SO'!$B$6,'CHAM_CONG_NGAY'!$C$6:$C$4655,"<="&'THAM_SO'!$B$7),$I14)) | AH14: =IF($B14="","",IF($D14="Theo ngày",SUMIFS('CHAM_CONG_NGAY'!$J$6:$J$4655,'CHAM_CONG_NGAY'!$B$6:$B$4655,$B14,'CHAM_CONG_NGAY'!$C$6:$C$4655,">="&'THAM_SO'!$B$6,'CHAM_CONG_NGAY'!$C$6:$C$4655,"<="&'THAM_SO'!$B$7),$J14)) | AI14: =IF($B14="","",IF($D14="Theo ngày",SUMIFS('CHAM_CONG_NGAY'!$K$6:$K$4655,'CHAM_CONG_NGAY'!$B$6:$B$4655,$B14,'CHAM_CONG_NGAY'!$C$6:$C$4655,">="&'THAM_SO'!$B$6,'CHAM_CONG_NGAY'!$C$6:$C$4655,"<="&'THAM_SO'!$B$7),$K14)) | AJ14: =IF($B14="","",IF($D14="Theo ngày",SUMIFS('CHAM_CONG_NGAY'!$L$6:$L$4655,'CHAM_CONG_NGAY'!$B$6:$B$4655,$B14,'CHAM_CONG_NGAY'!$C$6:$C$4655,">="&'THAM_SO'!$B$6,'CHAM_CONG_NGAY'!$C$6:$C$4655,"<="&'THAM_SO'!$B$7),$L14)) | AK14: =IF($B14="","",IF($D14="Theo ngày",SUMIFS('CHAM_CONG_NGAY'!$M$6:$M$4655,'CHAM_CONG_NGAY'!$B$6:$B$4655,$B14,'CHAM_CONG_NGAY'!$C$6:$C$4655,">="&'THAM_SO'!$B$6,'CHAM_CONG_NGAY'!$C$6:$C$4655,"<="&'THAM_SO'!$B$7),$M14)) | AR14: =IF($B14="","",IF($D14="Theo ngày",SUMIFS('CHAM_CONG_NGAY'!$O$6:$O$4655,'CHAM_CONG_NGAY'!$B$6:$B$4655,$B14,'CHAM_CONG_NGAY'!$C$6:$C$4655,">="&'THAM_SO'!$B$6,'CHAM_CONG_NGAY'!$C$6:$C$4655,"<="&'THAM_SO'!$B$7),$AL14)) | AS14: =IF($B14="","",IF($D14="Theo ngày",SUMIFS('CHAM_CONG_NGAY'!$P$6:$P$4655,'CHAM_CONG_NGAY'!$B$6:$B$4655,$B14,'CHAM_CONG_NGAY'!$C$6:$C$4655,">="&'THAM_SO'!$B$6,'CHAM_CONG_NGAY'!$C$6:$C$4655,"<="&'THAM_SO'!$B$7),$AM14)) | AT14: =IF($B14="","",IF($D14="Theo ngày",SUMIFS('CHAM_CONG_NGAY'!$Q$6:$Q$4655,'CHAM_CONG_NGAY'!$B$6:$B$4655,$B14,'CHAM_CONG_NGAY'!$C$6:$C$4655,">="&'THAM_SO'!$B$6,'CHAM_CONG_NGAY'!$C$6:$C$4655,"<="&'THAM_SO'!$B$7),$AN14)) | AU14: =IF($B14="","",IF($D14="Theo ngày",SUMIFS('CHAM_CONG_NGAY'!$R$6:$R$4655,'CHAM_CONG_NGAY'!$B$6:$B$4655,$B14,'CHAM_CONG_NGAY'!$C$6:$C$4655,">="&'THAM_SO'!$B$6,'CHAM_CONG_NGAY'!$C$6:$C$4655,"<="&'THAM_SO'!$B$7),$AO14)) | AV14: =IF($B14="","",IF($D14="Theo ngày",SUMIFS('CHAM_CONG_NGAY'!$S$6:$S$4655,'CHAM_CONG_NGAY'!$B$6:$B$4655,$B14,'CHAM_CONG_NGAY'!$C$6:$C$4655,">="&'THAM_SO'!$B$6,'CHAM_CONG_NGAY'!$C$6:$C$4655,"<="&'THAM_SO'!$B$7),$AP14)) | AW14: =IF($B14="","",IF($D14="Theo ngày",SUMIFS('CHAM_CONG_NGAY'!$T$6:$T$4655,'CHAM_CONG_NGAY'!$B$6:$B$4655,$B14,'CHAM_CONG_NGAY'!$C$6:$C$4655,">="&'THAM_SO'!$B$6,'CHAM_CONG_NGAY'!$C$6:$C$4655,"<="&'THAM_SO'!$B$7),$AQ14))
A15: =IF($B15="","",ROW()-5) | B15: =IF('DM_NHAN_SU'!B15="","",'DM_NHAN_SU'!B15) | C15: =IF('DM_NHAN_SU'!B15="","",'DM_NHAN_SU'!C15) | AC15: =IF($B15="","",IF($D15="Theo ngày",SUMIFS('CHAM_CONG_NGAY'!$E$6:$E$4655,'CHAM_CONG_NGAY'!$B$6:$B$4655,$B15,'CHAM_CONG_NGAY'!$C$6:$C$4655,">="&'THAM_SO'!$B$6,'CHAM_CONG_NGAY'!$C$6:$C$4655,"<="&'THAM_SO'!$B$7),$E15)) | AD15: =IF($B15="","",IF($D15="Theo ngày",SUMIFS('CHAM_CONG_NGAY'!$F$6:$F$4655,'CHAM_CONG_NGAY'!$B$6:$B$4655,$B15,'CHAM_CONG_NGAY'!$C$6:$C$4655,">="&'THAM_SO'!$B$6,'CHAM_CONG_NGAY'!$C$6:$C$4655,"<="&'THAM_SO'!$B$7),$F15)) | AE15: =IF($B15="","",IF($D15="Theo ngày",SUMIFS('CHAM_CONG_NGAY'!$G$6:$G$4655,'CHAM_CONG_NGAY'!$B$6:$B$4655,$B15,'CHAM_CONG_NGAY'!$C$6:$C$4655,">="&'THAM_SO'!$B$6,'CHAM_CONG_NGAY'!$C$6:$C$4655,"<="&'THAM_SO'!$B$7),$G15)) | AF15: =IF($B15="","",IF($D15="Theo ngày",SUMIFS('CHAM_CONG_NGAY'!$H$6:$H$4655,'CHAM_CONG_NGAY'!$B$6:$B$4655,$B15,'CHAM_CONG_NGAY'!$C$6:$C$4655,">="&'THAM_SO'!$B$6,'CHAM_CONG_NGAY'!$C$6:$C$4655,"<="&'THAM_SO'!$B$7),$H15)) | AG15: =IF($B15="","",IF($D15="Theo ngày",SUMIFS('CHAM_CONG_NGAY'!$I$6:$I$4655,'CHAM_CONG_NGAY'!$B$6:$B$4655,$B15,'CHAM_CONG_NGAY'!$C$6:$C$4655,">="&'THAM_SO'!$B$6,'CHAM_CONG_NGAY'!$C$6:$C$4655,"<="&'THAM_SO'!$B$7),$I15)) | AH15: =IF($B15="","",IF($D15="Theo ngày",SUMIFS('CHAM_CONG_NGAY'!$J$6:$J$4655,'CHAM_CONG_NGAY'!$B$6:$B$4655,$B15,'CHAM_CONG_NGAY'!$C$6:$C$4655,">="&'THAM_SO'!$B$6,'CHAM_CONG_NGAY'!$C$6:$C$4655,"<="&'THAM_SO'!$B$7),$J15)) | AI15: =IF($B15="","",IF($D15="Theo ngày",SUMIFS('CHAM_CONG_NGAY'!$K$6:$K$4655,'CHAM_CONG_NGAY'!$B$6:$B$4655,$B15,'CHAM_CONG_NGAY'!$C$6:$C$4655,">="&'THAM_SO'!$B$6,'CHAM_CONG_NGAY'!$C$6:$C$4655,"<="&'THAM_SO'!$B$7),$K15)) | AJ15: =IF($B15="","",IF($D15="Theo ngày",SUMIFS('CHAM_CONG_NGAY'!$L$6:$L$4655,'CHAM_CONG_NGAY'!$B$6:$B$4655,$B15,'CHAM_CONG_NGAY'!$C$6:$C$4655,">="&'THAM_SO'!$B$6,'CHAM_CONG_NGAY'!$C$6:$C$4655,"<="&'THAM_SO'!$B$7),$L15)) | AK15: =IF($B15="","",IF($D15="Theo ngày",SUMIFS('CHAM_CONG_NGAY'!$M$6:$M$4655,'CHAM_CONG_NGAY'!$B$6:$B$4655,$B15,'CHAM_CONG_NGAY'!$C$6:$C$4655,">="&'THAM_SO'!$B$6,'CHAM_CONG_NGAY'!$C$6:$C$4655,"<="&'THAM_SO'!$B$7),$M15)) | AR15: =IF($B15="","",IF($D15="Theo ngày",SUMIFS('CHAM_CONG_NGAY'!$O$6:$O$4655,'CHAM_CONG_NGAY'!$B$6:$B$4655,$B15,'CHAM_CONG_NGAY'!$C$6:$C$4655,">="&'THAM_SO'!$B$6,'CHAM_CONG_NGAY'!$C$6:$C$4655,"<="&'THAM_SO'!$B$7),$AL15)) | AS15: =IF($B15="","",IF($D15="Theo ngày",SUMIFS('CHAM_CONG_NGAY'!$P$6:$P$4655,'CHAM_CONG_NGAY'!$B$6:$B$4655,$B15,'CHAM_CONG_NGAY'!$C$6:$C$4655,">="&'THAM_SO'!$B$6,'CHAM_CONG_NGAY'!$C$6:$C$4655,"<="&'THAM_SO'!$B$7),$AM15)) | AT15: =IF($B15="","",IF($D15="Theo ngày",SUMIFS('CHAM_CONG_NGAY'!$Q$6:$Q$4655,'CHAM_CONG_NGAY'!$B$6:$B$4655,$B15,'CHAM_CONG_NGAY'!$C$6:$C$4655,">="&'THAM_SO'!$B$6,'CHAM_CONG_NGAY'!$C$6:$C$4655,"<="&'THAM_SO'!$B$7),$AN15)) | AU15: =IF($B15="","",IF($D15="Theo ngày",SUMIFS('CHAM_CONG_NGAY'!$R$6:$R$4655,'CHAM_CONG_NGAY'!$B$6:$B$4655,$B15,'CHAM_CONG_NGAY'!$C$6:$C$4655,">="&'THAM_SO'!$B$6,'CHAM_CONG_NGAY'!$C$6:$C$4655,"<="&'THAM_SO'!$B$7),$AO15)) | AV15: =IF($B15="","",IF($D15="Theo ngày",SUMIFS('CHAM_CONG_NGAY'!$S$6:$S$4655,'CHAM_CONG_NGAY'!$B$6:$B$4655,$B15,'CHAM_CONG_NGAY'!$C$6:$C$4655,">="&'THAM_SO'!$B$6,'CHAM_CONG_NGAY'!$C$6:$C$4655,"<="&'THAM_SO'!$B$7),$AP15)) | AW15: =IF($B15="","",IF($D15="Theo ngày",SUMIFS('CHAM_CONG_NGAY'!$T$6:$T$4655,'CHAM_CONG_NGAY'!$B$6:$B$4655,$B15,'CHAM_CONG_NGAY'!$C$6:$C$4655,">="&'THAM_SO'!$B$6,'CHAM_CONG_NGAY'!$C$6:$C$4655,"<="&'THAM_SO'!$B$7),$AQ15))
A16: =IF($B16="","",ROW()-5) | B16: =IF('DM_NHAN_SU'!B16="","",'DM_NHAN_SU'!B16) | C16: =IF('DM_NHAN_SU'!B16="","",'DM_NHAN_SU'!C16) | AC16: =IF($B16="","",IF($D16="Theo ngày",SUMIFS('CHAM_CONG_NGAY'!$E$6:$E$4655,'CHAM_CONG_NGAY'!$B$6:$B$4655,$B16,'CHAM_CONG_NGAY'!$C$6:$C$4655,">="&'THAM_SO'!$B$6,'CHAM_CONG_NGAY'!$C$6:$C$4655,"<="&'THAM_SO'!$B$7),$E16)) | AD16: =IF($B16="","",IF($D16="Theo ngày",SUMIFS('CHAM_CONG_NGAY'!$F$6:$F$4655,'CHAM_CONG_NGAY'!$B$6:$B$4655,$B16,'CHAM_CONG_NGAY'!$C$6:$C$4655,">="&'THAM_SO'!$B$6,'CHAM_CONG_NGAY'!$C$6:$C$4655,"<="&'THAM_SO'!$B$7),$F16)) | AE16: =IF($B16="","",IF($D16="Theo ngày",SUMIFS('CHAM_CONG_NGAY'!$G$6:$G$4655,'CHAM_CONG_NGAY'!$B$6:$B$4655,$B16,'CHAM_CONG_NGAY'!$C$6:$C$4655,">="&'THAM_SO'!$B$6,'CHAM_CONG_NGAY'!$C$6:$C$4655,"<="&'THAM_SO'!$B$7),$G16)) | AF16: =IF($B16="","",IF($D16="Theo ngày",SUMIFS('CHAM_CONG_NGAY'!$H$6:$H$4655,'CHAM_CONG_NGAY'!$B$6:$B$4655,$B16,'CHAM_CONG_NGAY'!$C$6:$C$4655,">="&'THAM_SO'!$B$6,'CHAM_CONG_NGAY'!$C$6:$C$4655,"<="&'THAM_SO'!$B$7),$H16)) | AG16: =IF($B16="","",IF($D16="Theo ngày",SUMIFS('CHAM_CONG_NGAY'!$I$6:$I$4655,'CHAM_CONG_NGAY'!$B$6:$B$4655,$B16,'CHAM_CONG_NGAY'!$C$6:$C$4655,">="&'THAM_SO'!$B$6,'CHAM_CONG_NGAY'!$C$6:$C$4655,"<="&'THAM_SO'!$B$7),$I16)) | AH16: =IF($B16="","",IF($D16="Theo ngày",SUMIFS('CHAM_CONG_NGAY'!$J$6:$J$4655,'CHAM_CONG_NGAY'!$B$6:$B$4655,$B16,'CHAM_CONG_NGAY'!$C$6:$C$4655,">="&'THAM_SO'!$B$6,'CHAM_CONG_NGAY'!$C$6:$C$4655,"<="&'THAM_SO'!$B$7),$J16)) | AI16: =IF($B16="","",IF($D16="Theo ngày",SUMIFS('CHAM_CONG_NGAY'!$K$6:$K$4655,'CHAM_CONG_NGAY'!$B$6:$B$4655,$B16,'CHAM_CONG_NGAY'!$C$6:$C$4655,">="&'THAM_SO'!$B$6,'CHAM_CONG_NGAY'!$C$6:$C$4655,"<="&'THAM_SO'!$B$7),$K16)) | AJ16: =IF($B16="","",IF($D16="Theo ngày",SUMIFS('CHAM_CONG_NGAY'!$L$6:$L$4655,'CHAM_CONG_NGAY'!$B$6:$B$4655,$B16,'CHAM_CONG_NGAY'!$C$6:$C$4655,">="&'THAM_SO'!$B$6,'CHAM_CONG_NGAY'!$C$6:$C$4655,"<="&'THAM_SO'!$B$7),$L16)) | AK16: =IF($B16="","",IF($D16="Theo ngày",SUMIFS('CHAM_CONG_NGAY'!$M$6:$M$4655,'CHAM_CONG_NGAY'!$B$6:$B$4655,$B16,'CHAM_CONG_NGAY'!$C$6:$C$4655,">="&'THAM_SO'!$B$6,'CHAM_CONG_NGAY'!$C$6:$C$4655,"<="&'THAM_SO'!$B$7),$M16)) | AR16: =IF($B16="","",IF($D16="Theo ngày",SUMIFS('CHAM_CONG_NGAY'!$O$6:$O$4655,'CHAM_CONG_NGAY'!$B$6:$B$4655,$B16,'CHAM_CONG_NGAY'!$C$6:$C$4655,">="&'THAM_SO'!$B$6,'CHAM_CONG_NGAY'!$C$6:$C$4655,"<="&'THAM_SO'!$B$7),$AL16)) | AS16: =IF($B16="","",IF($D16="Theo ngày",SUMIFS('CHAM_CONG_NGAY'!$P$6:$P$4655,'CHAM_CONG_NGAY'!$B$6:$B$4655,$B16,'CHAM_CONG_NGAY'!$C$6:$C$4655,">="&'THAM_SO'!$B$6,'CHAM_CONG_NGAY'!$C$6:$C$4655,"<="&'THAM_SO'!$B$7),$AM16)) | AT16: =IF($B16="","",IF($D16="Theo ngày",SUMIFS('CHAM_CONG_NGAY'!$Q$6:$Q$4655,'CHAM_CONG_NGAY'!$B$6:$B$4655,$B16,'CHAM_CONG_NGAY'!$C$6:$C$4655,">="&'THAM_SO'!$B$6,'CHAM_CONG_NGAY'!$C$6:$C$4655,"<="&'THAM_SO'!$B$7),$AN16)) | AU16: =IF($B16="","",IF($D16="Theo ngày",SUMIFS('CHAM_CONG_NGAY'!$R$6:$R$4655,'CHAM_CONG_NGAY'!$B$6:$B$4655,$B16,'CHAM_CONG_NGAY'!$C$6:$C$4655,">="&'THAM_SO'!$B$6,'CHAM_CONG_NGAY'!$C$6:$C$4655,"<="&'THAM_SO'!$B$7),$AO16)) | AV16: =IF($B16="","",IF($D16="Theo ngày",SUMIFS('CHAM_CONG_NGAY'!$S$6:$S$4655,'CHAM_CONG_NGAY'!$B$6:$B$4655,$B16,'CHAM_CONG_NGAY'!$C$6:$C$4655,">="&'THAM_SO'!$B$6,'CHAM_CONG_NGAY'!$C$6:$C$4655,"<="&'THAM_SO'!$B$7),$AP16)) | AW16: =IF($B16="","",IF($D16="Theo ngày",SUMIFS('CHAM_CONG_NGAY'!$T$6:$T$4655,'CHAM_CONG_NGAY'!$B$6:$B$4655,$B16,'CHAM_CONG_NGAY'!$C$6:$C$4655,">="&'THAM_SO'!$B$6,'CHAM_CONG_NGAY'!$C$6:$C$4655,"<="&'THAM_SO'!$B$7),$AQ16))
A17: =IF($B17="","",ROW()-5) | B17: =IF('DM_NHAN_SU'!B17="","",'DM_NHAN_SU'!B17) | C17: =IF('DM_NHAN_SU'!B17="","",'DM_NHAN_SU'!C17) | AC17: =IF($B17="","",IF($D17="Theo ngày",SUMIFS('CHAM_CONG_NGAY'!$E$6:$E$4655,'CHAM_CONG_NGAY'!$B$6:$B$4655,$B17,'CHAM_CONG_NGAY'!$C$6:$C$4655,">="&'THAM_SO'!$B$6,'CHAM_CONG_NGAY'!$C$6:$C$4655,"<="&'THAM_SO'!$B$7),$E17)) | AD17: =IF($B17="","",IF($D17="Theo ngày",SUMIFS('CHAM_CONG_NGAY'!$F$6:$F$4655,'CHAM_CONG_NGAY'!$B$6:$B$4655,$B17,'CHAM_CONG_NGAY'!$C$6:$C$4655,">="&'THAM_SO'!$B$6,'CHAM_CONG_NGAY'!$C$6:$C$4655,"<="&'THAM_SO'!$B$7),$F17)) | AE17: =IF($B17="","",IF($D17="Theo ngày",SUMIFS('CHAM_CONG_NGAY'!$G$6:$G$4655,'CHAM_CONG_NGAY'!$B$6:$B$4655,$B17,'CHAM_CONG_NGAY'!$C$6:$C$4655,">="&'THAM_SO'!$B$6,'CHAM_CONG_NGAY'!$C$6:$C$4655,"<="&'THAM_SO'!$B$7),$G17)) | AF17: =IF($B17="","",IF($D17="Theo ngày",SUMIFS('CHAM_CONG_NGAY'!$H$6:$H$4655,'CHAM_CONG_NGAY'!$B$6:$B$4655,$B17,'CHAM_CONG_NGAY'!$C$6:$C$4655,">="&'THAM_SO'!$B$6,'CHAM_CONG_NGAY'!$C$6:$C$4655,"<="&'THAM_SO'!$B$7),$H17)) | AG17: =IF($B17="","",IF($D17="Theo ngày",SUMIFS('CHAM_CONG_NGAY'!$I$6:$I$4655,'CHAM_CONG_NGAY'!$B$6:$B$4655,$B17,'CHAM_CONG_NGAY'!$C$6:$C$4655,">="&'THAM_SO'!$B$6,'CHAM_CONG_NGAY'!$C$6:$C$4655,"<="&'THAM_SO'!$B$7),$I17)) | AH17: =IF($B17="","",IF($D17="Theo ngày",SUMIFS('CHAM_CONG_NGAY'!$J$6:$J$4655,'CHAM_CONG_NGAY'!$B$6:$B$4655,$B17,'CHAM_CONG_NGAY'!$C$6:$C$4655,">="&'THAM_SO'!$B$6,'CHAM_CONG_NGAY'!$C$6:$C$4655,"<="&'THAM_SO'!$B$7),$J17)) | AI17: =IF($B17="","",IF($D17="Theo ngày",SUMIFS('CHAM_CONG_NGAY'!$K$6:$K$4655,'CHAM_CONG_NGAY'!$B$6:$B$4655,$B17,'CHAM_CONG_NGAY'!$C$6:$C$4655,">="&'THAM_SO'!$B$6,'CHAM_CONG_NGAY'!$C$6:$C$4655,"<="&'THAM_SO'!$B$7),$K17)) | AJ17: =IF($B17="","",IF($D17="Theo ngày",SUMIFS('CHAM_CONG_NGAY'!$L$6:$L$4655,'CHAM_CONG_NGAY'!$B$6:$B$4655,$B17,'CHAM_CONG_NGAY'!$C$6:$C$4655,">="&'THAM_SO'!$B$6,'CHAM_CONG_NGAY'!$C$6:$C$4655,"<="&'THAM_SO'!$B$7),$L17)) | AK17: =IF($B17="","",IF($D17="Theo ngày",SUMIFS('CHAM_CONG_NGAY'!$M$6:$M$4655,'CHAM_CONG_NGAY'!$B$6:$B$4655,$B17,'CHAM_CONG_NGAY'!$C$6:$C$4655,">="&'THAM_SO'!$B$6,'CHAM_CONG_NGAY'!$C$6:$C$4655,"<="&'THAM_SO'!$B$7),$M17)) | AR17: =IF($B17="","",IF($D17="Theo ngày",SUMIFS('CHAM_CONG_NGAY'!$O$6:$O$4655,'CHAM_CONG_NGAY'!$B$6:$B$4655,$B17,'CHAM_CONG_NGAY'!$C$6:$C$4655,">="&'THAM_SO'!$B$6,'CHAM_CONG_NGAY'!$C$6:$C$4655,"<="&'THAM_SO'!$B$7),$AL17)) | AS17: =IF($B17="","",IF($D17="Theo ngày",SUMIFS('CHAM_CONG_NGAY'!$P$6:$P$4655,'CHAM_CONG_NGAY'!$B$6:$B$4655,$B17,'CHAM_CONG_NGAY'!$C$6:$C$4655,">="&'THAM_SO'!$B$6,'CHAM_CONG_NGAY'!$C$6:$C$4655,"<="&'THAM_SO'!$B$7),$AM17)) | AT17: =IF($B17="","",IF($D17="Theo ngày",SUMIFS('CHAM_CONG_NGAY'!$Q$6:$Q$4655,'CHAM_CONG_NGAY'!$B$6:$B$4655,$B17,'CHAM_CONG_NGAY'!$C$6:$C$4655,">="&'THAM_SO'!$B$6,'CHAM_CONG_NGAY'!$C$6:$C$4655,"<="&'THAM_SO'!$B$7),$AN17)) | AU17: =IF($B17="","",IF($D17="Theo ngày",SUMIFS('CHAM_CONG_NGAY'!$R$6:$R$4655,'CHAM_CONG_NGAY'!$B$6:$B$4655,$B17,'CHAM_CONG_NGAY'!$C$6:$C$4655,">="&'THAM_SO'!$B$6,'CHAM_CONG_NGAY'!$C$6:$C$4655,"<="&'THAM_SO'!$B$7),$AO17)) | AV17: =IF($B17="","",IF($D17="Theo ngày",SUMIFS('CHAM_CONG_NGAY'!$S$6:$S$4655,'CHAM_CONG_NGAY'!$B$6:$B$4655,$B17,'CHAM_CONG_NGAY'!$C$6:$C$4655,">="&'THAM_SO'!$B$6,'CHAM_CONG_NGAY'!$C$6:$C$4655,"<="&'THAM_SO'!$B$7),$AP17)) | AW17: =IF($B17="","",IF($D17="Theo ngày",SUMIFS('CHAM_CONG_NGAY'!$T$6:$T$4655,'CHAM_CONG_NGAY'!$B$6:$B$4655,$B17,'CHAM_CONG_NGAY'!$C$6:$C$4655,">="&'THAM_SO'!$B$6,'CHAM_CONG_NGAY'!$C$6:$C$4655,"<="&'THAM_SO'!$B$7),$AQ17))
... A155: =IF($B155="","",ROW()-5) | B155: =IF('DM_NHAN_SU'!B155="","",'DM_NHAN_SU'!B155) | C155: =IF('DM_NHAN_SU'!B155="","",'DM_NHAN_SU'!C155) | AC155: =IF($B155="","",IF($D155="Theo ngày",SUMIFS('CHAM_CONG_NGAY'!$E$6:$E$4655,'CHAM_CONG_NGAY'!$B$6:$B$4655,$B155,'CHAM_CONG_NGAY'!$C$6:$C$4655,">="&'THAM_SO'!$B$6,'CHAM_CONG_NGAY'!$C$6:$C$4655,"<="&'THAM_SO'!$B$7),$E155)) | AD155: =IF($B155="","",IF($D155="Theo ngày",SUMIFS('CHAM_CONG_NGAY'!$F$6:$F$4655,'CHAM_CONG_NGAY'!$B$6:$B$4655,$B155,'CHAM_CONG_NGAY'!$C$6:$C$4655,">="&'THAM_SO'!$B$6,'CHAM_CONG_NGAY'!$C$6:$C$4655,"<="&'THAM_SO'!$B$7),$F155)) | AE155: =IF($B155="","",IF($D155="Theo ngày",SUMIFS('CHAM_CONG_NGAY'!$G$6:$G$4655,'CHAM_CONG_NGAY'!$B$6:$B$4655,$B155,'CHAM_CONG_NGAY'!$C$6:$C$4655,">="&'THAM_SO'!$B$6,'CHAM_CONG_NGAY'!$C$6:$C$4655,"<="&'THAM_SO'!$B$7),$G155)) | AF155: =IF($B155="","",IF($D155="Theo ngày",SUMIFS('CHAM_CONG_NGAY'!$H$6:$H$4655,'CHAM_CONG_NGAY'!$B$6:$B$4655,$B155,'CHAM_CONG_NGAY'!$C$6:$C$4655,">="&'THAM_SO'!$B$6,'CHAM_CONG_NGAY'!$C$6:$C$4655,"<="&'THAM_SO'!$B$7),$H155)) | AG155: =IF($B155="","",IF($D155="Theo ngày",SUMIFS('CHAM_CONG_NGAY'!$I$6:$I$4655,'CHAM_CONG_NGAY'!$B$6:$B$4655,$B155,'CHAM_CONG_NGAY'!$C$6:$C$4655,">="&'THAM_SO'!$B$6,'CHAM_CONG_NGAY'!$C$6:$C$4655,"<="&'THAM_SO'!$B$7),$I155)) | AH155: =IF($B155="","",IF($D155="Theo ngày",SUMIFS('CHAM_CONG_NGAY'!$J$6:$J$4655,'CHAM_CONG_NGAY'!$B$6:$B$4655,$B155,'CHAM_CONG_NGAY'!$C$6:$C$4655,">="&'THAM_SO'!$B$6,'CHAM_CONG_NGAY'!$C$6:$C$4655,"<="&'THAM_SO'!$B$7),$J155)) | AI155: =IF($B155="","",IF($D155="Theo ngày",SUMIFS('CHAM_CONG_NGAY'!$K$6:$K$4655,'CHAM_CONG_NGAY'!$B$6:$B$4655,$B155,'CHAM_CONG_NGAY'!$C$6:$C$4655,">="&'THAM_SO'!$B$6,'CHAM_CONG_NGAY'!$C$6:$C$4655,"<="&'THAM_SO'!$B$7),$K155)) | AJ155: =IF($B155="","",IF($D155="Theo ngày",SUMIFS('CHAM_CONG_NGAY'!$L$6:$L$4655,'CHAM_CONG_NGAY'!$B$6:$B$4655,$B155,'CHAM_CONG_NGAY'!$C$6:$C$4655,">="&'THAM_SO'!$B$6,'CHAM_CONG_NGAY'!$C$6:$C$4655,"<="&'THAM_SO'!$B$7),$L155)) | AK155: =IF($B155="","",IF($D155="Theo ngày",SUMIFS('CHAM_CONG_NGAY'!$M$6:$M$4655,'CHAM_CONG_NGAY'!$B$6:$B$4655,$B155,'CHAM_CONG_NGAY'!$C$6:$C$4655,">="&'THAM_SO'!$B$6,'CHAM_CONG_NGAY'!$C$6:$C$4655,"<="&'THAM_SO'!$B$7),$M155)) | AR155: =IF($B155="","",IF($D155="Theo ngày",SUMIFS('CHAM_CONG_NGAY'!$O$6:$O$4655,'CHAM_CONG_NGAY'!$B$6:$B$4655,$B155,'CHAM_CONG_NGAY'!$C$6:$C$4655,">="&'THAM_SO'!$B$6,'CHAM_CONG_NGAY'!$C$6:$C$4655,"<="&'THAM_SO'!$B$7),$AL155)) | AS155: =IF($B155="","",IF($D155="Theo ngày",SUMIFS('CHAM_CONG_NGAY'!$P$6:$P$4655,'CHAM_CONG_NGAY'!$B$6:$B$4655,$B155,'CHAM_CONG_NGAY'!$C$6:$C$4655,">="&'THAM_SO'!$B$6,'CHAM_CONG_NGAY'!$C$6:$C$4655,"<="&'THAM_SO'!$B$7),$AM155)) | AT155: =IF($B155="","",IF($D155="Theo ngày",SUMIFS('CHAM_CONG_NGAY'!$Q$6:$Q$4655,'CHAM_CONG_NGAY'!$B$6:$B$4655,$B155,'CHAM_CONG_NGAY'!$C$6:$C$4655,">="&'THAM_SO'!$B$6,'CHAM_CONG_NGAY'!$C$6:$C$4655,"<="&'THAM_SO'!$B$7),$AN155)) | AU155: =IF($B155="","",IF($D155="Theo ngày",SUMIFS('CHAM_CONG_NGAY'!$R$6:$R$4655,'CHAM_CONG_NGAY'!$B$6:$B$4655,$B155,'CHAM_CONG_NGAY'!$C$6:$C$4655,">="&'THAM_SO'!$B$6,'CHAM_CONG_NGAY'!$C$6:$C$4655,"<="&'THAM_SO'!$B$7),$AO155)) | AV155: =IF($B155="","",IF($D155="Theo ngày",SUMIFS('CHAM_CONG_NGAY'!$S$6:$S$4655,'CHAM_CONG_NGAY'!$B$6:$B$4655,$B155,'CHAM_CONG_NGAY'!$C$6:$C$4655,">="&'THAM_SO'!$B$6,'CHAM_CONG_NGAY'!$C$6:$C$4655,"<="&'THAM_SO'!$B$7),$AP155)) | AW155: =IF($B155="","",IF($D155="Theo ngày",SUMIFS('CHAM_CONG_NGAY'!$T$6:$T$4655,'CHAM_CONG_NGAY'!$B$6:$B$4655,$B155,'CHAM_CONG_NGAY'!$C$6:$C$4655,">="&'THAM_SO'!$B$6,'CHAM_CONG_NGAY'!$C$6:$C$4655,"<="&'THAM_SO'!$B$7),$AQ155))

Sheet CHAM_CONG_NGAY
A1: CHẤM CÔNG CHI TIẾT THEO NGÀY
A2: Chỉ nhập cho nhân viên chọn nguồn “Theo ngày”. Cột E là ngày thực tế làm việc, không gồm phép/lễ/việc riêng hưởng lương; nhập các loại nghỉ riêng tại O:T để tránh tính trùng. Giờ đêm trong ca là phần 22:00–06:00 đã nằm trong giờ thường; file chỉ cộng phần trả thêm ban đêm.
A5: STT | B5: Mã NV | C5: Ngày | D5: Ký hiệu | E5: Công làm việc | F5: Giờ thường | G5: Giờ đêm trong ca | H5: OT thường ngày | I5: OT nghỉ tuần ngày | J5: OT lễ ngày | K5: OT thường đêm | L5: OT nghỉ tuần đêm | M5: OT lễ đêm | N5: Ghi chú | O5: Phép năm hưởng lương | P5: Lễ/Tết hưởng lương | Q5: Việc riêng hưởng lương | R5: Nghỉ ốm hưởng BHXH | S5: Nghỉ thai sản | T5: Nghỉ không lương
A6: =IF($B6="","",ROW()-5)
A7: =IF($B7="","",ROW()-5)
A8: =IF($B8="","",ROW()-5)
A9: =IF($B9="","",ROW()-5)
A10: =IF($B10="","",ROW()-5)
A11: =IF($B11="","",ROW()-5)
A12: =IF($B12="","",ROW()-5)
A13: =IF($B13="","",ROW()-5)
A14: =IF($B14="","",ROW()-5)
A15: =IF($B15="","",ROW()-5)
A16: =IF($B16="","",ROW()-5)
A17: =IF($B17="","",ROW()-5)
... A4655: =IF($B4655="","",ROW()-5)

Sheet NGHI_PHEP
A1: THEO DÕI PHÉP NĂM
A2: Phép cơ bản lấy từ DM_NHAN_SU; nếu bỏ trống, file tạm dùng 12 ngày và cảnh báo. Người dùng phải điều chỉnh đối tượng 14/16 ngày, tỷ lệ làm chưa đủ 12 tháng, thâm niên, phép chuyển sang và quy chế doanh nghiệp. Cột J dùng cho mọi điều chỉnh tăng/giảm có hồ sơ.
A5: STT | B5: Mã NV | C5: Họ và tên | D5: Phép cơ bản | E5: Tăng do thâm niên | F5: Chuyển sang | G5: Tổng quyền lợi | H5: Đã dùng trước kỳ | I5: Dùng trong kỳ | J5: Điều chỉnh +/- | K5: Còn lại | L5: Cảnh báo
A6: =IF('DM_NHAN_SU'!$B6="","",ROW()-5) | B6: =IF('DM_NHAN_SU'!$B6="","",'DM_NHAN_SU'!B6) | C6: =IF('DM_NHAN_SU'!$B6="","",'DM_NHAN_SU'!C6) | D6: =IF('DM_NHAN_SU'!$B6="","",IF('DM_NHAN_SU'!AD6>0,'DM_NHAN_SU'!AD6,12)) | E6: =IF('DM_NHAN_SU'!$B6="","",'DM_NHAN_SU'!AE6) | F6: =IF('DM_NHAN_SU'!$B6="","",'DM_NHAN_SU'!AF6) | G6: =IF($B6="","",SUM($D6:$F6)) | H6: =IF('DM_NHAN_SU'!$B6="","",'DM_NHAN_SU'!AG6) | I6: =IF('DM_NHAN_SU'!$B6="","",'CHAM_CONG_THANG'!AR6) | K6: =IF($B6="","",$G6-$H6-$I6+$J6) | L6: =IF($B6="","",IF('DM_NHAN_SU'!AD6="","Đang tạm dùng 12 ngày; kiểm tra 14/16 ngày và tỷ lệ; ","")&IF($K6<0,"Số phép âm; ","")&IF(AND('DM_NHAN_SU'!$F6>'THAM_SO'!$B$6,'DM_NHAN_SU'!$F6<='THAM_SO'!$B$7),"Nhân viên mới trong kỳ – kiểm tra phép tỷ lệ; ",""))
A7: =IF('DM_NHAN_SU'!$B7="","",ROW()-5) | B7: =IF('DM_NHAN_SU'!$B7="","",'DM_NHAN_SU'!B7) | C7: =IF('DM_NHAN_SU'!$B7="","",'DM_NHAN_SU'!C7) | D7: =IF('DM_NHAN_SU'!$B7="","",IF('DM_NHAN_SU'!AD7>0,'DM_NHAN_SU'!AD7,12)) | E7: =IF('DM_NHAN_SU'!$B7="","",'DM_NHAN_SU'!AE7) | F7: =IF('DM_NHAN_SU'!$B7="","",'DM_NHAN_SU'!AF7) | G7: =IF($B7="","",SUM($D7:$F7)) | H7: =IF('DM_NHAN_SU'!$B7="","",'DM_NHAN_SU'!AG7) | I7: =IF('DM_NHAN_SU'!$B7="","",'CHAM_CONG_THANG'!AR7) | K7: =IF($B7="","",$G7-$H7-$I7+$J7) | L7: =IF($B7="","",IF('DM_NHAN_SU'!AD7="","Đang tạm dùng 12 ngày; kiểm tra 14/16 ngày và tỷ lệ; ","")&IF($K7<0,"Số phép âm; ","")&IF(AND('DM_NHAN_SU'!$F7>'THAM_SO'!$B$6,'DM_NHAN_SU'!$F7<='THAM_SO'!$B$7),"Nhân viên mới trong kỳ – kiểm tra phép tỷ lệ; ",""))
A8: =IF('DM_NHAN_SU'!$B8="","",ROW()-5) | B8: =IF('DM_NHAN_SU'!$B8="","",'DM_NHAN_SU'!B8) | C8: =IF('DM_NHAN_SU'!$B8="","",'DM_NHAN_SU'!C8) | D8: =IF('DM_NHAN_SU'!$B8="","",IF('DM_NHAN_SU'!AD8>0,'DM_NHAN_SU'!AD8,12)) | E8: =IF('DM_NHAN_SU'!$B8="","",'DM_NHAN_SU'!AE8) | F8: =IF('DM_NHAN_SU'!$B8="","",'DM_NHAN_SU'!AF8) | G8: =IF($B8="","",SUM($D8:$F8)) | H8: =IF('DM_NHAN_SU'!$B8="","",'DM_NHAN_SU'!AG8) | I8: =IF('DM_NHAN_SU'!$B8="","",'CHAM_CONG_THANG'!AR8) | K8: =IF($B8="","",$G8-$H8-$I8+$J8) | L8: =IF($B8="","",IF('DM_NHAN_SU'!AD8="","Đang tạm dùng 12 ngày; kiểm tra 14/16 ngày và tỷ lệ; ","")&IF($K8<0,"Số phép âm; ","")&IF(AND('DM_NHAN_SU'!$F8>'THAM_SO'!$B$6,'DM_NHAN_SU'!$F8<='THAM_SO'!$B$7),"Nhân viên mới trong kỳ – kiểm tra phép tỷ lệ; ",""))
A9: =IF('DM_NHAN_SU'!$B9="","",ROW()-5) | B9: =IF('DM_NHAN_SU'!$B9="","",'DM_NHAN_SU'!B9) | C9: =IF('DM_NHAN_SU'!$B9="","",'DM_NHAN_SU'!C9) | D9: =IF('DM_NHAN_SU'!$B9="","",IF('DM_NHAN_SU'!AD9>0,'DM_NHAN_SU'!AD9,12)) | E9: =IF('DM_NHAN_SU'!$B9="","",'DM_NHAN_SU'!AE9) | F9: =IF('DM_NHAN_SU'!$B9="","",'DM_NHAN_SU'!AF9) | G9: =IF($B9="","",SUM($D9:$F9)) | H9: =IF('DM_NHAN_SU'!$B9="","",'DM_NHAN_SU'!AG9) | I9: =IF('DM_NHAN_SU'!$B9="","",'CHAM_CONG_THANG'!AR9) | K9: =IF($B9="","",$G9-$H9-$I9+$J9) | L9: =IF($B9="","",IF('DM_NHAN_SU'!AD9="","Đang tạm dùng 12 ngày; kiểm tra 14/16 ngày và tỷ lệ; ","")&IF($K9<0,"Số phép âm; ","")&IF(AND('DM_NHAN_SU'!$F9>'THAM_SO'!$B$6,'DM_NHAN_SU'!$F9<='THAM_SO'!$B$7),"Nhân viên mới trong kỳ – kiểm tra phép tỷ lệ; ",""))
A10: =IF('DM_NHAN_SU'!$B10="","",ROW()-5) | B10: =IF('DM_NHAN_SU'!$B10="","",'DM_NHAN_SU'!B10) | C10: =IF('DM_NHAN_SU'!$B10="","",'DM_NHAN_SU'!C10) | D10: =IF('DM_NHAN_SU'!$B10="","",IF('DM_NHAN_SU'!AD10>0,'DM_NHAN_SU'!AD10,12)) | E10: =IF('DM_NHAN_SU'!$B10="","",'DM_NHAN_SU'!AE10) | F10: =IF('DM_NHAN_SU'!$B10="","",'DM_NHAN_SU'!AF10) | G10: =IF($B10="","",SUM($D10:$F10)) | H10: =IF('DM_NHAN_SU'!$B10="","",'DM_NHAN_SU'!AG10) | I10: =IF('DM_NHAN_SU'!$B10="","",'CHAM_CONG_THANG'!AR10) | K10: =IF($B10="","",$G10-$H10-$I10+$J10) | L10: =IF($B10="","",IF('DM_NHAN_SU'!AD10="","Đang tạm dùng 12 ngày; kiểm tra 14/16 ngày và tỷ lệ; ","")&IF($K10<0,"Số phép âm; ","")&IF(AND('DM_NHAN_SU'!$F10>'THAM_SO'!$B$6,'DM_NHAN_SU'!$F10<='THAM_SO'!$B$7),"Nhân viên mới trong kỳ – kiểm tra phép tỷ lệ; ",""))
A11: =IF('DM_NHAN_SU'!$B11="","",ROW()-5) | B11: =IF('DM_NHAN_SU'!$B11="","",'DM_NHAN_SU'!B11) | C11: =IF('DM_NHAN_SU'!$B11="","",'DM_NHAN_SU'!C11) | D11: =IF('DM_NHAN_SU'!$B11="","",IF('DM_NHAN_SU'!AD11>0,'DM_NHAN_SU'!AD11,12)) | E11: =IF('DM_NHAN_SU'!$B11="","",'DM_NHAN_SU'!AE11) | F11: =IF('DM_NHAN_SU'!$B11="","",'DM_NHAN_SU'!AF11) | G11: =IF($B11="","",SUM($D11:$F11)) | H11: =IF('DM_NHAN_SU'!$B11="","",'DM_NHAN_SU'!AG11) | I11: =IF('DM_NHAN_SU'!$B11="","",'CHAM_CONG_THANG'!AR11) | K11: =IF($B11="","",$G11-$H11-$I11+$J11) | L11: =IF($B11="","",IF('DM_NHAN_SU'!AD11="","Đang tạm dùng 12 ngày; kiểm tra 14/16 ngày và tỷ lệ; ","")&IF($K11<0,"Số phép âm; ","")&IF(AND('DM_NHAN_SU'!$F11>'THAM_SO'!$B$6,'DM_NHAN_SU'!$F11<='THAM_SO'!$B$7),"Nhân viên mới trong kỳ – kiểm tra phép tỷ lệ; ",""))
A12: =IF('DM_NHAN_SU'!$B12="","",ROW()-5) | B12: =IF('DM_NHAN_SU'!$B12="","",'DM_NHAN_SU'!B12) | C12: =IF('DM_NHAN_SU'!$B12="","",'DM_NHAN_SU'!C12) | D12: =IF('DM_NHAN_SU'!$B12="","",IF('DM_NHAN_SU'!AD12>0,'DM_NHAN_SU'!AD12,12)) | E12: =IF('DM_NHAN_SU'!$B12="","",'DM_NHAN_SU'!AE12) | F12: =IF('DM_NHAN_SU'!$B12="","",'DM_NHAN_SU'!AF12) | G12: =IF($B12="","",SUM($D12:$F12)) | H12: =IF('DM_NHAN_SU'!$B12="","",'DM_NHAN_SU'!AG12) | I12: =IF('DM_NHAN_SU'!$B12="","",'CHAM_CONG_THANG'!AR12) | K12: =IF($B12="","",$G12-$H12-$I12+$J12) | L12: =IF($B12="","",IF('DM_NHAN_SU'!AD12="","Đang tạm dùng 12 ngày; kiểm tra 14/16 ngày và tỷ lệ; ","")&IF($K12<0,"Số phép âm; ","")&IF(AND('DM_NHAN_SU'!$F12>'THAM_SO'!$B$6,'DM_NHAN_SU'!$F12<='THAM_SO'!$B$7),"Nhân viên mới trong kỳ – kiểm tra phép tỷ lệ; ",""))
A13: =IF('DM_NHAN_SU'!$B13="","",ROW()-5) | B13: =IF('DM_NHAN_SU'!$B13="","",'DM_NHAN_SU'!B13) | C13: =IF('DM_NHAN_SU'!$B13="","",'DM_NHAN_SU'!C13) | D13: =IF('DM_NHAN_SU'!$B13="","",IF('DM_NHAN_SU'!AD13>0,'DM_NHAN_SU'!AD13,12)) | E13: =IF('DM_NHAN_SU'!$B13="","",'DM_NHAN_SU'!AE13) | F13: =IF('DM_NHAN_SU'!$B13="","",'DM_NHAN_SU'!AF13) | G13: =IF($B13="","",SUM($D13:$F13)) | H13: =IF('DM_NHAN_SU'!$B13="","",'DM_NHAN_SU'!AG13) | I13: =IF('DM_NHAN_SU'!$B13="","",'CHAM_CONG_THANG'!AR13) | K13: =IF($B13="","",$G13-$H13-$I13+$J13) | L13: =IF($B13="","",IF('DM_NHAN_SU'!AD13="","Đang tạm dùng 12 ngày; kiểm tra 14/16 ngày và tỷ lệ; ","")&IF($K13<0,"Số phép âm; ","")&IF(AND('DM_NHAN_SU'!$F13>'THAM_SO'!$B$6,'DM_NHAN_SU'!$F13<='THAM_SO'!$B$7),"Nhân viên mới trong kỳ – kiểm tra phép tỷ lệ; ",""))
A14: =IF('DM_NHAN_SU'!$B14="","",ROW()-5) | B14: =IF('DM_NHAN_SU'!$B14="","",'DM_NHAN_SU'!B14) | C14: =IF('DM_NHAN_SU'!$B14="","",'DM_NHAN_SU'!C14) | D14: =IF('DM_NHAN_SU'!$B14="","",IF('DM_NHAN_SU'!AD14>0,'DM_NHAN_SU'!AD14,12)) | E14: =IF('DM_NHAN_SU'!$B14="","",'DM_NHAN_SU'!AE14) | F14: =IF('DM_NHAN_SU'!$B14="","",'DM_NHAN_SU'!AF14) | G14: =IF($B14="","",SUM($D14:$F14)) | H14: =IF('DM_NHAN_SU'!$B14="","",'DM_NHAN_SU'!AG14) | I14: =IF('DM_NHAN_SU'!$B14="","",'CHAM_CONG_THANG'!AR14) | K14: =IF($B14="","",$G14-$H14-$I14+$J14) | L14: =IF($B14="","",IF('DM_NHAN_SU'!AD14="","Đang tạm dùng 12 ngày; kiểm tra 14/16 ngày và tỷ lệ; ","")&IF($K14<0,"Số phép âm; ","")&IF(AND('DM_NHAN_SU'!$F14>'THAM_SO'!$B$6,'DM_NHAN_SU'!$F14<='THAM_SO'!$B$7),"Nhân viên mới trong kỳ – kiểm tra phép tỷ lệ; ",""))
A15: =IF('DM_NHAN_SU'!$B15="","",ROW()-5) | B15: =IF('DM_NHAN_SU'!$B15="","",'DM_NHAN_SU'!B15) | C15: =IF('DM_NHAN_SU'!$B15="","",'DM_NHAN_SU'!C15) | D15: =IF('DM_NHAN_SU'!$B15="","",IF('DM_NHAN_SU'!AD15>0,'DM_NHAN_SU'!AD15,12)) | E15: =IF('DM_NHAN_SU'!$B15="","",'DM_NHAN_SU'!AE15) | F15: =IF('DM_NHAN_SU'!$B15="","",'DM_NHAN_SU'!AF15) | G15: =IF($B15="","",SUM($D15:$F15)) | H15: =IF('DM_NHAN_SU'!$B15="","",'DM_NHAN_SU'!AG15) | I15: =IF('DM_NHAN_SU'!$B15="","",'CHAM_CONG_THANG'!AR15) | K15: =IF($B15="","",$G15-$H15-$I15+$J15) | L15: =IF($B15="","",IF('DM_NHAN_SU'!AD15="","Đang tạm dùng 12 ngày; kiểm tra 14/16 ngày và tỷ lệ; ","")&IF($K15<0,"Số phép âm; ","")&IF(AND('DM_NHAN_SU'!$F15>'THAM_SO'!$B$6,'DM_NHAN_SU'!$F15<='THAM_SO'!$B$7),"Nhân viên mới trong kỳ – kiểm tra phép tỷ lệ; ",""))
A16: =IF('DM_NHAN_SU'!$B16="","",ROW()-5) | B16: =IF('DM_NHAN_SU'!$B16="","",'DM_NHAN_SU'!B16) | C16: =IF('DM_NHAN_SU'!$B16="","",'DM_NHAN_SU'!C16) | D16: =IF('DM_NHAN_SU'!$B16="","",IF('DM_NHAN_SU'!AD16>0,'DM_NHAN_SU'!AD16,12)) | E16: =IF('DM_NHAN_SU'!$B16="","",'DM_NHAN_SU'!AE16) | F16: =IF('DM_NHAN_SU'!$B16="","",'DM_NHAN_SU'!AF16) | G16: =IF($B16="","",SUM($D16:$F16)) | H16: =IF('DM_NHAN_SU'!$B16="","",'DM_NHAN_SU'!AG16) | I16: =IF('DM_NHAN_SU'!$B16="","",'CHAM_CONG_THANG'!AR16) | K16: =IF($B16="","",$G16-$H16-$I16+$J16) | L16: =IF($B16="","",IF('DM_NHAN_SU'!AD16="","Đang tạm dùng 12 ngày; kiểm tra 14/16 ngày và tỷ lệ; ","")&IF($K16<0,"Số phép âm; ","")&IF(AND('DM_NHAN_SU'!$F16>'THAM_SO'!$B$6,'DM_NHAN_SU'!$F16<='THAM_SO'!$B$7),"Nhân viên mới trong kỳ – kiểm tra phép tỷ lệ; ",""))
A17: =IF('DM_NHAN_SU'!$B17="","",ROW()-5) | B17: =IF('DM_NHAN_SU'!$B17="","",'DM_NHAN_SU'!B17) | C17: =IF('DM_NHAN_SU'!$B17="","",'DM_NHAN_SU'!C17) | D17: =IF('DM_NHAN_SU'!$B17="","",IF('DM_NHAN_SU'!AD17>0,'DM_NHAN_SU'!AD17,12)) | E17: =IF('DM_NHAN_SU'!$B17="","",'DM_NHAN_SU'!AE17) | F17: =IF('DM_NHAN_SU'!$B17="","",'DM_NHAN_SU'!AF17) | G17: =IF($B17="","",SUM($D17:$F17)) | H17: =IF('DM_NHAN_SU'!$B17="","",'DM_NHAN_SU'!AG17) | I17: =IF('DM_NHAN_SU'!$B17="","",'CHAM_CONG_THANG'!AR17) | K17: =IF($B17="","",$G17-$H17-$I17+$J17) | L17: =IF($B17="","",IF('DM_NHAN_SU'!AD17="","Đang tạm dùng 12 ngày; kiểm tra 14/16 ngày và tỷ lệ; ","")&IF($K17<0,"Số phép âm; ","")&IF(AND('DM_NHAN_SU'!$F17>'THAM_SO'!$B$6,'DM_NHAN_SU'!$F17<='THAM_SO'!$B$7),"Nhân viên mới trong kỳ – kiểm tra phép tỷ lệ; ",""))
... A155: =IF('DM_NHAN_SU'!$B155="","",ROW()-5) | B155: =IF('DM_NHAN_SU'!$B155="","",'DM_NHAN_SU'!B155) | C155: =IF('DM_NHAN_SU'!$B155="","",'DM_NHAN_SU'!C155) | D155: =IF('DM_NHAN_SU'!$B155="","",IF('DM_NHAN_SU'!AD155>0,'DM_NHAN_SU'!AD155,12)) | E155: =IF('DM_NHAN_SU'!$B155="","",'DM_NHAN_SU'!AE155) | F155: =IF('DM_NHAN_SU'!$B155="","",'DM_NHAN_SU'!AF155) | G155: =IF($B155="","",SUM($D155:$F155)) | H155: =IF('DM_NHAN_SU'!$B155="","",'DM_NHAN_SU'!AG155) | I155: =IF('DM_NHAN_SU'!$B155="","",'CHAM_CONG_THANG'!AR155) | K155: =IF($B155="","",$G155-$H155-$I155+$J155) | L155: =IF($B155="","",IF('DM_NHAN_SU'!AD155="","Đang tạm dùng 12 ngày; kiểm tra 14/16 ngày và tỷ lệ; ","")&IF($K155<0,"Số phép âm; ","")&IF(AND('DM_NHAN_SU'!$F155>'THAM_SO'!$B$6,'DM_NHAN_SU'!$F155<='THAM_SO'!$B$7),"Nhân viên mới trong kỳ – kiểm tra phép tỷ lệ; ",""))

Sheet CHE_DO_BHXH
A1: ƯỚC TÍNH CHẾ ĐỘ ỐM ĐAU – THAI SẢN
A2: Ước tính theo Luật BHXH 2024: ốm thường 75% mức đóng tháng liền kề/24; ốm dài ngày 50%/55%/65%; một số trường hợp 100%; thai sản theo bình quân 06 tháng, chia 24 hoặc 30 theo loại ngày; dưỡng sức 30% mức tham chiếu/ngày; trợ cấp một lần bằng 02 lần mức tham chiếu/con. Phải đối chiếu điều kiện, số ngày tối đa và quyết định thực tế của cơ quan BHXH.
A5: STT | B5: Mã NV | C5: Họ và tên | D5: Ngày ốm thường | E5: Mức đóng BH tháng trước | F5: Ước ốm 75% | G5: Ngày ốm dài | H5: Số năm đóng BH | I5: Tỷ lệ ốm dài | J5: Ước ốm dài | K5: Ngày ốm mức 100% | L5: Ước ốm 100% | M5: Ngày dưỡng sức sau ốm | N5: Ước dưỡng sức ốm | O5: Số tháng thai sản | P5: BQ mức đóng BH 06 tháng | Q5: Ngày thai sản chia 24 | R5: Ngày thai sản chia 30 | S5: Số con/nhận nuôi | T5: Ngày dưỡng sức thai sản | U5: Ước thai sản | V5: TỔNG ƯỚC TÍNH | W5: THỰC TẾ THEO QUYẾT ĐỊNH | X5: Chênh lệch | Y5: Cách chi trả | Z5: Hiển thị phiếu lương | AA5: Cảnh báo
A6: =IF('DM_NHAN_SU'!$B6="","",ROW()-5) | B6: =IF('DM_NHAN_SU'!$B6="","",'DM_NHAN_SU'!B6) | C6: =IF('DM_NHAN_SU'!$B6="","",'DM_NHAN_SU'!C6) | F6: =IF($B6="","",$D6*$E6/24*75%) | I6: =IF($B6="","",IF($H6>=30,65%,IF($H6>=15,55%,50%))) | J6: =IF($B6="","",$G6*$E6/24*$I6) | L6: =IF($B6="","",$K6*$E6/24) | N6: =IF($B6="","",$M6*'THAM_SO'!$M$27) | U6: =IF($B6="","",$O6*$P6+$Q6*$P6/24+$R6*$P6/30+$S6*'THAM_SO'!$M$6*2+$T6*'THAM_SO'!$M$27) | V6: =IF($B6="","",SUM($F6,$J6,$L6,$N6,$U6)) | X6: =IF(OR($B6="",$W6=""),"",$W6-$V6) | AA6: =IF($B6="","",IF(AND(SUM($D6,$G6,$K6)>0,$E6<=0),"Thiếu mức đóng BH tháng trước; ","")&IF(AND(SUM($O6:$R6)>0,$P6<=0),"Thiếu bình quân 06 tháng; ","")&IF($K6>0,"Mức 100% chỉ dùng đúng đối tượng luật định; ","")&IF($W6="","",IF(ABS($X6)>1,"Thực tế khác ước tính; ",""))&IF($W6="","",IF($Y6="","Chưa chọn cách chi trả; ","")))
A7: =IF('DM_NHAN_SU'!$B7="","",ROW()-5) | B7: =IF('DM_NHAN_SU'!$B7="","",'DM_NHAN_SU'!B7) | C7: =IF('DM_NHAN_SU'!$B7="","",'DM_NHAN_SU'!C7) | F7: =IF($B7="","",$D7*$E7/24*75%) | I7: =IF($B7="","",IF($H7>=30,65%,IF($H7>=15,55%,50%))) | J7: =IF($B7="","",$G7*$E7/24*$I7) | L7: =IF($B7="","",$K7*$E7/24) | N7: =IF($B7="","",$M7*'THAM_SO'!$M$27) | U7: =IF($B7="","",$O7*$P7+$Q7*$P7/24+$R7*$P7/30+$S7*'THAM_SO'!$M$6*2+$T7*'THAM_SO'!$M$27) | V7: =IF($B7="","",SUM($F7,$J7,$L7,$N7,$U7)) | X7: =IF(OR($B7="",$W7=""),"",$W7-$V7) | AA7: =IF($B7="","",IF(AND(SUM($D7,$G7,$K7)>0,$E7<=0),"Thiếu mức đóng BH tháng trước; ","")&IF(AND(SUM($O7:$R7)>0,$P7<=0),"Thiếu bình quân 06 tháng; ","")&IF($K7>0,"Mức 100% chỉ dùng đúng đối tượng luật định; ","")&IF($W7="","",IF(ABS($X7)>1,"Thực tế khác ước tính; ",""))&IF($W7="","",IF($Y7="","Chưa chọn cách chi trả; ","")))
A8: =IF('DM_NHAN_SU'!$B8="","",ROW()-5) | B8: =IF('DM_NHAN_SU'!$B8="","",'DM_NHAN_SU'!B8) | C8: =IF('DM_NHAN_SU'!$B8="","",'DM_NHAN_SU'!C8) | F8: =IF($B8="","",$D8*$E8/24*75%) | I8: =IF($B8="","",IF($H8>=30,65%,IF($H8>=15,55%,50%))) | J8: =IF($B8="","",$G8*$E8/24*$I8) | L8: =IF($B8="","",$K8*$E8/24) | N8: =IF($B8="","",$M8*'THAM_SO'!$M$27) | U8: =IF($B8="","",$O8*$P8+$Q8*$P8/24+$R8*$P8/30+$S8*'THAM_SO'!$M$6*2+$T8*'THAM_SO'!$M$27) | V8: =IF($B8="","",SUM($F8,$J8,$L8,$N8,$U8)) | X8: =IF(OR($B8="",$W8=""),"",$W8-$V8) | AA8: =IF($B8="","",IF(AND(SUM($D8,$G8,$K8)>0,$E8<=0),"Thiếu mức đóng BH tháng trước; ","")&IF(AND(SUM($O8:$R8)>0,$P8<=0),"Thiếu bình quân 06 tháng; ","")&IF($K8>0,"Mức 100% chỉ dùng đúng đối tượng luật định; ","")&IF($W8="","",IF(ABS($X8)>1,"Thực tế khác ước tính; ",""))&IF($W8="","",IF($Y8="","Chưa chọn cách chi trả; ","")))
A9: =IF('DM_NHAN_SU'!$B9="","",ROW()-5) | B9: =IF('DM_NHAN_SU'!$B9="","",'DM_NHAN_SU'!B9) | C9: =IF('DM_NHAN_SU'!$B9="","",'DM_NHAN_SU'!C9) | F9: =IF($B9="","",$D9*$E9/24*75%) | I9: =IF($B9="","",IF($H9>=30,65%,IF($H9>=15,55%,50%))) | J9: =IF($B9="","",$G9*$E9/24*$I9) | L9: =IF($B9="","",$K9*$E9/24) | N9: =IF($B9="","",$M9*'THAM_SO'!$M$27) | U9: =IF($B9="","",$O9*$P9+$Q9*$P9/24+$R9*$P9/30+$S9*'THAM_SO'!$M$6*2+$T9*'THAM_SO'!$M$27) | V9: =IF($B9="","",SUM($F9,$J9,$L9,$N9,$U9)) | X9: =IF(OR($B9="",$W9=""),"",$W9-$V9) | AA9: =IF($B9="","",IF(AND(SUM($D9,$G9,$K9)>0,$E9<=0),"Thiếu mức đóng BH tháng trước; ","")&IF(AND(SUM($O9:$R9)>0,$P9<=0),"Thiếu bình quân 06 tháng; ","")&IF($K9>0,"Mức 100% chỉ dùng đúng đối tượng luật định; ","")&IF($W9="","",IF(ABS($X9)>1,"Thực tế khác ước tính; ",""))&IF($W9="","",IF($Y9="","Chưa chọn cách chi trả; ","")))
A10: =IF('DM_NHAN_SU'!$B10="","",ROW()-5) | B10: =IF('DM_NHAN_SU'!$B10="","",'DM_NHAN_SU'!B10) | C10: =IF('DM_NHAN_SU'!$B10="","",'DM_NHAN_SU'!C10) | F10: =IF($B10="","",$D10*$E10/24*75%) | I10: =IF($B10="","",IF($H10>=30,65%,IF($H10>=15,55%,50%))) | J10: =IF($B10="","",$G10*$E10/24*$I10) | L10: =IF($B10="","",$K10*$E10/24) | N10: =IF($B10="","",$M10*'THAM_SO'!$M$27) | U10: =IF($B10="","",$O10*$P10+$Q10*$P10/24+$R10*$P10/30+$S10*'THAM_SO'!$M$6*2+$T10*'THAM_SO'!$M$27) | V10: =IF($B10="","",SUM($F10,$J10,$L10,$N10,$U10)) | X10: =IF(OR($B10="",$W10=""),"",$W10-$V10) | AA10: =IF($B10="","",IF(AND(SUM($D10,$G10,$K10)>0,$E10<=0),"Thiếu mức đóng BH tháng trước; ","")&IF(AND(SUM($O10:$R10)>0,$P10<=0),"Thiếu bình quân 06 tháng; ","")&IF($K10>0,"Mức 100% chỉ dùng đúng đối tượng luật định; ","")&IF($W10="","",IF(ABS($X10)>1,"Thực tế khác ước tính; ",""))&IF($W10="","",IF($Y10="","Chưa chọn cách chi trả; ","")))
A11: =IF('DM_NHAN_SU'!$B11="","",ROW()-5) | B11: =IF('DM_NHAN_SU'!$B11="","",'DM_NHAN_SU'!B11) | C11: =IF('DM_NHAN_SU'!$B11="","",'DM_NHAN_SU'!C11) | F11: =IF($B11="","",$D11*$E11/24*75%) | I11: =IF($B11="","",IF($H11>=30,65%,IF($H11>=15,55%,50%))) | J11: =IF($B11="","",$G11*$E11/24*$I11) | L11: =IF($B11="","",$K11*$E11/24) | N11: =IF($B11="","",$M11*'THAM_SO'!$M$27) | U11: =IF($B11="","",$O11*$P11+$Q11*$P11/24+$R11*$P11/30+$S11*'THAM_SO'!$M$6*2+$T11*'THAM_SO'!$M$27) | V11: =IF($B11="","",SUM($F11,$J11,$L11,$N11,$U11)) | X11: =IF(OR($B11="",$W11=""),"",$W11-$V11) | AA11: =IF($B11="","",IF(AND(SUM($D11,$G11,$K11)>0,$E11<=0),"Thiếu mức đóng BH tháng trước; ","")&IF(AND(SUM($O11:$R11)>0,$P11<=0),"Thiếu bình quân 06 tháng; ","")&IF($K11>0,"Mức 100% chỉ dùng đúng đối tượng luật định; ","")&IF($W11="","",IF(ABS($X11)>1,"Thực tế khác ước tính; ",""))&IF($W11="","",IF($Y11="","Chưa chọn cách chi trả; ","")))
A12: =IF('DM_NHAN_SU'!$B12="","",ROW()-5) | B12: =IF('DM_NHAN_SU'!$B12="","",'DM_NHAN_SU'!B12) | C12: =IF('DM_NHAN_SU'!$B12="","",'DM_NHAN_SU'!C12) | F12: =IF($B12="","",$D12*$E12/24*75%) | I12: =IF($B12="","",IF($H12>=30,65%,IF($H12>=15,55%,50%))) | J12: =IF($B12="","",$G12*$E12/24*$I12) | L12: =IF($B12="","",$K12*$E12/24) | N12: =IF($B12="","",$M12*'THAM_SO'!$M$27) | U12: =IF($B12="","",$O12*$P12+$Q12*$P12/24+$R12*$P12/30+$S12*'THAM_SO'!$M$6*2+$T12*'THAM_SO'!$M$27) | V12: =IF($B12="","",SUM($F12,$J12,$L12,$N12,$U12)) | X12: =IF(OR($B12="",$W12=""),"",$W12-$V12) | AA12: =IF($B12="","",IF(AND(SUM($D12,$G12,$K12)>0,$E12<=0),"Thiếu mức đóng BH tháng trước; ","")&IF(AND(SUM($O12:$R12)>0,$P12<=0),"Thiếu bình quân 06 tháng; ","")&IF($K12>0,"Mức 100% chỉ dùng đúng đối tượng luật định; ","")&IF($W12="","",IF(ABS($X12)>1,"Thực tế khác ước tính; ",""))&IF($W12="","",IF($Y12="","Chưa chọn cách chi trả; ","")))
A13: =IF('DM_NHAN_SU'!$B13="","",ROW()-5) | B13: =IF('DM_NHAN_SU'!$B13="","",'DM_NHAN_SU'!B13) | C13: =IF('DM_NHAN_SU'!$B13="","",'DM_NHAN_SU'!C13) | F13: =IF($B13="","",$D13*$E13/24*75%) | I13: =IF($B13="","",IF($H13>=30,65%,IF($H13>=15,55%,50%))) | J13: =IF($B13="","",$G13*$E13/24*$I13) | L13: =IF($B13="","",$K13*$E13/24) | N13: =IF($B13="","",$M13*'THAM_SO'!$M$27) | U13: =IF($B13="","",$O13*$P13+$Q13*$P13/24+$R13*$P13/30+$S13*'THAM_SO'!$M$6*2+$T13*'THAM_SO'!$M$27) | V13: =IF($B13="","",SUM($F13,$J13,$L13,$N13,$U13)) | X13: =IF(OR($B13="",$W13=""),"",$W13-$V13) | AA13: =IF($B13="","",IF(AND(SUM($D13,$G13,$K13)>0,$E13<=0),"Thiếu mức đóng BH tháng trước; ","")&IF(AND(SUM($O13:$R13)>0,$P13<=0),"Thiếu bình quân 06 tháng; ","")&IF($K13>0,"Mức 100% chỉ dùng đúng đối tượng luật định; ","")&IF($W13="","",IF(ABS($X13)>1,"Thực tế khác ước tính; ",""))&IF($W13="","",IF($Y13="","Chưa chọn cách chi trả; ","")))
A14: =IF('DM_NHAN_SU'!$B14="","",ROW()-5) | B14: =IF('DM_NHAN_SU'!$B14="","",'DM_NHAN_SU'!B14) | C14: =IF('DM_NHAN_SU'!$B14="","",'DM_NHAN_SU'!C14) | F14: =IF($B14="","",$D14*$E14/24*75%) | I14: =IF($B14="","",IF($H14>=30,65%,IF($H14>=15,55%,50%))) | J14: =IF($B14="","",$G14*$E14/24*$I14) | L14: =IF($B14="","",$K14*$E14/24) | N14: =IF($B14="","",$M14*'THAM_SO'!$M$27) | U14: =IF($B14="","",$O14*$P14+$Q14*$P14/24+$R14*$P14/30+$S14*'THAM_SO'!$M$6*2+$T14*'THAM_SO'!$M$27) | V14: =IF($B14="","",SUM($F14,$J14,$L14,$N14,$U14)) | X14: =IF(OR($B14="",$W14=""),"",$W14-$V14) | AA14: =IF($B14="","",IF(AND(SUM($D14,$G14,$K14)>0,$E14<=0),"Thiếu mức đóng BH tháng trước; ","")&IF(AND(SUM($O14:$R14)>0,$P14<=0),"Thiếu bình quân 06 tháng; ","")&IF($K14>0,"Mức 100% chỉ dùng đúng đối tượng luật định; ","")&IF($W14="","",IF(ABS($X14)>1,"Thực tế khác ước tính; ",""))&IF($W14="","",IF($Y14="","Chưa chọn cách chi trả; ","")))
A15: =IF('DM_NHAN_SU'!$B15="","",ROW()-5) | B15: =IF('DM_NHAN_SU'!$B15="","",'DM_NHAN_SU'!B15) | C15: =IF('DM_NHAN_SU'!$B15="","",'DM_NHAN_SU'!C15) | F15: =IF($B15="","",$D15*$E15/24*75%) | I15: =IF($B15="","",IF($H15>=30,65%,IF($H15>=15,55%,50%))) | J15: =IF($B15="","",$G15*$E15/24*$I15) | L15: =IF($B15="","",$K15*$E15/24) | N15: =IF($B15="","",$M15*'THAM_SO'!$M$27) | U15: =IF($B15="","",$O15*$P15+$Q15*$P15/24+$R15*$P15/30+$S15*'THAM_SO'!$M$6*2+$T15*'THAM_SO'!$M$27) | V15: =IF($B15="","",SUM($F15,$J15,$L15,$N15,$U15)) | X15: =IF(OR($B15="",$W15=""),"",$W15-$V15) | AA15: =IF($B15="","",IF(AND(SUM($D15,$G15,$K15)>0,$E15<=0),"Thiếu mức đóng BH tháng trước; ","")&IF(AND(SUM($O15:$R15)>0,$P15<=0),"Thiếu bình quân 06 tháng; ","")&IF($K15>0,"Mức 100% chỉ dùng đúng đối tượng luật định; ","")&IF($W15="","",IF(ABS($X15)>1,"Thực tế khác ước tính; ",""))&IF($W15="","",IF($Y15="","Chưa chọn cách chi trả; ","")))
A16: =IF('DM_NHAN_SU'!$B16="","",ROW()-5) | B16: =IF('DM_NHAN_SU'!$B16="","",'DM_NHAN_SU'!B16) | C16: =IF('DM_NHAN_SU'!$B16="","",'DM_NHAN_SU'!C16) | F16: =IF($B16="","",$D16*$E16/24*75%) | I16: =IF($B16="","",IF($H16>=30,65%,IF($H16>=15,55%,50%))) | J16: =IF($B16="","",$G16*$E16/24*$I16) | L16: =IF($B16="","",$K16*$E16/24) | N16: =IF($B16="","",$M16*'THAM_SO'!$M$27) | U16: =IF($B16="","",$O16*$P16+$Q16*$P16/24+$R16*$P16/30+$S16*'THAM_SO'!$M$6*2+$T16*'THAM_SO'!$M$27) | V16: =IF($B16="","",SUM($F16,$J16,$L16,$N16,$U16)) | X16: =IF(OR($B16="",$W16=""),"",$W16-$V16) | AA16: =IF($B16="","",IF(AND(SUM($D16,$G16,$K16)>0,$E16<=0),"Thiếu mức đóng BH tháng trước; ","")&IF(AND(SUM($O16:$R16)>0,$P16<=0),"Thiếu bình quân 06 tháng; ","")&IF($K16>0,"Mức 100% chỉ dùng đúng đối tượng luật định; ","")&IF($W16="","",IF(ABS($X16)>1,"Thực tế khác ước tính; ",""))&IF($W16="","",IF($Y16="","Chưa chọn cách chi trả; ","")))
A17: =IF('DM_NHAN_SU'!$B17="","",ROW()-5) | B17: =IF('DM_NHAN_SU'!$B17="","",'DM_NHAN_SU'!B17) | C17: =IF('DM_NHAN_SU'!$B17="","",'DM_NHAN_SU'!C17) | F17: =IF($B17="","",$D17*$E17/24*75%) | I17: =IF($B17="","",IF($H17>=30,65%,IF($H17>=15,55%,50%))) | J17: =IF($B17="","",$G17*$E17/24*$I17) | L17: =IF($B17="","",$K17*$E17/24) | N17: =IF($B17="","",$M17*'THAM_SO'!$M$27) | U17: =IF($B17="","",$O17*$P17+$Q17*$P17/24+$R17*$P17/30+$S17*'THAM_SO'!$M$6*2+$T17*'THAM_SO'!$M$27) | V17: =IF($B17="","",SUM($F17,$J17,$L17,$N17,$U17)) | X17: =IF(OR($B17="",$W17=""),"",$W17-$V17) | AA17: =IF($B17="","",IF(AND(SUM($D17,$G17,$K17)>0,$E17<=0),"Thiếu mức đóng BH tháng trước; ","")&IF(AND(SUM($O17:$R17)>0,$P17<=0),"Thiếu bình quân 06 tháng; ","")&IF($K17>0,"Mức 100% chỉ dùng đúng đối tượng luật định; ","")&IF($W17="","",IF(ABS($X17)>1,"Thực tế khác ước tính; ",""))&IF($W17="","",IF($Y17="","Chưa chọn cách chi trả; ","")))
... A155: =IF('DM_NHAN_SU'!$B155="","",ROW()-5) | B155: =IF('DM_NHAN_SU'!$B155="","",'DM_NHAN_SU'!B155) | C155: =IF('DM_NHAN_SU'!$B155="","",'DM_NHAN_SU'!C155) | F155: =IF($B155="","",$D155*$E155/24*75%) | I155: =IF($B155="","",IF($H155>=30,65%,IF($H155>=15,55%,50%))) | J155: =IF($B155="","",$G155*$E155/24*$I155) | L155: =IF($B155="","",$K155*$E155/24) | N155: =IF($B155="","",$M155*'THAM_SO'!$M$27) | U155: =IF($B155="","",$O155*$P155+$Q155*$P155/24+$R155*$P155/30+$S155*'THAM_SO'!$M$6*2+$T155*'THAM_SO'!$M$27) | V155: =IF($B155="","",SUM($F155,$J155,$L155,$N155,$U155)) | X155: =IF(OR($B155="",$W155=""),"",$W155-$V155) | AA155: =IF($B155="","",IF(AND(SUM($D155,$G155,$K155)>0,$E155<=0),"Thiếu mức đóng BH tháng trước; ","")&IF(AND(SUM($O155:$R155)>0,$P155<=0),"Thiếu bình quân 06 tháng; ","")&IF($K155>0,"Mức 100% chỉ dùng đúng đối tượng luật định; ","")&IF($W155="","",IF(ABS($X155)>1,"Thực tế khác ước tính; ",""))&IF($W155="","",IF($Y155="","Chưa chọn cách chi trả; ","")))

Sheet THUONG_T13_TET
A1: THƯỞNG THÁNG 13 – TẾT – THƯỞNG KHÁC
A2: Chọn cách tính riêng cho từng người. “Căn cứ T13”, “bình quân 12 tháng” và số tháng đủ điều kiện phải bám quy chế thưởng. Tháng 13/Tết/KPI/hoa hồng thông thường chịu TNCN khi chi trả; file không tự cộng vào căn cứ đóng BH vì khoản biến động theo năng suất/chất lượng không phải khoản bổ sung cố định.
A5: STT | B5: Mã NV | C5: Họ và tên | D5: Cách tính T13 | E5: Số tháng đủ điều kiện | F5: BQ thu nhập 12 tháng | G5: Căn cứ T13 | H5: T13 nhập tay | I5: T13 tính được | J5: Thưởng Tết | K5: Thưởng khác chịu thuế | L5: Tính trong kỳ? | M5: Tổng tính trong kỳ | N5: Ghi chú | O5: Cảnh báo
A6: =IF('DM_NHAN_SU'!$B6="","",ROW()-5) | B6: =IF('DM_NHAN_SU'!$B6="","",'DM_NHAN_SU'!B6) | C6: =IF('DM_NHAN_SU'!$B6="","",'DM_NHAN_SU'!C6) | I6: =IF($B6="","",IF($D6="Không",0,IF($D6="Nhập tay",$H6,IF($D6="Đủ 01 tháng lương",$G6,IF($D6="Tỷ lệ thời gian",$G6*MIN(MAX($E6,0),12)/12,IF($D6="Bình quân 12 tháng",$F6,0)))))) | M6: =IF($B6="","",IF($L6="Có",SUM($I6:$K6),0)) | O6: =IF($B6="","",IF(AND($L6="Có",$D6=""),"Chưa chọn cách tính T13; ","")&IF(AND($D6="Tỷ lệ thời gian",OR($G6<=0,$E6<=0)),"Thiếu căn cứ hoặc số tháng; ","")&IF(AND($D6="Đủ 01 tháng lương",$G6<=0),"Thiếu căn cứ T13; ","")&IF(AND($D6="Bình quân 12 tháng",$F6<=0),"Thiếu bình quân 12 tháng; ","")&IF(AND($D6="Nhập tay",$H6<=0),"Thiếu T13 nhập tay; ",""))
A7: =IF('DM_NHAN_SU'!$B7="","",ROW()-5) | B7: =IF('DM_NHAN_SU'!$B7="","",'DM_NHAN_SU'!B7) | C7: =IF('DM_NHAN_SU'!$B7="","",'DM_NHAN_SU'!C7) | I7: =IF($B7="","",IF($D7="Không",0,IF($D7="Nhập tay",$H7,IF($D7="Đủ 01 tháng lương",$G7,IF($D7="Tỷ lệ thời gian",$G7*MIN(MAX($E7,0),12)/12,IF($D7="Bình quân 12 tháng",$F7,0)))))) | M7: =IF($B7="","",IF($L7="Có",SUM($I7:$K7),0)) | O7: =IF($B7="","",IF(AND($L7="Có",$D7=""),"Chưa chọn cách tính T13; ","")&IF(AND($D7="Tỷ lệ thời gian",OR($G7<=0,$E7<=0)),"Thiếu căn cứ hoặc số tháng; ","")&IF(AND($D7="Đủ 01 tháng lương",$G7<=0),"Thiếu căn cứ T13; ","")&IF(AND($D7="Bình quân 12 tháng",$F7<=0),"Thiếu bình quân 12 tháng; ","")&IF(AND($D7="Nhập tay",$H7<=0),"Thiếu T13 nhập tay; ",""))
A8: =IF('DM_NHAN_SU'!$B8="","",ROW()-5) | B8: =IF('DM_NHAN_SU'!$B8="","",'DM_NHAN_SU'!B8) | C8: =IF('DM_NHAN_SU'!$B8="","",'DM_NHAN_SU'!C8) | I8: =IF($B8="","",IF($D8="Không",0,IF($D8="Nhập tay",$H8,IF($D8="Đủ 01 tháng lương",$G8,IF($D8="Tỷ lệ thời gian",$G8*MIN(MAX($E8,0),12)/12,IF($D8="Bình quân 12 tháng",$F8,0)))))) | M8: =IF($B8="","",IF($L8="Có",SUM($I8:$K8),0)) | O8: =IF($B8="","",IF(AND($L8="Có",$D8=""),"Chưa chọn cách tính T13; ","")&IF(AND($D8="Tỷ lệ thời gian",OR($G8<=0,$E8<=0)),"Thiếu căn cứ hoặc số tháng; ","")&IF(AND($D8="Đủ 01 tháng lương",$G8<=0),"Thiếu căn cứ T13; ","")&IF(AND($D8="Bình quân 12 tháng",$F8<=0),"Thiếu bình quân 12 tháng; ","")&IF(AND($D8="Nhập tay",$H8<=0),"Thiếu T13 nhập tay; ",""))
A9: =IF('DM_NHAN_SU'!$B9="","",ROW()-5) | B9: =IF('DM_NHAN_SU'!$B9="","",'DM_NHAN_SU'!B9) | C9: =IF('DM_NHAN_SU'!$B9="","",'DM_NHAN_SU'!C9) | I9: =IF($B9="","",IF($D9="Không",0,IF($D9="Nhập tay",$H9,IF($D9="Đủ 01 tháng lương",$G9,IF($D9="Tỷ lệ thời gian",$G9*MIN(MAX($E9,0),12)/12,IF($D9="Bình quân 12 tháng",$F9,0)))))) | M9: =IF($B9="","",IF($L9="Có",SUM($I9:$K9),0)) | O9: =IF($B9="","",IF(AND($L9="Có",$D9=""),"Chưa chọn cách tính T13; ","")&IF(AND($D9="Tỷ lệ thời gian",OR($G9<=0,$E9<=0)),"Thiếu căn cứ hoặc số tháng; ","")&IF(AND($D9="Đủ 01 tháng lương",$G9<=0),"Thiếu căn cứ T13; ","")&IF(AND($D9="Bình quân 12 tháng",$F9<=0),"Thiếu bình quân 12 tháng; ","")&IF(AND($D9="Nhập tay",$H9<=0),"Thiếu T13 nhập tay; ",""))
A10: =IF('DM_NHAN_SU'!$B10="","",ROW()-5) | B10: =IF('DM_NHAN_SU'!$B10="","",'DM_NHAN_SU'!B10) | C10: =IF('DM_NHAN_SU'!$B10="","",'DM_NHAN_SU'!C10) | I10: =IF($B10="","",IF($D10="Không",0,IF($D10="Nhập tay",$H10,IF($D10="Đủ 01 tháng lương",$G10,IF($D10="Tỷ lệ thời gian",$G10*MIN(MAX($E10,0),12)/12,IF($D10="Bình quân 12 tháng",$F10,0)))))) | M10: =IF($B10="","",IF($L10="Có",SUM($I10:$K10),0)) | O10: =IF($B10="","",IF(AND($L10="Có",$D10=""),"Chưa chọn cách tính T13; ","")&IF(AND($D10="Tỷ lệ thời gian",OR($G10<=0,$E10<=0)),"Thiếu căn cứ hoặc số tháng; ","")&IF(AND($D10="Đủ 01 tháng lương",$G10<=0),"Thiếu căn cứ T13; ","")&IF(AND($D10="Bình quân 12 tháng",$F10<=0),"Thiếu bình quân 12 tháng; ","")&IF(AND($D10="Nhập tay",$H10<=0),"Thiếu T13 nhập tay; ",""))
A11: =IF('DM_NHAN_SU'!$B11="","",ROW()-5) | B11: =IF('DM_NHAN_SU'!$B11="","",'DM_NHAN_SU'!B11) | C11: =IF('DM_NHAN_SU'!$B11="","",'DM_NHAN_SU'!C11) | I11: =IF($B11="","",IF($D11="Không",0,IF($D11="Nhập tay",$H11,IF($D11="Đủ 01 tháng lương",$G11,IF($D11="Tỷ lệ thời gian",$G11*MIN(MAX($E11,0),12)/12,IF($D11="Bình quân 12 tháng",$F11,0)))))) | M11: =IF($B11="","",IF($L11="Có",SUM($I11:$K11),0)) | O11: =IF($B11="","",IF(AND($L11="Có",$D11=""),"Chưa chọn cách tính T13; ","")&IF(AND($D11="Tỷ lệ thời gian",OR($G11<=0,$E11<=0)),"Thiếu căn cứ hoặc số tháng; ","")&IF(AND($D11="Đủ 01 tháng lương",$G11<=0),"Thiếu căn cứ T13; ","")&IF(AND($D11="Bình quân 12 tháng",$F11<=0),"Thiếu bình quân 12 tháng; ","")&IF(AND($D11="Nhập tay",$H11<=0),"Thiếu T13 nhập tay; ",""))
A12: =IF('DM_NHAN_SU'!$B12="","",ROW()-5) | B12: =IF('DM_NHAN_SU'!$B12="","",'DM_NHAN_SU'!B12) | C12: =IF('DM_NHAN_SU'!$B12="","",'DM_NHAN_SU'!C12) | I12: =IF($B12="","",IF($D12="Không",0,IF($D12="Nhập tay",$H12,IF($D12="Đủ 01 tháng lương",$G12,IF($D12="Tỷ lệ thời gian",$G12*MIN(MAX($E12,0),12)/12,IF($D12="Bình quân 12 tháng",$F12,0)))))) | M12: =IF($B12="","",IF($L12="Có",SUM($I12:$K12),0)) | O12: =IF($B12="","",IF(AND($L12="Có",$D12=""),"Chưa chọn cách tính T13; ","")&IF(AND($D12="Tỷ lệ thời gian",OR($G12<=0,$E12<=0)),"Thiếu căn cứ hoặc số tháng; ","")&IF(AND($D12="Đủ 01 tháng lương",$G12<=0),"Thiếu căn cứ T13; ","")&IF(AND($D12="Bình quân 12 tháng",$F12<=0),"Thiếu bình quân 12 tháng; ","")&IF(AND($D12="Nhập tay",$H12<=0),"Thiếu T13 nhập tay; ",""))
A13: =IF('DM_NHAN_SU'!$B13="","",ROW()-5) | B13: =IF('DM_NHAN_SU'!$B13="","",'DM_NHAN_SU'!B13) | C13: =IF('DM_NHAN_SU'!$B13="","",'DM_NHAN_SU'!C13) | I13: =IF($B13="","",IF($D13="Không",0,IF($D13="Nhập tay",$H13,IF($D13="Đủ 01 tháng lương",$G13,IF($D13="Tỷ lệ thời gian",$G13*MIN(MAX($E13,0),12)/12,IF($D13="Bình quân 12 tháng",$F13,0)))))) | M13: =IF($B13="","",IF($L13="Có",SUM($I13:$K13),0)) | O13: =IF($B13="","",IF(AND($L13="Có",$D13=""),"Chưa chọn cách tính T13; ","")&IF(AND($D13="Tỷ lệ thời gian",OR($G13<=0,$E13<=0)),"Thiếu căn cứ hoặc số tháng; ","")&IF(AND($D13="Đủ 01 tháng lương",$G13<=0),"Thiếu căn cứ T13; ","")&IF(AND($D13="Bình quân 12 tháng",$F13<=0),"Thiếu bình quân 12 tháng; ","")&IF(AND($D13="Nhập tay",$H13<=0),"Thiếu T13 nhập tay; ",""))
A14: =IF('DM_NHAN_SU'!$B14="","",ROW()-5) | B14: =IF('DM_NHAN_SU'!$B14="","",'DM_NHAN_SU'!B14) | C14: =IF('DM_NHAN_SU'!$B14="","",'DM_NHAN_SU'!C14) | I14: =IF($B14="","",IF($D14="Không",0,IF($D14="Nhập tay",$H14,IF($D14="Đủ 01 tháng lương",$G14,IF($D14="Tỷ lệ thời gian",$G14*MIN(MAX($E14,0),12)/12,IF($D14="Bình quân 12 tháng",$F14,0)))))) | M14: =IF($B14="","",IF($L14="Có",SUM($I14:$K14),0)) | O14: =IF($B14="","",IF(AND($L14="Có",$D14=""),"Chưa chọn cách tính T13; ","")&IF(AND($D14="Tỷ lệ thời gian",OR($G14<=0,$E14<=0)),"Thiếu căn cứ hoặc số tháng; ","")&IF(AND($D14="Đủ 01 tháng lương",$G14<=0),"Thiếu căn cứ T13; ","")&IF(AND($D14="Bình quân 12 tháng",$F14<=0),"Thiếu bình quân 12 tháng; ","")&IF(AND($D14="Nhập tay",$H14<=0),"Thiếu T13 nhập tay; ",""))
A15: =IF('DM_NHAN_SU'!$B15="","",ROW()-5) | B15: =IF('DM_NHAN_SU'!$B15="","",'DM_NHAN_SU'!B15) | C15: =IF('DM_NHAN_SU'!$B15="","",'DM_NHAN_SU'!C15) | I15: =IF($B15="","",IF($D15="Không",0,IF($D15="Nhập tay",$H15,IF($D15="Đủ 01 tháng lương",$G15,IF($D15="Tỷ lệ thời gian",$G15*MIN(MAX($E15,0),12)/12,IF($D15="Bình quân 12 tháng",$F15,0)))))) | M15: =IF($B15="","",IF($L15="Có",SUM($I15:$K15),0)) | O15: =IF($B15="","",IF(AND($L15="Có",$D15=""),"Chưa chọn cách tính T13; ","")&IF(AND($D15="Tỷ lệ thời gian",OR($G15<=0,$E15<=0)),"Thiếu căn cứ hoặc số tháng; ","")&IF(AND($D15="Đủ 01 tháng lương",$G15<=0),"Thiếu căn cứ T13; ","")&IF(AND($D15="Bình quân 12 tháng",$F15<=0),"Thiếu bình quân 12 tháng; ","")&IF(AND($D15="Nhập tay",$H15<=0),"Thiếu T13 nhập tay; ",""))
A16: =IF('DM_NHAN_SU'!$B16="","",ROW()-5) | B16: =IF('DM_NHAN_SU'!$B16="","",'DM_NHAN_SU'!B16) | C16: =IF('DM_NHAN_SU'!$B16="","",'DM_NHAN_SU'!C16) | I16: =IF($B16="","",IF($D16="Không",0,IF($D16="Nhập tay",$H16,IF($D16="Đủ 01 tháng lương",$G16,IF($D16="Tỷ lệ thời gian",$G16*MIN(MAX($E16,0),12)/12,IF($D16="Bình quân 12 tháng",$F16,0)))))) | M16: =IF($B16="","",IF($L16="Có",SUM($I16:$K16),0)) | O16: =IF($B16="","",IF(AND($L16="Có",$D16=""),"Chưa chọn cách tính T13; ","")&IF(AND($D16="Tỷ lệ thời gian",OR($G16<=0,$E16<=0)),"Thiếu căn cứ hoặc số tháng; ","")&IF(AND($D16="Đủ 01 tháng lương",$G16<=0),"Thiếu căn cứ T13; ","")&IF(AND($D16="Bình quân 12 tháng",$F16<=0),"Thiếu bình quân 12 tháng; ","")&IF(AND($D16="Nhập tay",$H16<=0),"Thiếu T13 nhập tay; ",""))
A17: =IF('DM_NHAN_SU'!$B17="","",ROW()-5) | B17: =IF('DM_NHAN_SU'!$B17="","",'DM_NHAN_SU'!B17) | C17: =IF('DM_NHAN_SU'!$B17="","",'DM_NHAN_SU'!C17) | I17: =IF($B17="","",IF($D17="Không",0,IF($D17="Nhập tay",$H17,IF($D17="Đủ 01 tháng lương",$G17,IF($D17="Tỷ lệ thời gian",$G17*MIN(MAX($E17,0),12)/12,IF($D17="Bình quân 12 tháng",$F17,0)))))) | M17: =IF($B17="","",IF($L17="Có",SUM($I17:$K17),0)) | O17: =IF($B17="","",IF(AND($L17="Có",$D17=""),"Chưa chọn cách tính T13; ","")&IF(AND($D17="Tỷ lệ thời gian",OR($G17<=0,$E17<=0)),"Thiếu căn cứ hoặc số tháng; ","")&IF(AND($D17="Đủ 01 tháng lương",$G17<=0),"Thiếu căn cứ T13; ","")&IF(AND($D17="Bình quân 12 tháng",$F17<=0),"Thiếu bình quân 12 tháng; ","")&IF(AND($D17="Nhập tay",$H17<=0),"Thiếu T13 nhập tay; ",""))
... A155: =IF('DM_NHAN_SU'!$B155="","",ROW()-5) | B155: =IF('DM_NHAN_SU'!$B155="","",'DM_NHAN_SU'!B155) | C155: =IF('DM_NHAN_SU'!$B155="","",'DM_NHAN_SU'!C155) | I155: =IF($B155="","",IF($D155="Không",0,IF($D155="Nhập tay",$H155,IF($D155="Đủ 01 tháng lương",$G155,IF($D155="Tỷ lệ thời gian",$G155*MIN(MAX($E155,0),12)/12,IF($D155="Bình quân 12 tháng",$F155,0)))))) | M155: =IF($B155="","",IF($L155="Có",SUM($I155:$K155),0)) | O155: =IF($B155="","",IF(AND($L155="Có",$D155=""),"Chưa chọn cách tính T13; ","")&IF(AND($D155="Tỷ lệ thời gian",OR($G155<=0,$E155<=0)),"Thiếu căn cứ hoặc số tháng; ","")&IF(AND($D155="Đủ 01 tháng lương",$G155<=0),"Thiếu căn cứ T13; ","")&IF(AND($D155="Bình quân 12 tháng",$F155<=0),"Thiếu bình quân 12 tháng; ","")&IF(AND($D155="Nhập tay",$H155<=0),"Thiếu T13 nhập tay; ",""))

Sheet QT_NGHI_VIEC
A1: QUYẾT TOÁN KHI CHẤM DỨT HỢP ĐỒNG LAO ĐỘNG
A2: Chỉ chọn “Có” khi quyết toán trong kỳ. Lương/thu nhập còn phải trả thêm không được trùng với bảng lương kỳ này. Phép chưa nghỉ thanh toán đúng trường hợp Điều 113(3), trợ cấp thôi việc/mất việc và khoản bồi thường đúng mức luật định được tách miễn TNCN; phần vượt mức hoặc khoản không đủ căn cứ được đưa vào chịu thuế. Thời gian hưởng trợ cấp phải loại trừ thời gian tham gia BHTN và thời gian đã được chi trả trước đó.
A5: STT | B5: Mã NV | C5: Họ và tên | D5: Ngày nghỉ | E5: Quyết toán trong kỳ? | F5: Lương/thu nhập còn trả thêm | G5: KPI/hoa hồng/thưởng còn trả | H5: Phép còn lại | I5: Ngày phép thanh toán | J5: Lương HĐLĐ tháng trước | K5: Công chuẩn tháng trước | L5: Tiền phép ước tính | M5: BQ lương 06 tháng | N5: Năm trợ cấp thôi việc | O5: Mức luật định thôi việc | P5: Thực trả thôi việc | Q5: Miễn TNCN thôi việc | R5: Vượt mức chịu TNCN | S5: Năm trợ cấp mất việc | T5: Mức luật định mất việc | U5: Thực trả mất việc | V5: Miễn TNCN mất việc | W5: Vượt mức chịu TNCN | X5: Bồi thường miễn TNCN | Y5: Bồi thường chịu TNCN | Z5: Tạm ứng/phải thu | AA5: Khấu trừ khác | AB5: TỔNG MIỄN TNCN | AC5: TỔNG CHỊU TNCN | AD5: TỔNG KHẤU TRỪ | AE5: TỔNG CHI THÊM | AF5: Cảnh báo
A6: =IF('DM_NHAN_SU'!$B6="","",ROW()-5) | B6: =IF('DM_NHAN_SU'!$B6="","",'DM_NHAN_SU'!B6) | C6: =IF('DM_NHAN_SU'!$B6="","",'DM_NHAN_SU'!C6) | D6: =IF(OR('DM_NHAN_SU'!$B6="",'DM_NHAN_SU'!$G6=""),"",'DM_NHAN_SU'!G6) | H6: =IF($B6="","",'NGHI_PHEP'!K6) | L6: =IF(OR($B6="",$E6<>"Có"),0,IF($K6>0,$I6*$J6/$K6,0)) | O6: =IF(OR($B6="",$E6<>"Có"),0,$M6*$N6*0.5) | Q6: =IF(OR($B6="",$E6<>"Có"),0,MIN($P6,$O6)) | R6: =IF(OR($B6="",$E6<>"Có"),0,MAX($P6-$O6,0)) | T6: =IF(OR($B6="",$E6<>"Có",$S6<=0),0,$M6*MAX($S6,2)) | V6: =IF(OR($B6="",$E6<>"Có"),0,MIN($U6,$T6)) | W6: =IF(OR($B6="",$E6<>"Có"),0,MAX($U6-$T6,0)) | AB6: =IF(OR($B6="",$E6<>"Có"),0,SUM($L6,$Q6,$V6,$X6)) | AC6: =IF(OR($B6="",$E6<>"Có"),0,SUM($F6,$G6,$R6,$W6,$Y6)) | AD6: =IF(OR($B6="",$E6<>"Có"),0,SUM($Z6:$AA6)) | AE6: =IF(OR($B6="",$E6<>"Có"),0,$AB6+$AC6-$AD6) | AF6: =IF($B6="","",IF(AND($E6="Có",$D6=""),"Thiếu ngày nghỉ; ","")&IF($I6>MAX($H6,0),"Ngày phép thanh toán vượt số còn lại; ","")&IF(AND($I6>0,OR($J6<=0,$K6<=0)),"Thiếu lương/công chuẩn tháng trước; ","")&IF(AND(SUM($N6,$S6)>0,$M6<=0),"Thiếu bình quân lương 06 tháng; ","")&IF($X6>0,"Bồi thường miễn thuế cần căn cứ và hồ sơ; ","")&IF($AE6<0,"Tổng chi thêm âm; ",""))
A7: =IF('DM_NHAN_SU'!$B7="","",ROW()-5) | B7: =IF('DM_NHAN_SU'!$B7="","",'DM_NHAN_SU'!B7) | C7: =IF('DM_NHAN_SU'!$B7="","",'DM_NHAN_SU'!C7) | D7: =IF(OR('DM_NHAN_SU'!$B7="",'DM_NHAN_SU'!$G7=""),"",'DM_NHAN_SU'!G7) | H7: =IF($B7="","",'NGHI_PHEP'!K7) | L7: =IF(OR($B7="",$E7<>"Có"),0,IF($K7>0,$I7*$J7/$K7,0)) | O7: =IF(OR($B7="",$E7<>"Có"),0,$M7*$N7*0.5) | Q7: =IF(OR($B7="",$E7<>"Có"),0,MIN($P7,$O7)) | R7: =IF(OR($B7="",$E7<>"Có"),0,MAX($P7-$O7,0)) | T7: =IF(OR($B7="",$E7<>"Có",$S7<=0),0,$M7*MAX($S7,2)) | V7: =IF(OR($B7="",$E7<>"Có"),0,MIN($U7,$T7)) | W7: =IF(OR($B7="",$E7<>"Có"),0,MAX($U7-$T7,0)) | AB7: =IF(OR($B7="",$E7<>"Có"),0,SUM($L7,$Q7,$V7,$X7)) | AC7: =IF(OR($B7="",$E7<>"Có"),0,SUM($F7,$G7,$R7,$W7,$Y7)) | AD7: =IF(OR($B7="",$E7<>"Có"),0,SUM($Z7:$AA7)) | AE7: =IF(OR($B7="",$E7<>"Có"),0,$AB7+$AC7-$AD7) | AF7: =IF($B7="","",IF(AND($E7="Có",$D7=""),"Thiếu ngày nghỉ; ","")&IF($I7>MAX($H7,0),"Ngày phép thanh toán vượt số còn lại; ","")&IF(AND($I7>0,OR($J7<=0,$K7<=0)),"Thiếu lương/công chuẩn tháng trước; ","")&IF(AND(SUM($N7,$S7)>0,$M7<=0),"Thiếu bình quân lương 06 tháng; ","")&IF($X7>0,"Bồi thường miễn thuế cần căn cứ và hồ sơ; ","")&IF($AE7<0,"Tổng chi thêm âm; ",""))
A8: =IF('DM_NHAN_SU'!$B8="","",ROW()-5) | B8: =IF('DM_NHAN_SU'!$B8="","",'DM_NHAN_SU'!B8) | C8: =IF('DM_NHAN_SU'!$B8="","",'DM_NHAN_SU'!C8) | D8: =IF(OR('DM_NHAN_SU'!$B8="",'DM_NHAN_SU'!$G8=""),"",'DM_NHAN_SU'!G8) | H8: =IF($B8="","",'NGHI_PHEP'!K8) | L8: =IF(OR($B8="",$E8<>"Có"),0,IF($K8>0,$I8*$J8/$K8,0)) | O8: =IF(OR($B8="",$E8<>"Có"),0,$M8*$N8*0.5) | Q8: =IF(OR($B8="",$E8<>"Có"),0,MIN($P8,$O8)) | R8: =IF(OR($B8="",$E8<>"Có"),0,MAX($P8-$O8,0)) | T8: =IF(OR($B8="",$E8<>"Có",$S8<=0),0,$M8*MAX($S8,2)) | V8: =IF(OR($B8="",$E8<>"Có"),0,MIN($U8,$T8)) | W8: =IF(OR($B8="",$E8<>"Có"),0,MAX($U8-$T8,0)) | AB8: =IF(OR($B8="",$E8<>"Có"),0,SUM($L8,$Q8,$V8,$X8)) | AC8: =IF(OR($B8="",$E8<>"Có"),0,SUM($F8,$G8,$R8,$W8,$Y8)) | AD8: =IF(OR($B8="",$E8<>"Có"),0,SUM($Z8:$AA8)) | AE8: =IF(OR($B8="",$E8<>"Có"),0,$AB8+$AC8-$AD8) | AF8: =IF($B8="","",IF(AND($E8="Có",$D8=""),"Thiếu ngày nghỉ; ","")&IF($I8>MAX($H8,0),"Ngày phép thanh toán vượt số còn lại; ","")&IF(AND($I8>0,OR($J8<=0,$K8<=0)),"Thiếu lương/công chuẩn tháng trước; ","")&IF(AND(SUM($N8,$S8)>0,$M8<=0),"Thiếu bình quân lương 06 tháng; ","")&IF($X8>0,"Bồi thường miễn thuế cần căn cứ và hồ sơ; ","")&IF($AE8<0,"Tổng chi thêm âm; ",""))
A9: =IF('DM_NHAN_SU'!$B9="","",ROW()-5) | B9: =IF('DM_NHAN_SU'!$B9="","",'DM_NHAN_SU'!B9) | C9: =IF('DM_NHAN_SU'!$B9="","",'DM_NHAN_SU'!C9) | D9: =IF(OR('DM_NHAN_SU'!$B9="",'DM_NHAN_SU'!$G9=""),"",'DM_NHAN_SU'!G9) | H9: =IF($B9="","",'NGHI_PHEP'!K9) | L9: =IF(OR($B9="",$E9<>"Có"),0,IF($K9>0,$I9*$J9/$K9,0)) | O9: =IF(OR($B9="",$E9<>"Có"),0,$M9*$N9*0.5) | Q9: =IF(OR($B9="",$E9<>"Có"),0,MIN($P9,$O9)) | R9: =IF(OR($B9="",$E9<>"Có"),0,MAX($P9-$O9,0)) | T9: =IF(OR($B9="",$E9<>"Có",$S9<=0),0,$M9*MAX($S9,2)) | V9: =IF(OR($B9="",$E9<>"Có"),0,MIN($U9,$T9)) | W9: =IF(OR($B9="",$E9<>"Có"),0,MAX($U9-$T9,0)) | AB9: =IF(OR($B9="",$E9<>"Có"),0,SUM($L9,$Q9,$V9,$X9)) | AC9: =IF(OR($B9="",$E9<>"Có"),0,SUM($F9,$G9,$R9,$W9,$Y9)) | AD9: =IF(OR($B9="",$E9<>"Có"),0,SUM($Z9:$AA9)) | AE9: =IF(OR($B9="",$E9<>"Có"),0,$AB9+$AC9-$AD9) | AF9: =IF($B9="","",IF(AND($E9="Có",$D9=""),"Thiếu ngày nghỉ; ","")&IF($I9>MAX($H9,0),"Ngày phép thanh toán vượt số còn lại; ","")&IF(AND($I9>0,OR($J9<=0,$K9<=0)),"Thiếu lương/công chuẩn tháng trước; ","")&IF(AND(SUM($N9,$S9)>0,$M9<=0),"Thiếu bình quân lương 06 tháng; ","")&IF($X9>0,"Bồi thường miễn thuế cần căn cứ và hồ sơ; ","")&IF($AE9<0,"Tổng chi thêm âm; ",""))
A10: =IF('DM_NHAN_SU'!$B10="","",ROW()-5) | B10: =IF('DM_NHAN_SU'!$B10="","",'DM_NHAN_SU'!B10) | C10: =IF('DM_NHAN_SU'!$B10="","",'DM_NHAN_SU'!C10) | D10: =IF(OR('DM_NHAN_SU'!$B10="",'DM_NHAN_SU'!$G10=""),"",'DM_NHAN_SU'!G10) | H10: =IF($B10="","",'NGHI_PHEP'!K10) | L10: =IF(OR($B10="",$E10<>"Có"),0,IF($K10>0,$I10*$J10/$K10,0)) | O10: =IF(OR($B10="",$E10<>"Có"),0,$M10*$N10*0.5) | Q10: =IF(OR($B10="",$E10<>"Có"),0,MIN($P10,$O10)) | R10: =IF(OR($B10="",$E10<>"Có"),0,MAX($P10-$O10,0)) | T10: =IF(OR($B10="",$E10<>"Có",$S10<=0),0,$M10*MAX($S10,2)) | V10: =IF(OR($B10="",$E10<>"Có"),0,MIN($U10,$T10)) | W10: =IF(OR($B10="",$E10<>"Có"),0,MAX($U10-$T10,0)) | AB10: =IF(OR($B10="",$E10<>"Có"),0,SUM($L10,$Q10,$V10,$X10)) | AC10: =IF(OR($B10="",$E10<>"Có"),0,SUM($F10,$G10,$R10,$W10,$Y10)) | AD10: =IF(OR($B10="",$E10<>"Có"),0,SUM($Z10:$AA10)) | AE10: =IF(OR($B10="",$E10<>"Có"),0,$AB10+$AC10-$AD10) | AF10: =IF($B10="","",IF(AND($E10="Có",$D10=""),"Thiếu ngày nghỉ; ","")&IF($I10>MAX($H10,0),"Ngày phép thanh toán vượt số còn lại; ","")&IF(AND($I10>0,OR($J10<=0,$K10<=0)),"Thiếu lương/công chuẩn tháng trước; ","")&IF(AND(SUM($N10,$S10)>0,$M10<=0),"Thiếu bình quân lương 06 tháng; ","")&IF($X10>0,"Bồi thường miễn thuế cần căn cứ và hồ sơ; ","")&IF($AE10<0,"Tổng chi thêm âm; ",""))
A11: =IF('DM_NHAN_SU'!$B11="","",ROW()-5) | B11: =IF('DM_NHAN_SU'!$B11="","",'DM_NHAN_SU'!B11) | C11: =IF('DM_NHAN_SU'!$B11="","",'DM_NHAN_SU'!C11) | D11: =IF(OR('DM_NHAN_SU'!$B11="",'DM_NHAN_SU'!$G11=""),"",'DM_NHAN_SU'!G11) | H11: =IF($B11="","",'NGHI_PHEP'!K11) | L11: =IF(OR($B11="",$E11<>"Có"),0,IF($K11>0,$I11*$J11/$K11,0)) | O11: =IF(OR($B11="",$E11<>"Có"),0,$M11*$N11*0.5) | Q11: =IF(OR($B11="",$E11<>"Có"),0,MIN($P11,$O11)) | R11: =IF(OR($B11="",$E11<>"Có"),0,MAX($P11-$O11,0)) | T11: =IF(OR($B11="",$E11<>"Có",$S11<=0),0,$M11*MAX($S11,2)) | V11: =IF(OR($B11="",$E11<>"Có"),0,MIN($U11,$T11)) | W11: =IF(OR($B11="",$E11<>"Có"),0,MAX($U11-$T11,0)) | AB11: =IF(OR($B11="",$E11<>"Có"),0,SUM($L11,$Q11,$V11,$X11)) | AC11: =IF(OR($B11="",$E11<>"Có"),0,SUM($F11,$G11,$R11,$W11,$Y11)) | AD11: =IF(OR($B11="",$E11<>"Có"),0,SUM($Z11:$AA11)) | AE11: =IF(OR($B11="",$E11<>"Có"),0,$AB11+$AC11-$AD11) | AF11: =IF($B11="","",IF(AND($E11="Có",$D11=""),"Thiếu ngày nghỉ; ","")&IF($I11>MAX($H11,0),"Ngày phép thanh toán vượt số còn lại; ","")&IF(AND($I11>0,OR($J11<=0,$K11<=0)),"Thiếu lương/công chuẩn tháng trước; ","")&IF(AND(SUM($N11,$S11)>0,$M11<=0),"Thiếu bình quân lương 06 tháng; ","")&IF($X11>0,"Bồi thường miễn thuế cần căn cứ và hồ sơ; ","")&IF($AE11<0,"Tổng chi thêm âm; ",""))
A12: =IF('DM_NHAN_SU'!$B12="","",ROW()-5) | B12: =IF('DM_NHAN_SU'!$B12="","",'DM_NHAN_SU'!B12) | C12: =IF('DM_NHAN_SU'!$B12="","",'DM_NHAN_SU'!C12) | D12: =IF(OR('DM_NHAN_SU'!$B12="",'DM_NHAN_SU'!$G12=""),"",'DM_NHAN_SU'!G12) | H12: =IF($B12="","",'NGHI_PHEP'!K12) | L12: =IF(OR($B12="",$E12<>"Có"),0,IF($K12>0,$I12*$J12/$K12,0)) | O12: =IF(OR($B12="",$E12<>"Có"),0,$M12*$N12*0.5) | Q12: =IF(OR($B12="",$E12<>"Có"),0,MIN($P12,$O12)) | R12: =IF(OR($B12="",$E12<>"Có"),0,MAX($P12-$O12,0)) | T12: =IF(OR($B12="",$E12<>"Có",$S12<=0),0,$M12*MAX($S12,2)) | V12: =IF(OR($B12="",$E12<>"Có"),0,MIN($U12,$T12)) | W12: =IF(OR($B12="",$E12<>"Có"),0,MAX($U12-$T12,0)) | AB12: =IF(OR($B12="",$E12<>"Có"),0,SUM($L12,$Q12,$V12,$X12)) | AC12: =IF(OR($B12="",$E12<>"Có"),0,SUM($F12,$G12,$R12,$W12,$Y12)) | AD12: =IF(OR($B12="",$E12<>"Có"),0,SUM($Z12:$AA12)) | AE12: =IF(OR($B12="",$E12<>"Có"),0,$AB12+$AC12-$AD12) | AF12: =IF($B12="","",IF(AND($E12="Có",$D12=""),"Thiếu ngày nghỉ; ","")&IF($I12>MAX($H12,0),"Ngày phép thanh toán vượt số còn lại; ","")&IF(AND($I12>0,OR($J12<=0,$K12<=0)),"Thiếu lương/công chuẩn tháng trước; ","")&IF(AND(SUM($N12,$S12)>0,$M12<=0),"Thiếu bình quân lương 06 tháng; ","")&IF($X12>0,"Bồi thường miễn thuế cần căn cứ và hồ sơ; ","")&IF($AE12<0,"Tổng chi thêm âm; ",""))
A13: =IF('DM_NHAN_SU'!$B13="","",ROW()-5) | B13: =IF('DM_NHAN_SU'!$B13="","",'DM_NHAN_SU'!B13) | C13: =IF('DM_NHAN_SU'!$B13="","",'DM_NHAN_SU'!C13) | D13: =IF(OR('DM_NHAN_SU'!$B13="",'DM_NHAN_SU'!$G13=""),"",'DM_NHAN_SU'!G13) | H13: =IF($B13="","",'NGHI_PHEP'!K13) | L13: =IF(OR($B13="",$E13<>"Có"),0,IF($K13>0,$I13*$J13/$K13,0)) | O13: =IF(OR($B13="",$E13<>"Có"),0,$M13*$N13*0.5) | Q13: =IF(OR($B13="",$E13<>"Có"),0,MIN($P13,$O13)) | R13: =IF(OR($B13="",$E13<>"Có"),0,MAX($P13-$O13,0)) | T13: =IF(OR($B13="",$E13<>"Có",$S13<=0),0,$M13*MAX($S13,2)) | V13: =IF(OR($B13="",$E13<>"Có"),0,MIN($U13,$T13)) | W13: =IF(OR($B13="",$E13<>"Có"),0,MAX($U13-$T13,0)) | AB13: =IF(OR($B13="",$E13<>"Có"),0,SUM($L13,$Q13,$V13,$X13)) | AC13: =IF(OR($B13="",$E13<>"Có"),0,SUM($F13,$G13,$R13,$W13,$Y13)) | AD13: =IF(OR($B13="",$E13<>"Có"),0,SUM($Z13:$AA13)) | AE13: =IF(OR($B13="",$E13<>"Có"),0,$AB13+$AC13-$AD13) | AF13: =IF($B13="","",IF(AND($E13="Có",$D13=""),"Thiếu ngày nghỉ; ","")&IF($I13>MAX($H13,0),"Ngày phép thanh toán vượt số còn lại; ","")&IF(AND($I13>0,OR($J13<=0,$K13<=0)),"Thiếu lương/công chuẩn tháng trước; ","")&IF(AND(SUM($N13,$S13)>0,$M13<=0),"Thiếu bình quân lương 06 tháng; ","")&IF($X13>0,"Bồi thường miễn thuế cần căn cứ và hồ sơ; ","")&IF($AE13<0,"Tổng chi thêm âm; ",""))
A14: =IF('DM_NHAN_SU'!$B14="","",ROW()-5) | B14: =IF('DM_NHAN_SU'!$B14="","",'DM_NHAN_SU'!B14) | C14: =IF('DM_NHAN_SU'!$B14="","",'DM_NHAN_SU'!C14) | D14: =IF(OR('DM_NHAN_SU'!$B14="",'DM_NHAN_SU'!$G14=""),"",'DM_NHAN_SU'!G14) | H14: =IF($B14="","",'NGHI_PHEP'!K14) | L14: =IF(OR($B14="",$E14<>"Có"),0,IF($K14>0,$I14*$J14/$K14,0)) | O14: =IF(OR($B14="",$E14<>"Có"),0,$M14*$N14*0.5) | Q14: =IF(OR($B14="",$E14<>"Có"),0,MIN($P14,$O14)) | R14: =IF(OR($B14="",$E14<>"Có"),0,MAX($P14-$O14,0)) | T14: =IF(OR($B14="",$E14<>"Có",$S14<=0),0,$M14*MAX($S14,2)) | V14: =IF(OR($B14="",$E14<>"Có"),0,MIN($U14,$T14)) | W14: =IF(OR($B14="",$E14<>"Có"),0,MAX($U14-$T14,0)) | AB14: =IF(OR($B14="",$E14<>"Có"),0,SUM($L14,$Q14,$V14,$X14)) | AC14: =IF(OR($B14="",$E14<>"Có"),0,SUM($F14,$G14,$R14,$W14,$Y14)) | AD14: =IF(OR($B14="",$E14<>"Có"),0,SUM($Z14:$AA14)) | AE14: =IF(OR($B14="",$E14<>"Có"),0,$AB14+$AC14-$AD14) | AF14: =IF($B14="","",IF(AND($E14="Có",$D14=""),"Thiếu ngày nghỉ; ","")&IF($I14>MAX($H14,0),"Ngày phép thanh toán vượt số còn lại; ","")&IF(AND($I14>0,OR($J14<=0,$K14<=0)),"Thiếu lương/công chuẩn tháng trước; ","")&IF(AND(SUM($N14,$S14)>0,$M14<=0),"Thiếu bình quân lương 06 tháng; ","")&IF($X14>0,"Bồi thường miễn thuế cần căn cứ và hồ sơ; ","")&IF($AE14<0,"Tổng chi thêm âm; ",""))
A15: =IF('DM_NHAN_SU'!$B15="","",ROW()-5) | B15: =IF('DM_NHAN_SU'!$B15="","",'DM_NHAN_SU'!B15) | C15: =IF('DM_NHAN_SU'!$B15="","",'DM_NHAN_SU'!C15) | D15: =IF(OR('DM_NHAN_SU'!$B15="",'DM_NHAN_SU'!$G15=""),"",'DM_NHAN_SU'!G15) | H15: =IF($B15="","",'NGHI_PHEP'!K15) | L15: =IF(OR($B15="",$E15<>"Có"),0,IF($K15>0,$I15*$J15/$K15,0)) | O15: =IF(OR($B15="",$E15<>"Có"),0,$M15*$N15*0.5) | Q15: =IF(OR($B15="",$E15<>"Có"),0,MIN($P15,$O15)) | R15: =IF(OR($B15="",$E15<>"Có"),0,MAX($P15-$O15,0)) | T15: =IF(OR($B15="",$E15<>"Có",$S15<=0),0,$M15*MAX($S15,2)) | V15: =IF(OR($B15="",$E15<>"Có"),0,MIN($U15,$T15)) | W15: =IF(OR($B15="",$E15<>"Có"),0,MAX($U15-$T15,0)) | AB15: =IF(OR($B15="",$E15<>"Có"),0,SUM($L15,$Q15,$V15,$X15)) | AC15: =IF(OR($B15="",$E15<>"Có"),0,SUM($F15,$G15,$R15,$W15,$Y15)) | AD15: =IF(OR($B15="",$E15<>"Có"),0,SUM($Z15:$AA15)) | AE15: =IF(OR($B15="",$E15<>"Có"),0,$AB15+$AC15-$AD15) | AF15: =IF($B15="","",IF(AND($E15="Có",$D15=""),"Thiếu ngày nghỉ; ","")&IF($I15>MAX($H15,0),"Ngày phép thanh toán vượt số còn lại; ","")&IF(AND($I15>0,OR($J15<=0,$K15<=0)),"Thiếu lương/công chuẩn tháng trước; ","")&IF(AND(SUM($N15,$S15)>0,$M15<=0),"Thiếu bình quân lương 06 tháng; ","")&IF($X15>0,"Bồi thường miễn thuế cần căn cứ và hồ sơ; ","")&IF($AE15<0,"Tổng chi thêm âm; ",""))
A16: =IF('DM_NHAN_SU'!$B16="","",ROW()-5) | B16: =IF('DM_NHAN_SU'!$B16="","",'DM_NHAN_SU'!B16) | C16: =IF('DM_NHAN_SU'!$B16="","",'DM_NHAN_SU'!C16) | D16: =IF(OR('DM_NHAN_SU'!$B16="",'DM_NHAN_SU'!$G16=""),"",'DM_NHAN_SU'!G16) | H16: =IF($B16="","",'NGHI_PHEP'!K16) | L16: =IF(OR($B16="",$E16<>"Có"),0,IF($K16>0,$I16*$J16/$K16,0)) | O16: =IF(OR($B16="",$E16<>"Có"),0,$M16*$N16*0.5) | Q16: =IF(OR($B16="",$E16<>"Có"),0,MIN($P16,$O16)) | R16: =IF(OR($B16="",$E16<>"Có"),0,MAX($P16-$O16,0)) | T16: =IF(OR($B16="",$E16<>"Có",$S16<=0),0,$M16*MAX($S16,2)) | V16: =IF(OR($B16="",$E16<>"Có"),0,MIN($U16,$T16)) | W16: =IF(OR($B16="",$E16<>"Có"),0,MAX($U16-$T16,0)) | AB16: =IF(OR($B16="",$E16<>"Có"),0,SUM($L16,$Q16,$V16,$X16)) | AC16: =IF(OR($B16="",$E16<>"Có"),0,SUM($F16,$G16,$R16,$W16,$Y16)) | AD16: =IF(OR($B16="",$E16<>"Có"),0,SUM($Z16:$AA16)) | AE16: =IF(OR($B16="",$E16<>"Có"),0,$AB16+$AC16-$AD16) | AF16: =IF($B16="","",IF(AND($E16="Có",$D16=""),"Thiếu ngày nghỉ; ","")&IF($I16>MAX($H16,0),"Ngày phép thanh toán vượt số còn lại; ","")&IF(AND($I16>0,OR($J16<=0,$K16<=0)),"Thiếu lương/công chuẩn tháng trước; ","")&IF(AND(SUM($N16,$S16)>0,$M16<=0),"Thiếu bình quân lương 06 tháng; ","")&IF($X16>0,"Bồi thường miễn thuế cần căn cứ và hồ sơ; ","")&IF($AE16<0,"Tổng chi thêm âm; ",""))
A17: =IF('DM_NHAN_SU'!$B17="","",ROW()-5) | B17: =IF('DM_NHAN_SU'!$B17="","",'DM_NHAN_SU'!B17) | C17: =IF('DM_NHAN_SU'!$B17="","",'DM_NHAN_SU'!C17) | D17: =IF(OR('DM_NHAN_SU'!$B17="",'DM_NHAN_SU'!$G17=""),"",'DM_NHAN_SU'!G17) | H17: =IF($B17="","",'NGHI_PHEP'!K17) | L17: =IF(OR($B17="",$E17<>"Có"),0,IF($K17>0,$I17*$J17/$K17,0)) | O17: =IF(OR($B17="",$E17<>"Có"),0,$M17*$N17*0.5) | Q17: =IF(OR($B17="",$E17<>"Có"),0,MIN($P17,$O17)) | R17: =IF(OR($B17="",$E17<>"Có"),0,MAX($P17-$O17,0)) | T17: =IF(OR($B17="",$E17<>"Có",$S17<=0),0,$M17*MAX($S17,2)) | V17: =IF(OR($B17="",$E17<>"Có"),0,MIN($U17,$T17)) | W17: =IF(OR($B17="",$E17<>"Có"),0,MAX($U17-$T17,0)) | AB17: =IF(OR($B17="",$E17<>"Có"),0,SUM($L17,$Q17,$V17,$X17)) | AC17: =IF(OR($B17="",$E17<>"Có"),0,SUM($F17,$G17,$R17,$W17,$Y17)) | AD17: =IF(OR($B17="",$E17<>"Có"),0,SUM($Z17:$AA17)) | AE17: =IF(OR($B17="",$E17<>"Có"),0,$AB17+$AC17-$AD17) | AF17: =IF($B17="","",IF(AND($E17="Có",$D17=""),"Thiếu ngày nghỉ; ","")&IF($I17>MAX($H17,0),"Ngày phép thanh toán vượt số còn lại; ","")&IF(AND($I17>0,OR($J17<=0,$K17<=0)),"Thiếu lương/công chuẩn tháng trước; ","")&IF(AND(SUM($N17,$S17)>0,$M17<=0),"Thiếu bình quân lương 06 tháng; ","")&IF($X17>0,"Bồi thường miễn thuế cần căn cứ và hồ sơ; ","")&IF($AE17<0,"Tổng chi thêm âm; ",""))
... A155: =IF('DM_NHAN_SU'!$B155="","",ROW()-5) | B155: =IF('DM_NHAN_SU'!$B155="","",'DM_NHAN_SU'!B155) | C155: =IF('DM_NHAN_SU'!$B155="","",'DM_NHAN_SU'!C155) | D155: =IF(OR('DM_NHAN_SU'!$B155="",'DM_NHAN_SU'!$G155=""),"",'DM_NHAN_SU'!G155) | H155: =IF($B155="","",'NGHI_PHEP'!K155) | L155: =IF(OR($B155="",$E155<>"Có"),0,IF($K155>0,$I155*$J155/$K155,0)) | O155: =IF(OR($B155="",$E155<>"Có"),0,$M155*$N155*0.5) | Q155: =IF(OR($B155="",$E155<>"Có"),0,MIN($P155,$O155)) | R155: =IF(OR($B155="",$E155<>"Có"),0,MAX($P155-$O155,0)) | T155: =IF(OR($B155="",$E155<>"Có",$S155<=0),0,$M155*MAX($S155,2)) | V155: =IF(OR($B155="",$E155<>"Có"),0,MIN($U155,$T155)) | W155: =IF(OR($B155="",$E155<>"Có"),0,MAX($U155-$T155,0)) | AB155: =IF(OR($B155="",$E155<>"Có"),0,SUM($L155,$Q155,$V155,$X155)) | AC155: =IF(OR($B155="",$E155<>"Có"),0,SUM($F155,$G155,$R155,$W155,$Y155)) | AD155: =IF(OR($B155="",$E155<>"Có"),0,SUM($Z155:$AA155)) | AE155: =IF(OR($B155="",$E155<>"Có"),0,$AB155+$AC155-$AD155) | AF155: =IF($B155="","",IF(AND($E155="Có",$D155=""),"Thiếu ngày nghỉ; ","")&IF($I155>MAX($H155,0),"Ngày phép thanh toán vượt số còn lại; ","")&IF(AND($I155>0,OR($J155<=0,$K155<=0)),"Thiếu lương/công chuẩn tháng trước; ","")&IF(AND(SUM($N155,$S155)>0,$M155<=0),"Thiếu bình quân lương 06 tháng; ","")&IF($X155>0,"Bồi thường miễn thuế cần căn cứ và hồ sơ; ","")&IF($AE155<0,"Tổng chi thêm âm; ",""))

Sheet TINH_LUONG
A1: CHI TIẾT TÍNH LƯƠNG – BHXH – THUẾ TNCN
A2: Sheet kiểm tra công thức; không nhập đè ô xám. Cột BG tổng hợp cảnh báo. Lương Net được Gross-up trên toàn bộ khoản chịu thuế trong kỳ; khoản miễn thuế cộng ngoài. BT là trợ cấp BHXH thực tế để theo dõi, chỉ BU được cộng vào chuyển khoản khi doanh nghiệp trả thay.
A5: STT | B5: Mã NV | C5: Họ và tên | D5: Bộ phận | E5: Chức danh | F5: Loại lương | G5: Hình thức | H5: Vùng | I5: Công chuẩn | J5: Giờ/ngày | K5: Công làm việc | L5: Giờ thường | M5: Giờ đêm | N5: SL sản phẩm | O5: Thu nhập chính | P5: KPI | Q5: Hoa hồng | R5: Thưởng | S5: Phụ cấp chịu thuế | T5: Tiền ăn tổng | U5: Tiền ăn miễn | V5: Tiền ăn chịu thuế | W5: Khoán chi/hoàn trả miễn | X5: Miễn thuế khác | Y5: Lương giờ OT | Z5: OT/đêm tổng | AA5: OT/đêm miễn TNCN | AB5: OT/đêm chịu thuế | AC5: Thu nhập chịu thuế mục tiêu | AD5: Căn cứ BH khai báo | AE5: Căn cứ BHXH/BHYT | AF5: Căn cứ BHTN | AG5: BHXH NLĐ | AH5: BHYT NLĐ | AI5: BHTN NLĐ | AJ5: Tổng BH NLĐ | AK5: Giảm trừ bản thân | AL5: Giảm trừ NPT | AM5: Giảm trừ khác | AN5: Phần Net sau giảm trừ | AO5: Thu nhập chịu thuế Gross-up | AP5: Thu nhập miễn thuế | AQ5: Thu nhập tính thuế | AR5: Thuế TNCN | AS5: Tổng thu nhập | AT5: Net trước khấu trừ tiền | AU5: Tạm ứng | AV5: Khấu trừ khác | AW5: Điều chỉnh PIT | AX5: Thực lĩnh | AY5: BHXH DN | AZ5: BHYT DN | BA5: BHTN DN | BB5: KPCĐ | BC5: Tổng DN đóng | BD5: Tổng chi phí DN | BE5: Lương tối thiểu tháng | BF5: Lương tối thiểu giờ | BG5: Cảnh báo | BH5: Phép năm | BI5: Lễ/Tết | BJ5: Việc riêng hưởng lương | BK5: Nghỉ ốm BHXH | BL5: Nghỉ thai sản | BM5: Nghỉ không lương | BN5: Tổng ngày trả lương | BO5: Lương ngày nghỉ hưởng lương | BP5: Thưởng T13 | BQ5: Thưởng Tết/khác | BR5: QT nghỉ việc chịu thuế | BS5: QT nghỉ việc miễn thuế | BT5: Trợ cấp BHXH thực tế | BU5: BHXH DN trả thay | BV5: Đoàn phí NLĐ | BW5: Tổng chuyển qua DN
A6: =IF('DM_NHAN_SU'!$B6="","",IF($B6="","",ROW()-5)) | B6: =IF('DM_NHAN_SU'!$B6="","",'DM_NHAN_SU'!B6) | C6: =IF('DM_NHAN_SU'!$B6="","",'DM_NHAN_SU'!C6) | D6: =IF('DM_NHAN_SU'!$B6="","",'DM_NHAN_SU'!D6) | E6: =IF('DM_NHAN_SU'!$B6="","",'DM_NHAN_SU'!E6) | F6: =IF('DM_NHAN_SU'!$B6="","",'DM_NHAN_SU'!I6) | G6: =IF('DM_NHAN_SU'!$B6="","",'DM_NHAN_SU'!J6) | H6: =IF('DM_NHAN_SU'!$B6="","",IF('DM_NHAN_SU'!H6="",'THAM_SO'!$B$11,'DM_NHAN_SU'!H6)) | I6: =IF('DM_NHAN_SU'!$B6="","",IF('DM_NHAN_SU'!L6>0,'DM_NHAN_SU'!L6,'THAM_SO'!$B$9)) | J6: =IF('DM_NHAN_SU'!$B6="","",IF('DM_NHAN_SU'!M6>0,'DM_NHAN_SU'!M6,'THAM_SO'!$B$10)) | K6: =IF('DM_NHAN_SU'!$B6="","",'CHAM_CONG_THANG'!AC6) | L6: =IF('DM_NHAN_SU'!$B6="","",'CHAM_CONG_THANG'!AD6) | M6: =IF('DM_NHAN_SU'!$B6="","",'CHAM_CONG_THANG'!AE6) | N6: =IF('DM_NHAN_SU'!$B6="","",'CHAM_CONG_THANG'!N6) | O6: =IF('DM_NHAN_SU'!$B6="","",IF($B6="","",IF($G6="Tháng",IF($I6>0,'DM_NHAN_SU'!$K6*MIN($K6,$I6)/$I6,0),IF($G6="Ngày",'DM_NHAN_SU'!$K6*$K6,IF($G6="Giờ",'DM_NHAN_SU'!$K6*$L6,IF($G6="Sản phẩm",'DM_NHAN_SU'!$K6*$N6,0)))))) | P6: =IF('DM_NHAN_SU'!$B6="","",'CHAM_CONG_THANG'!O6) | Q6: =IF('DM_NHAN_SU'!$B6="","",'CHAM_CONG_THANG'!P6) | R6: =IF('DM_NHAN_SU'!$B6="","",'CHAM_CONG_THANG'!Q6) | S6: =IF('DM_NHAN_SU'!$B6="","",'CHAM_CONG_THANG'!R6) | T6: =IF('DM_NHAN_SU'!$B6="","",'CHAM_CONG_THANG'!S6) | U6: =IF('DM_NHAN_SU'!$B6="","",MIN($T6,'THAM_SO'!$F$6)) | V6: =IF('DM_NHAN_SU'!$B6="","",MAX($T6-$U6,0)) | W6: =IF('DM_NHAN_SU'!$B6="","",'CHAM_CONG_THANG'!T6) | X6: =IF('DM_NHAN_SU'!$B6="","",'CHAM_CONG_THANG'!U6) | Y6: =IF('DM_NHAN_SU'!$B6="","",IF($B6="",0,IF('DM_NHAN_SU'!$Q6>0,'DM_NHAN_SU'!$Q6,IF($G6="Tháng",IF($I6*$J6>0,'DM_NHAN_SU'!$K6/($I6*$J6),0),IF($G6="Ngày",IF($J6>0,'DM_NHAN_SU'!$K6/$J6,0),IF($G6="Giờ",'DM_NHAN_SU'!$K6,0)))))) | Z6: =IF('DM_NHAN_SU'!$B6="","",$Y6*($M6*'THAM_SO'!$C$22+'CHAM_CONG_THANG'!$AF6*'THAM_SO'!$C$19+'CHAM_CONG_THANG'!$AG6*'THAM_SO'!$C$20+'CHAM_CONG_THANG'!$AH6*'THAM_SO'!$C$21+'CHAM_CONG_THANG'!$AI6*'THAM_SO'!$C$23+'CHAM_CONG_THANG'!$AJ6*'THAM_SO'!$C$24+'CHAM_CONG_THANG'!$AK6*'THAM_SO'!$C$25)) | AA6: =IF('DM_NHAN_SU'!$B6="","",MAX(0,$Y6*($M6*IF('THAM_SO'!$C$22>='THAM_SO'!$B$22,'THAM_SO'!$B$22,0)+'CHAM_CONG_THANG'!$AF6*IF('THAM_SO'!$C$19>='THAM_SO'!$B$19,'THAM_SO'!$B$19,0)+'CHAM_CONG_THANG'!$AG6*IF('THAM_SO'!$C$20>='THAM_SO'!$B$20,'THAM_SO'!$B$20,0)+'CHAM_CONG_THANG'!$AH6*IF('THAM_SO'!$C$21>='THAM_SO'!$B$21,'THAM_SO'!$B$21,0)+'CHAM_CONG_THANG'!$AI6*IF('THAM_SO'!$C$23>='THAM_SO'!$B$23,'THAM_SO'!$B$23,0)+'CHAM_CONG_THANG'!$AJ6*IF('THAM_SO'!$C$24>='THAM_SO'!$B$24,'THAM_SO'!$B$24,0)+'CHAM_CONG_THANG'!$AK6*IF('THAM_SO'!$C$25>='THAM_SO'!$B$25,'THAM_SO'!$B$25,0))-'CHAM_CONG_THANG'!$V6)) | AB6: =IF('DM_NHAN_SU'!$B6="","",MAX($Z6-$AA6,0)) | AC6: =IF('DM_NHAN_SU'!$B6="","",$O6+$P6+$Q6+$R6+$S6+$V6+$AB6+$BO6+$BP6+$BQ6+$BR6) | AD6: =IF('DM_NHAN_SU'!$B6="","",'DM_NHAN_SU'!N6+'DM_NHAN_SU'!O6+'DM_NHAN_SU'!P6) | AE6: =IF('DM_NHAN_SU'!$B6="","",IF(OR('DM_NHAN_SU'!$R6<>"Có",'CHAM_CONG_THANG'!$AA6="Có",$BL6>=14,$AD6<=0),0,MIN(MAX($AD6,'THAM_SO'!$M$6),'THAM_SO'!$M$7))) | AF6: =IF('DM_NHAN_SU'!$B6="","",IF(OR('DM_NHAN_SU'!$S6<>"Có",'CHAM_CONG_THANG'!$AA6="Có",$BL6>=14,$AD6<=0),0,MIN(MAX($AD6,VLOOKUP($H6,'THAM_SO'!$L$17:$P$20,4,FALSE)),VLOOKUP($H6,'THAM_SO'!$L$17:$P$20,5,FALSE)))) | AG6: =IF('DM_NHAN_SU'!$B6="","",$AE6*'THAM_SO'!$M$8) | AH6: =IF('DM_NHAN_SU'!$B6="","",$AE6*'THAM_SO'!$M$9) | AI6: =IF('DM_NHAN_SU'!$B6="","",$AF6*'THAM_SO'!$M$10) | AJ6: =IF('DM_NHAN_SU'!$B6="","",SUM($AG6:$AI6)) | AK6: =IF('DM_NHAN_SU'!$B6="","",IF($B6="",0,'THAM_SO'!$F$4)) | AL6: =IF('DM_NHAN_SU'!$B6="","",IF($B6="",0,'DM_NHAN_SU'!$T6*'THAM_SO'!$F$5)) | AM6: =IF('DM_NHAN_SU'!$B6="","",'CHAM_CONG_THANG'!W6) | AN6: =IF('DM_NHAN_SU'!$B6="","",MAX($AC6-$AK6-$AL6-$AM6,0)) | AO6: =IF('DM_NHAN_SU'!$B6="","",IF($B6="","",IF($F6="Net",IF($AC6<=$AK6+$AL6+$AM6,$AC6+$AJ6,$AJ6+$AK6+$AL6+$AM6+IF($AN6<='THAM_SO'!$J$10,($AN6-'THAM_SO'!$I$10)/(1-'THAM_SO'!$H$10),IF($AN6<='THAM_SO'!$J$11,($AN6-'THAM_SO'!$I$11)/(1-'THAM_SO'!$H$11),IF($AN6<='THAM_SO'!$J$12,($AN6-'THAM_SO'!$I$12)/(1-'THAM_SO'!$H$12),IF($AN6<='THAM_SO'!$J$13,($AN6-'THAM_SO'!$I$13)/(1-'THAM_SO'!$H$13),($AN6-'THAM_SO'!$I$14)/(1-'THAM_SO'!$H$14)))))),$AC6))) | AP6: =IF('DM_NHAN_SU'!$B6="","",$U6+$W6+$X6+$AA6+$BS6) | AQ6: =IF('DM_NHAN_SU'!$B6="","",MAX($AO6-$AJ6-$AK6-$AL6-$AM6,0)) | AR6: =IF('DM_NHAN_SU'!$B6="","",IF($AQ6<=0,0,$AQ6*VLOOKUP($AQ6,'THAM_SO'!$F$10:$I$14,3,TRUE)-VLOOKUP($AQ6,'THAM_SO'!$F$10:$I$14,4,TRUE))) | AS6: =IF('DM_NHAN_SU'!$B6="","",$AO6+$AP6) | AT6: =IF('DM_NHAN_SU'!$B6="","",$AS6-$AJ6-$AR6) | AU6: =IF('DM_NHAN_SU'!$B6="","",'CHAM_CONG_THANG'!X6) | AV6: =IF('DM_NHAN_SU'!$B6="","",'CHAM_CONG_THANG'!Y6+'QT_NGHI_VIEC'!AD6) | AW6: =IF('DM_NHAN_SU'!$B6="","",'CHAM_CONG_THANG'!Z6) | AX6: =IF('DM_NHAN_SU'!$B6="","",$AT6-$AU6-$AV6-$AW6-$BV6) | AY6: =IF('DM_NHAN_SU'!$B6="","",$AE6*'THAM_SO'!$M$11) | AZ6: =IF('DM_NHAN_SU'!$B6="","",$AE6*'THAM_SO'!$M$12) | BA6: =IF('DM_NHAN_SU'!$B6="","",$AF6*'THAM_SO'!$M$13) | BB6: =IF('DM_NHAN_SU'!$B6="","",$AE6*'THAM_SO'!$M$14) | BC6: =IF('DM_NHAN_SU'!$B6="","",SUM($AY6:$BB6)) | BD6: =IF('DM_NHAN_SU'!$B6="","",$AS6+$BC6) | BE6: =IF('DM_NHAN_SU'!$B6="","",VLOOKUP($H6,'THAM_SO'!$L$17:$P$20,2,FALSE)) | BF6: =IF('DM_NHAN_SU'!$B6="","",VLOOKUP($H6,'THAM_SO'!$L$17:$P$20,3,FALSE)) | BG6: =IF('DM_NHAN_SU'!$B6="","",IF($B6="","",IF(COUNTIF('DM_NHAN_SU'!$B$6:$B$155,$B6)>1,"Trùng mã NV; ","")&IF(OR($F6="",$G6=""),"Thiếu loại/hình thức lương; ","")&IF('CHAM_CONG_THANG'!$D6="","Chưa chọn nguồn công; ","")&IF(AND('CHAM_CONG_THANG'!$D6="Theo ngày",COUNTIF('CHAM_CONG_NGAY'!$B$6:$B$4655,$B6)=0),"Chưa có chấm công ngày; ","")&IF(OR($I6<=0,$J6<=0),"Thiếu công/giờ chuẩn; ","")&IF(AND($G6="Tháng",'DM_NHAN_SU'!$K6<$BE6),"Lương tháng dưới tối thiểu vùng; ","")&IF(AND($G6="Ngày",'DM_NHAN_SU'!$K6/$J6<$BF6),"Lương ngày quy đổi dưới tối thiểu giờ; ","")&IF(AND($G6="Giờ",'DM_NHAN_SU'!$K6<$BF6),"Lương giờ dưới tối thiểu vùng; ","")&IF(AND($G6="Sản phẩm",$L6>0,$O6/$L6<$BF6),"Lương SP quy đổi dưới tối thiểu giờ; ","")&IF(OR('THAM_SO'!$C$19<'THAM_SO'!$B$19,'THAM_SO'!$C$20<'THAM_SO'!$B$20,'THAM_SO'!$C$21<'THAM_SO'!$B$21,'THAM_SO'!$C$22<'THAM_SO'!$B$22,'THAM_SO'!$C$23<'THAM_SO'!$B$23,'THAM_SO'!$C$24<'THAM_SO'!$B$24,'THAM_SO'!$C$25<'THAM_SO'!$B$25),"Hệ số OT/đêm DN thấp hơn luật; ","")&IF(AND('DM_NHAN_SU'!$R6="Có",$AD6<=0),"Thiếu căn cứ đóng BH; ","")&IF(AND($AD6>0,$AD6<'THAM_SO'!$M$6),"Căn cứ BH dưới sàn – đã nâng sàn; ","")&IF($AD6>'THAM_SO'!$M$7,"Căn cứ BH vượt trần – đã giới hạn; ","")&IF(AND($F6="Net",SUM('CHAM_CONG_THANG'!$AF6:$AK6)>0,'DM_NHAN_SU'!$Q6<=0),"Net có OT nhưng chưa khai lương giờ OT; ","")&IF('CHAM_CONG_THANG'!$V6>$Z6,"Phần OT không miễn lớn hơn tiền OT; ","")&IF(AND($F6="Net",ABS($AT6-$AC6-$AP6)>1),"Lệch quy đổi Net; ","")&IF(AND($BH6>0,'DM_NHAN_SU'!$AD6=""),"Có phép năm nhưng đang tạm dùng 12 ngày; ","")&IF(AND($G6="Sản phẩm",SUM($BH6:$BJ6)>0,'DM_NHAN_SU'!$AH6<=0),"Lương sản phẩm thiếu đơn giá ngày phép/lễ; ","")&IF(AND($BL6>=14,'CHAM_CONG_THANG'!$AA6<>"Có"),"Thai sản từ 14 ngày: file tự dừng đóng BH – kiểm tra hồ sơ; ","")&IF(AND('DM_NHAN_SU'!$AA6="Có",'DM_NHAN_SU'!$AB6=""),"Đoàn viên chưa chọn cách tính đoàn phí; ","")&IF(AND('DM_NHAN_SU'!$AB6="Nhập tay",'DM_NHAN_SU'!$AC6>'THAM_SO'!$M$26),"Đoàn phí nhập tay vượt trần thông dụng; ","")&IF('NGHI_PHEP'!$L6<>"","Phép: "&'NGHI_PHEP'!$L6,"")&IF('CHE_DO_BHXH'!$AA6<>"","BHXH: "&'CHE_DO_BHXH'!$AA6,"")&IF('THUONG_T13_TET'!$O6<>"","Thưởng: "&'THUONG_T13_TET'!$O6,"")&IF('QT_NGHI_VIEC'!$AF6<>"","Nghỉ việc: "&'QT_NGHI_VIEC'!$AF6,"")&IF($AX6<0,"Thực lĩnh âm; ","")&IF(OR('DM_NHAN_SU'!$F6>'THAM_SO'!$B$7,AND('DM_NHAN_SU'!$G6<>"",'DM_NHAN_SU'!$G6<'THAM_SO'!$B$6)),"Ngoài kỳ trả lương; ",""))) | BH6: =IF('DM_NHAN_SU'!$B6="","",'CHAM_CONG_THANG'!AR6) | BI6: =IF('DM_NHAN_SU'!$B6="","",'CHAM_CONG_THANG'!AS6) | BJ6: =IF('DM_NHAN_SU'!$B6="","",'CHAM_CONG_THANG'!AT6) | BK6: =IF('DM_NHAN_SU'!$B6="","",'CHAM_CONG_THANG'!AU6) | BL6: =IF('DM_NHAN_SU'!$B6="","",'CHAM_CONG_THANG'!AV6) | BM6: =IF('DM_NHAN_SU'!$B6="","",'CHAM_CONG_THANG'!AW6) | BN6: =IF('DM_NHAN_SU'!$B6="","",SUM($K6,$BH6:$BJ6)) | BO6: =IF('DM_NHAN_SU'!$B6="","",IF($B6="",0,IF($G6="Tháng",IF($I6>0,'DM_NHAN_SU'!$K6*MIN($BH6+$BJ6,MAX($I6-$K6,0))/$I6,0),IF($G6="Ngày",'DM_NHAN_SU'!$K6*SUM($BH6:$BJ6),IF($G6="Giờ",'DM_NHAN_SU'!$K6*SUM($BH6:$BJ6)*$J6,IF($G6="Sản phẩm",'DM_NHAN_SU'!$AH6*SUM($BH6:$BJ6),0)))))) | BP6: =IF('DM_NHAN_SU'!$B6="","",IF('THUONG_T13_TET'!$L6="Có",'THUONG_T13_TET'!$I6,0)) | BQ6: =IF('DM_NHAN_SU'!$B6="","",IF('THUONG_T13_TET'!$L6="Có",SUM('THUONG_T13_TET'!$J6:$K6),0)) | BR6: =IF('DM_NHAN_SU'!$B6="","",'QT_NGHI_VIEC'!AC6) | BS6: =IF('DM_NHAN_SU'!$B6="","",'QT_NGHI_VIEC'!AB6) | BT6: =IF('DM_NHAN_SU'!$B6="","",IF('CHE_DO_BHXH'!$Z6="Có",'CHE_DO_BHXH'!$W6,0)) | BU6: =IF('DM_NHAN_SU'!$B6="","",IF('CHE_DO_BHXH'!$Y6="DN trả thay",$BT6,0)) | BV6: =IF('DM_NHAN_SU'!$B6="","",IF(OR('DM_NHAN_SU'!$AA6<>"Có",'CHE_DO_BHXH'!$O6>=1,SUM('CHE_DO_BHXH'!$D6,'CHE_DO_BHXH'!$G6,'CHE_DO_BHXH'!$K6)>=24,AND($I6>0,$BM6>=$I6)),0,IF('DM_NHAN_SU'!$AB6="Không",0,IF('DM_NHAN_SU'!$AB6="Nhập tay",'DM_NHAN_SU'!$AC6,IF('DM_NHAN_SU'!$AB6="Theo thực nhận",MIN(MAX($AT6-$AU6-$AV6-$AW6,0)*'THAM_SO'!$M$23,'THAM_SO'!$M$26),MIN($AE6*'THAM_SO'!$M$23,'THAM_SO'!$M$26)))))) | BW6: =IF('DM_NHAN_SU'!$B6="","",$AX6+$BU6)
A7: =IF('DM_NHAN_SU'!$B7="","",IF($B7="","",ROW()-5)) | B7: =IF('DM_NHAN_SU'!$B7="","",'DM_NHAN_SU'!B7) | C7: =IF('DM_NHAN_SU'!$B7="","",'DM_NHAN_SU'!C7) | D7: =IF('DM_NHAN_SU'!$B7="","",'DM_NHAN_SU'!D7) | E7: =IF('DM_NHAN_SU'!$B7="","",'DM_NHAN_SU'!E7) | F7: =IF('DM_NHAN_SU'!$B7="","",'DM_NHAN_SU'!I7) | G7: =IF('DM_NHAN_SU'!$B7="","",'DM_NHAN_SU'!J7) | H7: =IF('DM_NHAN_SU'!$B7="","",IF('DM_NHAN_SU'!H7="",'THAM_SO'!$B$11,'DM_NHAN_SU'!H7)) | I7: =IF('DM_NHAN_SU'!$B7="","",IF('DM_NHAN_SU'!L7>0,'DM_NHAN_SU'!L7,'THAM_SO'!$B$9)) | J7: =IF('DM_NHAN_SU'!$B7="","",IF('DM_NHAN_SU'!M7>0,'DM_NHAN_SU'!M7,'THAM_SO'!$B$10)) | K7: =IF('DM_NHAN_SU'!$B7="","",'CHAM_CONG_THANG'!AC7) | L7: =IF('DM_NHAN_SU'!$B7="","",'CHAM_CONG_THANG'!AD7) | M7: =IF('DM_NHAN_SU'!$B7="","",'CHAM_CONG_THANG'!AE7) | N7: =IF('DM_NHAN_SU'!$B7="","",'CHAM_CONG_THANG'!N7) | O7: =IF('DM_NHAN_SU'!$B7="","",IF($B7="","",IF($G7="Tháng",IF($I7>0,'DM_NHAN_SU'!$K7*MIN($K7,$I7)/$I7,0),IF($G7="Ngày",'DM_NHAN_SU'!$K7*$K7,IF($G7="Giờ",'DM_NHAN_SU'!$K7*$L7,IF($G7="Sản phẩm",'DM_NHAN_SU'!$K7*$N7,0)))))) | P7: =IF('DM_NHAN_SU'!$B7="","",'CHAM_CONG_THANG'!O7) | Q7: =IF('DM_NHAN_SU'!$B7="","",'CHAM_CONG_THANG'!P7) | R7: =IF('DM_NHAN_SU'!$B7="","",'CHAM_CONG_THANG'!Q7) | S7: =IF('DM_NHAN_SU'!$B7="","",'CHAM_CONG_THANG'!R7) | T7: =IF('DM_NHAN_SU'!$B7="","",'CHAM_CONG_THANG'!S7) | U7: =IF('DM_NHAN_SU'!$B7="","",MIN($T7,'THAM_SO'!$F$6)) | V7: =IF('DM_NHAN_SU'!$B7="","",MAX($T7-$U7,0)) | W7: =IF('DM_NHAN_SU'!$B7="","",'CHAM_CONG_THANG'!T7) | X7: =IF('DM_NHAN_SU'!$B7="","",'CHAM_CONG_THANG'!U7) | Y7: =IF('DM_NHAN_SU'!$B7="","",IF($B7="",0,IF('DM_NHAN_SU'!$Q7>0,'DM_NHAN_SU'!$Q7,IF($G7="Tháng",IF($I7*$J7>0,'DM_NHAN_SU'!$K7/($I7*$J7),0),IF($G7="Ngày",IF($J7>0,'DM_NHAN_SU'!$K7/$J7,0),IF($G7="Giờ",'DM_NHAN_SU'!$K7,0)))))) | Z7: =IF('DM_NHAN_SU'!$B7="","",$Y7*($M7*'THAM_SO'!$C$22+'CHAM_CONG_THANG'!$AF7*'THAM_SO'!$C$19+'CHAM_CONG_THANG'!$AG7*'THAM_SO'!$C$20+'CHAM_CONG_THANG'!$AH7*'THAM_SO'!$C$21+'CHAM_CONG_THANG'!$AI7*'THAM_SO'!$C$23+'CHAM_CONG_THANG'!$AJ7*'THAM_SO'!$C$24+'CHAM_CONG_THANG'!$AK7*'THAM_SO'!$C$25)) | AA7: =IF('DM_NHAN_SU'!$B7="","",MAX(0,$Y7*($M7*IF('THAM_SO'!$C$22>='THAM_SO'!$B$22,'THAM_SO'!$B$22,0)+'CHAM_CONG_THANG'!$AF7*IF('THAM_SO'!$C$19>='THAM_SO'!$B$19,'THAM_SO'!$B$19,0)+'CHAM_CONG_THANG'!$AG7*IF('THAM_SO'!$C$20>='THAM_SO'!$B$20,'THAM_SO'!$B$20,0)+'CHAM_CONG_THANG'!$AH7*IF('THAM_SO'!$C$21>='THAM_SO'!$B$21,'THAM_SO'!$B$21,0)+'CHAM_CONG_THANG'!$AI7*IF('THAM_SO'!$C$23>='THAM_SO'!$B$23,'THAM_SO'!$B$23,0)+'CHAM_CONG_THANG'!$AJ7*IF('THAM_SO'!$C$24>='THAM_SO'!$B$24,'THAM_SO'!$B$24,0)+'CHAM_CONG_THANG'!$AK7*IF('THAM_SO'!$C$25>='THAM_SO'!$B$25,'THAM_SO'!$B$25,0))-'CHAM_CONG_THANG'!$V7)) | AB7: =IF('DM_NHAN_SU'!$B7="","",MAX($Z7-$AA7,0)) | AC7: =IF('DM_NHAN_SU'!$B7="","",$O7+$P7+$Q7+$R7+$S7+$V7+$AB7+$BO7+$BP7+$BQ7+$BR7) | AD7: =IF('DM_NHAN_SU'!$B7="","",'DM_NHAN_SU'!N7+'DM_NHAN_SU'!O7+'DM_NHAN_SU'!P7) | AE7: =IF('DM_NHAN_SU'!$B7="","",IF(OR('DM_NHAN_SU'!$R7<>"Có",'CHAM_CONG_THANG'!$AA7="Có",$BL7>=14,$AD7<=0),0,MIN(MAX($AD7,'THAM_SO'!$M$6),'THAM_SO'!$M$7))) | AF7: =IF('DM_NHAN_SU'!$B7="","",IF(OR('DM_NHAN_SU'!$S7<>"Có",'CHAM_CONG_THANG'!$AA7="Có",$BL7>=14,$AD7<=0),0,MIN(MAX($AD7,VLOOKUP($H7,'THAM_SO'!$L$17:$P$20,4,FALSE)),VLOOKUP($H7,'THAM_SO'!$L$17:$P$20,5,FALSE)))) | AG7: =IF('DM_NHAN_SU'!$B7="","",$AE7*'THAM_SO'!$M$8) | AH7: =IF('DM_NHAN_SU'!$B7="","",$AE7*'THAM_SO'!$M$9) | AI7: =IF('DM_NHAN_SU'!$B7="","",$AF7*'THAM_SO'!$M$10) | AJ7: =IF('DM_NHAN_SU'!$B7="","",SUM($AG7:$AI7)) | AK7: =IF('DM_NHAN_SU'!$B7="","",IF($B7="",0,'THAM_SO'!$F$4)) | AL7: =IF('DM_NHAN_SU'!$B7="","",IF($B7="",0,'DM_NHAN_SU'!$T7*'THAM_SO'!$F$5)) | AM7: =IF('DM_NHAN_SU'!$B7="","",'CHAM_CONG_THANG'!W7) | AN7: =IF('DM_NHAN_SU'!$B7="","",MAX($AC7-$AK7-$AL7-$AM7,0)) | AO7: =IF('DM_NHAN_SU'!$B7="","",IF($B7="","",IF($F7="Net",IF($AC7<=$AK7+$AL7+$AM7,$AC7+$AJ7,$AJ7+$AK7+$AL7+$AM7+IF($AN7<='THAM_SO'!$J$10,($AN7-'THAM_SO'!$I$10)/(1-'THAM_SO'!$H$10),IF($AN7<='THAM_SO'!$J$11,($AN7-'THAM_SO'!$I$11)/(1-'THAM_SO'!$H$11),IF($AN7<='THAM_SO'!$J$12,($AN7-'THAM_SO'!$I$12)/(1-'THAM_SO'!$H$12),IF($AN7<='THAM_SO'!$J$13,($AN7-'THAM_SO'!$I$13)/(1-'THAM_SO'!$H$13),($AN7-'THAM_SO'!$I$14)/(1-'THAM_SO'!$H$14)))))),$AC7))) | AP7: =IF('DM_NHAN_SU'!$B7="","",$U7+$W7+$X7+$AA7+$BS7) | AQ7: =IF('DM_NHAN_SU'!$B7="","",MAX($AO7-$AJ7-$AK7-$AL7-$AM7,0)) | AR7: =IF('DM_NHAN_SU'!$B7="","",IF($AQ7<=0,0,$AQ7*VLOOKUP($AQ7,'THAM_SO'!$F$10:$I$14,3,TRUE)-VLOOKUP($AQ7,'THAM_SO'!$F$10:$I$14,4,TRUE))) | AS7: =IF('DM_NHAN_SU'!$B7="","",$AO7+$AP7) | AT7: =IF('DM_NHAN_SU'!$B7="","",$AS7-$AJ7-$AR7) | AU7: =IF('DM_NHAN_SU'!$B7="","",'CHAM_CONG_THANG'!X7) | AV7: =IF('DM_NHAN_SU'!$B7="","",'CHAM_CONG_THANG'!Y7+'QT_NGHI_VIEC'!AD7) | AW7: =IF('DM_NHAN_SU'!$B7="","",'CHAM_CONG_THANG'!Z7) | AX7: =IF('DM_NHAN_SU'!$B7="","",$AT7-$AU7-$AV7-$AW7-$BV7) | AY7: =IF('DM_NHAN_SU'!$B7="","",$AE7*'THAM_SO'!$M$11) | AZ7: =IF('DM_NHAN_SU'!$B7="","",$AE7*'THAM_SO'!$M$12) | BA7: =IF('DM_NHAN_SU'!$B7="","",$AF7*'THAM_SO'!$M$13) | BB7: =IF('DM_NHAN_SU'!$B7="","",$AE7*'THAM_SO'!$M$14) | BC7: =IF('DM_NHAN_SU'!$B7="","",SUM($AY7:$BB7)) | BD7: =IF('DM_NHAN_SU'!$B7="","",$AS7+$BC7) | BE7: =IF('DM_NHAN_SU'!$B7="","",VLOOKUP($H7,'THAM_SO'!$L$17:$P$20,2,FALSE)) | BF7: =IF('DM_NHAN_SU'!$B7="","",VLOOKUP($H7,'THAM_SO'!$L$17:$P$20,3,FALSE)) | BG7: =IF('DM_NHAN_SU'!$B7="","",IF($B7="","",IF(COUNTIF('DM_NHAN_SU'!$B$6:$B$155,$B7)>1,"Trùng mã NV; ","")&IF(OR($F7="",$G7=""),"Thiếu loại/hình thức lương; ","")&IF('CHAM_CONG_THANG'!$D7="","Chưa chọn nguồn công; ","")&IF(AND('CHAM_CONG_THANG'!$D7="Theo ngày",COUNTIF('CHAM_CONG_NGAY'!$B$6:$B$4655,$B7)=0),"Chưa có chấm công ngày; ","")&IF(OR($I7<=0,$J7<=0),"Thiếu công/giờ chuẩn; ","")&IF(AND($G7="Tháng",'DM_NHAN_SU'!$K7<$BE7),"Lương tháng dưới tối thiểu vùng; ","")&IF(AND($G7="Ngày",'DM_NHAN_SU'!$K7/$J7<$BF7),"Lương ngày quy đổi dưới tối thiểu giờ; ","")&IF(AND($G7="Giờ",'DM_NHAN_SU'!$K7<$BF7),"Lương giờ dưới tối thiểu vùng; ","")&IF(AND($G7="Sản phẩm",$L7>0,$O7/$L7<$BF7),"Lương SP quy đổi dưới tối thiểu giờ; ","")&IF(OR('THAM_SO'!$C$19<'THAM_SO'!$B$19,'THAM_SO'!$C$20<'THAM_SO'!$B$20,'THAM_SO'!$C$21<'THAM_SO'!$B$21,'THAM_SO'!$C$22<'THAM_SO'!$B$22,'THAM_SO'!$C$23<'THAM_SO'!$B$23,'THAM_SO'!$C$24<'THAM_SO'!$B$24,'THAM_SO'!$C$25<'THAM_SO'!$B$25),"Hệ số OT/đêm DN thấp hơn luật; ","")&IF(AND('DM_NHAN_SU'!$R7="Có",$AD7<=0),"Thiếu căn cứ đóng BH; ","")&IF(AND($AD7>0,$AD7<'THAM_SO'!$M$6),"Căn cứ BH dưới sàn – đã nâng sàn; ","")&IF($AD7>'THAM_SO'!$M$7,"Căn cứ BH vượt trần – đã giới hạn; ","")&IF(AND($F7="Net",SUM('CHAM_CONG_THANG'!$AF7:$AK7)>0,'DM_NHAN_SU'!$Q7<=0),"Net có OT nhưng chưa khai lương giờ OT; ","")&IF('CHAM_CONG_THANG'!$V7>$Z7,"Phần OT không miễn lớn hơn tiền OT; ","")&IF(AND($F7="Net",ABS($AT7-$AC7-$AP7)>1),"Lệch quy đổi Net; ","")&IF(AND($BH7>0,'DM_NHAN_SU'!$AD7=""),"Có phép năm nhưng đang tạm dùng 12 ngày; ","")&IF(AND($G7="Sản phẩm",SUM($BH7:$BJ7)>0,'DM_NHAN_SU'!$AH7<=0),"Lương sản phẩm thiếu đơn giá ngày phép/lễ; ","")&IF(AND($BL7>=14,'CHAM_CONG_THANG'!$AA7<>"Có"),"Thai sản từ 14 ngày: file tự dừng đóng BH – kiểm tra hồ sơ; ","")&IF(AND('DM_NHAN_SU'!$AA7="Có",'DM_NHAN_SU'!$AB7=""),"Đoàn viên chưa chọn cách tính đoàn phí; ","")&IF(AND('DM_NHAN_SU'!$AB7="Nhập tay",'DM_NHAN_SU'!$AC7>'THAM_SO'!$M$26),"Đoàn phí nhập tay vượt trần thông dụng; ","")&IF('NGHI_PHEP'!$L7<>"","Phép: "&'NGHI_PHEP'!$L7,"")&IF('CHE_DO_BHXH'!$AA7<>"","BHXH: "&'CHE_DO_BHXH'!$AA7,"")&IF('THUONG_T13_TET'!$O7<>"","Thưởng: "&'THUONG_T13_TET'!$O7,"")&IF('QT_NGHI_VIEC'!$AF7<>"","Nghỉ việc: "&'QT_NGHI_VIEC'!$AF7,"")&IF($AX7<0,"Thực lĩnh âm; ","")&IF(OR('DM_NHAN_SU'!$F7>'THAM_SO'!$B$7,AND('DM_NHAN_SU'!$G7<>"",'DM_NHAN_SU'!$G7<'THAM_SO'!$B$6)),"Ngoài kỳ trả lương; ",""))) | BH7: =IF('DM_NHAN_SU'!$B7="","",'CHAM_CONG_THANG'!AR7) | BI7: =IF('DM_NHAN_SU'!$B7="","",'CHAM_CONG_THANG'!AS7) | BJ7: =IF('DM_NHAN_SU'!$B7="","",'CHAM_CONG_THANG'!AT7) | BK7: =IF('DM_NHAN_SU'!$B7="","",'CHAM_CONG_THANG'!AU7) | BL7: =IF('DM_NHAN_SU'!$B7="","",'CHAM_CONG_THANG'!AV7) | BM7: =IF('DM_NHAN_SU'!$B7="","",'CHAM_CONG_THANG'!AW7) | BN7: =IF('DM_NHAN_SU'!$B7="","",SUM($K7,$BH7:$BJ7)) | BO7: =IF('DM_NHAN_SU'!$B7="","",IF($B7="",0,IF($G7="Tháng",IF($I7>0,'DM_NHAN_SU'!$K7*MIN($BH7+$BJ7,MAX($I7-$K7,0))/$I7,0),IF($G7="Ngày",'DM_NHAN_SU'!$K7*SUM($BH7:$BJ7),IF($G7="Giờ",'DM_NHAN_SU'!$K7*SUM($BH7:$BJ7)*$J7,IF($G7="Sản phẩm",'DM_NHAN_SU'!$AH7*SUM($BH7:$BJ7),0)))))) | BP7: =IF('DM_NHAN_SU'!$B7="","",IF('THUONG_T13_TET'!$L7="Có",'THUONG_T13_TET'!$I7,0)) | BQ7: =IF('DM_NHAN_SU'!$B7="","",IF('THUONG_T13_TET'!$L7="Có",SUM('THUONG_T13_TET'!$J7:$K7),0)) | BR7: =IF('DM_NHAN_SU'!$B7="","",'QT_NGHI_VIEC'!AC7) | BS7: =IF('DM_NHAN_SU'!$B7="","",'QT_NGHI_VIEC'!AB7) | BT7: =IF('DM_NHAN_SU'!$B7="","",IF('CHE_DO_BHXH'!$Z7="Có",'CHE_DO_BHXH'!$W7,0)) | BU7: =IF('DM_NHAN_SU'!$B7="","",IF('CHE_DO_BHXH'!$Y7="DN trả thay",$BT7,0)) | BV7: =IF('DM_NHAN_SU'!$B7="","",IF(OR('DM_NHAN_SU'!$AA7<>"Có",'CHE_DO_BHXH'!$O7>=1,SUM('CHE_DO_BHXH'!$D7,'CHE_DO_BHXH'!$G7,'CHE_DO_BHXH'!$K7)>=24,AND($I7>0,$BM7>=$I7)),0,IF('DM_NHAN_SU'!$AB7="Không",0,IF('DM_NHAN_SU'!$AB7="Nhập tay",'DM_NHAN_SU'!$AC7,IF('DM_NHAN_SU'!$AB7="Theo thực nhận",MIN(MAX($AT7-$AU7-$AV7-$AW7,0)*'THAM_SO'!$M$23,'THAM_SO'!$M$26),MIN($AE7*'THAM_SO'!$M$23,'THAM_SO'!$M$26)))))) | BW7: =IF('DM_NHAN_SU'!$B7="","",$AX7+$BU7)
A8: =IF('DM_NHAN_SU'!$B8="","",IF($B8="","",ROW()-5)) | B8: =IF('DM_NHAN_SU'!$B8="","",'DM_NHAN_SU'!B8) | C8: =IF('DM_NHAN_SU'!$B8="","",'DM_NHAN_SU'!C8) | D8: =IF('DM_NHAN_SU'!$B8="","",'DM_NHAN_SU'!D8) | E8: =IF('DM_NHAN_SU'!$B8="","",'DM_NHAN_SU'!E8) | F8: =IF('DM_NHAN_SU'!$B8="","",'DM_NHAN_SU'!I8) | G8: =IF('DM_NHAN_SU'!$B8="","",'DM_NHAN_SU'!J8) | H8: =IF('DM_NHAN_SU'!$B8="","",IF('DM_NHAN_SU'!H8="",'THAM_SO'!$B$11,'DM_NHAN_SU'!H8)) | I8: =IF('DM_NHAN_SU'!$B8="","",IF('DM_NHAN_SU'!L8>0,'DM_NHAN_SU'!L8,'THAM_SO'!$B$9)) | J8: =IF('DM_NHAN_SU'!$B8="","",IF('DM_NHAN_SU'!M8>0,'DM_NHAN_SU'!M8,'THAM_SO'!$B$10)) | K8: =IF('DM_NHAN_SU'!$B8="","",'CHAM_CONG_THANG'!AC8) | L8: =IF('DM_NHAN_SU'!$B8="","",'CHAM_CONG_THANG'!AD8) | M8: =IF('DM_NHAN_SU'!$B8="","",'CHAM_CONG_THANG'!AE8) | N8: =IF('DM_NHAN_SU'!$B8="","",'CHAM_CONG_THANG'!N8) | O8: =IF('DM_NHAN_SU'!$B8="","",IF($B8="","",IF($G8="Tháng",IF($I8>0,'DM_NHAN_SU'!$K8*MIN($K8,$I8)/$I8,0),IF($G8="Ngày",'DM_NHAN_SU'!$K8*$K8,IF($G8="Giờ",'DM_NHAN_SU'!$K8*$L8,IF($G8="Sản phẩm",'DM_NHAN_SU'!$K8*$N8,0)))))) | P8: =IF('DM_NHAN_SU'!$B8="","",'CHAM_CONG_THANG'!O8) | Q8: =IF('DM_NHAN_SU'!$B8="","",'CHAM_CONG_THANG'!P8) | R8: =IF('DM_NHAN_SU'!$B8="","",'CHAM_CONG_THANG'!Q8) | S8: =IF('DM_NHAN_SU'!$B8="","",'CHAM_CONG_THANG'!R8) | T8: =IF('DM_NHAN_SU'!$B8="","",'CHAM_CONG_THANG'!S8) | U8: =IF('DM_NHAN_SU'!$B8="","",MIN($T8,'THAM_SO'!$F$6)) | V8: =IF('DM_NHAN_SU'!$B8="","",MAX($T8-$U8,0)) | W8: =IF('DM_NHAN_SU'!$B8="","",'CHAM_CONG_THANG'!T8) | X8: =IF('DM_NHAN_SU'!$B8="","",'CHAM_CONG_THANG'!U8) | Y8: =IF('DM_NHAN_SU'!$B8="","",IF($B8="",0,IF('DM_NHAN_SU'!$Q8>0,'DM_NHAN_SU'!$Q8,IF($G8="Tháng",IF($I8*$J8>0,'DM_NHAN_SU'!$K8/($I8*$J8),0),IF($G8="Ngày",IF($J8>0,'DM_NHAN_SU'!$K8/$J8,0),IF($G8="Giờ",'DM_NHAN_SU'!$K8,0)))))) | Z8: =IF('DM_NHAN_SU'!$B8="","",$Y8*($M8*'THAM_SO'!$C$22+'CHAM_CONG_THANG'!$AF8*'THAM_SO'!$C$19+'CHAM_CONG_THANG'!$AG8*'THAM_SO'!$C$20+'CHAM_CONG_THANG'!$AH8*'THAM_SO'!$C$21+'CHAM_CONG_THANG'!$AI8*'THAM_SO'!$C$23+'CHAM_CONG_THANG'!$AJ8*'THAM_SO'!$C$24+'CHAM_CONG_THANG'!$AK8*'THAM_SO'!$C$25)) | AA8: =IF('DM_NHAN_SU'!$B8="","",MAX(0,$Y8*($M8*IF('THAM_SO'!$C$22>='THAM_SO'!$B$22,'THAM_SO'!$B$22,0)+'CHAM_CONG_THANG'!$AF8*IF('THAM_SO'!$C$19>='THAM_SO'!$B$19,'THAM_SO'!$B$19,0)+'CHAM_CONG_THANG'!$AG8*IF('THAM_SO'!$C$20>='THAM_SO'!$B$20,'THAM_SO'!$B$20,0)+'CHAM_CONG_THANG'!$AH8*IF('THAM_SO'!$C$21>='THAM_SO'!$B$21,'THAM_SO'!$B$21,0)+'CHAM_CONG_THANG'!$AI8*IF('THAM_SO'!$C$23>='THAM_SO'!$B$23,'THAM_SO'!$B$23,0)+'CHAM_CONG_THANG'!$AJ8*IF('THAM_SO'!$C$24>='THAM_SO'!$B$24,'THAM_SO'!$B$24,0)+'CHAM_CONG_THANG'!$AK8*IF('THAM_SO'!$C$25>='THAM_SO'!$B$25,'THAM_SO'!$B$25,0))-'CHAM_CONG_THANG'!$V8)) | AB8: =IF('DM_NHAN_SU'!$B8="","",MAX($Z8-$AA8,0)) | AC8: =IF('DM_NHAN_SU'!$B8="","",$O8+$P8+$Q8+$R8+$S8+$V8+$AB8+$BO8+$BP8+$BQ8+$BR8) | AD8: =IF('DM_NHAN_SU'!$B8="","",'DM_NHAN_SU'!N8+'DM_NHAN_SU'!O8+'DM_NHAN_SU'!P8) | AE8: =IF('DM_NHAN_SU'!$B8="","",IF(OR('DM_NHAN_SU'!$R8<>"Có",'CHAM_CONG_THANG'!$AA8="Có",$BL8>=14,$AD8<=0),0,MIN(MAX($AD8,'THAM_SO'!$M$6),'THAM_SO'!$M$7))) | AF8: =IF('DM_NHAN_SU'!$B8="","",IF(OR('DM_NHAN_SU'!$S8<>"Có",'CHAM_CONG_THANG'!$AA8="Có",$BL8>=14,$AD8<=0),0,MIN(MAX($AD8,VLOOKUP($H8,'THAM_SO'!$L$17:$P$20,4,FALSE)),VLOOKUP($H8,'THAM_SO'!$L$17:$P$20,5,FALSE)))) | AG8: =IF('DM_NHAN_SU'!$B8="","",$AE8*'THAM_SO'!$M$8) | AH8: =IF('DM_NHAN_SU'!$B8="","",$AE8*'THAM_SO'!$M$9) | AI8: =IF('DM_NHAN_SU'!$B8="","",$AF8*'THAM_SO'!$M$10) | AJ8: =IF('DM_NHAN_SU'!$B8="","",SUM($AG8:$AI8)) | AK8: =IF('DM_NHAN_SU'!$B8="","",IF($B8="",0,'THAM_SO'!$F$4)) | AL8: =IF('DM_NHAN_SU'!$B8="","",IF($B8="",0,'DM_NHAN_SU'!$T8*'THAM_SO'!$F$5)) | AM8: =IF('DM_NHAN_SU'!$B8="","",'CHAM_CONG_THANG'!W8) | AN8: =IF('DM_NHAN_SU'!$B8="","",MAX($AC8-$AK8-$AL8-$AM8,0)) | AO8: =IF('DM_NHAN_SU'!$B8="","",IF($B8="","",IF($F8="Net",IF($AC8<=$AK8+$AL8+$AM8,$AC8+$AJ8,$AJ8+$AK8+$AL8+$AM8+IF($AN8<='THAM_SO'!$J$10,($AN8-'THAM_SO'!$I$10)/(1-'THAM_SO'!$H$10),IF($AN8<='THAM_SO'!$J$11,($AN8-'THAM_SO'!$I$11)/(1-'THAM_SO'!$H$11),IF($AN8<='THAM_SO'!$J$12,($AN8-'THAM_SO'!$I$12)/(1-'THAM_SO'!$H$12),IF($AN8<='THAM_SO'!$J$13,($AN8-'THAM_SO'!$I$13)/(1-'THAM_SO'!$H$13),($AN8-'THAM_SO'!$I$14)/(1-'THAM_SO'!$H$14)))))),$AC8))) | AP8: =IF('DM_NHAN_SU'!$B8="","",$U8+$W8+$X8+$AA8+$BS8) | AQ8: =IF('DM_NHAN_SU'!$B8="","",MAX($AO8-$AJ8-$AK8-$AL8-$AM8,0)) | AR8: =IF('DM_NHAN_SU'!$B8="","",IF($AQ8<=0,0,$AQ8*VLOOKUP($AQ8,'THAM_SO'!$F$10:$I$14,3,TRUE)-VLOOKUP($AQ8,'THAM_SO'!$F$10:$I$14,4,TRUE))) | AS8: =IF('DM_NHAN_SU'!$B8="","",$AO8+$AP8) | AT8: =IF('DM_NHAN_SU'!$B8="","",$AS8-$AJ8-$AR8) | AU8: =IF('DM_NHAN_SU'!$B8="","",'CHAM_CONG_THANG'!X8) | AV8: =IF('DM_NHAN_SU'!$B8="","",'CHAM_CONG_THANG'!Y8+'QT_NGHI_VIEC'!AD8) | AW8: =IF('DM_NHAN_SU'!$B8="","",'CHAM_CONG_THANG'!Z8) | AX8: =IF('DM_NHAN_SU'!$B8="","",$AT8-$AU8-$AV8-$AW8-$BV8) | AY8: =IF('DM_NHAN_SU'!$B8="","",$AE8*'THAM_SO'!$M$11) | AZ8: =IF('DM_NHAN_SU'!$B8="","",$AE8*'THAM_SO'!$M$12) | BA8: =IF('DM_NHAN_SU'!$B8="","",$AF8*'THAM_SO'!$M$13) | BB8: =IF('DM_NHAN_SU'!$B8="","",$AE8*'THAM_SO'!$M$14) | BC8: =IF('DM_NHAN_SU'!$B8="","",SUM($AY8:$BB8)) | BD8: =IF('DM_NHAN_SU'!$B8="","",$AS8+$BC8) | BE8: =IF('DM_NHAN_SU'!$B8="","",VLOOKUP($H8,'THAM_SO'!$L$17:$P$20,2,FALSE)) | BF8: =IF('DM_NHAN_SU'!$B8="","",VLOOKUP($H8,'THAM_SO'!$L$17:$P$20,3,FALSE)) | BG8: =IF('DM_NHAN_SU'!$B8="","",IF($B8="","",IF(COUNTIF('DM_NHAN_SU'!$B$6:$B$155,$B8)>1,"Trùng mã NV; ","")&IF(OR($F8="",$G8=""),"Thiếu loại/hình thức lương; ","")&IF('CHAM_CONG_THANG'!$D8="","Chưa chọn nguồn công; ","")&IF(AND('CHAM_CONG_THANG'!$D8="Theo ngày",COUNTIF('CHAM_CONG_NGAY'!$B$6:$B$4655,$B8)=0),"Chưa có chấm công ngày; ","")&IF(OR($I8<=0,$J8<=0),"Thiếu công/giờ chuẩn; ","")&IF(AND($G8="Tháng",'DM_NHAN_SU'!$K8<$BE8),"Lương tháng dưới tối thiểu vùng; ","")&IF(AND($G8="Ngày",'DM_NHAN_SU'!$K8/$J8<$BF8),"Lương ngày quy đổi dưới tối thiểu giờ; ","")&IF(AND($G8="Giờ",'DM_NHAN_SU'!$K8<$BF8),"Lương giờ dưới tối thiểu vùng; ","")&IF(AND($G8="Sản phẩm",$L8>0,$O8/$L8<$BF8),"Lương SP quy đổi dưới tối thiểu giờ; ","")&IF(OR('THAM_SO'!$C$19<'THAM_SO'!$B$19,'THAM_SO'!$C$20<'THAM_SO'!$B$20,'THAM_SO'!$C$21<'THAM_SO'!$B$21,'THAM_SO'!$C$22<'THAM_SO'!$B$22,'THAM_SO'!$C$23<'THAM_SO'!$B$23,'THAM_SO'!$C$24<'THAM_SO'!$B$24,'THAM_SO'!$C$25<'THAM_SO'!$B$25),"Hệ số OT/đêm DN thấp hơn luật; ","")&IF(AND('DM_NHAN_SU'!$R8="Có",$AD8<=0),"Thiếu căn cứ đóng BH; ","")&IF(AND($AD8>0,$AD8<'THAM_SO'!$M$6),"Căn cứ BH dưới sàn – đã nâng sàn; ","")&IF($AD8>'THAM_SO'!$M$7,"Căn cứ BH vượt trần – đã giới hạn; ","")&IF(AND($F8="Net",SUM('CHAM_CONG_THANG'!$AF8:$AK8)>0,'DM_NHAN_SU'!$Q8<=0),"Net có OT nhưng chưa khai lương giờ OT; ","")&IF('CHAM_CONG_THANG'!$V8>$Z8,"Phần OT không miễn lớn hơn tiền OT; ","")&IF(AND($F8="Net",ABS($AT8-$AC8-$AP8)>1),"Lệch quy đổi Net; ","")&IF(AND($BH8>0,'DM_NHAN_SU'!$AD8=""),"Có phép năm nhưng đang tạm dùng 12 ngày; ","")&IF(AND($G8="Sản phẩm",SUM($BH8:$BJ8)>0,'DM_NHAN_SU'!$AH8<=0),"Lương sản phẩm thiếu đơn giá ngày phép/lễ; ","")&IF(AND($BL8>=14,'CHAM_CONG_THANG'!$AA8<>"Có"),"Thai sản từ 14 ngày: file tự dừng đóng BH – kiểm tra hồ sơ; ","")&IF(AND('DM_NHAN_SU'!$AA8="Có",'DM_NHAN_SU'!$AB8=""),"Đoàn viên chưa chọn cách tính đoàn phí; ","")&IF(AND('DM_NHAN_SU'!$AB8="Nhập tay",'DM_NHAN_SU'!$AC8>'THAM_SO'!$M$26),"Đoàn phí nhập tay vượt trần thông dụng; ","")&IF('NGHI_PHEP'!$L8<>"","Phép: "&'NGHI_PHEP'!$L8,"")&IF('CHE_DO_BHXH'!$AA8<>"","BHXH: "&'CHE_DO_BHXH'!$AA8,"")&IF('THUONG_T13_TET'!$O8<>"","Thưởng: "&'THUONG_T13_TET'!$O8,"")&IF('QT_NGHI_VIEC'!$AF8<>"","Nghỉ việc: "&'QT_NGHI_VIEC'!$AF8,"")&IF($AX8<0,"Thực lĩnh âm; ","")&IF(OR('DM_NHAN_SU'!$F8>'THAM_SO'!$B$7,AND('DM_NHAN_SU'!$G8<>"",'DM_NHAN_SU'!$G8<'THAM_SO'!$B$6)),"Ngoài kỳ trả lương; ",""))) | BH8: =IF('DM_NHAN_SU'!$B8="","",'CHAM_CONG_THANG'!AR8) | BI8: =IF('DM_NHAN_SU'!$B8="","",'CHAM_CONG_THANG'!AS8) | BJ8: =IF('DM_NHAN_SU'!$B8="","",'CHAM_CONG_THANG'!AT8) | BK8: =IF('DM_NHAN_SU'!$B8="","",'CHAM_CONG_THANG'!AU8) | BL8: =IF('DM_NHAN_SU'!$B8="","",'CHAM_CONG_THANG'!AV8) | BM8: =IF('DM_NHAN_SU'!$B8="","",'CHAM_CONG_THANG'!AW8) | BN8: =IF('DM_NHAN_SU'!$B8="","",SUM($K8,$BH8:$BJ8)) | BO8: =IF('DM_NHAN_SU'!$B8="","",IF($B8="",0,IF($G8="Tháng",IF($I8>0,'DM_NHAN_SU'!$K8*MIN($BH8+$BJ8,MAX($I8-$K8,0))/$I8,0),IF($G8="Ngày",'DM_NHAN_SU'!$K8*SUM($BH8:$BJ8),IF($G8="Giờ",'DM_NHAN_SU'!$K8*SUM($BH8:$BJ8)*$J8,IF($G8="Sản phẩm",'DM_NHAN_SU'!$AH8*SUM($BH8:$BJ8),0)))))) | BP8: =IF('DM_NHAN_SU'!$B8="","",IF('THUONG_T13_TET'!$L8="Có",'THUONG_T13_TET'!$I8,0)) | BQ8: =IF('DM_NHAN_SU'!$B8="","",IF('THUONG_T13_TET'!$L8="Có",SUM('THUONG_T13_TET'!$J8:$K8),0)) | BR8: =IF('DM_NHAN_SU'!$B8="","",'QT_NGHI_VIEC'!AC8) | BS8: =IF('DM_NHAN_SU'!$B8="","",'QT_NGHI_VIEC'!AB8) | BT8: =IF('DM_NHAN_SU'!$B8="","",IF('CHE_DO_BHXH'!$Z8="Có",'CHE_DO_BHXH'!$W8,0)) | BU8: =IF('DM_NHAN_SU'!$B8="","",IF('CHE_DO_BHXH'!$Y8="DN trả thay",$BT8,0)) | BV8: =IF('DM_NHAN_SU'!$B8="","",IF(OR('DM_NHAN_SU'!$AA8<>"Có",'CHE_DO_BHXH'!$O8>=1,SUM('CHE_DO_BHXH'!$D8,'CHE_DO_BHXH'!$G8,'CHE_DO_BHXH'!$K8)>=24,AND($I8>0,$BM8>=$I8)),0,IF('DM_NHAN_SU'!$AB8="Không",0,IF('DM_NHAN_SU'!$AB8="Nhập tay",'DM_NHAN_SU'!$AC8,IF('DM_NHAN_SU'!$AB8="Theo thực nhận",MIN(MAX($AT8-$AU8-$AV8-$AW8,0)*'THAM_SO'!$M$23,'THAM_SO'!$M$26),MIN($AE8*'THAM_SO'!$M$23,'THAM_SO'!$M$26)))))) | BW8: =IF('DM_NHAN_SU'!$B8="","",$AX8+$BU8)
A9: =IF('DM_NHAN_SU'!$B9="","",IF($B9="","",ROW()-5)) | B9: =IF('DM_NHAN_SU'!$B9="","",'DM_NHAN_SU'!B9) | C9: =IF('DM_NHAN_SU'!$B9="","",'DM_NHAN_SU'!C9) | D9: =IF('DM_NHAN_SU'!$B9="","",'DM_NHAN_SU'!D9) | E9: =IF('DM_NHAN_SU'!$B9="","",'DM_NHAN_SU'!E9) | F9: =IF('DM_NHAN_SU'!$B9="","",'DM_NHAN_SU'!I9) | G9: =IF('DM_NHAN_SU'!$B9="","",'DM_NHAN_SU'!J9) | H9: =IF('DM_NHAN_SU'!$B9="","",IF('DM_NHAN_SU'!H9="",'THAM_SO'!$B$11,'DM_NHAN_SU'!H9)) | I9: =IF('DM_NHAN_SU'!$B9="","",IF('DM_NHAN_SU'!L9>0,'DM_NHAN_SU'!L9,'THAM_SO'!$B$9)) | J9: =IF('DM_NHAN_SU'!$B9="","",IF('DM_NHAN_SU'!M9>0,'DM_NHAN_SU'!M9,'THAM_SO'!$B$10)) | K9: =IF('DM_NHAN_SU'!$B9="","",'CHAM_CONG_THANG'!AC9) | L9: =IF('DM_NHAN_SU'!$B9="","",'CHAM_CONG_THANG'!AD9) | M9: =IF('DM_NHAN_SU'!$B9="","",'CHAM_CONG_THANG'!AE9) | N9: =IF('DM_NHAN_SU'!$B9="","",'CHAM_CONG_THANG'!N9) | O9: =IF('DM_NHAN_SU'!$B9="","",IF($B9="","",IF($G9="Tháng",IF($I9>0,'DM_NHAN_SU'!$K9*MIN($K9,$I9)/$I9,0),IF($G9="Ngày",'DM_NHAN_SU'!$K9*$K9,IF($G9="Giờ",'DM_NHAN_SU'!$K9*$L9,IF($G9="Sản phẩm",'DM_NHAN_SU'!$K9*$N9,0)))))) | P9: =IF('DM_NHAN_SU'!$B9="","",'CHAM_CONG_THANG'!O9) | Q9: =IF('DM_NHAN_SU'!$B9="","",'CHAM_CONG_THANG'!P9) | R9: =IF('DM_NHAN_SU'!$B9="","",'CHAM_CONG_THANG'!Q9) | S9: =IF('DM_NHAN_SU'!$B9="","",'CHAM_CONG_THANG'!R9) | T9: =IF('DM_NHAN_SU'!$B9="","",'CHAM_CONG_THANG'!S9) | U9: =IF('DM_NHAN_SU'!$B9="","",MIN($T9,'THAM_SO'!$F$6)) | V9: =IF('DM_NHAN_SU'!$B9="","",MAX($T9-$U9,0)) | W9: =IF('DM_NHAN_SU'!$B9="","",'CHAM_CONG_THANG'!T9) | X9: =IF('DM_NHAN_SU'!$B9="","",'CHAM_CONG_THANG'!U9) | Y9: =IF('DM_NHAN_SU'!$B9="","",IF($B9="",0,IF('DM_NHAN_SU'!$Q9>0,'DM_NHAN_SU'!$Q9,IF($G9="Tháng",IF($I9*$J9>0,'DM_NHAN_SU'!$K9/($I9*$J9),0),IF($G9="Ngày",IF($J9>0,'DM_NHAN_SU'!$K9/$J9,0),IF($G9="Giờ",'DM_NHAN_SU'!$K9,0)))))) | Z9: =IF('DM_NHAN_SU'!$B9="","",$Y9*($M9*'THAM_SO'!$C$22+'CHAM_CONG_THANG'!$AF9*'THAM_SO'!$C$19+'CHAM_CONG_THANG'!$AG9*'THAM_SO'!$C$20+'CHAM_CONG_THANG'!$AH9*'THAM_SO'!$C$21+'CHAM_CONG_THANG'!$AI9*'THAM_SO'!$C$23+'CHAM_CONG_THANG'!$AJ9*'THAM_SO'!$C$24+'CHAM_CONG_THANG'!$AK9*'THAM_SO'!$C$25)) | AA9: =IF('DM_NHAN_SU'!$B9="","",MAX(0,$Y9*($M9*IF('THAM_SO'!$C$22>='THAM_SO'!$B$22,'THAM_SO'!$B$22,0)+'CHAM_CONG_THANG'!$AF9*IF('THAM_SO'!$C$19>='THAM_SO'!$B$19,'THAM_SO'!$B$19,0)+'CHAM_CONG_THANG'!$AG9*IF('THAM_SO'!$C$20>='THAM_SO'!$B$20,'THAM_SO'!$B$20,0)+'CHAM_CONG_THANG'!$AH9*IF('THAM_SO'!$C$21>='THAM_SO'!$B$21,'THAM_SO'!$B$21,0)+'CHAM_CONG_THANG'!$AI9*IF('THAM_SO'!$C$23>='THAM_SO'!$B$23,'THAM_SO'!$B$23,0)+'CHAM_CONG_THANG'!$AJ9*IF('THAM_SO'!$C$24>='THAM_SO'!$B$24,'THAM_SO'!$B$24,0)+'CHAM_CONG_THANG'!$AK9*IF('THAM_SO'!$C$25>='THAM_SO'!$B$25,'THAM_SO'!$B$25,0))-'CHAM_CONG_THANG'!$V9)) | AB9: =IF('DM_NHAN_SU'!$B9="","",MAX($Z9-$AA9,0)) | AC9: =IF('DM_NHAN_SU'!$B9="","",$O9+$P9+$Q9+$R9+$S9+$V9+$AB9+$BO9+$BP9+$BQ9+$BR9) | AD9: =IF('DM_NHAN_SU'!$B9="","",'DM_NHAN_SU'!N9+'DM_NHAN_SU'!O9+'DM_NHAN_SU'!P9) | AE9: =IF('DM_NHAN_SU'!$B9="","",IF(OR('DM_NHAN_SU'!$R9<>"Có",'CHAM_CONG_THANG'!$AA9="Có",$BL9>=14,$AD9<=0),0,MIN(MAX($AD9,'THAM_SO'!$M$6),'THAM_SO'!$M$7))) | AF9: =IF('DM_NHAN_SU'!$B9="","",IF(OR('DM_NHAN_SU'!$S9<>"Có",'CHAM_CONG_THANG'!$AA9="Có",$BL9>=14,$AD9<=0),0,MIN(MAX($AD9,VLOOKUP($H9,'THAM_SO'!$L$17:$P$20,4,FALSE)),VLOOKUP($H9,'THAM_SO'!$L$17:$P$20,5,FALSE)))) | AG9: =IF('DM_NHAN_SU'!$B9="","",$AE9*'THAM_SO'!$M$8) | AH9: =IF('DM_NHAN_SU'!$B9="","",$AE9*'THAM_SO'!$M$9) | AI9: =IF('DM_NHAN_SU'!$B9="","",$AF9*'THAM_SO'!$M$10) | AJ9: =IF('DM_NHAN_SU'!$B9="","",SUM($AG9:$AI9)) | AK9: =IF('DM_NHAN_SU'!$B9="","",IF($B9="",0,'THAM_SO'!$F$4)) | AL9: =IF('DM_NHAN_SU'!$B9="","",IF($B9="",0,'DM_NHAN_SU'!$T9*'THAM_SO'!$F$5)) | AM9: =IF('DM_NHAN_SU'!$B9="","",'CHAM_CONG_THANG'!W9) | AN9: =IF('DM_NHAN_SU'!$B9="","",MAX($AC9-$AK9-$AL9-$AM9,0)) | AO9: =IF('DM_NHAN_SU'!$B9="","",IF($B9="","",IF($F9="Net",IF($AC9<=$AK9+$AL9+$AM9,$AC9+$AJ9,$AJ9+$AK9+$AL9+$AM9+IF($AN9<='THAM_SO'!$J$10,($AN9-'THAM_SO'!$I$10)/(1-'THAM_SO'!$H$10),IF($AN9<='THAM_SO'!$J$11,($AN9-'THAM_SO'!$I$11)/(1-'THAM_SO'!$H$11),IF($AN9<='THAM_SO'!$J$12,($AN9-'THAM_SO'!$I$12)/(1-'THAM_SO'!$H$12),IF($AN9<='THAM_SO'!$J$13,($AN9-'THAM_SO'!$I$13)/(1-'THAM_SO'!$H$13),($AN9-'THAM_SO'!$I$14)/(1-'THAM_SO'!$H$14)))))),$AC9))) | AP9: =IF('DM_NHAN_SU'!$B9="","",$U9+$W9+$X9+$AA9+$BS9) | AQ9: =IF('DM_NHAN_SU'!$B9="","",MAX($AO9-$AJ9-$AK9-$AL9-$AM9,0)) | AR9: =IF('DM_NHAN_SU'!$B9="","",IF($AQ9<=0,0,$AQ9*VLOOKUP($AQ9,'THAM_SO'!$F$10:$I$14,3,TRUE)-VLOOKUP($AQ9,'THAM_SO'!$F$10:$I$14,4,TRUE))) | AS9: =IF('DM_NHAN_SU'!$B9="","",$AO9+$AP9) | AT9: =IF('DM_NHAN_SU'!$B9="","",$AS9-$AJ9-$AR9) | AU9: =IF('DM_NHAN_SU'!$B9="","",'CHAM_CONG_THANG'!X9) | AV9: =IF('DM_NHAN_SU'!$B9="","",'CHAM_CONG_THANG'!Y9+'QT_NGHI_VIEC'!AD9) | AW9: =IF('DM_NHAN_SU'!$B9="","",'CHAM_CONG_THANG'!Z9) | AX9: =IF('DM_NHAN_SU'!$B9="","",$AT9-$AU9-$AV9-$AW9-$BV9) | AY9: =IF('DM_NHAN_SU'!$B9="","",$AE9*'THAM_SO'!$M$11) | AZ9: =IF('DM_NHAN_SU'!$B9="","",$AE9*'THAM_SO'!$M$12) | BA9: =IF('DM_NHAN_SU'!$B9="","",$AF9*'THAM_SO'!$M$13) | BB9: =IF('DM_NHAN_SU'!$B9="","",$AE9*'THAM_SO'!$M$14) | BC9: =IF('DM_NHAN_SU'!$B9="","",SUM($AY9:$BB9)) | BD9: =IF('DM_NHAN_SU'!$B9="","",$AS9+$BC9) | BE9: =IF('DM_NHAN_SU'!$B9="","",VLOOKUP($H9,'THAM_SO'!$L$17:$P$20,2,FALSE)) | BF9: =IF('DM_NHAN_SU'!$B9="","",VLOOKUP($H9,'THAM_SO'!$L$17:$P$20,3,FALSE)) | BG9: =IF('DM_NHAN_SU'!$B9="","",IF($B9="","",IF(COUNTIF('DM_NHAN_SU'!$B$6:$B$155,$B9)>1,"Trùng mã NV; ","")&IF(OR($F9="",$G9=""),"Thiếu loại/hình thức lương; ","")&IF('CHAM_CONG_THANG'!$D9="","Chưa chọn nguồn công; ","")&IF(AND('CHAM_CONG_THANG'!$D9="Theo ngày",COUNTIF('CHAM_CONG_NGAY'!$B$6:$B$4655,$B9)=0),"Chưa có chấm công ngày; ","")&IF(OR($I9<=0,$J9<=0),"Thiếu công/giờ chuẩn; ","")&IF(AND($G9="Tháng",'DM_NHAN_SU'!$K9<$BE9),"Lương tháng dưới tối thiểu vùng; ","")&IF(AND($G9="Ngày",'DM_NHAN_SU'!$K9/$J9<$BF9),"Lương ngày quy đổi dưới tối thiểu giờ; ","")&IF(AND($G9="Giờ",'DM_NHAN_SU'!$K9<$BF9),"Lương giờ dưới tối thiểu vùng; ","")&IF(AND($G9="Sản phẩm",$L9>0,$O9/$L9<$BF9),"Lương SP quy đổi dưới tối thiểu giờ; ","")&IF(OR('THAM_SO'!$C$19<'THAM_SO'!$B$19,'THAM_SO'!$C$20<'THAM_SO'!$B$20,'THAM_SO'!$C$21<'THAM_SO'!$B$21,'THAM_SO'!$C$22<'THAM_SO'!$B$22,'THAM_SO'!$C$23<'THAM_SO'!$B$23,'THAM_SO'!$C$24<'THAM_SO'!$B$24,'THAM_SO'!$C$25<'THAM_SO'!$B$25),"Hệ số OT/đêm DN thấp hơn luật; ","")&IF(AND('DM_NHAN_SU'!$R9="Có",$AD9<=0),"Thiếu căn cứ đóng BH; ","")&IF(AND($AD9>0,$AD9<'THAM_SO'!$M$6),"Căn cứ BH dưới sàn – đã nâng sàn; ","")&IF($AD9>'THAM_SO'!$M$7,"Căn cứ BH vượt trần – đã giới hạn; ","")&IF(AND($F9="Net",SUM('CHAM_CONG_THANG'!$AF9:$AK9)>0,'DM_NHAN_SU'!$Q9<=0),"Net có OT nhưng chưa khai lương giờ OT; ","")&IF('CHAM_CONG_THANG'!$V9>$Z9,"Phần OT không miễn lớn hơn tiền OT; ","")&IF(AND($F9="Net",ABS($AT9-$AC9-$AP9)>1),"Lệch quy đổi Net; ","")&IF(AND($BH9>0,'DM_NHAN_SU'!$AD9=""),"Có phép năm nhưng đang tạm dùng 12 ngày; ","")&IF(AND($G9="Sản phẩm",SUM($BH9:$BJ9)>0,'DM_NHAN_SU'!$AH9<=0),"Lương sản phẩm thiếu đơn giá ngày phép/lễ; ","")&IF(AND($BL9>=14,'CHAM_CONG_THANG'!$AA9<>"Có"),"Thai sản từ 14 ngày: file tự dừng đóng BH – kiểm tra hồ sơ; ","")&IF(AND('DM_NHAN_SU'!$AA9="Có",'DM_NHAN_SU'!$AB9=""),"Đoàn viên chưa chọn cách tính đoàn phí; ","")&IF(AND('DM_NHAN_SU'!$AB9="Nhập tay",'DM_NHAN_SU'!$AC9>'THAM_SO'!$M$26),"Đoàn phí nhập tay vượt trần thông dụng; ","")&IF('NGHI_PHEP'!$L9<>"","Phép: "&'NGHI_PHEP'!$L9,"")&IF('CHE_DO_BHXH'!$AA9<>"","BHXH: "&'CHE_DO_BHXH'!$AA9,"")&IF('THUONG_T13_TET'!$O9<>"","Thưởng: "&'THUONG_T13_TET'!$O9,"")&IF('QT_NGHI_VIEC'!$AF9<>"","Nghỉ việc: "&'QT_NGHI_VIEC'!$AF9,"")&IF($AX9<0,"Thực lĩnh âm; ","")&IF(OR('DM_NHAN_SU'!$F9>'THAM_SO'!$B$7,AND('DM_NHAN_SU'!$G9<>"",'DM_NHAN_SU'!$G9<'THAM_SO'!$B$6)),"Ngoài kỳ trả lương; ",""))) | BH9: =IF('DM_NHAN_SU'!$B9="","",'CHAM_CONG_THANG'!AR9) | BI9: =IF('DM_NHAN_SU'!$B9="","",'CHAM_CONG_THANG'!AS9) | BJ9: =IF('DM_NHAN_SU'!$B9="","",'CHAM_CONG_THANG'!AT9) | BK9: =IF('DM_NHAN_SU'!$B9="","",'CHAM_CONG_THANG'!AU9) | BL9: =IF('DM_NHAN_SU'!$B9="","",'CHAM_CONG_THANG'!AV9) | BM9: =IF('DM_NHAN_SU'!$B9="","",'CHAM_CONG_THANG'!AW9) | BN9: =IF('DM_NHAN_SU'!$B9="","",SUM($K9,$BH9:$BJ9)) | BO9: =IF('DM_NHAN_SU'!$B9="","",IF($B9="",0,IF($G9="Tháng",IF($I9>0,'DM_NHAN_SU'!$K9*MIN($BH9+$BJ9,MAX($I9-$K9,0))/$I9,0),IF($G9="Ngày",'DM_NHAN_SU'!$K9*SUM($BH9:$BJ9),IF($G9="Giờ",'DM_NHAN_SU'!$K9*SUM($BH9:$BJ9)*$J9,IF($G9="Sản phẩm",'DM_NHAN_SU'!$AH9*SUM($BH9:$BJ9),0)))))) | BP9: =IF('DM_NHAN_SU'!$B9="","",IF('THUONG_T13_TET'!$L9="Có",'THUONG_T13_TET'!$I9,0)) | BQ9: =IF('DM_NHAN_SU'!$B9="","",IF('THUONG_T13_TET'!$L9="Có",SUM('THUONG_T13_TET'!$J9:$K9),0)) | BR9: =IF('DM_NHAN_SU'!$B9="","",'QT_NGHI_VIEC'!AC9) | BS9: =IF('DM_NHAN_SU'!$B9="","",'QT_NGHI_VIEC'!AB9) | BT9: =IF('DM_NHAN_SU'!$B9="","",IF('CHE_DO_BHXH'!$Z9="Có",'CHE_DO_BHXH'!$W9,0)) | BU9: =IF('DM_NHAN_SU'!$B9="","",IF('CHE_DO_BHXH'!$Y9="DN trả thay",$BT9,0)) | BV9: =IF('DM_NHAN_SU'!$B9="","",IF(OR('DM_NHAN_SU'!$AA9<>"Có",'CHE_DO_BHXH'!$O9>=1,SUM('CHE_DO_BHXH'!$D9,'CHE_DO_BHXH'!$G9,'CHE_DO_BHXH'!$K9)>=24,AND($I9>0,$BM9>=$I9)),0,IF('DM_NHAN_SU'!$AB9="Không",0,IF('DM_NHAN_SU'!$AB9="Nhập tay",'DM_NHAN_SU'!$AC9,IF('DM_NHAN_SU'!$AB9="Theo thực nhận",MIN(MAX($AT9-$AU9-$AV9-$AW9,0)*'THAM_SO'!$M$23,'THAM_SO'!$M$26),MIN($AE9*'THAM_SO'!$M$23,'THAM_SO'!$M$26)))))) | BW9: =IF('DM_NHAN_SU'!$B9="","",$AX9+$BU9)
A10: =IF('DM_NHAN_SU'!$B10="","",IF($B10="","",ROW()-5)) | B10: =IF('DM_NHAN_SU'!$B10="","",'DM_NHAN_SU'!B10) | C10: =IF('DM_NHAN_SU'!$B10="","",'DM_NHAN_SU'!C10) | D10: =IF('DM_NHAN_SU'!$B10="","",'DM_NHAN_SU'!D10) | E10: =IF('DM_NHAN_SU'!$B10="","",'DM_NHAN_SU'!E10) | F10: =IF('DM_NHAN_SU'!$B10="","",'DM_NHAN_SU'!I10) | G10: =IF('DM_NHAN_SU'!$B10="","",'DM_NHAN_SU'!J10) | H10: =IF('DM_NHAN_SU'!$B10="","",IF('DM_NHAN_SU'!H10="",'THAM_SO'!$B$11,'DM_NHAN_SU'!H10)) | I10: =IF('DM_NHAN_SU'!$B10="","",IF('DM_NHAN_SU'!L10>0,'DM_NHAN_SU'!L10,'THAM_SO'!$B$9)) | J10: =IF('DM_NHAN_SU'!$B10="","",IF('DM_NHAN_SU'!M10>0,'DM_NHAN_SU'!M10,'THAM_SO'!$B$10)) | K10: =IF('DM_NHAN_SU'!$B10="","",'CHAM_CONG_THANG'!AC10) | L10: =IF('DM_NHAN_SU'!$B10="","",'CHAM_CONG_THANG'!AD10) | M10: =IF('DM_NHAN_SU'!$B10="","",'CHAM_CONG_THANG'!AE10) | N10: =IF('DM_NHAN_SU'!$B10="","",'CHAM_CONG_THANG'!N10) | O10: =IF('DM_NHAN_SU'!$B10="","",IF($B10="","",IF($G10="Tháng",IF($I10>0,'DM_NHAN_SU'!$K10*MIN($K10,$I10)/$I10,0),IF($G10="Ngày",'DM_NHAN_SU'!$K10*$K10,IF($G10="Giờ",'DM_NHAN_SU'!$K10*$L10,IF($G10="Sản phẩm",'DM_NHAN_SU'!$K10*$N10,0)))))) | P10: =IF('DM_NHAN_SU'!$B10="","",'CHAM_CONG_THANG'!O10) | Q10: =IF('DM_NHAN_SU'!$B10="","",'CHAM_CONG_THANG'!P10) | R10: =IF('DM_NHAN_SU'!$B10="","",'CHAM_CONG_THANG'!Q10) | S10: =IF('DM_NHAN_SU'!$B10="","",'CHAM_CONG_THANG'!R10) | T10: =IF('DM_NHAN_SU'!$B10="","",'CHAM_CONG_THANG'!S10) | U10: =IF('DM_NHAN_SU'!$B10="","",MIN($T10,'THAM_SO'!$F$6)) | V10: =IF('DM_NHAN_SU'!$B10="","",MAX($T10-$U10,0)) | W10: =IF('DM_NHAN_SU'!$B10="","",'CHAM_CONG_THANG'!T10) | X10: =IF('DM_NHAN_SU'!$B10="","",'CHAM_CONG_THANG'!U10) | Y10: =IF('DM_NHAN_SU'!$B10="","",IF($B10="",0,IF('DM_NHAN_SU'!$Q10>0,'DM_NHAN_SU'!$Q10,IF($G10="Tháng",IF($I10*$J10>0,'DM_NHAN_SU'!$K10/($I10*$J10),0),IF($G10="Ngày",IF($J10>0,'DM_NHAN_SU'!$K10/$J10,0),IF($G10="Giờ",'DM_NHAN_SU'!$K10,0)))))) | Z10: =IF('DM_NHAN_SU'!$B10="","",$Y10*($M10*'THAM_SO'!$C$22+'CHAM_CONG_THANG'!$AF10*'THAM_SO'!$C$19+'CHAM_CONG_THANG'!$AG10*'THAM_SO'!$C$20+'CHAM_CONG_THANG'!$AH10*'THAM_SO'!$C$21+'CHAM_CONG_THANG'!$AI10*'THAM_SO'!$C$23+'CHAM_CONG_THANG'!$AJ10*'THAM_SO'!$C$24+'CHAM_CONG_THANG'!$AK10*'THAM_SO'!$C$25)) | AA10: =IF('DM_NHAN_SU'!$B10="","",MAX(0,$Y10*($M10*IF('THAM_SO'!$C$22>='THAM_SO'!$B$22,'THAM_SO'!$B$22,0)+'CHAM_CONG_THANG'!$AF10*IF('THAM_SO'!$C$19>='THAM_SO'!$B$19,'THAM_SO'!$B$19,0)+'CHAM_CONG_THANG'!$AG10*IF('THAM_SO'!$C$20>='THAM_SO'!$B$20,'THAM_SO'!$B$20,0)+'CHAM_CONG_THANG'!$AH10*IF('THAM_SO'!$C$21>='THAM_SO'!$B$21,'THAM_SO'!$B$21,0)+'CHAM_CONG_THANG'!$AI10*IF('THAM_SO'!$C$23>='THAM_SO'!$B$23,'THAM_SO'!$B$23,0)+'CHAM_CONG_THANG'!$AJ10*IF('THAM_SO'!$C$24>='THAM_SO'!$B$24,'THAM_SO'!$B$24,0)+'CHAM_CONG_THANG'!$AK10*IF('THAM_SO'!$C$25>='THAM_SO'!$B$25,'THAM_SO'!$B$25,0))-'CHAM_CONG_THANG'!$V10)) | AB10: =IF('DM_NHAN_SU'!$B10="","",MAX($Z10-$AA10,0)) | AC10: =IF('DM_NHAN_SU'!$B10="","",$O10+$P10+$Q10+$R10+$S10+$V10+$AB10+$BO10+$BP10+$BQ10+$BR10) | AD10: =IF('DM_NHAN_SU'!$B10="","",'DM_NHAN_SU'!N10+'DM_NHAN_SU'!O10+'DM_NHAN_SU'!P10) | AE10: =IF('DM_NHAN_SU'!$B10="","",IF(OR('DM_NHAN_SU'!$R10<>"Có",'CHAM_CONG_THANG'!$AA10="Có",$BL10>=14,$AD10<=0),0,MIN(MAX($AD10,'THAM_SO'!$M$6),'THAM_SO'!$M$7))) | AF10: =IF('DM_NHAN_SU'!$B10="","",IF(OR('DM_NHAN_SU'!$S10<>"Có",'CHAM_CONG_THANG'!$AA10="Có",$BL10>=14,$AD10<=0),0,MIN(MAX($AD10,VLOOKUP($H10,'THAM_SO'!$L$17:$P$20,4,FALSE)),VLOOKUP($H10,'THAM_SO'!$L$17:$P$20,5,FALSE)))) | AG10: =IF('DM_NHAN_SU'!$B10="","",$AE10*'THAM_SO'!$M$8) | AH10: =IF('DM_NHAN_SU'!$B10="","",$AE10*'THAM_SO'!$M$9) | AI10: =IF('DM_NHAN_SU'!$B10="","",$AF10*'THAM_SO'!$M$10) | AJ10: =IF('DM_NHAN_SU'!$B10="","",SUM($AG10:$AI10)) | AK10: =IF('DM_NHAN_SU'!$B10="","",IF($B10="",0,'THAM_SO'!$F$4)) | AL10: =IF('DM_NHAN_SU'!$B10="","",IF($B10="",0,'DM_NHAN_SU'!$T10*'THAM_SO'!$F$5)) | AM10: =IF('DM_NHAN_SU'!$B10="","",'CHAM_CONG_THANG'!W10) | AN10: =IF('DM_NHAN_SU'!$B10="","",MAX($AC10-$AK10-$AL10-$AM10,0)) | AO10: =IF('DM_NHAN_SU'!$B10="","",IF($B10="","",IF($F10="Net",IF($AC10<=$AK10+$AL10+$AM10,$AC10+$AJ10,$AJ10+$AK10+$AL10+$AM10+IF($AN10<='THAM_SO'!$J$10,($AN10-'THAM_SO'!$I$10)/(1-'THAM_SO'!$H$10),IF($AN10<='THAM_SO'!$J$11,($AN10-'THAM_SO'!$I$11)/(1-'THAM_SO'!$H$11),IF($AN10<='THAM_SO'!$J$12,($AN10-'THAM_SO'!$I$12)/(1-'THAM_SO'!$H$12),IF($AN10<='THAM_SO'!$J$13,($AN10-'THAM_SO'!$I$13)/(1-'THAM_SO'!$H$13),($AN10-'THAM_SO'!$I$14)/(1-'THAM_SO'!$H$14)))))),$AC10))) | AP10: =IF('DM_NHAN_SU'!$B10="","",$U10+$W10+$X10+$AA10+$BS10) | AQ10: =IF('DM_NHAN_SU'!$B10="","",MAX($AO10-$AJ10-$AK10-$AL10-$AM10,0)) | AR10: =IF('DM_NHAN_SU'!$B10="","",IF($AQ10<=0,0,$AQ10*VLOOKUP($AQ10,'THAM_SO'!$F$10:$I$14,3,TRUE)-VLOOKUP($AQ10,'THAM_SO'!$F$10:$I$14,4,TRUE))) | AS10: =IF('DM_NHAN_SU'!$B10="","",$AO10+$AP10) | AT10: =IF('DM_NHAN_SU'!$B10="","",$AS10-$AJ10-$AR10) | AU10: =IF('DM_NHAN_SU'!$B10="","",'CHAM_CONG_THANG'!X10) | AV10: =IF('DM_NHAN_SU'!$B10="","",'CHAM_CONG_THANG'!Y10+'QT_NGHI_VIEC'!AD10) | AW10: =IF('DM_NHAN_SU'!$B10="","",'CHAM_CONG_THANG'!Z10) | AX10: =IF('DM_NHAN_SU'!$B10="","",$AT10-$AU10-$AV10-$AW10-$BV10) | AY10: =IF('DM_NHAN_SU'!$B10="","",$AE10*'THAM_SO'!$M$11) | AZ10: =IF('DM_NHAN_SU'!$B10="","",$AE10*'THAM_SO'!$M$12) | BA10: =IF('DM_NHAN_SU'!$B10="","",$AF10*'THAM_SO'!$M$13) | BB10: =IF('DM_NHAN_SU'!$B10="","",$AE10*'THAM_SO'!$M$14) | BC10: =IF('DM_NHAN_SU'!$B10="","",SUM($AY10:$BB10)) | BD10: =IF('DM_NHAN_SU'!$B10="","",$AS10+$BC10) | BE10: =IF('DM_NHAN_SU'!$B10="","",VLOOKUP($H10,'THAM_SO'!$L$17:$P$20,2,FALSE)) | BF10: =IF('DM_NHAN_SU'!$B10="","",VLOOKUP($H10,'THAM_SO'!$L$17:$P$20,3,FALSE)) | BG10: =IF('DM_NHAN_SU'!$B10="","",IF($B10="","",IF(COUNTIF('DM_NHAN_SU'!$B$6:$B$155,$B10)>1,"Trùng mã NV; ","")&IF(OR($F10="",$G10=""),"Thiếu loại/hình thức lương; ","")&IF('CHAM_CONG_THANG'!$D10="","Chưa chọn nguồn công; ","")&IF(AND('CHAM_CONG_THANG'!$D10="Theo ngày",COUNTIF('CHAM_CONG_NGAY'!$B$6:$B$4655,$B10)=0),"Chưa có chấm công ngày; ","")&IF(OR($I10<=0,$J10<=0),"Thiếu công/giờ chuẩn; ","")&IF(AND($G10="Tháng",'DM_NHAN_SU'!$K10<$BE10),"Lương tháng dưới tối thiểu vùng; ","")&IF(AND($G10="Ngày",'DM_NHAN_SU'!$K10/$J10<$BF10),"Lương ngày quy đổi dưới tối thiểu giờ; ","")&IF(AND($G10="Giờ",'DM_NHAN_SU'!$K10<$BF10),"Lương giờ dưới tối thiểu vùng; ","")&IF(AND($G10="Sản phẩm",$L10>0,$O10/$L10<$BF10),"Lương SP quy đổi dưới tối thiểu giờ; ","")&IF(OR('THAM_SO'!$C$19<'THAM_SO'!$B$19,'THAM_SO'!$C$20<'THAM_SO'!$B$20,'THAM_SO'!$C$21<'THAM_SO'!$B$21,'THAM_SO'!$C$22<'THAM_SO'!$B$22,'THAM_SO'!$C$23<'THAM_SO'!$B$23,'THAM_SO'!$C$24<'THAM_SO'!$B$24,'THAM_SO'!$C$25<'THAM_SO'!$B$25),"Hệ số OT/đêm DN thấp hơn luật; ","")&IF(AND('DM_NHAN_SU'!$R10="Có",$AD10<=0),"Thiếu căn cứ đóng BH; ","")&IF(AND($AD10>0,$AD10<'THAM_SO'!$M$6),"Căn cứ BH dưới sàn – đã nâng sàn; ","")&IF($AD10>'THAM_SO'!$M$7,"Căn cứ BH vượt trần – đã giới hạn; ","")&IF(AND($F10="Net",SUM('CHAM_CONG_THANG'!$AF10:$AK10)>0,'DM_NHAN_SU'!$Q10<=0),"Net có OT nhưng chưa khai lương giờ OT; ","")&IF('CHAM_CONG_THANG'!$V10>$Z10,"Phần OT không miễn lớn hơn tiền OT; ","")&IF(AND($F10="Net",ABS($AT10-$AC10-$AP10)>1),"Lệch quy đổi Net; ","")&IF(AND($BH10>0,'DM_NHAN_SU'!$AD10=""),"Có phép năm nhưng đang tạm dùng 12 ngày; ","")&IF(AND($G10="Sản phẩm",SUM($BH10:$BJ10)>0,'DM_NHAN_SU'!$AH10<=0),"Lương sản phẩm thiếu đơn giá ngày phép/lễ; ","")&IF(AND($BL10>=14,'CHAM_CONG_THANG'!$AA10<>"Có"),"Thai sản từ 14 ngày: file tự dừng đóng BH – kiểm tra hồ sơ; ","")&IF(AND('DM_NHAN_SU'!$AA10="Có",'DM_NHAN_SU'!$AB10=""),"Đoàn viên chưa chọn cách tính đoàn phí; ","")&IF(AND('DM_NHAN_SU'!$AB10="Nhập tay",'DM_NHAN_SU'!$AC10>'THAM_SO'!$M$26),"Đoàn phí nhập tay vượt trần thông dụng; ","")&IF('NGHI_PHEP'!$L10<>"","Phép: "&'NGHI_PHEP'!$L10,"")&IF('CHE_DO_BHXH'!$AA10<>"","BHXH: "&'CHE_DO_BHXH'!$AA10,"")&IF('THUONG_T13_TET'!$O10<>"","Thưởng: "&'THUONG_T13_TET'!$O10,"")&IF('QT_NGHI_VIEC'!$AF10<>"","Nghỉ việc: "&'QT_NGHI_VIEC'!$AF10,"")&IF($AX10<0,"Thực lĩnh âm; ","")&IF(OR('DM_NHAN_SU'!$F10>'THAM_SO'!$B$7,AND('DM_NHAN_SU'!$G10<>"",'DM_NHAN_SU'!$G10<'THAM_SO'!$B$6)),"Ngoài kỳ trả lương; ",""))) | BH10: =IF('DM_NHAN_SU'!$B10="","",'CHAM_CONG_THANG'!AR10) | BI10: =IF('DM_NHAN_SU'!$B10="","",'CHAM_CONG_THANG'!AS10) | BJ10: =IF('DM_NHAN_SU'!$B10="","",'CHAM_CONG_THANG'!AT10) | BK10: =IF('DM_NHAN_SU'!$B10="","",'CHAM_CONG_THANG'!AU10) | BL10: =IF('DM_NHAN_SU'!$B10="","",'CHAM_CONG_THANG'!AV10) | BM10: =IF('DM_NHAN_SU'!$B10="","",'CHAM_CONG_THANG'!AW10) | BN10: =IF('DM_NHAN_SU'!$B10="","",SUM($K10,$BH10:$BJ10)) | BO10: =IF('DM_NHAN_SU'!$B10="","",IF($B10="",0,IF($G10="Tháng",IF($I10>0,'DM_NHAN_SU'!$K10*MIN($BH10+$BJ10,MAX($I10-$K10,0))/$I10,0),IF($G10="Ngày",'DM_NHAN_SU'!$K10*SUM($BH10:$BJ10),IF($G10="Giờ",'DM_NHAN_SU'!$K10*SUM($BH10:$BJ10)*$J10,IF($G10="Sản phẩm",'DM_NHAN_SU'!$AH10*SUM($BH10:$BJ10),0)))))) | BP10: =IF('DM_NHAN_SU'!$B10="","",IF('THUONG_T13_TET'!$L10="Có",'THUONG_T13_TET'!$I10,0)) | BQ10: =IF('DM_NHAN_SU'!$B10="","",IF('THUONG_T13_TET'!$L10="Có",SUM('THUONG_T13_TET'!$J10:$K10),0)) | BR10: =IF('DM_NHAN_SU'!$B10="","",'QT_NGHI_VIEC'!AC10) | BS10: =IF('DM_NHAN_SU'!$B10="","",'QT_NGHI_VIEC'!AB10) | BT10: =IF('DM_NHAN_SU'!$B10="","",IF('CHE_DO_BHXH'!$Z10="Có",'CHE_DO_BHXH'!$W10,0)) | BU10: =IF('DM_NHAN_SU'!$B10="","",IF('CHE_DO_BHXH'!$Y10="DN trả thay",$BT10,0)) | BV10: =IF('DM_NHAN_SU'!$B10="","",IF(OR('DM_NHAN_SU'!$AA10<>"Có",'CHE_DO_BHXH'!$O10>=1,SUM('CHE_DO_BHXH'!$D10,'CHE_DO_BHXH'!$G10,'CHE_DO_BHXH'!$K10)>=24,AND($I10>0,$BM10>=$I10)),0,IF('DM_NHAN_SU'!$AB10="Không",0,IF('DM_NHAN_SU'!$AB10="Nhập tay",'DM_NHAN_SU'!$AC10,IF('DM_NHAN_SU'!$AB10="Theo thực nhận",MIN(MAX($AT10-$AU10-$AV10-$AW10,0)*'THAM_SO'!$M$23,'THAM_SO'!$M$26),MIN($AE10*'THAM_SO'!$M$23,'THAM_SO'!$M$26)))))) | BW10: =IF('DM_NHAN_SU'!$B10="","",$AX10+$BU10)
A11: =IF('DM_NHAN_SU'!$B11="","",IF($B11="","",ROW()-5)) | B11: =IF('DM_NHAN_SU'!$B11="","",'DM_NHAN_SU'!B11) | C11: =IF('DM_NHAN_SU'!$B11="","",'DM_NHAN_SU'!C11) | D11: =IF('DM_NHAN_SU'!$B11="","",'DM_NHAN_SU'!D11) | E11: =IF('DM_NHAN_SU'!$B11="","",'DM_NHAN_SU'!E11) | F11: =IF('DM_NHAN_SU'!$B11="","",'DM_NHAN_SU'!I11) | G11: =IF('DM_NHAN_SU'!$B11="","",'DM_NHAN_SU'!J11) | H11: =IF('DM_NHAN_SU'!$B11="","",IF('DM_NHAN_SU'!H11="",'THAM_SO'!$B$11,'DM_NHAN_SU'!H11)) | I11: =IF('DM_NHAN_SU'!$B11="","",IF('DM_NHAN_SU'!L11>0,'DM_NHAN_SU'!L11,'THAM_SO'!$B$9)) | J11: =IF('DM_NHAN_SU'!$B11="","",IF('DM_NHAN_SU'!M11>0,'DM_NHAN_SU'!M11,'THAM_SO'!$B$10)) | K11: =IF('DM_NHAN_SU'!$B11="","",'CHAM_CONG_THANG'!AC11) | L11: =IF('DM_NHAN_SU'!$B11="","",'CHAM_CONG_THANG'!AD11) | M11: =IF('DM_NHAN_SU'!$B11="","",'CHAM_CONG_THANG'!AE11) | N11: =IF('DM_NHAN_SU'!$B11="","",'CHAM_CONG_THANG'!N11) | O11: =IF('DM_NHAN_SU'!$B11="","",IF($B11="","",IF($G11="Tháng",IF($I11>0,'DM_NHAN_SU'!$K11*MIN($K11,$I11)/$I11,0),IF($G11="Ngày",'DM_NHAN_SU'!$K11*$K11,IF($G11="Giờ",'DM_NHAN_SU'!$K11*$L11,IF($G11="Sản phẩm",'DM_NHAN_SU'!$K11*$N11,0)))))) | P11: =IF('DM_NHAN_SU'!$B11="","",'CHAM_CONG_THANG'!O11) | Q11: =IF('DM_NHAN_SU'!$B11="","",'CHAM_CONG_THANG'!P11) | R11: =IF('DM_NHAN_SU'!$B11="","",'CHAM_CONG_THANG'!Q11) | S11: =IF('DM_NHAN_SU'!$B11="","",'CHAM_CONG_THANG'!R11) | T11: =IF('DM_NHAN_SU'!$B11="","",'CHAM_CONG_THANG'!S11) | U11: =IF('DM_NHAN_SU'!$B11="","",MIN($T11,'THAM_SO'!$F$6)) | V11: =IF('DM_NHAN_SU'!$B11="","",MAX($T11-$U11,0)) | W11: =IF('DM_NHAN_SU'!$B11="","",'CHAM_CONG_THANG'!T11) | X11: =IF('DM_NHAN_SU'!$B11="","",'CHAM_CONG_THANG'!U11) | Y11: =IF('DM_NHAN_SU'!$B11="","",IF($B11="",0,IF('DM_NHAN_SU'!$Q11>0,'DM_NHAN_SU'!$Q11,IF($G11="Tháng",IF($I11*$J11>0,'DM_NHAN_SU'!$K11/($I11*$J11),0),IF($G11="Ngày",IF($J11>0,'DM_NHAN_SU'!$K11/$J11,0),IF($G11="Giờ",'DM_NHAN_SU'!$K11,0)))))) | Z11: =IF('DM_NHAN_SU'!$B11="","",$Y11*($M11*'THAM_SO'!$C$22+'CHAM_CONG_THANG'!$AF11*'THAM_SO'!$C$19+'CHAM_CONG_THANG'!$AG11*'THAM_SO'!$C$20+'CHAM_CONG_THANG'!$AH11*'THAM_SO'!$C$21+'CHAM_CONG_THANG'!$AI11*'THAM_SO'!$C$23+'CHAM_CONG_THANG'!$AJ11*'THAM_SO'!$C$24+'CHAM_CONG_THANG'!$AK11*'THAM_SO'!$C$25)) | AA11: =IF('DM_NHAN_SU'!$B11="","",MAX(0,$Y11*($M11*IF('THAM_SO'!$C$22>='THAM_SO'!$B$22,'THAM_SO'!$B$22,0)+'CHAM_CONG_THANG'!$AF11*IF('THAM_SO'!$C$19>='THAM_SO'!$B$19,'THAM_SO'!$B$19,0)+'CHAM_CONG_THANG'!$AG11*IF('THAM_SO'!$C$20>='THAM_SO'!$B$20,'THAM_SO'!$B$20,0)+'CHAM_CONG_THANG'!$AH11*IF('THAM_SO'!$C$21>='THAM_SO'!$B$21,'THAM_SO'!$B$21,0)+'CHAM_CONG_THANG'!$AI11*IF('THAM_SO'!$C$23>='THAM_SO'!$B$23,'THAM_SO'!$B$23,0)+'CHAM_CONG_THANG'!$AJ11*IF('THAM_SO'!$C$24>='THAM_SO'!$B$24,'THAM_SO'!$B$24,0)+'CHAM_CONG_THANG'!$AK11*IF('THAM_SO'!$C$25>='THAM_SO'!$B$25,'THAM_SO'!$B$25,0))-'CHAM_CONG_THANG'!$V11)) | AB11: =IF('DM_NHAN_SU'!$B11="","",MAX($Z11-$AA11,0)) | AC11: =IF('DM_NHAN_SU'!$B11="","",$O11+$P11+$Q11+$R11+$S11+$V11+$AB11+$BO11+$BP11+$BQ11+$BR11) | AD11: =IF('DM_NHAN_SU'!$B11="","",'DM_NHAN_SU'!N11+'DM_NHAN_SU'!O11+'DM_NHAN_SU'!P11) | AE11: =IF('DM_NHAN_SU'!$B11="","",IF(OR('DM_NHAN_SU'!$R11<>"Có",'CHAM_CONG_THANG'!$AA11="Có",$BL11>=14,$AD11<=0),0,MIN(MAX($AD11,'THAM_SO'!$M$6),'THAM_SO'!$M$7))) | AF11: =IF('DM_NHAN_SU'!$B11="","",IF(OR('DM_NHAN_SU'!$S11<>"Có",'CHAM_CONG_THANG'!$AA11="Có",$BL11>=14,$AD11<=0),0,MIN(MAX($AD11,VLOOKUP($H11,'THAM_SO'!$L$17:$P$20,4,FALSE)),VLOOKUP($H11,'THAM_SO'!$L$17:$P$20,5,FALSE)))) | AG11: =IF('DM_NHAN_SU'!$B11="","",$AE11*'THAM_SO'!$M$8) | AH11: =IF('DM_NHAN_SU'!$B11="","",$AE11*'THAM_SO'!$M$9) | AI11: =IF('DM_NHAN_SU'!$B11="","",$AF11*'THAM_SO'!$M$10) | AJ11: =IF('DM_NHAN_SU'!$B11="","",SUM($AG11:$AI11)) | AK11: =IF('DM_NHAN_SU'!$B11="","",IF($B11="",0,'THAM_SO'!$F$4)) | AL11: =IF('DM_NHAN_SU'!$B11="","",IF($B11="",0,'DM_NHAN_SU'!$T11*'THAM_SO'!$F$5)) | AM11: =IF('DM_NHAN_SU'!$B11="","",'CHAM_CONG_THANG'!W11) | AN11: =IF('DM_NHAN_SU'!$B11="","",MAX($AC11-$AK11-$AL11-$AM11,0)) | AO11: =IF('DM_NHAN_SU'!$B11="","",IF($B11="","",IF($F11="Net",IF($AC11<=$AK11+$AL11+$AM11,$AC11+$AJ11,$AJ11+$AK11+$AL11+$AM11+IF($AN11<='THAM_SO'!$J$10,($AN11-'THAM_SO'!$I$10)/(1-'THAM_SO'!$H$10),IF($AN11<='THAM_SO'!$J$11,($AN11-'THAM_SO'!$I$11)/(1-'THAM_SO'!$H$11),IF($AN11<='THAM_SO'!$J$12,($AN11-'THAM_SO'!$I$12)/(1-'THAM_SO'!$H$12),IF($AN11<='THAM_SO'!$J$13,($AN11-'THAM_SO'!$I$13)/(1-'THAM_SO'!$H$13),($AN11-'THAM_SO'!$I$14)/(1-'THAM_SO'!$H$14)))))),$AC11))) | AP11: =IF('DM_NHAN_SU'!$B11="","",$U11+$W11+$X11+$AA11+$BS11) | AQ11: =IF('DM_NHAN_SU'!$B11="","",MAX($AO11-$AJ11-$AK11-$AL11-$AM11,0)) | AR11: =IF('DM_NHAN_SU'!$B11="","",IF($AQ11<=0,0,$AQ11*VLOOKUP($AQ11,'THAM_SO'!$F$10:$I$14,3,TRUE)-VLOOKUP($AQ11,'THAM_SO'!$F$10:$I$14,4,TRUE))) | AS11: =IF('DM_NHAN_SU'!$B11="","",$AO11+$AP11) | AT11: =IF('DM_NHAN_SU'!$B11="","",$AS11-$AJ11-$AR11) | AU11: =IF('DM_NHAN_SU'!$B11="","",'CHAM_CONG_THANG'!X11) | AV11: =IF('DM_NHAN_SU'!$B11="","",'CHAM_CONG_THANG'!Y11+'QT_NGHI_VIEC'!AD11) | AW11: =IF('DM_NHAN_SU'!$B11="","",'CHAM_CONG_THANG'!Z11) | AX11: =IF('DM_NHAN_SU'!$B11="","",$AT11-$AU11-$AV11-$AW11-$BV11) | AY11: =IF('DM_NHAN_SU'!$B11="","",$AE11*'THAM_SO'!$M$11) | AZ11: =IF('DM_NHAN_SU'!$B11="","",$AE11*'THAM_SO'!$M$12) | BA11: =IF('DM_NHAN_SU'!$B11="","",$AF11*'THAM_SO'!$M$13) | BB11: =IF('DM_NHAN_SU'!$B11="","",$AE11*'THAM_SO'!$M$14) | BC11: =IF('DM_NHAN_SU'!$B11="","",SUM($AY11:$BB11)) | BD11: =IF('DM_NHAN_SU'!$B11="","",$AS11+$BC11) | BE11: =IF('DM_NHAN_SU'!$B11="","",VLOOKUP($H11,'THAM_SO'!$L$17:$P$20,2,FALSE)) | BF11: =IF('DM_NHAN_SU'!$B11="","",VLOOKUP($H11,'THAM_SO'!$L$17:$P$20,3,FALSE)) | BG11: =IF('DM_NHAN_SU'!$B11="","",IF($B11="","",IF(COUNTIF('DM_NHAN_SU'!$B$6:$B$155,$B11)>1,"Trùng mã NV; ","")&IF(OR($F11="",$G11=""),"Thiếu loại/hình thức lương; ","")&IF('CHAM_CONG_THANG'!$D11="","Chưa chọn nguồn công; ","")&IF(AND('CHAM_CONG_THANG'!$D11="Theo ngày",COUNTIF('CHAM_CONG_NGAY'!$B$6:$B$4655,$B11)=0),"Chưa có chấm công ngày; ","")&IF(OR($I11<=0,$J11<=0),"Thiếu công/giờ chuẩn; ","")&IF(AND($G11="Tháng",'DM_NHAN_SU'!$K11<$BE11),"Lương tháng dưới tối thiểu vùng; ","")&IF(AND($G11="Ngày",'DM_NHAN_SU'!$K11/$J11<$BF11),"Lương ngày quy đổi dưới tối thiểu giờ; ","")&IF(AND($G11="Giờ",'DM_NHAN_SU'!$K11<$BF11),"Lương giờ dưới tối thiểu vùng; ","")&IF(AND($G11="Sản phẩm",$L11>0,$O11/$L11<$BF11),"Lương SP quy đổi dưới tối thiểu giờ; ","")&IF(OR('THAM_SO'!$C$19<'THAM_SO'!$B$19,'THAM_SO'!$C$20<'THAM_SO'!$B$20,'THAM_SO'!$C$21<'THAM_SO'!$B$21,'THAM_SO'!$C$22<'THAM_SO'!$B$22,'THAM_SO'!$C$23<'THAM_SO'!$B$23,'THAM_SO'!$C$24<'THAM_SO'!$B$24,'THAM_SO'!$C$25<'THAM_SO'!$B$25),"Hệ số OT/đêm DN thấp hơn luật; ","")&IF(AND('DM_NHAN_SU'!$R11="Có",$AD11<=0),"Thiếu căn cứ đóng BH; ","")&IF(AND($AD11>0,$AD11<'THAM_SO'!$M$6),"Căn cứ BH dưới sàn – đã nâng sàn; ","")&IF($AD11>'THAM_SO'!$M$7,"Căn cứ BH vượt trần – đã giới hạn; ","")&IF(AND($F11="Net",SUM('CHAM_CONG_THANG'!$AF11:$AK11)>0,'DM_NHAN_SU'!$Q11<=0),"Net có OT nhưng chưa khai lương giờ OT; ","")&IF('CHAM_CONG_THANG'!$V11>$Z11,"Phần OT không miễn lớn hơn tiền OT; ","")&IF(AND($F11="Net",ABS($AT11-$AC11-$AP11)>1),"Lệch quy đổi Net; ","")&IF(AND($BH11>0,'DM_NHAN_SU'!$AD11=""),"Có phép năm nhưng đang tạm dùng 12 ngày; ","")&IF(AND($G11="Sản phẩm",SUM($BH11:$BJ11)>0,'DM_NHAN_SU'!$AH11<=0),"Lương sản phẩm thiếu đơn giá ngày phép/lễ; ","")&IF(AND($BL11>=14,'CHAM_CONG_THANG'!$AA11<>"Có"),"Thai sản từ 14 ngày: file tự dừng đóng BH – kiểm tra hồ sơ; ","")&IF(AND('DM_NHAN_SU'!$AA11="Có",'DM_NHAN_SU'!$AB11=""),"Đoàn viên chưa chọn cách tính đoàn phí; ","")&IF(AND('DM_NHAN_SU'!$AB11="Nhập tay",'DM_NHAN_SU'!$AC11>'THAM_SO'!$M$26),"Đoàn phí nhập tay vượt trần thông dụng; ","")&IF('NGHI_PHEP'!$L11<>"","Phép: "&'NGHI_PHEP'!$L11,"")&IF('CHE_DO_BHXH'!$AA11<>"","BHXH: "&'CHE_DO_BHXH'!$AA11,"")&IF('THUONG_T13_TET'!$O11<>"","Thưởng: "&'THUONG_T13_TET'!$O11,"")&IF('QT_NGHI_VIEC'!$AF11<>"","Nghỉ việc: "&'QT_NGHI_VIEC'!$AF11,"")&IF($AX11<0,"Thực lĩnh âm; ","")&IF(OR('DM_NHAN_SU'!$F11>'THAM_SO'!$B$7,AND('DM_NHAN_SU'!$G11<>"",'DM_NHAN_SU'!$G11<'THAM_SO'!$B$6)),"Ngoài kỳ trả lương; ",""))) | BH11: =IF('DM_NHAN_SU'!$B11="","",'CHAM_CONG_THANG'!AR11) | BI11: =IF('DM_NHAN_SU'!$B11="","",'CHAM_CONG_THANG'!AS11) | BJ11: =IF('DM_NHAN_SU'!$B11="","",'CHAM_CONG_THANG'!AT11) | BK11: =IF('DM_NHAN_SU'!$B11="","",'CHAM_CONG_THANG'!AU11) | BL11: =IF('DM_NHAN_SU'!$B11="","",'CHAM_CONG_THANG'!AV11) | BM11: =IF('DM_NHAN_SU'!$B11="","",'CHAM_CONG_THANG'!AW11) | BN11: =IF('DM_NHAN_SU'!$B11="","",SUM($K11,$BH11:$BJ11)) | BO11: =IF('DM_NHAN_SU'!$B11="","",IF($B11="",0,IF($G11="Tháng",IF($I11>0,'DM_NHAN_SU'!$K11*MIN($BH11+$BJ11,MAX($I11-$K11,0))/$I11,0),IF($G11="Ngày",'DM_NHAN_SU'!$K11*SUM($BH11:$BJ11),IF($G11="Giờ",'DM_NHAN_SU'!$K11*SUM($BH11:$BJ11)*$J11,IF($G11="Sản phẩm",'DM_NHAN_SU'!$AH11*SUM($BH11:$BJ11),0)))))) | BP11: =IF('DM_NHAN_SU'!$B11="","",IF('THUONG_T13_TET'!$L11="Có",'THUONG_T13_TET'!$I11,0)) | BQ11: =IF('DM_NHAN_SU'!$B11="","",IF('THUONG_T13_TET'!$L11="Có",SUM('THUONG_T13_TET'!$J11:$K11),0)) | BR11: =IF('DM_NHAN_SU'!$B11="","",'QT_NGHI_VIEC'!AC11) | BS11: =IF('DM_NHAN_SU'!$B11="","",'QT_NGHI_VIEC'!AB11) | BT11: =IF('DM_NHAN_SU'!$B11="","",IF('CHE_DO_BHXH'!$Z11="Có",'CHE_DO_BHXH'!$W11,0)) | BU11: =IF('DM_NHAN_SU'!$B11="","",IF('CHE_DO_BHXH'!$Y11="DN trả thay",$BT11,0)) | BV11: =IF('DM_NHAN_SU'!$B11="","",IF(OR('DM_NHAN_SU'!$AA11<>"Có",'CHE_DO_BHXH'!$O11>=1,SUM('CHE_DO_BHXH'!$D11,'CHE_DO_BHXH'!$G11,'CHE_DO_BHXH'!$K11)>=24,AND($I11>0,$BM11>=$I11)),0,IF('DM_NHAN_SU'!$AB11="Không",0,IF('DM_NHAN_SU'!$AB11="Nhập tay",'DM_NHAN_SU'!$AC11,IF('DM_NHAN_SU'!$AB11="Theo thực nhận",MIN(MAX($AT11-$AU11-$AV11-$AW11,0)*'THAM_SO'!$M$23,'THAM_SO'!$M$26),MIN($AE11*'THAM_SO'!$M$23,'THAM_SO'!$M$26)))))) | BW11: =IF('DM_NHAN_SU'!$B11="","",$AX11+$BU11)
A12: =IF('DM_NHAN_SU'!$B12="","",IF($B12="","",ROW()-5)) | B12: =IF('DM_NHAN_SU'!$B12="","",'DM_NHAN_SU'!B12) | C12: =IF('DM_NHAN_SU'!$B12="","",'DM_NHAN_SU'!C12) | D12: =IF('DM_NHAN_SU'!$B12="","",'DM_NHAN_SU'!D12) | E12: =IF('DM_NHAN_SU'!$B12="","",'DM_NHAN_SU'!E12) | F12: =IF('DM_NHAN_SU'!$B12="","",'DM_NHAN_SU'!I12) | G12: =IF('DM_NHAN_SU'!$B12="","",'DM_NHAN_SU'!J12) | H12: =IF('DM_NHAN_SU'!$B12="","",IF('DM_NHAN_SU'!H12="",'THAM_SO'!$B$11,'DM_NHAN_SU'!H12)) | I12: =IF('DM_NHAN_SU'!$B12="","",IF('DM_NHAN_SU'!L12>0,'DM_NHAN_SU'!L12,'THAM_SO'!$B$9)) | J12: =IF('DM_NHAN_SU'!$B12="","",IF('DM_NHAN_SU'!M12>0,'DM_NHAN_SU'!M12,'THAM_SO'!$B$10)) | K12: =IF('DM_NHAN_SU'!$B12="","",'CHAM_CONG_THANG'!AC12) | L12: =IF('DM_NHAN_SU'!$B12="","",'CHAM_CONG_THANG'!AD12) | M12: =IF('DM_NHAN_SU'!$B12="","",'CHAM_CONG_THANG'!AE12) | N12: =IF('DM_NHAN_SU'!$B12="","",'CHAM_CONG_THANG'!N12) | O12: =IF('DM_NHAN_SU'!$B12="","",IF($B12="","",IF($G12="Tháng",IF($I12>0,'DM_NHAN_SU'!$K12*MIN($K12,$I12)/$I12,0),IF($G12="Ngày",'DM_NHAN_SU'!$K12*$K12,IF($G12="Giờ",'DM_NHAN_SU'!$K12*$L12,IF($G12="Sản phẩm",'DM_NHAN_SU'!$K12*$N12,0)))))) | P12: =IF('DM_NHAN_SU'!$B12="","",'CHAM_CONG_THANG'!O12) | Q12: =IF('DM_NHAN_SU'!$B12="","",'CHAM_CONG_THANG'!P12) | R12: =IF('DM_NHAN_SU'!$B12="","",'CHAM_CONG_THANG'!Q12) | S12: =IF('DM_NHAN_SU'!$B12="","",'CHAM_CONG_THANG'!R12) | T12: =IF('DM_NHAN_SU'!$B12="","",'CHAM_CONG_THANG'!S12) | U12: =IF('DM_NHAN_SU'!$B12="","",MIN($T12,'THAM_SO'!$F$6)) | V12: =IF('DM_NHAN_SU'!$B12="","",MAX($T12-$U12,0)) | W12: =IF('DM_NHAN_SU'!$B12="","",'CHAM_CONG_THANG'!T12) | X12: =IF('DM_NHAN_SU'!$B12="","",'CHAM_CONG_THANG'!U12) | Y12: =IF('DM_NHAN_SU'!$B12="","",IF($B12="",0,IF('DM_NHAN_SU'!$Q12>0,'DM_NHAN_SU'!$Q12,IF($G12="Tháng",IF($I12*$J12>0,'DM_NHAN_SU'!$K12/($I12*$J12),0),IF($G12="Ngày",IF($J12>0,'DM_NHAN_SU'!$K12/$J12,0),IF($G12="Giờ",'DM_NHAN_SU'!$K12,0)))))) | Z12: =IF('DM_NHAN_SU'!$B12="","",$Y12*($M12*'THAM_SO'!$C$22+'CHAM_CONG_THANG'!$AF12*'THAM_SO'!$C$19+'CHAM_CONG_THANG'!$AG12*'THAM_SO'!$C$20+'CHAM_CONG_THANG'!$AH12*'THAM_SO'!$C$21+'CHAM_CONG_THANG'!$AI12*'THAM_SO'!$C$23+'CHAM_CONG_THANG'!$AJ12*'THAM_SO'!$C$24+'CHAM_CONG_THANG'!$AK12*'THAM_SO'!$C$25)) | AA12: =IF('DM_NHAN_SU'!$B12="","",MAX(0,$Y12*($M12*IF('THAM_SO'!$C$22>='THAM_SO'!$B$22,'THAM_SO'!$B$22,0)+'CHAM_CONG_THANG'!$AF12*IF('THAM_SO'!$C$19>='THAM_SO'!$B$19,'THAM_SO'!$B$19,0)+'CHAM_CONG_THANG'!$AG12*IF('THAM_SO'!$C$20>='THAM_SO'!$B$20,'THAM_SO'!$B$20,0)+'CHAM_CONG_THANG'!$AH12*IF('THAM_SO'!$C$21>='THAM_SO'!$B$21,'THAM_SO'!$B$21,0)+'CHAM_CONG_THANG'!$AI12*IF('THAM_SO'!$C$23>='THAM_SO'!$B$23,'THAM_SO'!$B$23,0)+'CHAM_CONG_THANG'!$AJ12*IF('THAM_SO'!$C$24>='THAM_SO'!$B$24,'THAM_SO'!$B$24,0)+'CHAM_CONG_THANG'!$AK12*IF('THAM_SO'!$C$25>='THAM_SO'!$B$25,'THAM_SO'!$B$25,0))-'CHAM_CONG_THANG'!$V12)) | AB12: =IF('DM_NHAN_SU'!$B12="","",MAX($Z12-$AA12,0)) | AC12: =IF('DM_NHAN_SU'!$B12="","",$O12+$P12+$Q12+$R12+$S12+$V12+$AB12+$BO12+$BP12+$BQ12+$BR12) | AD12: =IF('DM_NHAN_SU'!$B12="","",'DM_NHAN_SU'!N12+'DM_NHAN_SU'!O12+'DM_NHAN_SU'!P12) | AE12: =IF('DM_NHAN_SU'!$B12="","",IF(OR('DM_NHAN_SU'!$R12<>"Có",'CHAM_CONG_THANG'!$AA12="Có",$BL12>=14,$AD12<=0),0,MIN(MAX($AD12,'THAM_SO'!$M$6),'THAM_SO'!$M$7))) | AF12: =IF('DM_NHAN_SU'!$B12="","",IF(OR('DM_NHAN_SU'!$S12<>"Có",'CHAM_CONG_THANG'!$AA12="Có",$BL12>=14,$AD12<=0),0,MIN(MAX($AD12,VLOOKUP($H12,'THAM_SO'!$L$17:$P$20,4,FALSE)),VLOOKUP($H12,'THAM_SO'!$L$17:$P$20,5,FALSE)))) | AG12: =IF('DM_NHAN_SU'!$B12="","",$AE12*'THAM_SO'!$M$8) | AH12: =IF('DM_NHAN_SU'!$B12="","",$AE12*'THAM_SO'!$M$9) | AI12: =IF('DM_NHAN_SU'!$B12="","",$AF12*'THAM_SO'!$M$10) | AJ12: =IF('DM_NHAN_SU'!$B12="","",SUM($AG12:$AI12)) | AK12: =IF('DM_NHAN_SU'!$B12="","",IF($B12="",0,'THAM_SO'!$F$4)) | AL12: =IF('DM_NHAN_SU'!$B12="","",IF($B12="",0,'DM_NHAN_SU'!$T12*'THAM_SO'!$F$5)) | AM12: =IF('DM_NHAN_SU'!$B12="","",'CHAM_CONG_THANG'!W12) | AN12: =IF('DM_NHAN_SU'!$B12="","",MAX($AC12-$AK12-$AL12-$AM12,0)) | AO12: =IF('DM_NHAN_SU'!$B12="","",IF($B12="","",IF($F12="Net",IF($AC12<=$AK12+$AL12+$AM12,$AC12+$AJ12,$AJ12+$AK12+$AL12+$AM12+IF($AN12<='THAM_SO'!$J$10,($AN12-'THAM_SO'!$I$10)/(1-'THAM_SO'!$H$10),IF($AN12<='THAM_SO'!$J$11,($AN12-'THAM_SO'!$I$11)/(1-'THAM_SO'!$H$11),IF($AN12<='THAM_SO'!$J$12,($AN12-'THAM_SO'!$I$12)/(1-'THAM_SO'!$H$12),IF($AN12<='THAM_SO'!$J$13,($AN12-'THAM_SO'!$I$13)/(1-'THAM_SO'!$H$13),($AN12-'THAM_SO'!$I$14)/(1-'THAM_SO'!$H$14)))))),$AC12))) | AP12: =IF('DM_NHAN_SU'!$B12="","",$U12+$W12+$X12+$AA12+$BS12) | AQ12: =IF('DM_NHAN_SU'!$B12="","",MAX($AO12-$AJ12-$AK12-$AL12-$AM12,0)) | AR12: =IF('DM_NHAN_SU'!$B12="","",IF($AQ12<=0,0,$AQ12*VLOOKUP($AQ12,'THAM_SO'!$F$10:$I$14,3,TRUE)-VLOOKUP($AQ12,'THAM_SO'!$F$10:$I$14,4,TRUE))) | AS12: =IF('DM_NHAN_SU'!$B12="","",$AO12+$AP12) | AT12: =IF('DM_NHAN_SU'!$B12="","",$AS12-$AJ12-$AR12) | AU12: =IF('DM_NHAN_SU'!$B12="","",'CHAM_CONG_THANG'!X12) | AV12: =IF('DM_NHAN_SU'!$B12="","",'CHAM_CONG_THANG'!Y12+'QT_NGHI_VIEC'!AD12) | AW12: =IF('DM_NHAN_SU'!$B12="","",'CHAM_CONG_THANG'!Z12) | AX12: =IF('DM_NHAN_SU'!$B12="","",$AT12-$AU12-$AV12-$AW12-$BV12) | AY12: =IF('DM_NHAN_SU'!$B12="","",$AE12*'THAM_SO'!$M$11) | AZ12: =IF('DM_NHAN_SU'!$B12="","",$AE12*'THAM_SO'!$M$12) | BA12: =IF('DM_NHAN_SU'!$B12="","",$AF12*'THAM_SO'!$M$13) | BB12: =IF('DM_NHAN_SU'!$B12="","",$AE12*'THAM_SO'!$M$14) | BC12: =IF('DM_NHAN_SU'!$B12="","",SUM($AY12:$BB12)) | BD12: =IF('DM_NHAN_SU'!$B12="","",$AS12+$BC12) | BE12: =IF('DM_NHAN_SU'!$B12="","",VLOOKUP($H12,'THAM_SO'!$L$17:$P$20,2,FALSE)) | BF12: =IF('DM_NHAN_SU'!$B12="","",VLOOKUP($H12,'THAM_SO'!$L$17:$P$20,3,FALSE)) | BG12: =IF('DM_NHAN_SU'!$B12="","",IF($B12="","",IF(COUNTIF('DM_NHAN_SU'!$B$6:$B$155,$B12)>1,"Trùng mã NV; ","")&IF(OR($F12="",$G12=""),"Thiếu loại/hình thức lương; ","")&IF('CHAM_CONG_THANG'!$D12="","Chưa chọn nguồn công; ","")&IF(AND('CHAM_CONG_THANG'!$D12="Theo ngày",COUNTIF('CHAM_CONG_NGAY'!$B$6:$B$4655,$B12)=0),"Chưa có chấm công ngày; ","")&IF(OR($I12<=0,$J12<=0),"Thiếu công/giờ chuẩn; ","")&IF(AND($G12="Tháng",'DM_NHAN_SU'!$K12<$BE12),"Lương tháng dưới tối thiểu vùng; ","")&IF(AND($G12="Ngày",'DM_NHAN_SU'!$K12/$J12<$BF12),"Lương ngày quy đổi dưới tối thiểu giờ; ","")&IF(AND($G12="Giờ",'DM_NHAN_SU'!$K12<$BF12),"Lương giờ dưới tối thiểu vùng; ","")&IF(AND($G12="Sản phẩm",$L12>0,$O12/$L12<$BF12),"Lương SP quy đổi dưới tối thiểu giờ; ","")&IF(OR('THAM_SO'!$C$19<'THAM_SO'!$B$19,'THAM_SO'!$C$20<'THAM_SO'!$B$20,'THAM_SO'!$C$21<'THAM_SO'!$B$21,'THAM_SO'!$C$22<'THAM_SO'!$B$22,'THAM_SO'!$C$23<'THAM_SO'!$B$23,'THAM_SO'!$C$24<'THAM_SO'!$B$24,'THAM_SO'!$C$25<'THAM_SO'!$B$25),"Hệ số OT/đêm DN thấp hơn luật; ","")&IF(AND('DM_NHAN_SU'!$R12="Có",$AD12<=0),"Thiếu căn cứ đóng BH; ","")&IF(AND($AD12>0,$AD12<'THAM_SO'!$M$6),"Căn cứ BH dưới sàn – đã nâng sàn; ","")&IF($AD12>'THAM_SO'!$M$7,"Căn cứ BH vượt trần – đã giới hạn; ","")&IF(AND($F12="Net",SUM('CHAM_CONG_THANG'!$AF12:$AK12)>0,'DM_NHAN_SU'!$Q12<=0),"Net có OT nhưng chưa khai lương giờ OT; ","")&IF('CHAM_CONG_THANG'!$V12>$Z12,"Phần OT không miễn lớn hơn tiền OT; ","")&IF(AND($F12="Net",ABS($AT12-$AC12-$AP12)>1),"Lệch quy đổi Net; ","")&IF(AND($BH12>0,'DM_NHAN_SU'!$AD12=""),"Có phép năm nhưng đang tạm dùng 12 ngày; ","")&IF(AND($G12="Sản phẩm",SUM($BH12:$BJ12)>0,'DM_NHAN_SU'!$AH12<=0),"Lương sản phẩm thiếu đơn giá ngày phép/lễ; ","")&IF(AND($BL12>=14,'CHAM_CONG_THANG'!$AA12<>"Có"),"Thai sản từ 14 ngày: file tự dừng đóng BH – kiểm tra hồ sơ; ","")&IF(AND('DM_NHAN_SU'!$AA12="Có",'DM_NHAN_SU'!$AB12=""),"Đoàn viên chưa chọn cách tính đoàn phí; ","")&IF(AND('DM_NHAN_SU'!$AB12="Nhập tay",'DM_NHAN_SU'!$AC12>'THAM_SO'!$M$26),"Đoàn phí nhập tay vượt trần thông dụng; ","")&IF('NGHI_PHEP'!$L12<>"","Phép: "&'NGHI_PHEP'!$L12,"")&IF('CHE_DO_BHXH'!$AA12<>"","BHXH: "&'CHE_DO_BHXH'!$AA12,"")&IF('THUONG_T13_TET'!$O12<>"","Thưởng: "&'THUONG_T13_TET'!$O12,"")&IF('QT_NGHI_VIEC'!$AF12<>"","Nghỉ việc: "&'QT_NGHI_VIEC'!$AF12,"")&IF($AX12<0,"Thực lĩnh âm; ","")&IF(OR('DM_NHAN_SU'!$F12>'THAM_SO'!$B$7,AND('DM_NHAN_SU'!$G12<>"",'DM_NHAN_SU'!$G12<'THAM_SO'!$B$6)),"Ngoài kỳ trả lương; ",""))) | BH12: =IF('DM_NHAN_SU'!$B12="","",'CHAM_CONG_THANG'!AR12) | BI12: =IF('DM_NHAN_SU'!$B12="","",'CHAM_CONG_THANG'!AS12) | BJ12: =IF('DM_NHAN_SU'!$B12="","",'CHAM_CONG_THANG'!AT12) | BK12: =IF('DM_NHAN_SU'!$B12="","",'CHAM_CONG_THANG'!AU12) | BL12: =IF('DM_NHAN_SU'!$B12="","",'CHAM_CONG_THANG'!AV12) | BM12: =IF('DM_NHAN_SU'!$B12="","",'CHAM_CONG_THANG'!AW12) | BN12: =IF('DM_NHAN_SU'!$B12="","",SUM($K12,$BH12:$BJ12)) | BO12: =IF('DM_NHAN_SU'!$B12="","",IF($B12="",0,IF($G12="Tháng",IF($I12>0,'DM_NHAN_SU'!$K12*MIN($BH12+$BJ12,MAX($I12-$K12,0))/$I12,0),IF($G12="Ngày",'DM_NHAN_SU'!$K12*SUM($BH12:$BJ12),IF($G12="Giờ",'DM_NHAN_SU'!$K12*SUM($BH12:$BJ12)*$J12,IF($G12="Sản phẩm",'DM_NHAN_SU'!$AH12*SUM($BH12:$BJ12),0)))))) | BP12: =IF('DM_NHAN_SU'!$B12="","",IF('THUONG_T13_TET'!$L12="Có",'THUONG_T13_TET'!$I12,0)) | BQ12: =IF('DM_NHAN_SU'!$B12="","",IF('THUONG_T13_TET'!$L12="Có",SUM('THUONG_T13_TET'!$J12:$K12),0)) | BR12: =IF('DM_NHAN_SU'!$B12="","",'QT_NGHI_VIEC'!AC12) | BS12: =IF('DM_NHAN_SU'!$B12="","",'QT_NGHI_VIEC'!AB12) | BT12: =IF('DM_NHAN_SU'!$B12="","",IF('CHE_DO_BHXH'!$Z12="Có",'CHE_DO_BHXH'!$W12,0)) | BU12: =IF('DM_NHAN_SU'!$B12="","",IF('CHE_DO_BHXH'!$Y12="DN trả thay",$BT12,0)) | BV12: =IF('DM_NHAN_SU'!$B12="","",IF(OR('DM_NHAN_SU'!$AA12<>"Có",'CHE_DO_BHXH'!$O12>=1,SUM('CHE_DO_BHXH'!$D12,'CHE_DO_BHXH'!$G12,'CHE_DO_BHXH'!$K12)>=24,AND($I12>0,$BM12>=$I12)),0,IF('DM_NHAN_SU'!$AB12="Không",0,IF('DM_NHAN_SU'!$AB12="Nhập tay",'DM_NHAN_SU'!$AC12,IF('DM_NHAN_SU'!$AB12="Theo thực nhận",MIN(MAX($AT12-$AU12-$AV12-$AW12,0)*'THAM_SO'!$M$23,'THAM_SO'!$M$26),MIN($AE12*'THAM_SO'!$M$23,'THAM_SO'!$M$26)))))) | BW12: =IF('DM_NHAN_SU'!$B12="","",$AX12+$BU12)
A13: =IF('DM_NHAN_SU'!$B13="","",IF($B13="","",ROW()-5)) | B13: =IF('DM_NHAN_SU'!$B13="","",'DM_NHAN_SU'!B13) | C13: =IF('DM_NHAN_SU'!$B13="","",'DM_NHAN_SU'!C13) | D13: =IF('DM_NHAN_SU'!$B13="","",'DM_NHAN_SU'!D13) | E13: =IF('DM_NHAN_SU'!$B13="","",'DM_NHAN_SU'!E13) | F13: =IF('DM_NHAN_SU'!$B13="","",'DM_NHAN_SU'!I13) | G13: =IF('DM_NHAN_SU'!$B13="","",'DM_NHAN_SU'!J13) | H13: =IF('DM_NHAN_SU'!$B13="","",IF('DM_NHAN_SU'!H13="",'THAM_SO'!$B$11,'DM_NHAN_SU'!H13)) | I13: =IF('DM_NHAN_SU'!$B13="","",IF('DM_NHAN_SU'!L13>0,'DM_NHAN_SU'!L13,'THAM_SO'!$B$9)) | J13: =IF('DM_NHAN_SU'!$B13="","",IF('DM_NHAN_SU'!M13>0,'DM_NHAN_SU'!M13,'THAM_SO'!$B$10)) | K13: =IF('DM_NHAN_SU'!$B13="","",'CHAM_CONG_THANG'!AC13) | L13: =IF('DM_NHAN_SU'!$B13="","",'CHAM_CONG_THANG'!AD13) | M13: =IF('DM_NHAN_SU'!$B13="","",'CHAM_CONG_THANG'!AE13) | N13: =IF('DM_NHAN_SU'!$B13="","",'CHAM_CONG_THANG'!N13) | O13: =IF('DM_NHAN_SU'!$B13="","",IF($B13="","",IF($G13="Tháng",IF($I13>0,'DM_NHAN_SU'!$K13*MIN($K13,$I13)/$I13,0),IF($G13="Ngày",'DM_NHAN_SU'!$K13*$K13,IF($G13="Giờ",'DM_NHAN_SU'!$K13*$L13,IF($G13="Sản phẩm",'DM_NHAN_SU'!$K13*$N13,0)))))) | P13: =IF('DM_NHAN_SU'!$B13="","",'CHAM_CONG_THANG'!O13) | Q13: =IF('DM_NHAN_SU'!$B13="","",'CHAM_CONG_THANG'!P13) | R13: =IF('DM_NHAN_SU'!$B13="","",'CHAM_CONG_THANG'!Q13) | S13: =IF('DM_NHAN_SU'!$B13="","",'CHAM_CONG_THANG'!R13) | T13: =IF('DM_NHAN_SU'!$B13="","",'CHAM_CONG_THANG'!S13) | U13: =IF('DM_NHAN_SU'!$B13="","",MIN($T13,'THAM_SO'!$F$6)) | V13: =IF('DM_NHAN_SU'!$B13="","",MAX($T13-$U13,0)) | W13: =IF('DM_NHAN_SU'!$B13="","",'CHAM_CONG_THANG'!T13) | X13: =IF('DM_NHAN_SU'!$B13="","",'CHAM_CONG_THANG'!U13) | Y13: =IF('DM_NHAN_SU'!$B13="","",IF($B13="",0,IF('DM_NHAN_SU'!$Q13>0,'DM_NHAN_SU'!$Q13,IF($G13="Tháng",IF($I13*$J13>0,'DM_NHAN_SU'!$K13/($I13*$J13),0),IF($G13="Ngày",IF($J13>0,'DM_NHAN_SU'!$K13/$J13,0),IF($G13="Giờ",'DM_NHAN_SU'!$K13,0)))))) | Z13: =IF('DM_NHAN_SU'!$B13="","",$Y13*($M13*'THAM_SO'!$C$22+'CHAM_CONG_THANG'!$AF13*'THAM_SO'!$C$19+'CHAM_CONG_THANG'!$AG13*'THAM_SO'!$C$20+'CHAM_CONG_THANG'!$AH13*'THAM_SO'!$C$21+'CHAM_CONG_THANG'!$AI13*'THAM_SO'!$C$23+'CHAM_CONG_THANG'!$AJ13*'THAM_SO'!$C$24+'CHAM_CONG_THANG'!$AK13*'THAM_SO'!$C$25)) | AA13: =IF('DM_NHAN_SU'!$B13="","",MAX(0,$Y13*($M13*IF('THAM_SO'!$C$22>='THAM_SO'!$B$22,'THAM_SO'!$B$22,0)+'CHAM_CONG_THANG'!$AF13*IF('THAM_SO'!$C$19>='THAM_SO'!$B$19,'THAM_SO'!$B$19,0)+'CHAM_CONG_THANG'!$AG13*IF('THAM_SO'!$C$20>='THAM_SO'!$B$20,'THAM_SO'!$B$20,0)+'CHAM_CONG_THANG'!$AH13*IF('THAM_SO'!$C$21>='THAM_SO'!$B$21,'THAM_SO'!$B$21,0)+'CHAM_CONG_THANG'!$AI13*IF('THAM_SO'!$C$23>='THAM_SO'!$B$23,'THAM_SO'!$B$23,0)+'CHAM_CONG_THANG'!$AJ13*IF('THAM_SO'!$C$24>='THAM_SO'!$B$24,'THAM_SO'!$B$24,0)+'CHAM_CONG_THANG'!$AK13*IF('THAM_SO'!$C$25>='THAM_SO'!$B$25,'THAM_SO'!$B$25,0))-'CHAM_CONG_THANG'!$V13)) | AB13: =IF('DM_NHAN_SU'!$B13="","",MAX($Z13-$AA13,0)) | AC13: =IF('DM_NHAN_SU'!$B13="","",$O13+$P13+$Q13+$R13+$S13+$V13+$AB13+$BO13+$BP13+$BQ13+$BR13) | AD13: =IF('DM_NHAN_SU'!$B13="","",'DM_NHAN_SU'!N13+'DM_NHAN_SU'!O13+'DM_NHAN_SU'!P13) | AE13: =IF('DM_NHAN_SU'!$B13="","",IF(OR('DM_NHAN_SU'!$R13<>"Có",'CHAM_CONG_THANG'!$AA13="Có",$BL13>=14,$AD13<=0),0,MIN(MAX($AD13,'THAM_SO'!$M$6),'THAM_SO'!$M$7))) | AF13: =IF('DM_NHAN_SU'!$B13="","",IF(OR('DM_NHAN_SU'!$S13<>"Có",'CHAM_CONG_THANG'!$AA13="Có",$BL13>=14,$AD13<=0),0,MIN(MAX($AD13,VLOOKUP($H13,'THAM_SO'!$L$17:$P$20,4,FALSE)),VLOOKUP($H13,'THAM_SO'!$L$17:$P$20,5,FALSE)))) | AG13: =IF('DM_NHAN_SU'!$B13="","",$AE13*'THAM_SO'!$M$8) | AH13: =IF('DM_NHAN_SU'!$B13="","",$AE13*'THAM_SO'!$M$9) | AI13: =IF('DM_NHAN_SU'!$B13="","",$AF13*'THAM_SO'!$M$10) | AJ13: =IF('DM_NHAN_SU'!$B13="","",SUM($AG13:$AI13)) | AK13: =IF('DM_NHAN_SU'!$B13="","",IF($B13="",0,'THAM_SO'!$F$4)) | AL13: =IF('DM_NHAN_SU'!$B13="","",IF($B13="",0,'DM_NHAN_SU'!$T13*'THAM_SO'!$F$5)) | AM13: =IF('DM_NHAN_SU'!$B13="","",'CHAM_CONG_THANG'!W13) | AN13: =IF('DM_NHAN_SU'!$B13="","",MAX($AC13-$AK13-$AL13-$AM13,0)) | AO13: =IF('DM_NHAN_SU'!$B13="","",IF($B13="","",IF($F13="Net",IF($AC13<=$AK13+$AL13+$AM13,$AC13+$AJ13,$AJ13+$AK13+$AL13+$AM13+IF($AN13<='THAM_SO'!$J$10,($AN13-'THAM_SO'!$I$10)/(1-'THAM_SO'!$H$10),IF($AN13<='THAM_SO'!$J$11,($AN13-'THAM_SO'!$I$11)/(1-'THAM_SO'!$H$11),IF($AN13<='THAM_SO'!$J$12,($AN13-'THAM_SO'!$I$12)/(1-'THAM_SO'!$H$12),IF($AN13<='THAM_SO'!$J$13,($AN13-'THAM_SO'!$I$13)/(1-'THAM_SO'!$H$13),($AN13-'THAM_SO'!$I$14)/(1-'THAM_SO'!$H$14)))))),$AC13))) | AP13: =IF('DM_NHAN_SU'!$B13="","",$U13+$W13+$X13+$AA13+$BS13) | AQ13: =IF('DM_NHAN_SU'!$B13="","",MAX($AO13-$AJ13-$AK13-$AL13-$AM13,0)) | AR13: =IF('DM_NHAN_SU'!$B13="","",IF($AQ13<=0,0,$AQ13*VLOOKUP($AQ13,'THAM_SO'!$F$10:$I$14,3,TRUE)-VLOOKUP($AQ13,'THAM_SO'!$F$10:$I$14,4,TRUE))) | AS13: =IF('DM_NHAN_SU'!$B13="","",$AO13+$AP13) | AT13: =IF('DM_NHAN_SU'!$B13="","",$AS13-$AJ13-$AR13) | AU13: =IF('DM_NHAN_SU'!$B13="","",'CHAM_CONG_THANG'!X13) | AV13: =IF('DM_NHAN_SU'!$B13="","",'CHAM_CONG_THANG'!Y13+'QT_NGHI_VIEC'!AD13) | AW13: =IF('DM_NHAN_SU'!$B13="","",'CHAM_CONG_THANG'!Z13) | AX13: =IF('DM_NHAN_SU'!$B13="","",$AT13-$AU13-$AV13-$AW13-$BV13) | AY13: =IF('DM_NHAN_SU'!$B13="","",$AE13*'THAM_SO'!$M$11) | AZ13: =IF('DM_NHAN_SU'!$B13="","",$AE13*'THAM_SO'!$M$12) | BA13: =IF('DM_NHAN_SU'!$B13="","",$AF13*'THAM_SO'!$M$13) | BB13: =IF('DM_NHAN_SU'!$B13="","",$AE13*'THAM_SO'!$M$14) | BC13: =IF('DM_NHAN_SU'!$B13="","",SUM($AY13:$BB13)) | BD13: =IF('DM_NHAN_SU'!$B13="","",$AS13+$BC13) | BE13: =IF('DM_NHAN_SU'!$B13="","",VLOOKUP($H13,'THAM_SO'!$L$17:$P$20,2,FALSE)) | BF13: =IF('DM_NHAN_SU'!$B13="","",VLOOKUP($H13,'THAM_SO'!$L$17:$P$20,3,FALSE)) | BG13: =IF('DM_NHAN_SU'!$B13="","",IF($B13="","",IF(COUNTIF('DM_NHAN_SU'!$B$6:$B$155,$B13)>1,"Trùng mã NV; ","")&IF(OR($F13="",$G13=""),"Thiếu loại/hình thức lương; ","")&IF('CHAM_CONG_THANG'!$D13="","Chưa chọn nguồn công; ","")&IF(AND('CHAM_CONG_THANG'!$D13="Theo ngày",COUNTIF('CHAM_CONG_NGAY'!$B$6:$B$4655,$B13)=0),"Chưa có chấm công ngày; ","")&IF(OR($I13<=0,$J13<=0),"Thiếu công/giờ chuẩn; ","")&IF(AND($G13="Tháng",'DM_NHAN_SU'!$K13<$BE13),"Lương tháng dưới tối thiểu vùng; ","")&IF(AND($G13="Ngày",'DM_NHAN_SU'!$K13/$J13<$BF13),"Lương ngày quy đổi dưới tối thiểu giờ; ","")&IF(AND($G13="Giờ",'DM_NHAN_SU'!$K13<$BF13),"Lương giờ dưới tối thiểu vùng; ","")&IF(AND($G13="Sản phẩm",$L13>0,$O13/$L13<$BF13),"Lương SP quy đổi dưới tối thiểu giờ; ","")&IF(OR('THAM_SO'!$C$19<'THAM_SO'!$B$19,'THAM_SO'!$C$20<'THAM_SO'!$B$20,'THAM_SO'!$C$21<'THAM_SO'!$B$21,'THAM_SO'!$C$22<'THAM_SO'!$B$22,'THAM_SO'!$C$23<'THAM_SO'!$B$23,'THAM_SO'!$C$24<'THAM_SO'!$B$24,'THAM_SO'!$C$25<'THAM_SO'!$B$25),"Hệ số OT/đêm DN thấp hơn luật; ","")&IF(AND('DM_NHAN_SU'!$R13="Có",$AD13<=0),"Thiếu căn cứ đóng BH; ","")&IF(AND($AD13>0,$AD13<'THAM_SO'!$M$6),"Căn cứ BH dưới sàn – đã nâng sàn; ","")&IF($AD13>'THAM_SO'!$M$7,"Căn cứ BH vượt trần – đã giới hạn; ","")&IF(AND($F13="Net",SUM('CHAM_CONG_THANG'!$AF13:$AK13)>0,'DM_NHAN_SU'!$Q13<=0),"Net có OT nhưng chưa khai lương giờ OT; ","")&IF('CHAM_CONG_THANG'!$V13>$Z13,"Phần OT không miễn lớn hơn tiền OT; ","")&IF(AND($F13="Net",ABS($AT13-$AC13-$AP13)>1),"Lệch quy đổi Net; ","")&IF(AND($BH13>0,'DM_NHAN_SU'!$AD13=""),"Có phép năm nhưng đang tạm dùng 12 ngày; ","")&IF(AND($G13="Sản phẩm",SUM($BH13:$BJ13)>0,'DM_NHAN_SU'!$AH13<=0),"Lương sản phẩm thiếu đơn giá ngày phép/lễ; ","")&IF(AND($BL13>=14,'CHAM_CONG_THANG'!$AA13<>"Có"),"Thai sản từ 14 ngày: file tự dừng đóng BH – kiểm tra hồ sơ; ","")&IF(AND('DM_NHAN_SU'!$AA13="Có",'DM_NHAN_SU'!$AB13=""),"Đoàn viên chưa chọn cách tính đoàn phí; ","")&IF(AND('DM_NHAN_SU'!$AB13="Nhập tay",'DM_NHAN_SU'!$AC13>'THAM_SO'!$M$26),"Đoàn phí nhập tay vượt trần thông dụng; ","")&IF('NGHI_PHEP'!$L13<>"","Phép: "&'NGHI_PHEP'!$L13,"")&IF('CHE_DO_BHXH'!$AA13<>"","BHXH: "&'CHE_DO_BHXH'!$AA13,"")&IF('THUONG_T13_TET'!$O13<>"","Thưởng: "&'THUONG_T13_TET'!$O13,"")&IF('QT_NGHI_VIEC'!$AF13<>"","Nghỉ việc: "&'QT_NGHI_VIEC'!$AF13,"")&IF($AX13<0,"Thực lĩnh âm; ","")&IF(OR('DM_NHAN_SU'!$F13>'THAM_SO'!$B$7,AND('DM_NHAN_SU'!$G13<>"",'DM_NHAN_SU'!$G13<'THAM_SO'!$B$6)),"Ngoài kỳ trả lương; ",""))) | BH13: =IF('DM_NHAN_SU'!$B13="","",'CHAM_CONG_THANG'!AR13) | BI13: =IF('DM_NHAN_SU'!$B13="","",'CHAM_CONG_THANG'!AS13) | BJ13: =IF('DM_NHAN_SU'!$B13="","",'CHAM_CONG_THANG'!AT13) | BK13: =IF('DM_NHAN_SU'!$B13="","",'CHAM_CONG_THANG'!AU13) | BL13: =IF('DM_NHAN_SU'!$B13="","",'CHAM_CONG_THANG'!AV13) | BM13: =IF('DM_NHAN_SU'!$B13="","",'CHAM_CONG_THANG'!AW13) | BN13: =IF('DM_NHAN_SU'!$B13="","",SUM($K13,$BH13:$BJ13)) | BO13: =IF('DM_NHAN_SU'!$B13="","",IF($B13="",0,IF($G13="Tháng",IF($I13>0,'DM_NHAN_SU'!$K13*MIN($BH13+$BJ13,MAX($I13-$K13,0))/$I13,0),IF($G13="Ngày",'DM_NHAN_SU'!$K13*SUM($BH13:$BJ13),IF($G13="Giờ",'DM_NHAN_SU'!$K13*SUM($BH13:$BJ13)*$J13,IF($G13="Sản phẩm",'DM_NHAN_SU'!$AH13*SUM($BH13:$BJ13),0)))))) | BP13: =IF('DM_NHAN_SU'!$B13="","",IF('THUONG_T13_TET'!$L13="Có",'THUONG_T13_TET'!$I13,0)) | BQ13: =IF('DM_NHAN_SU'!$B13="","",IF('THUONG_T13_TET'!$L13="Có",SUM('THUONG_T13_TET'!$J13:$K13),0)) | BR13: =IF('DM_NHAN_SU'!$B13="","",'QT_NGHI_VIEC'!AC13) | BS13: =IF('DM_NHAN_SU'!$B13="","",'QT_NGHI_VIEC'!AB13) | BT13: =IF('DM_NHAN_SU'!$B13="","",IF('CHE_DO_BHXH'!$Z13="Có",'CHE_DO_BHXH'!$W13,0)) | BU13: =IF('DM_NHAN_SU'!$B13="","",IF('CHE_DO_BHXH'!$Y13="DN trả thay",$BT13,0)) | BV13: =IF('DM_NHAN_SU'!$B13="","",IF(OR('DM_NHAN_SU'!$AA13<>"Có",'CHE_DO_BHXH'!$O13>=1,SUM('CHE_DO_BHXH'!$D13,'CHE_DO_BHXH'!$G13,'CHE_DO_BHXH'!$K13)>=24,AND($I13>0,$BM13>=$I13)),0,IF('DM_NHAN_SU'!$AB13="Không",0,IF('DM_NHAN_SU'!$AB13="Nhập tay",'DM_NHAN_SU'!$AC13,IF('DM_NHAN_SU'!$AB13="Theo thực nhận",MIN(MAX($AT13-$AU13-$AV13-$AW13,0)*'THAM_SO'!$M$23,'THAM_SO'!$M$26),MIN($AE13*'THAM_SO'!$M$23,'THAM_SO'!$M$26)))))) | BW13: =IF('DM_NHAN_SU'!$B13="","",$AX13+$BU13)
A14: =IF('DM_NHAN_SU'!$B14="","",IF($B14="","",ROW()-5)) | B14: =IF('DM_NHAN_SU'!$B14="","",'DM_NHAN_SU'!B14) | C14: =IF('DM_NHAN_SU'!$B14="","",'DM_NHAN_SU'!C14) | D14: =IF('DM_NHAN_SU'!$B14="","",'DM_NHAN_SU'!D14) | E14: =IF('DM_NHAN_SU'!$B14="","",'DM_NHAN_SU'!E14) | F14: =IF('DM_NHAN_SU'!$B14="","",'DM_NHAN_SU'!I14) | G14: =IF('DM_NHAN_SU'!$B14="","",'DM_NHAN_SU'!J14) | H14: =IF('DM_NHAN_SU'!$B14="","",IF('DM_NHAN_SU'!H14="",'THAM_SO'!$B$11,'DM_NHAN_SU'!H14)) | I14: =IF('DM_NHAN_SU'!$B14="","",IF('DM_NHAN_SU'!L14>0,'DM_NHAN_SU'!L14,'THAM_SO'!$B$9)) | J14: =IF('DM_NHAN_SU'!$B14="","",IF('DM_NHAN_SU'!M14>0,'DM_NHAN_SU'!M14,'THAM_SO'!$B$10)) | K14: =IF('DM_NHAN_SU'!$B14="","",'CHAM_CONG_THANG'!AC14) | L14: =IF('DM_NHAN_SU'!$B14="","",'CHAM_CONG_THANG'!AD14) | M14: =IF('DM_NHAN_SU'!$B14="","",'CHAM_CONG_THANG'!AE14) | N14: =IF('DM_NHAN_SU'!$B14="","",'CHAM_CONG_THANG'!N14) | O14: =IF('DM_NHAN_SU'!$B14="","",IF($B14="","",IF($G14="Tháng",IF($I14>0,'DM_NHAN_SU'!$K14*MIN($K14,$I14)/$I14,0),IF($G14="Ngày",'DM_NHAN_SU'!$K14*$K14,IF($G14="Giờ",'DM_NHAN_SU'!$K14*$L14,IF($G14="Sản phẩm",'DM_NHAN_SU'!$K14*$N14,0)))))) | P14: =IF('DM_NHAN_SU'!$B14="","",'CHAM_CONG_THANG'!O14) | Q14: =IF('DM_NHAN_SU'!$B14="","",'CHAM_CONG_THANG'!P14) | R14: =IF('DM_NHAN_SU'!$B14="","",'CHAM_CONG_THANG'!Q14) | S14: =IF('DM_NHAN_SU'!$B14="","",'CHAM_CONG_THANG'!R14) | T14: =IF('DM_NHAN_SU'!$B14="","",'CHAM_CONG_THANG'!S14) | U14: =IF('DM_NHAN_SU'!$B14="","",MIN($T14,'THAM_SO'!$F$6)) | V14: =IF('DM_NHAN_SU'!$B14="","",MAX($T14-$U14,0)) | W14: =IF('DM_NHAN_SU'!$B14="","",'CHAM_CONG_THANG'!T14) | X14: =IF('DM_NHAN_SU'!$B14="","",'CHAM_CONG_THANG'!U14) | Y14: =IF('DM_NHAN_SU'!$B14="","",IF($B14="",0,IF('DM_NHAN_SU'!$Q14>0,'DM_NHAN_SU'!$Q14,IF($G14="Tháng",IF($I14*$J14>0,'DM_NHAN_SU'!$K14/($I14*$J14),0),IF($G14="Ngày",IF($J14>0,'DM_NHAN_SU'!$K14/$J14,0),IF($G14="Giờ",'DM_NHAN_SU'!$K14,0)))))) | Z14: =IF('DM_NHAN_SU'!$B14="","",$Y14*($M14*'THAM_SO'!$C$22+'CHAM_CONG_THANG'!$AF14*'THAM_SO'!$C$19+'CHAM_CONG_THANG'!$AG14*'THAM_SO'!$C$20+'CHAM_CONG_THANG'!$AH14*'THAM_SO'!$C$21+'CHAM_CONG_THANG'!$AI14*'THAM_SO'!$C$23+'CHAM_CONG_THANG'!$AJ14*'THAM_SO'!$C$24+'CHAM_CONG_THANG'!$AK14*'THAM_SO'!$C$25)) | AA14: =IF('DM_NHAN_SU'!$B14="","",MAX(0,$Y14*($M14*IF('THAM_SO'!$C$22>='THAM_SO'!$B$22,'THAM_SO'!$B$22,0)+'CHAM_CONG_THANG'!$AF14*IF('THAM_SO'!$C$19>='THAM_SO'!$B$19,'THAM_SO'!$B$19,0)+'CHAM_CONG_THANG'!$AG14*IF('THAM_SO'!$C$20>='THAM_SO'!$B$20,'THAM_SO'!$B$20,0)+'CHAM_CONG_THANG'!$AH14*IF('THAM_SO'!$C$21>='THAM_SO'!$B$21,'THAM_SO'!$B$21,0)+'CHAM_CONG_THANG'!$AI14*IF('THAM_SO'!$C$23>='THAM_SO'!$B$23,'THAM_SO'!$B$23,0)+'CHAM_CONG_THANG'!$AJ14*IF('THAM_SO'!$C$24>='THAM_SO'!$B$24,'THAM_SO'!$B$24,0)+'CHAM_CONG_THANG'!$AK14*IF('THAM_SO'!$C$25>='THAM_SO'!$B$25,'THAM_SO'!$B$25,0))-'CHAM_CONG_THANG'!$V14)) | AB14: =IF('DM_NHAN_SU'!$B14="","",MAX($Z14-$AA14,0)) | AC14: =IF('DM_NHAN_SU'!$B14="","",$O14+$P14+$Q14+$R14+$S14+$V14+$AB14+$BO14+$BP14+$BQ14+$BR14) | AD14: =IF('DM_NHAN_SU'!$B14="","",'DM_NHAN_SU'!N14+'DM_NHAN_SU'!O14+'DM_NHAN_SU'!P14) | AE14: =IF('DM_NHAN_SU'!$B14="","",IF(OR('DM_NHAN_SU'!$R14<>"Có",'CHAM_CONG_THANG'!$AA14="Có",$BL14>=14,$AD14<=0),0,MIN(MAX($AD14,'THAM_SO'!$M$6),'THAM_SO'!$M$7))) | AF14: =IF('DM_NHAN_SU'!$B14="","",IF(OR('DM_NHAN_SU'!$S14<>"Có",'CHAM_CONG_THANG'!$AA14="Có",$BL14>=14,$AD14<=0),0,MIN(MAX($AD14,VLOOKUP($H14,'THAM_SO'!$L$17:$P$20,4,FALSE)),VLOOKUP($H14,'THAM_SO'!$L$17:$P$20,5,FALSE)))) | AG14: =IF('DM_NHAN_SU'!$B14="","",$AE14*'THAM_SO'!$M$8) | AH14: =IF('DM_NHAN_SU'!$B14="","",$AE14*'THAM_SO'!$M$9) | AI14: =IF('DM_NHAN_SU'!$B14="","",$AF14*'THAM_SO'!$M$10) | AJ14: =IF('DM_NHAN_SU'!$B14="","",SUM($AG14:$AI14)) | AK14: =IF('DM_NHAN_SU'!$B14="","",IF($B14="",0,'THAM_SO'!$F$4)) | AL14: =IF('DM_NHAN_SU'!$B14="","",IF($B14="",0,'DM_NHAN_SU'!$T14*'THAM_SO'!$F$5)) | AM14: =IF('DM_NHAN_SU'!$B14="","",'CHAM_CONG_THANG'!W14) | AN14: =IF('DM_NHAN_SU'!$B14="","",MAX($AC14-$AK14-$AL14-$AM14,0)) | AO14: =IF('DM_NHAN_SU'!$B14="","",IF($B14="","",IF($F14="Net",IF($AC14<=$AK14+$AL14+$AM14,$AC14+$AJ14,$AJ14+$AK14+$AL14+$AM14+IF($AN14<='THAM_SO'!$J$10,($AN14-'THAM_SO'!$I$10)/(1-'THAM_SO'!$H$10),IF($AN14<='THAM_SO'!$J$11,($AN14-'THAM_SO'!$I$11)/(1-'THAM_SO'!$H$11),IF($AN14<='THAM_SO'!$J$12,($AN14-'THAM_SO'!$I$12)/(1-'THAM_SO'!$H$12),IF($AN14<='THAM_SO'!$J$13,($AN14-'THAM_SO'!$I$13)/(1-'THAM_SO'!$H$13),($AN14-'THAM_SO'!$I$14)/(1-'THAM_SO'!$H$14)))))),$AC14))) | AP14: =IF('DM_NHAN_SU'!$B14="","",$U14+$W14+$X14+$AA14+$BS14) | AQ14: =IF('DM_NHAN_SU'!$B14="","",MAX($AO14-$AJ14-$AK14-$AL14-$AM14,0)) | AR14: =IF('DM_NHAN_SU'!$B14="","",IF($AQ14<=0,0,$AQ14*VLOOKUP($AQ14,'THAM_SO'!$F$10:$I$14,3,TRUE)-VLOOKUP($AQ14,'THAM_SO'!$F$10:$I$14,4,TRUE))) | AS14: =IF('DM_NHAN_SU'!$B14="","",$AO14+$AP14) | AT14: =IF('DM_NHAN_SU'!$B14="","",$AS14-$AJ14-$AR14) | AU14: =IF('DM_NHAN_SU'!$B14="","",'CHAM_CONG_THANG'!X14) | AV14: =IF('DM_NHAN_SU'!$B14="","",'CHAM_CONG_THANG'!Y14+'QT_NGHI_VIEC'!AD14) | AW14: =IF('DM_NHAN_SU'!$B14="","",'CHAM_CONG_THANG'!Z14) | AX14: =IF('DM_NHAN_SU'!$B14="","",$AT14-$AU14-$AV14-$AW14-$BV14) | AY14: =IF('DM_NHAN_SU'!$B14="","",$AE14*'THAM_SO'!$M$11) | AZ14: =IF('DM_NHAN_SU'!$B14="","",$AE14*'THAM_SO'!$M$12) | BA14: =IF('DM_NHAN_SU'!$B14="","",$AF14*'THAM_SO'!$M$13) | BB14: =IF('DM_NHAN_SU'!$B14="","",$AE14*'THAM_SO'!$M$14) | BC14: =IF('DM_NHAN_SU'!$B14="","",SUM($AY14:$BB14)) | BD14: =IF('DM_NHAN_SU'!$B14="","",$AS14+$BC14) | BE14: =IF('DM_NHAN_SU'!$B14="","",VLOOKUP($H14,'THAM_SO'!$L$17:$P$20,2,FALSE)) | BF14: =IF('DM_NHAN_SU'!$B14="","",VLOOKUP($H14,'THAM_SO'!$L$17:$P$20,3,FALSE)) | BG14: =IF('DM_NHAN_SU'!$B14="","",IF($B14="","",IF(COUNTIF('DM_NHAN_SU'!$B$6:$B$155,$B14)>1,"Trùng mã NV; ","")&IF(OR($F14="",$G14=""),"Thiếu loại/hình thức lương; ","")&IF('CHAM_CONG_THANG'!$D14="","Chưa chọn nguồn công; ","")&IF(AND('CHAM_CONG_THANG'!$D14="Theo ngày",COUNTIF('CHAM_CONG_NGAY'!$B$6:$B$4655,$B14)=0),"Chưa có chấm công ngày; ","")&IF(OR($I14<=0,$J14<=0),"Thiếu công/giờ chuẩn; ","")&IF(AND($G14="Tháng",'DM_NHAN_SU'!$K14<$BE14),"Lương tháng dưới tối thiểu vùng; ","")&IF(AND($G14="Ngày",'DM_NHAN_SU'!$K14/$J14<$BF14),"Lương ngày quy đổi dưới tối thiểu giờ; ","")&IF(AND($G14="Giờ",'DM_NHAN_SU'!$K14<$BF14),"Lương giờ dưới tối thiểu vùng; ","")&IF(AND($G14="Sản phẩm",$L14>0,$O14/$L14<$BF14),"Lương SP quy đổi dưới tối thiểu giờ; ","")&IF(OR('THAM_SO'!$C$19<'THAM_SO'!$B$19,'THAM_SO'!$C$20<'THAM_SO'!$B$20,'THAM_SO'!$C$21<'THAM_SO'!$B$21,'THAM_SO'!$C$22<'THAM_SO'!$B$22,'THAM_SO'!$C$23<'THAM_SO'!$B$23,'THAM_SO'!$C$24<'THAM_SO'!$B$24,'THAM_SO'!$C$25<'THAM_SO'!$B$25),"Hệ số OT/đêm DN thấp hơn luật; ","")&IF(AND('DM_NHAN_SU'!$R14="Có",$AD14<=0),"Thiếu căn cứ đóng BH; ","")&IF(AND($AD14>0,$AD14<'THAM_SO'!$M$6),"Căn cứ BH dưới sàn – đã nâng sàn; ","")&IF($AD14>'THAM_SO'!$M$7,"Căn cứ BH vượt trần – đã giới hạn; ","")&IF(AND($F14="Net",SUM('CHAM_CONG_THANG'!$AF14:$AK14)>0,'DM_NHAN_SU'!$Q14<=0),"Net có OT nhưng chưa khai lương giờ OT; ","")&IF('CHAM_CONG_THANG'!$V14>$Z14,"Phần OT không miễn lớn hơn tiền OT; ","")&IF(AND($F14="Net",ABS($AT14-$AC14-$AP14)>1),"Lệch quy đổi Net; ","")&IF(AND($BH14>0,'DM_NHAN_SU'!$AD14=""),"Có phép năm nhưng đang tạm dùng 12 ngày; ","")&IF(AND($G14="Sản phẩm",SUM($BH14:$BJ14)>0,'DM_NHAN_SU'!$AH14<=0),"Lương sản phẩm thiếu đơn giá ngày phép/lễ; ","")&IF(AND($BL14>=14,'CHAM_CONG_THANG'!$AA14<>"Có"),"Thai sản từ 14 ngày: file tự dừng đóng BH – kiểm tra hồ sơ; ","")&IF(AND('DM_NHAN_SU'!$AA14="Có",'DM_NHAN_SU'!$AB14=""),"Đoàn viên chưa chọn cách tính đoàn phí; ","")&IF(AND('DM_NHAN_SU'!$AB14="Nhập tay",'DM_NHAN_SU'!$AC14>'THAM_SO'!$M$26),"Đoàn phí nhập tay vượt trần thông dụng; ","")&IF('NGHI_PHEP'!$L14<>"","Phép: "&'NGHI_PHEP'!$L14,"")&IF('CHE_DO_BHXH'!$AA14<>"","BHXH: "&'CHE_DO_BHXH'!$AA14,"")&IF('THUONG_T13_TET'!$O14<>"","Thưởng: "&'THUONG_T13_TET'!$O14,"")&IF('QT_NGHI_VIEC'!$AF14<>"","Nghỉ việc: "&'QT_NGHI_VIEC'!$AF14,"")&IF($AX14<0,"Thực lĩnh âm; ","")&IF(OR('DM_NHAN_SU'!$F14>'THAM_SO'!$B$7,AND('DM_NHAN_SU'!$G14<>"",'DM_NHAN_SU'!$G14<'THAM_SO'!$B$6)),"Ngoài kỳ trả lương; ",""))) | BH14: =IF('DM_NHAN_SU'!$B14="","",'CHAM_CONG_THANG'!AR14) | BI14: =IF('DM_NHAN_SU'!$B14="","",'CHAM_CONG_THANG'!AS14) | BJ14: =IF('DM_NHAN_SU'!$B14="","",'CHAM_CONG_THANG'!AT14) | BK14: =IF('DM_NHAN_SU'!$B14="","",'CHAM_CONG_THANG'!AU14) | BL14: =IF('DM_NHAN_SU'!$B14="","",'CHAM_CONG_THANG'!AV14) | BM14: =IF('DM_NHAN_SU'!$B14="","",'CHAM_CONG_THANG'!AW14) | BN14: =IF('DM_NHAN_SU'!$B14="","",SUM($K14,$BH14:$BJ14)) | BO14: =IF('DM_NHAN_SU'!$B14="","",IF($B14="",0,IF($G14="Tháng",IF($I14>0,'DM_NHAN_SU'!$K14*MIN($BH14+$BJ14,MAX($I14-$K14,0))/$I14,0),IF($G14="Ngày",'DM_NHAN_SU'!$K14*SUM($BH14:$BJ14),IF($G14="Giờ",'DM_NHAN_SU'!$K14*SUM($BH14:$BJ14)*$J14,IF($G14="Sản phẩm",'DM_NHAN_SU'!$AH14*SUM($BH14:$BJ14),0)))))) | BP14: =IF('DM_NHAN_SU'!$B14="","",IF('THUONG_T13_TET'!$L14="Có",'THUONG_T13_TET'!$I14,0)) | BQ14: =IF('DM_NHAN_SU'!$B14="","",IF('THUONG_T13_TET'!$L14="Có",SUM('THUONG_T13_TET'!$J14:$K14),0)) | BR14: =IF('DM_NHAN_SU'!$B14="","",'QT_NGHI_VIEC'!AC14) | BS14: =IF('DM_NHAN_SU'!$B14="","",'QT_NGHI_VIEC'!AB14) | BT14: =IF('DM_NHAN_SU'!$B14="","",IF('CHE_DO_BHXH'!$Z14="Có",'CHE_DO_BHXH'!$W14,0)) | BU14: =IF('DM_NHAN_SU'!$B14="","",IF('CHE_DO_BHXH'!$Y14="DN trả thay",$BT14,0)) | BV14: =IF('DM_NHAN_SU'!$B14="","",IF(OR('DM_NHAN_SU'!$AA14<>"Có",'CHE_DO_BHXH'!$O14>=1,SUM('CHE_DO_BHXH'!$D14,'CHE_DO_BHXH'!$G14,'CHE_DO_BHXH'!$K14)>=24,AND($I14>0,$BM14>=$I14)),0,IF('DM_NHAN_SU'!$AB14="Không",0,IF('DM_NHAN_SU'!$AB14="Nhập tay",'DM_NHAN_SU'!$AC14,IF('DM_NHAN_SU'!$AB14="Theo thực nhận",MIN(MAX($AT14-$AU14-$AV14-$AW14,0)*'THAM_SO'!$M$23,'THAM_SO'!$M$26),MIN($AE14*'THAM_SO'!$M$23,'THAM_SO'!$M$26)))))) | BW14: =IF('DM_NHAN_SU'!$B14="","",$AX14+$BU14)
