Workbook

Sheet HUONG DAN
A1: SỔ THEO DÕI HỢP ĐỒNG KINH TẾ 2026
A2: KK HOME | | Hệ thống Quản trị Doanh nghiệp – KK HOME 2026
A5: MỤC ĐÍCH
C6: Một sổ duy nhất để biết: đang có bao nhiêu hợp đồng, hợp đồng nào sắp hết hạn, đã xuất/nhận hóa đơn bao nhiêu, đã trả/thu bao nhiêu, còn nợ bao nhiêu, bản gốc nằm ở đâu và lưu đến khi nào.
C7: Dùng kèm W1 – Quy chế quản lý hợp đồng 2026 và bộ hợp đồng mẫu W1_HD.
A9: CÁC SHEET
B10: THAM SO | C10: Khai báo tên DN, Mã DN, ngày báo cáo, ngưỡng cảnh báo, danh mục loại HĐ và bộ phận. Làm bước này trước.
B11: SO HOP DONG | C11: Mỗi hợp đồng 1 dòng. Nhập ô nền vàng; ô nền xám tự tính. Có sẵn 300 dòng.
B12: NHAT KY THANH TOAN | C12: Mỗi lần có hóa đơn hoặc thanh toán ghi 1 dòng, chọn Số HĐ nội bộ từ danh sách. Sổ HĐ tự cộng lũy kế.
B13: TONG HOP | C13: Báo cáo theo trạng thái, theo loại HĐ – chiều Mua vào/Bán ra, và các chỉ tiêu kiểm soát. Không cần nhập.
A15: CÁCH DÙNG – 5 BƯỚC
B16: Bước 1 | C16: Sheet THAM SO: sửa tên DN, MST, Mã DN. Giữ hoặc sửa các ngưỡng.
B17: Bước 2 | C17: Sheet SO HOP DONG: xóa 5 dòng ví dụ (dòng 9–13) ở các ô nền vàng. Không xóa cả dòng để giữ công thức.
B18: Bước 3 | C18: Nhập hợp đồng: chọn Chiều HĐ, Mã loại, Ngày ký → Số HĐ nội bộ tự sinh theo dạng 2026/MH/001-ABC.
B19: Bước 4 | C19: Khi có hóa đơn/thanh toán: ghi ở NHAT KY THANH TOAN. Số tiền ghi bằng VND, đã gồm thuế.
B20: Bước 5 | C20: Khi kết thúc: lập biên bản thanh lý, nhập Ngày thanh lý → trạng thái chuyển Đã thanh lý, cột Lưu hồ sơ đến tự tính.
A22: Ý NGHĨA MÀU
B23: Nền vàng nhạt | C23: Ô nhập liệu.
B24: Nền xám | C24: Công thức. Không gõ đè.
B25: Dòng vàng đậm | C25: Sắp hết hạn (trong số ngày cảnh báo ở THAM SO).
B26: Dòng đỏ | C26: Đã quá ngày hết hạn nhưng chưa nhập ngày thanh lý.
B27: Dòng cam nhạt | C27: Quá hạn nhưng HĐ có điều khoản tự động gia hạn – kiểm tra lại và cập nhật ngày hết hạn mới.
B28: Chữ xám | C28: Đã thanh lý.
A30: CỘT CẢNH BÁO KIỂM SOÁT TỰ BẮT 5 LỖI
B31: 1 | C31: HĐ có giá trị từ ngưỡng rà soát pháp lý (mặc định 100 triệu) nhưng chưa ghi Đã rà soát = Có.
B32: 2 | C32: Thiếu MST/CCCD đối tác – thiếu thông tin để lập, kiểm tra hóa đơn.
B33: 3 | C33: Chưa ghi nơi lưu bản gốc – khó chứng minh khi tranh chấp hoặc thanh tra.
B34: 4 | C34: Có khoản thanh toán tiền mặt từ 5 triệu đồng – rủi ro không được khấu trừ thuế GTGT đầu vào và bị loại khỏi chi phí được trừ khi tính thuế TNDN.
B35: 5 | C35: Tổng tiền đã thanh toán vượt giá trị HĐ sau phụ lục – kiểm tra phụ lục chưa cập nhật hoặc trả trùng.
A37: LƯU Ý NGHIỆP VỤ
B38: Ngoại tệ | C38: Giá trị HĐ quy VND theo tỷ giá nhập ở cột Tỷ giá (dùng để theo dõi). Ghi sổ kế toán vẫn theo tỷ giá thực tế tại ngày giao dịch.
B39: Công nợ | C39: Cột Công nợ theo hóa đơn = Lũy kế hóa đơn – Lũy kế thanh toán. Số âm = đang ứng trước/trả trước cho đối tác.
B40: Lưu trữ | C40: Lưu hồ sơ đến = Ngày hết hạn/thanh lý + số năm lưu trữ ở THAM SO (mặc định 10 năm, khớp chứng từ kế toán).
B41: Phạm vi | C41: Sổ dành cho hợp đồng dân sự, thương mại. Hợp đồng lao động theo dõi ở W1_NS04 – Sổ quản lý lao động.
A43: CĂN CỨ THAM KHẢO
C44: Bộ luật Dân sự 91/2015/QH13; Luật Thương mại 36/2005/QH11; Luật Kế toán 88/2015/QH13 và NĐ 174/2016/NĐ-CP (lưu trữ); Luật Thuế GTGT 48/2024/QH15 và NĐ 181/2025/NĐ-CP; NĐ 320/2025/NĐ-CP (thuế TNDN).
C45: Người dùng tự kiểm tra hiệu lực văn bản tại thời điểm áp dụng.
A47: KK HOME
C48: Biên soạn: KK HOME – KK HOME. Tài liệu chia sẻ miễn phí cho cộng đồng kế toán.
C49: Xem thêm bộ quy chế, hợp đồng mẫu, công cụ thuế – kế toán tại

Sheet THAM SO
A1: THAM SỐ & DANH MỤC
A2: KK HOME | | Hệ thống Quản trị Doanh nghiệp – KK HOME 2026
A4: THÔNG TIN DOANH NGHIỆP & THAM SỐ | D4: DANH MỤC LOẠI HỢP ĐỒNG
A5: Tên doanh nghiệp | B5: CÔNG TY TNHH ABC | D5: Mã | E5: Tên loại hợp đồng | F5: Mẫu W1 tham chiếu
A6: Mã số thuế | B6: 0101234567 | D6: MH | E6: Mua hàng hóa, vật tư
A7: Mã DN (dùng đánh số HĐ) | B7: ABC | D7: BH | E7: Bán hàng hóa, thành phẩm
A8: Ngày lập báo cáo | B8: =TODAY() | D8: DV | E8: Cung cấp / sử dụng dịch vụ | F8: W1_HD06, W1_HD07
A9: Cảnh báo trước khi hết hạn (ngày) | B9: 30 | D9: TN | E9: Thuê nhà, văn phòng, kho bãi | F9: W1_HD01
A10: Ngưỡng bắt buộc rà soát pháp lý (VND) | B10: 100000000 | D10: TS | E10: Thuê tài sản, máy móc | F10: W1_HD02
A11: Ngưỡng thanh toán không dùng tiền mặt (VND) | B11: 5000000 | D11: VA | E11: Đi vay | F11: W1_HD04
A12: Thời hạn lưu hồ sơ sau khi kết thúc HĐ (năm) | B12: 10 | D12: CV | E12: Cho vay | F12: W1_HD03
A13: Ô nền vàng nhạt = ô nhập liệu. Rê chuột vào ô có tam giác đỏ để xem căn cứ. | D13: XD | E13: Xây dựng, thi công, lắp đặt
D14: HH | E14: Hoa hồng, đại lý, CTV | F14: W1_HD05
A15: DANH MỤC BỘ PHẬN PHỤ TRÁCH | D15: BL | E15: Bảo lãnh thanh toán | F15: W1_BM06
A16: Kinh doanh | D16: HT | E16: Hợp tác kinh doanh (BCC)
A17: Mua hàng | D17: NT | E17: Hợp đồng nguyên tắc / khung
A18: Hành chính | D18: BM | E18: Bảo mật (NDA)
A19: Kế toán | D19: KH | E19: Khác
A20: Kỹ thuật
A21: Ban Giám đốc
D41: Thêm loại mới vào các dòng trống phía trên (tối đa đến dòng 40).

Sheet SO HOP DONG
A1: SỔ THEO DÕI HỢP ĐỒNG KINH TẾ 2026
A2: KK HOME | | Hệ thống Quản trị Doanh nghiệp – KK HOME 2026
A3: Đơn vị: | C3: ='THAM SO'!B5 | H3: Số HĐ đang thực hiện | I3: =COUNTIF($AJ$9:$AJ$308,"Đang thực hiện")+COUNTIF($AJ$9:$AJ$308,"Sắp hết hạn")
A4: MST: | C4: ='THAM SO'!B6 | H4: Sắp hết hạn | I4: =COUNTIF($AJ$9:$AJ$308,"Sắp hết hạn")
A5: Ngày báo cáo: | C5: ='THAM SO'!$B$8 | H5: Quá hạn chưa thanh lý | I5: =COUNTIF($AJ$9:$AJ$308,"Quá hạn – chưa thanh lý")
A6: Chú giải: nền vàng = ô nhập · nền xám = công thức, không sửa · dòng CAM = sắp hết hạn · dòng ĐỎ = quá hạn chưa thanh lý · chữ XÁM = đã thanh lý
A7: THÔNG TIN CHUNG | H7: ĐỐI TÁC & NỘI DUNG | N7: THỜI HẠN | Q7: GIÁ TRỊ HỢP ĐỒNG | Z7: THỰC HIỆN & CÔNG NỢ | AE7: KIỂM SOÁT | AI7: TRẠNG THÁI
A8: STT | B8: Số HĐ nội bộ (tự sinh) | C8: Chiều HĐ | D8: Mã loại | E8: Tên loại HĐ | F8: Số HĐ theo đối tác | G8: Ngày ký | H8: Tên đối tác | I8: MST / CCCD đối tác | J8: Nội dung / đối tượng HĐ | K8: Bộ phận phụ trách | L8: Người theo dõi | M8: Người ký (bên mình) | N8: Ngày hiệu lực | O8: Ngày hết hạn | P8: Tự động gia hạn? | Q8: Loại tiền | R8: Tỷ giá | S8: Giá trị trước thuế (nguyên tệ) | T8: Thuế suất GTGT | U8: Tiền thuế GTGT (nguyên tệ) | V8: Tổng giá trị (nguyên tệ) | W8: Tổng giá trị quy VND | X8: Phụ lục tăng (+)/ giảm (–) VND | Y8: Giá trị HĐ sau điều chỉnh (VND) | Z8: Lũy kế hóa đơn (VND) | AA8: Lũy kế thanh toán (VND) | AB8: Còn phải TT theo HĐ (VND) | AC8: Công nợ theo HĐơn (+ còn nợ / – ứng trước) | AD8: % đã thanh toán | AE8: Đã rà soát pháp lý? | AF8: Cảnh báo kiểm soát | AG8: Bản gốc lưu tại / mã hộp | AH8: Ngày thanh lý | AI8: Số ngày còn lại | AJ8: Trạng thái | AK8: Lưu hồ sơ đến | AL8: Ghi chú
A9: =IF(H9="","",COUNTA($H$9:H9)) | B9: =IF(OR(D9="",G9=""),"",YEAR(G9)&"/"&D9&"/"&TEXT(SUMPRODUCT(($D$9:D9=D9)*(YEAR($G$9:G9)=YEAR(G9))),"000")&"-"&'THAM SO'!$B$7) | C9: Mua vào | D9: TN | E9: =IF(D9="","",IFERROR(VLOOKUP(D9,'THAM SO'!$D$6:$E$40,2,FALSE()),"Mã loại chưa khai báo")) | F9: 01/2026/HĐTN | G9: 46024 | H9: Ông Trần Văn Bình | I9: 001080012345 | J9: Thuê văn phòng tầng 3, 120 m² | K9: Hành chính | L9: Lê Thu Hà | M9: Giám đốc | N9: 46027 | O9: 46330 | P9: Không | Q9: VND | R9: 1 | S9: 240000000 | T9: 0 | U9: =IF(S9="","",ROUND(S9*N(T9),2)) | V9: =IF(S9="","",S9+U9) | W9: =IF(V9="","",ROUND(V9*IF(OR(Q9="",Q9="VND"),1,R9),0)) | Y9: =IF(W9="","",W9+N(X9)) | Z9: =IF(B9="","",SUMIFS('NHAT KY THANH TOAN'!$G:$G,'NHAT KY THANH TOAN'!$B:$B,B9,'NHAT KY THANH TOAN'!$D:$D,"Hóa đơn")) | AA9: =IF(B9="","",SUMIFS('NHAT KY THANH TOAN'!$G:$G,'NHAT KY THANH TOAN'!$B:$B,B9,'NHAT KY THANH TOAN'!$D:$D,"Thanh toán")) | AB9: =IF(Y9="","",Y9-N(AA9)) | AC9: =IF(B9="","",N(Z9)-N(AA9)) | AD9: =IF(N(Y9)=0,"",N(AA9)/Y9) | AE9: Có | AF9: =IF(H9="","",TRIM(IF(AND(N(Y9)>='THAM SO'!$B$10,AE9<>"Có"),"Chưa rà soát pháp lý; ","")&IF(I9="","Thiếu MST đối tác; ","")&IF(AG9="","Chưa ghi nơi lưu bản gốc; ","")&IF(COUNTIFS('NHAT KY THANH TOAN'!$B:$B,B9,'NHAT KY THANH TOAN'!$D:$D,"Thanh toán",'NHAT KY THANH TOAN'!$F:$F,"Tiền mặt",'NHAT KY THANH TOAN'!$G:$G,">="&'THAM SO'!$B$11)>0,"Có khoản TT tiền mặt ≥ ngưỡng; ","")&IF(AND(AB9<>"",N(AB9)<0),"Thanh toán vượt giá trị HĐ; ",""))) | AG9: Hộp HĐ-2026-01 | AI9: =IF(OR(H9="",O9="",AH9<>""),"",O9-'THAM SO'!$B$8) | AJ9: =IF(H9="","",IF(AH9<>"","Đã thanh lý",IF(AND(N9<>"",N9>'THAM SO'!$B$8),"Chưa hiệu lực",IF(O9="","Đang thực hiện",IF(O9<'THAM SO'!$B$8,IF(P9="Có","Đã tự gia hạn – kiểm tra","Quá hạn – chưa thanh lý"),IF(O9-'THAM SO'!$B$8<='THAM SO'!$B$9,"Sắp hết hạn","Đang thực hiện")))))) | AK9: =IF(AND(O9="",AH9=""),"",EDATE(MAX(N(O9),N(AH9)),12*'THAM SO'!$B$12)) | AL9: Dòng 9–13: dữ liệu VÍ DỤ, xóa trước khi dùng
A10: =IF(H10="","",COUNTA($H$9:H10)) | B10: =IF(OR(D10="",G10=""),"",YEAR(G10)&"/"&D10&"/"&TEXT(SUMPRODUCT(($D$9:D10=D10)*(YEAR($G$9:G10)=YEAR(G10))),"000")&"-"&'THAM SO'!$B$7) | C10: Bán ra | D10: BH | E10: =IF(D10="","",IFERROR(VLOOKUP(D10,'THAM SO'!$D$6:$E$40,2,FALSE()),"Mã loại chưa khai báo")) | F10: PO-7781 | G10: 46063 | H10: Công ty CP Thương mại Minh Phát | I10: 0108765432 | J10: Cung cấp 5.000 thùng sản phẩm A | K10: Kinh doanh | L10: Phạm Đức Anh | M10: Giám đốc | N10: 46063 | O10: 46387 | P10: Không | Q10: VND | R10: 1 | S10: 850000000 | T10: 0.08 | U10: =IF(S10="","",ROUND(S10*N(T10),2)) | V10: =IF(S10="","",S10+U10) | W10: =IF(V10="","",ROUND(V10*IF(OR(Q10="",Q10="VND"),1,R10),0)) | Y10: =IF(W10="","",W10+N(X10)) | Z10: =IF(B10="","",SUMIFS('NHAT KY THANH TOAN'!$G:$G,'NHAT KY THANH TOAN'!$B:$B,B10,'NHAT KY THANH TOAN'!$D:$D,"Hóa đơn")) | AA10: =IF(B10="","",SUMIFS('NHAT KY THANH TOAN'!$G:$G,'NHAT KY THANH TOAN'!$B:$B,B10,'NHAT KY THANH TOAN'!$D:$D,"Thanh toán")) | AB10: =IF(Y10="","",Y10-N(AA10)) | AC10: =IF(B10="","",N(Z10)-N(AA10)) | AD10: =IF(N(Y10)=0,"",N(AA10)/Y10) | AE10: Có | AF10: =IF(H10="","",TRIM(IF(AND(N(Y10)>='THAM SO'!$B$10,AE10<>"Có"),"Chưa rà soát pháp lý; ","")&IF(I10="","Thiếu MST đối tác; ","")&IF(AG10="","Chưa ghi nơi lưu bản gốc; ","")&IF(COUNTIFS('NHAT KY THANH TOAN'!$B:$B,B10,'NHAT KY THANH TOAN'!$D:$D,"Thanh toán",'NHAT KY THANH TOAN'!$F:$F,"Tiền mặt",'NHAT KY THANH TOAN'!$G:$G,">="&'THAM SO'!$B$11)>0,"Có khoản TT tiền mặt ≥ ngưỡng; ","")&IF(AND(AB10<>"",N(AB10)<0),"Thanh toán vượt giá trị HĐ; ",""))) | AG10: Hộp HĐ-2026-01 | AI10: =IF(OR(H10="",O10="",AH10<>""),"",O10-'THAM SO'!$B$8) | AJ10: =IF(H10="","",IF(AH10<>"","Đã thanh lý",IF(AND(N10<>"",N10>'THAM SO'!$B$8),"Chưa hiệu lực",IF(O10="","Đang thực hiện",IF(O10<'THAM SO'!$B$8,IF(P10="Có","Đã tự gia hạn – kiểm tra","Quá hạn – chưa thanh lý"),IF(O10-'THAM SO'!$B$8<='THAM SO'!$B$9,"Sắp hết hạn","Đang thực hiện")))))) | AK10: =IF(AND(O10="",AH10=""),"",EDATE(MAX(N(O10),N(AH10)),12*'THAM SO'!$B$12))
A11: =IF(H11="","",COUNTA($H$9:H11)) | B11: =IF(OR(D11="",G11=""),"",YEAR(G11)&"/"&D11&"/"&TEXT(SUMPRODUCT(($D$9:D11=D11)*(YEAR($G$9:G11)=YEAR(G11))),"000")&"-"&'THAM SO'!$B$7) | C11: Mua vào | D11: DV | E11: =IF(D11="","",IFERROR(VLOOKUP(D11,'THAM SO'!$D$6:$E$40,2,FALSE()),"Mã loại chưa khai báo")) | G11: 46082 | H11: Công ty TNHH Dịch vụ Kế toán XYZ | I11: 0312345678 | J11: Dịch vụ kế toán, BHXH, thuế TNCN năm 2026 | K11: Kế toán | L11: Nguyễn Thị Lan | M11: Giám đốc | N11: 46082 | O11: 46265 | P11: Không | Q11: VND | R11: 1 | S11: 36000000 | T11: 0.1 | U11: =IF(S11="","",ROUND(S11*N(T11),2)) | V11: =IF(S11="","",S11+U11) | W11: =IF(V11="","",ROUND(V11*IF(OR(Q11="",Q11="VND"),1,R11),0)) | Y11: =IF(W11="","",W11+N(X11)) | Z11: =IF(B11="","",SUMIFS('NHAT KY THANH TOAN'!$G:$G,'NHAT KY THANH TOAN'!$B:$B,B11,'NHAT KY THANH TOAN'!$D:$D,"Hóa đơn")) | AA11: =IF(B11="","",SUMIFS('NHAT KY THANH TOAN'!$G:$G,'NHAT KY THANH TOAN'!$B:$B,B11,'NHAT KY THANH TOAN'!$D:$D,"Thanh toán")) | AB11: =IF(Y11="","",Y11-N(AA11)) | AC11: =IF(B11="","",N(Z11)-N(AA11)) | AD11: =IF(N(Y11)=0,"",N(AA11)/Y11) | AE11: Không | AF11: =IF(H11="","",TRIM(IF(AND(N(Y11)>='THAM SO'!$B$10,AE11<>"Có"),"Chưa rà soát pháp lý; ","")&IF(I11="","Thiếu MST đối tác; ","")&IF(AG11="","Chưa ghi nơi lưu bản gốc; ","")&IF(COUNTIFS('NHAT KY THANH TOAN'!$B:$B,B11,'NHAT KY THANH TOAN'!$D:$D,"Thanh toán",'NHAT KY THANH TOAN'!$F:$F,"Tiền mặt",'NHAT KY THANH TOAN'!$G:$G,">="&'THAM SO'!$B$11)>0,"Có khoản TT tiền mặt ≥ ngưỡng; ","")&IF(AND(AB11<>"",N(AB11)<0),"Thanh toán vượt giá trị HĐ; ",""))) | AI11: =IF(OR(H11="",O11="",AH11<>""),"",O11-'THAM SO'!$B$8) | AJ11: =IF(H11="","",IF(AH11<>"","Đã thanh lý",IF(AND(N11<>"",N11>'THAM SO'!$B$8),"Chưa hiệu lực",IF(O11="","Đang thực hiện",IF(O11<'THAM SO'!$B$8,IF(P11="Có","Đã tự gia hạn – kiểm tra","Quá hạn – chưa thanh lý"),IF(O11-'THAM SO'!$B$8<='THAM SO'!$B$9,"Sắp hết hạn","Đang thực hiện")))))) | AK11: =IF(AND(O11="",AH11=""),"",EDATE(MAX(N(O11),N(AH11)),12*'THAM SO'!$B$12))
A12: =IF(H12="","",COUNTA($H$9:H12)) | B12: =IF(OR(D12="",G12=""),"",YEAR(G12)&"/"&D12&"/"&TEXT(SUMPRODUCT(($D$9:D12=D12)*(YEAR($G$9:G12)=YEAR(G12))),"000")&"-"&'THAM SO'!$B$7) | C12: Mua vào | D12: MH | E12: =IF(D12="","",IFERROR(VLOOKUP(D12,'THAM SO'!$D$6:$E$40,2,FALSE()),"Mã loại chưa khai báo")) | F12: SC-2026-015 | G12: 46127 | H12: Shanghai ABC Machinery Co., Ltd | J12: Nhập khẩu 02 máy đóng gói | K12: Mua hàng | L12: Vũ Minh Tuấn | M12: Giám đốc | N12: 46127 | O12: 46491 | P12: Không | Q12: USD | R12: 26150 | S12: 48000 | T12: 0 | U12: =IF(S12="","",ROUND(S12*N(T12),2)) | V12: =IF(S12="","",S12+U12) | W12: =IF(V12="","",ROUND(V12*IF(OR(Q12="",Q12="VND"),1,R12),0)) | Y12: =IF(W12="","",W12+N(X12)) | Z12: =IF(B12="","",SUMIFS('NHAT KY THANH TOAN'!$G:$G,'NHAT KY THANH TOAN'!$B:$B,B12,'NHAT KY THANH TOAN'!$D:$D,"Hóa đơn")) | AA12: =IF(B12="","",SUMIFS('NHAT KY THANH TOAN'!$G:$G,'NHAT KY THANH TOAN'!$B:$B,B12,'NHAT KY THANH TOAN'!$D:$D,"Thanh toán")) | AB12: =IF(Y12="","",Y12-N(AA12)) | AC12: =IF(B12="","",N(Z12)-N(AA12)) | AD12: =IF(N(Y12)=0,"",N(AA12)/Y12) | AE12: Có | AF12: =IF(H12="","",TRIM(IF(AND(N(Y12)>='THAM SO'!$B$10,AE12<>"Có"),"Chưa rà soát pháp lý; ","")&IF(I12="","Thiếu MST đối tác; ","")&IF(AG12="","Chưa ghi nơi lưu bản gốc; ","")&IF(COUNTIFS('NHAT KY THANH TOAN'!$B:$B,B12,'NHAT KY THANH TOAN'!$D:$D,"Thanh toán",'NHAT KY THANH TOAN'!$F:$F,"Tiền mặt",'NHAT KY THANH TOAN'!$G:$G,">="&'THAM SO'!$B$11)>0,"Có khoản TT tiền mặt ≥ ngưỡng; ","")&IF(AND(AB12<>"",N(AB12)<0),"Thanh toán vượt giá trị HĐ; ",""))) | AG12: Hộp HĐ-2026-02 | AI12: =IF(OR(H12="",O12="",AH12<>""),"",O12-'THAM SO'!$B$8) | AJ12: =IF(H12="","",IF(AH12<>"","Đã thanh lý",IF(AND(N12<>"",N12>'THAM SO'!$B$8),"Chưa hiệu lực",IF(O12="","Đang thực hiện",IF(O12<'THAM SO'!$B$8,IF(P12="Có","Đã tự gia hạn – kiểm tra","Quá hạn – chưa thanh lý"),IF(O12-'THAM SO'!$B$8<='THAM SO'!$B$9,"Sắp hết hạn","Đang thực hiện")))))) | AK12: =IF(AND(O12="",AH12=""),"",EDATE(MAX(N(O12),N(AH12)),12*'THAM SO'!$B$12))
A13: =IF(H13="","",COUNTA($H$9:H13)) | B13: =IF(OR(D13="",G13=""),"",YEAR(G13)&"/"&D13&"/"&TEXT(SUMPRODUCT(($D$9:D13=D13)*(YEAR($G$9:G13)=YEAR(G13))),"000")&"-"&'THAM SO'!$B$7) | C13: Bán ra | D13: DV | E13: =IF(D13="","",IFERROR(VLOOKUP(D13,'THAM SO'!$D$6:$E$40,2,FALSE()),"Mã loại chưa khai báo")) | G13: 46193 | H13: Công ty TNHH Xây dựng Hòa Bình An | I13: 0109988776 | J13: Bảo trì hệ thống máy 12 tháng | K13: Kỹ thuật | L13: Đỗ Văn Khoa | M13: Phó Giám đốc (UQ) | N13: 46204 | O13: 46568 | P13: Có | Q13: VND | R13: 1 | S13: 120000000 | T13: 0.08 | U13: =IF(S13="","",ROUND(S13*N(T13),2)) | V13: =IF(S13="","",S13+U13) | W13: =IF(V13="","",ROUND(V13*IF(OR(Q13="",Q13="VND"),1,R13),0)) | Y13: =IF(W13="","",W13+N(X13)) | Z13: =IF(B13="","",SUMIFS('NHAT KY THANH TOAN'!$G:$G,'NHAT KY THANH TOAN'!$B:$B,B13,'NHAT KY THANH TOAN'!$D:$D,"Hóa đơn")) | AA13: =IF(B13="","",SUMIFS('NHAT KY THANH TOAN'!$G:$G,'NHAT KY THANH TOAN'!$B:$B,B13,'NHAT KY THANH TOAN'!$D:$D,"Thanh toán")) | AB13: =IF(Y13="","",Y13-N(AA13)) | AC13: =IF(B13="","",N(Z13)-N(AA13)) | AD13: =IF(N(Y13)=0,"",N(AA13)/Y13) | AE13: Có | AF13: =IF(H13="","",TRIM(IF(AND(N(Y13)>='THAM SO'!$B$10,AE13<>"Có"),"Chưa rà soát pháp lý; ","")&IF(I13="","Thiếu MST đối tác; ","")&IF(AG13="","Chưa ghi nơi lưu bản gốc; ","")&IF(COUNTIFS('NHAT KY THANH TOAN'!$B:$B,B13,'NHAT KY THANH TOAN'!$D:$D,"Thanh toán",'NHAT KY THANH TOAN'!$F:$F,"Tiền mặt",'NHAT KY THANH TOAN'!$G:$G,">="&'THAM SO'!$B$11)>0,"Có khoản TT tiền mặt ≥ ngưỡng; ","")&IF(AND(AB13<>"",N(AB13)<0),"Thanh toán vượt giá trị HĐ; ",""))) | AG13: Hộp HĐ-2026-02 | AI13: =IF(OR(H13="",O13="",AH13<>""),"",O13-'THAM SO'!$B$8) | AJ13: =IF(H13="","",IF(AH13<>"","Đã thanh lý",IF(AND(N13<>"",N13>'THAM SO'!$B$8),"Chưa hiệu lực",IF(O13="","Đang thực hiện",IF(O13<'THAM SO'!$B$8,IF(P13="Có","Đã tự gia hạn – kiểm tra","Quá hạn – chưa thanh lý"),IF(O13-'THAM SO'!$B$8<='THAM SO'!$B$9,"Sắp hết hạn","Đang thực hiện")))))) | AK13: =IF(AND(O13="",AH13=""),"",EDATE(MAX(N(O13),N(AH13)),12*'THAM SO'!$B$12))
A14: =IF(H14="","",COUNTA($H$9:H14)) | B14: =IF(OR(D14="",G14=""),"",YEAR(G14)&"/"&D14&"/"&TEXT(SUMPRODUCT(($D$9:D14=D14)*(YEAR($G$9:G14)=YEAR(G14))),"000")&"-"&'THAM SO'!$B$7) | E14: =IF(D14="","",IFERROR(VLOOKUP(D14,'THAM SO'!$D$6:$E$40,2,FALSE()),"Mã loại chưa khai báo")) | U14: =IF(S14="","",ROUND(S14*N(T14),2)) | V14: =IF(S14="","",S14+U14) | W14: =IF(V14="","",ROUND(V14*IF(OR(Q14="",Q14="VND"),1,R14),0)) | Y14: =IF(W14="","",W14+N(X14)) | Z14: =IF(B14="","",SUMIFS('NHAT KY THANH TOAN'!$G:$G,'NHAT KY THANH TOAN'!$B:$B,B14,'NHAT KY THANH TOAN'!$D:$D,"Hóa đơn")) | AA14: =IF(B14="","",SUMIFS('NHAT KY THANH TOAN'!$G:$G,'NHAT KY THANH TOAN'!$B:$B,B14,'NHAT KY THANH TOAN'!$D:$D,"Thanh toán")) | AB14: =IF(Y14="","",Y14-N(AA14)) | AC14: =IF(B14="","",N(Z14)-N(AA14)) | AD14: =IF(N(Y14)=0,"",N(AA14)/Y14) | AF14: =IF(H14="","",TRIM(IF(AND(N(Y14)>='THAM SO'!$B$10,AE14<>"Có"),"Chưa rà soát pháp lý; ","")&IF(I14="","Thiếu MST đối tác; ","")&IF(AG14="","Chưa ghi nơi lưu bản gốc; ","")&IF(COUNTIFS('NHAT KY THANH TOAN'!$B:$B,B14,'NHAT KY THANH TOAN'!$D:$D,"Thanh toán",'NHAT KY THANH TOAN'!$F:$F,"Tiền mặt",'NHAT KY THANH TOAN'!$G:$G,">="&'THAM SO'!$B$11)>0,"Có khoản TT tiền mặt ≥ ngưỡng; ","")&IF(AND(AB14<>"",N(AB14)<0),"Thanh toán vượt giá trị HĐ; ",""))) | AI14: =IF(OR(H14="",O14="",AH14<>""),"",O14-'THAM SO'!$B$8) | AJ14: =IF(H14="","",IF(AH14<>"","Đã thanh lý",IF(AND(N14<>"",N14>'THAM SO'!$B$8),"Chưa hiệu lực",IF(O14="","Đang thực hiện",IF(O14<'THAM SO'!$B$8,IF(P14="Có","Đã tự gia hạn – kiểm tra","Quá hạn – chưa thanh lý"),IF(O14-'THAM SO'!$B$8<='THAM SO'!$B$9,"Sắp hết hạn","Đang thực hiện")))))) | AK14: =IF(AND(O14="",AH14=""),"",EDATE(MAX(N(O14),N(AH14)),12*'THAM SO'!$B$12))
A15: =IF(H15="","",COUNTA($H$9:H15)) | B15: =IF(OR(D15="",G15=""),"",YEAR(G15)&"/"&D15&"/"&TEXT(SUMPRODUCT(($D$9:D15=D15)*(YEAR($G$9:G15)=YEAR(G15))),"000")&"-"&'THAM SO'!$B$7) | E15: =IF(D15="","",IFERROR(VLOOKUP(D15,'THAM SO'!$D$6:$E$40,2,FALSE()),"Mã loại chưa khai báo")) | U15: =IF(S15="","",ROUND(S15*N(T15),2)) | V15: =IF(S15="","",S15+U15) | W15: =IF(V15="","",ROUND(V15*IF(OR(Q15="",Q15="VND"),1,R15),0)) | Y15: =IF(W15="","",W15+N(X15)) | Z15: =IF(B15="","",SUMIFS('NHAT KY THANH TOAN'!$G:$G,'NHAT KY THANH TOAN'!$B:$B,B15,'NHAT KY THANH TOAN'!$D:$D,"Hóa đơn")) | AA15: =IF(B15="","",SUMIFS('NHAT KY THANH TOAN'!$G:$G,'NHAT KY THANH TOAN'!$B:$B,B15,'NHAT KY THANH TOAN'!$D:$D,"Thanh toán")) | AB15: =IF(Y15="","",Y15-N(AA15)) | AC15: =IF(B15="","",N(Z15)-N(AA15)) | AD15: =IF(N(Y15)=0,"",N(AA15)/Y15) | AF15: =IF(H15="","",TRIM(IF(AND(N(Y15)>='THAM SO'!$B$10,AE15<>"Có"),"Chưa rà soát pháp lý; ","")&IF(I15="","Thiếu MST đối tác; ","")&IF(AG15="","Chưa ghi nơi lưu bản gốc; ","")&IF(COUNTIFS('NHAT KY THANH TOAN'!$B:$B,B15,'NHAT KY THANH TOAN'!$D:$D,"Thanh toán",'NHAT KY THANH TOAN'!$F:$F,"Tiền mặt",'NHAT KY THANH TOAN'!$G:$G,">="&'THAM SO'!$B$11)>0,"Có khoản TT tiền mặt ≥ ngưỡng; ","")&IF(AND(AB15<>"",N(AB15)<0),"Thanh toán vượt giá trị HĐ; ",""))) | AI15: =IF(OR(H15="",O15="",AH15<>""),"",O15-'THAM SO'!$B$8) | AJ15: =IF(H15="","",IF(AH15<>"","Đã thanh lý",IF(AND(N15<>"",N15>'THAM SO'!$B$8),"Chưa hiệu lực",IF(O15="","Đang thực hiện",IF(O15<'THAM SO'!$B$8,IF(P15="Có","Đã tự gia hạn – kiểm tra","Quá hạn – chưa thanh lý"),IF(O15-'THAM SO'!$B$8<='THAM SO'!$B$9,"Sắp hết hạn","Đang thực hiện")))))) | AK15: =IF(AND(O15="",AH15=""),"",EDATE(MAX(N(O15),N(AH15)),12*'THAM SO'!$B$12))
A16: =IF(H16="","",COUNTA($H$9:H16)) | B16: =IF(OR(D16="",G16=""),"",YEAR(G16)&"/"&D16&"/"&TEXT(SUMPRODUCT(($D$9:D16=D16)*(YEAR($G$9:G16)=YEAR(G16))),"000")&"-"&'THAM SO'!$B$7) | E16: =IF(D16="","",IFERROR(VLOOKUP(D16,'THAM SO'!$D$6:$E$40,2,FALSE()),"Mã loại chưa khai báo")) | U16: =IF(S16="","",ROUND(S16*N(T16),2)) | V16: =IF(S16="","",S16+U16) | W16: =IF(V16="","",ROUND(V16*IF(OR(Q16="",Q16="VND"),1,R16),0)) | Y16: =IF(W16="","",W16+N(X16)) | Z16: =IF(B16="","",SUMIFS('NHAT KY THANH TOAN'!$G:$G,'NHAT KY THANH TOAN'!$B:$B,B16,'NHAT KY THANH TOAN'!$D:$D,"Hóa đơn")) | AA16: =IF(B16="","",SUMIFS('NHAT KY THANH TOAN'!$G:$G,'NHAT KY THANH TOAN'!$B:$B,B16,'NHAT KY THANH TOAN'!$D:$D,"Thanh toán")) | AB16: =IF(Y16="","",Y16-N(AA16)) | AC16: =IF(B16="","",N(Z16)-N(AA16)) | AD16: =IF(N(Y16)=0,"",N(AA16)/Y16) | AF16: =IF(H16="","",TRIM(IF(AND(N(Y16)>='THAM SO'!$B$10,AE16<>"Có"),"Chưa rà soát pháp lý; ","")&IF(I16="","Thiếu MST đối tác; ","")&IF(AG16="","Chưa ghi nơi lưu bản gốc; ","")&IF(COUNTIFS('NHAT KY THANH TOAN'!$B:$B,B16,'NHAT KY THANH TOAN'!$D:$D,"Thanh toán",'NHAT KY THANH TOAN'!$F:$F,"Tiền mặt",'NHAT KY THANH TOAN'!$G:$G,">="&'THAM SO'!$B$11)>0,"Có khoản TT tiền mặt ≥ ngưỡng; ","")&IF(AND(AB16<>"",N(AB16)<0),"Thanh toán vượt giá trị HĐ; ",""))) | AI16: =IF(OR(H16="",O16="",AH16<>""),"",O16-'THAM SO'!$B$8) | AJ16: =IF(H16="","",IF(AH16<>"","Đã thanh lý",IF(AND(N16<>"",N16>'THAM SO'!$B$8),"Chưa hiệu lực",IF(O16="","Đang thực hiện",IF(O16<'THAM SO'!$B$8,IF(P16="Có","Đã tự gia hạn – kiểm tra","Quá hạn – chưa thanh lý"),IF(O16-'THAM SO'!$B$8<='THAM SO'!$B$9,"Sắp hết hạn","Đang thực hiện")))))) | AK16: =IF(AND(O16="",AH16=""),"",EDATE(MAX(N(O16),N(AH16)),12*'THAM SO'!$B$12))
A17: =IF(H17="","",COUNTA($H$9:H17)) | B17: =IF(OR(D17="",G17=""),"",YEAR(G17)&"/"&D17&"/"&TEXT(SUMPRODUCT(($D$9:D17=D17)*(YEAR($G$9:G17)=YEAR(G17))),"000")&"-"&'THAM SO'!$B$7) | E17: =IF(D17="","",IFERROR(VLOOKUP(D17,'THAM SO'!$D$6:$E$40,2,FALSE()),"Mã loại chưa khai báo")) | U17: =IF(S17="","",ROUND(S17*N(T17),2)) | V17: =IF(S17="","",S17+U17) | W17: =IF(V17="","",ROUND(V17*IF(OR(Q17="",Q17="VND"),1,R17),0)) | Y17: =IF(W17="","",W17+N(X17)) | Z17: =IF(B17="","",SUMIFS('NHAT KY THANH TOAN'!$G:$G,'NHAT KY THANH TOAN'!$B:$B,B17,'NHAT KY THANH TOAN'!$D:$D,"Hóa đơn")) | AA17: =IF(B17="","",SUMIFS('NHAT KY THANH TOAN'!$G:$G,'NHAT KY THANH TOAN'!$B:$B,B17,'NHAT KY THANH TOAN'!$D:$D,"Thanh toán")) | AB17: =IF(Y17="","",Y17-N(AA17)) | AC17: =IF(B17="","",N(Z17)-N(AA17)) | AD17: =IF(N(Y17)=0,"",N(AA17)/Y17) | AF17: =IF(H17="","",TRIM(IF(AND(N(Y17)>='THAM SO'!$B$10,AE17<>"Có"),"Chưa rà soát pháp lý; ","")&IF(I17="","Thiếu MST đối tác; ","")&IF(AG17="","Chưa ghi nơi lưu bản gốc; ","")&IF(COUNTIFS('NHAT KY THANH TOAN'!$B:$B,B17,'NHAT KY THANH TOAN'!$D:$D,"Thanh toán",'NHAT KY THANH TOAN'!$F:$F,"Tiền mặt",'NHAT KY THANH TOAN'!$G:$G,">="&'THAM SO'!$B$11)>0,"Có khoản TT tiền mặt ≥ ngưỡng; ","")&IF(AND(AB17<>"",N(AB17)<0),"Thanh toán vượt giá trị HĐ; ",""))) | AI17: =IF(OR(H17="",O17="",AH17<>""),"",O17-'THAM SO'!$B$8) | AJ17: =IF(H17="","",IF(AH17<>"","Đã thanh lý",IF(AND(N17<>"",N17>'THAM SO'!$B$8),"Chưa hiệu lực",IF(O17="","Đang thực hiện",IF(O17<'THAM SO'!$B$8,IF(P17="Có","Đã tự gia hạn – kiểm tra","Quá hạn – chưa thanh lý"),IF(O17-'THAM SO'!$B$8<='THAM SO'!$B$9,"Sắp hết hạn","Đang thực hiện")))))) | AK17: =IF(AND(O17="",AH17=""),"",EDATE(MAX(N(O17),N(AH17)),12*'THAM SO'!$B$12))
A18: =IF(H18="","",COUNTA($H$9:H18)) | B18: =IF(OR(D18="",G18=""),"",YEAR(G18)&"/"&D18&"/"&TEXT(SUMPRODUCT(($D$9:D18=D18)*(YEAR($G$9:G18)=YEAR(G18))),"000")&"-"&'THAM SO'!$B$7) | E18: =IF(D18="","",IFERROR(VLOOKUP(D18,'THAM SO'!$D$6:$E$40,2,FALSE()),"Mã loại chưa khai báo")) | U18: =IF(S18="","",ROUND(S18*N(T18),2)) | V18: =IF(S18="","",S18+U18) | W18: =IF(V18="","",ROUND(V18*IF(OR(Q18="",Q18="VND"),1,R18),0)) | Y18: =IF(W18="","",W18+N(X18)) | Z18: =IF(B18="","",SUMIFS('NHAT KY THANH TOAN'!$G:$G,'NHAT KY THANH TOAN'!$B:$B,B18,'NHAT KY THANH TOAN'!$D:$D,"Hóa đơn")) | AA18: =IF(B18="","",SUMIFS('NHAT KY THANH TOAN'!$G:$G,'NHAT KY THANH TOAN'!$B:$B,B18,'NHAT KY THANH TOAN'!$D:$D,"Thanh toán")) | AB18: =IF(Y18="","",Y18-N(AA18)) | AC18: =IF(B18="","",N(Z18)-N(AA18)) | AD18: =IF(N(Y18)=0,"",N(AA18)/Y18) | AF18: =IF(H18="","",TRIM(IF(AND(N(Y18)>='THAM SO'!$B$10,AE18<>"Có"),"Chưa rà soát pháp lý; ","")&IF(I18="","Thiếu MST đối tác; ","")&IF(AG18="","Chưa ghi nơi lưu bản gốc; ","")&IF(COUNTIFS('NHAT KY THANH TOAN'!$B:$B,B18,'NHAT KY THANH TOAN'!$D:$D,"Thanh toán",'NHAT KY THANH TOAN'!$F:$F,"Tiền mặt",'NHAT KY THANH TOAN'!$G:$G,">="&'THAM SO'!$B$11)>0,"Có khoản TT tiền mặt ≥ ngưỡng; ","")&IF(AND(AB18<>"",N(AB18)<0),"Thanh toán vượt giá trị HĐ; ",""))) | AI18: =IF(OR(H18="",O18="",AH18<>""),"",O18-'THAM SO'!$B$8) | AJ18: =IF(H18="","",IF(AH18<>"","Đã thanh lý",IF(AND(N18<>"",N18>'THAM SO'!$B$8),"Chưa hiệu lực",IF(O18="","Đang thực hiện",IF(O18<'THAM SO'!$B$8,IF(P18="Có","Đã tự gia hạn – kiểm tra","Quá hạn – chưa thanh lý"),IF(O18-'THAM SO'!$B$8<='THAM SO'!$B$9,"Sắp hết hạn","Đang thực hiện")))))) | AK18: =IF(AND(O18="",AH18=""),"",EDATE(MAX(N(O18),N(AH18)),12*'THAM SO'!$B$12))
A19: =IF(H19="","",COUNTA($H$9:H19)) | B19: =IF(OR(D19="",G19=""),"",YEAR(G19)&"/"&D19&"/"&TEXT(SUMPRODUCT(($D$9:D19=D19)*(YEAR($G$9:G19)=YEAR(G19))),"000")&"-"&'THAM SO'!$B$7) | E19: =IF(D19="","",IFERROR(VLOOKUP(D19,'THAM SO'!$D$6:$E$40,2,FALSE()),"Mã loại chưa khai báo")) | U19: =IF(S19="","",ROUND(S19*N(T19),2)) | V19: =IF(S19="","",S19+U19) | W19: =IF(V19="","",ROUND(V19*IF(OR(Q19="",Q19="VND"),1,R19),0)) | Y19: =IF(W19="","",W19+N(X19)) | Z19: =IF(B19="","",SUMIFS('NHAT KY THANH TOAN'!$G:$G,'NHAT KY THANH TOAN'!$B:$B,B19,'NHAT KY THANH TOAN'!$D:$D,"Hóa đơn")) | AA19: =IF(B19="","",SUMIFS('NHAT KY THANH TOAN'!$G:$G,'NHAT KY THANH TOAN'!$B:$B,B19,'NHAT KY THANH TOAN'!$D:$D,"Thanh toán")) | AB19: =IF(Y19="","",Y19-N(AA19)) | AC19: =IF(B19="","",N(Z19)-N(AA19)) | AD19: =IF(N(Y19)=0,"",N(AA19)/Y19) | AF19: =IF(H19="","",TRIM(IF(AND(N(Y19)>='THAM SO'!$B$10,AE19<>"Có"),"Chưa rà soát pháp lý; ","")&IF(I19="","Thiếu MST đối tác; ","")&IF(AG19="","Chưa ghi nơi lưu bản gốc; ","")&IF(COUNTIFS('NHAT KY THANH TOAN'!$B:$B,B19,'NHAT KY THANH TOAN'!$D:$D,"Thanh toán",'NHAT KY THANH TOAN'!$F:$F,"Tiền mặt",'NHAT KY THANH TOAN'!$G:$G,">="&'THAM SO'!$B$11)>0,"Có khoản TT tiền mặt ≥ ngưỡng; ","")&IF(AND(AB19<>"",N(AB19)<0),"Thanh toán vượt giá trị HĐ; ",""))) | AI19: =IF(OR(H19="",O19="",AH19<>""),"",O19-'THAM SO'!$B$8) | AJ19: =IF(H19="","",IF(AH19<>"","Đã thanh lý",IF(AND(N19<>"",N19>'THAM SO'!$B$8),"Chưa hiệu lực",IF(O19="","Đang thực hiện",IF(O19<'THAM SO'!$B$8,IF(P19="Có","Đã tự gia hạn – kiểm tra","Quá hạn – chưa thanh lý"),IF(O19-'THAM SO'!$B$8<='THAM SO'!$B$9,"Sắp hết hạn","Đang thực hiện")))))) | AK19: =IF(AND(O19="",AH19=""),"",EDATE(MAX(N(O19),N(AH19)),12*'THAM SO'!$B$12))
A20: =IF(H20="","",COUNTA($H$9:H20)) | B20: =IF(OR(D20="",G20=""),"",YEAR(G20)&"/"&D20&"/"&TEXT(SUMPRODUCT(($D$9:D20=D20)*(YEAR($G$9:G20)=YEAR(G20))),"000")&"-"&'THAM SO'!$B$7) | E20: =IF(D20="","",IFERROR(VLOOKUP(D20,'THAM SO'!$D$6:$E$40,2,FALSE()),"Mã loại chưa khai báo")) | U20: =IF(S20="","",ROUND(S20*N(T20),2)) | V20: =IF(S20="","",S20+U20) | W20: =IF(V20="","",ROUND(V20*IF(OR(Q20="",Q20="VND"),1,R20),0)) | Y20: =IF(W20="","",W20+N(X20)) | Z20: =IF(B20="","",SUMIFS('NHAT KY THANH TOAN'!$G:$G,'NHAT KY THANH TOAN'!$B:$B,B20,'NHAT KY THANH TOAN'!$D:$D,"Hóa đơn")) | AA20: =IF(B20="","",SUMIFS('NHAT KY THANH TOAN'!$G:$G,'NHAT KY THANH TOAN'!$B:$B,B20,'NHAT KY THANH TOAN'!$D:$D,"Thanh toán")) | AB20: =IF(Y20="","",Y20-N(AA20)) | AC20: =IF(B20="","",N(Z20)-N(AA20)) | AD20: =IF(N(Y20)=0,"",N(AA20)/Y20) | AF20: =IF(H20="","",TRIM(IF(AND(N(Y20)>='THAM SO'!$B$10,AE20<>"Có"),"Chưa rà soát pháp lý; ","")&IF(I20="","Thiếu MST đối tác; ","")&IF(AG20="","Chưa ghi nơi lưu bản gốc; ","")&IF(COUNTIFS('NHAT KY THANH TOAN'!$B:$B,B20,'NHAT KY THANH TOAN'!$D:$D,"Thanh toán",'NHAT KY THANH TOAN'!$F:$F,"Tiền mặt",'NHAT KY THANH TOAN'!$G:$G,">="&'THAM SO'!$B$11)>0,"Có khoản TT tiền mặt ≥ ngưỡng; ","")&IF(AND(AB20<>"",N(AB20)<0),"Thanh toán vượt giá trị HĐ; ",""))) | AI20: =IF(OR(H20="",O20="",AH20<>""),"",O20-'THAM SO'!$B$8) | AJ20: =IF(H20="","",IF(AH20<>"","Đã thanh lý",IF(AND(N20<>"",N20>'THAM SO'!$B$8),"Chưa hiệu lực",IF(O20="","Đang thực hiện",IF(O20<'THAM SO'!$B$8,IF(P20="Có","Đã tự gia hạn – kiểm tra","Quá hạn – chưa thanh lý"),IF(O20-'THAM SO'!$B$8<='THAM SO'!$B$9,"Sắp hết hạn","Đang thực hiện")))))) | AK20: =IF(AND(O20="",AH20=""),"",EDATE(MAX(N(O20),N(AH20)),12*'THAM SO'!$B$12))
A21: =IF(H21="","",COUNTA($H$9:H21)) | B21: =IF(OR(D21="",G21=""),"",YEAR(G21)&"/"&D21&"/"&TEXT(SUMPRODUCT(($D$9:D21=D21)*(YEAR($G$9:G21)=YEAR(G21))),"000")&"-"&'THAM SO'!$B$7) | E21: =IF(D21="","",IFERROR(VLOOKUP(D21,'THAM SO'!$D$6:$E$40,2,FALSE()),"Mã loại chưa khai báo")) | U21: =IF(S21="","",ROUND(S21*N(T21),2)) | V21: =IF(S21="","",S21+U21) | W21: =IF(V21="","",ROUND(V21*IF(OR(Q21="",Q21="VND"),1,R21),0)) | Y21: =IF(W21="","",W21+N(X21)) | Z21: =IF(B21="","",SUMIFS('NHAT KY THANH TOAN'!$G:$G,'NHAT KY THANH TOAN'!$B:$B,B21,'NHAT KY THANH TOAN'!$D:$D,"Hóa đơn")) | AA21: =IF(B21="","",SUMIFS('NHAT KY THANH TOAN'!$G:$G,'NHAT KY THANH TOAN'!$B:$B,B21,'NHAT KY THANH TOAN'!$D:$D,"Thanh toán")) | AB21: =IF(Y21="","",Y21-N(AA21)) | AC21: =IF(B21="","",N(Z21)-N(AA21)) | AD21: =IF(N(Y21)=0,"",N(AA21)/Y21) | AF21: =IF(H21="","",TRIM(IF(AND(N(Y21)>='THAM SO'!$B$10,AE21<>"Có"),"Chưa rà soát pháp lý; ","")&IF(I21="","Thiếu MST đối tác; ","")&IF(AG21="","Chưa ghi nơi lưu bản gốc; ","")&IF(COUNTIFS('NHAT KY THANH TOAN'!$B:$B,B21,'NHAT KY THANH TOAN'!$D:$D,"Thanh toán",'NHAT KY THANH TOAN'!$F:$F,"Tiền mặt",'NHAT KY THANH TOAN'!$G:$G,">="&'THAM SO'!$B$11)>0,"Có khoản TT tiền mặt ≥ ngưỡng; ","")&IF(AND(AB21<>"",N(AB21)<0),"Thanh toán vượt giá trị HĐ; ",""))) | AI21: =IF(OR(H21="",O21="",AH21<>""),"",O21-'THAM SO'!$B$8) | AJ21: =IF(H21="","",IF(AH21<>"","Đã thanh lý",IF(AND(N21<>"",N21>'THAM SO'!$B$8),"Chưa hiệu lực",IF(O21="","Đang thực hiện",IF(O21<'THAM SO'!$B$8,IF(P21="Có","Đã tự gia hạn – kiểm tra","Quá hạn – chưa thanh lý"),IF(O21-'THAM SO'!$B$8<='THAM SO'!$B$9,"Sắp hết hạn","Đang thực hiện")))))) | AK21: =IF(AND(O21="",AH21=""),"",EDATE(MAX(N(O21),N(AH21)),12*'THAM SO'!$B$12))
A22: =IF(H22="","",COUNTA($H$9:H22)) | B22: =IF(OR(D22="",G22=""),"",YEAR(G22)&"/"&D22&"/"&TEXT(SUMPRODUCT(($D$9:D22=D22)*(YEAR($G$9:G22)=YEAR(G22))),"000")&"-"&'THAM SO'!$B$7) | E22: =IF(D22="","",IFERROR(VLOOKUP(D22,'THAM SO'!$D$6:$E$40,2,FALSE()),"Mã loại chưa khai báo")) | U22: =IF(S22="","",ROUND(S22*N(T22),2)) | V22: =IF(S22="","",S22+U22) | W22: =IF(V22="","",ROUND(V22*IF(OR(Q22="",Q22="VND"),1,R22),0)) | Y22: =IF(W22="","",W22+N(X22)) | Z22: =IF(B22="","",SUMIFS('NHAT KY THANH TOAN'!$G:$G,'NHAT KY THANH TOAN'!$B:$B,B22,'NHAT KY THANH TOAN'!$D:$D,"Hóa đơn")) | AA22: =IF(B22="","",SUMIFS('NHAT KY THANH TOAN'!$G:$G,'NHAT KY THANH TOAN'!$B:$B,B22,'NHAT KY THANH TOAN'!$D:$D,"Thanh toán")) | AB22: =IF(Y22="","",Y22-N(AA22)) | AC22: =IF(B22="","",N(Z22)-N(AA22)) | AD22: =IF(N(Y22)=0,"",N(AA22)/Y22) | AF22: =IF(H22="","",TRIM(IF(AND(N(Y22)>='THAM SO'!$B$10,AE22<>"Có"),"Chưa rà soát pháp lý; ","")&IF(I22="","Thiếu MST đối tác; ","")&IF(AG22="","Chưa ghi nơi lưu bản gốc; ","")&IF(COUNTIFS('NHAT KY THANH TOAN'!$B:$B,B22,'NHAT KY THANH TOAN'!$D:$D,"Thanh toán",'NHAT KY THANH TOAN'!$F:$F,"Tiền mặt",'NHAT KY THANH TOAN'!$G:$G,">="&'THAM SO'!$B$11)>0,"Có khoản TT tiền mặt ≥ ngưỡng; ","")&IF(AND(AB22<>"",N(AB22)<0),"Thanh toán vượt giá trị HĐ; ",""))) | AI22: =IF(OR(H22="",O22="",AH22<>""),"",O22-'THAM SO'!$B$8) | AJ22: =IF(H22="","",IF(AH22<>"","Đã thanh lý",IF(AND(N22<>"",N22>'THAM SO'!$B$8),"Chưa hiệu lực",IF(O22="","Đang thực hiện",IF(O22<'THAM SO'!$B$8,IF(P22="Có","Đã tự gia hạn – kiểm tra","Quá hạn – chưa thanh lý"),IF(O22-'THAM SO'!$B$8<='THAM SO'!$B$9,"Sắp hết hạn","Đang thực hiện")))))) | AK22: =IF(AND(O22="",AH22=""),"",EDATE(MAX(N(O22),N(AH22)),12*'THAM SO'!$B$12))
A23: =IF(H23="","",COUNTA($H$9:H23)) | B23: =IF(OR(D23="",G23=""),"",YEAR(G23)&"/"&D23&"/"&TEXT(SUMPRODUCT(($D$9:D23=D23)*(YEAR($G$9:G23)=YEAR(G23))),"000")&"-"&'THAM SO'!$B$7) | E23: =IF(D23="","",IFERROR(VLOOKUP(D23,'THAM SO'!$D$6:$E$40,2,FALSE()),"Mã loại chưa khai báo")) | U23: =IF(S23="","",ROUND(S23*N(T23),2)) | V23: =IF(S23="","",S23+U23) | W23: =IF(V23="","",ROUND(V23*IF(OR(Q23="",Q23="VND"),1,R23),0)) | Y23: =IF(W23="","",W23+N(X23)) | Z23: =IF(B23="","",SUMIFS('NHAT KY THANH TOAN'!$G:$G,'NHAT KY THANH TOAN'!$B:$B,B23,'NHAT KY THANH TOAN'!$D:$D,"Hóa đơn")) | AA23: =IF(B23="","",SUMIFS('NHAT KY THANH TOAN'!$G:$G,'NHAT KY THANH TOAN'!$B:$B,B23,'NHAT KY THANH TOAN'!$D:$D,"Thanh toán")) | AB23: =IF(Y23="","",Y23-N(AA23)) | AC23: =IF(B23="","",N(Z23)-N(AA23)) | AD23: =IF(N(Y23)=0,"",N(AA23)/Y23) | AF23: =IF(H23="","",TRIM(IF(AND(N(Y23)>='THAM SO'!$B$10,AE23<>"Có"),"Chưa rà soát pháp lý; ","")&IF(I23="","Thiếu MST đối tác; ","")&IF(AG23="","Chưa ghi nơi lưu bản gốc; ","")&IF(COUNTIFS('NHAT KY THANH TOAN'!$B:$B,B23,'NHAT KY THANH TOAN'!$D:$D,"Thanh toán",'NHAT KY THANH TOAN'!$F:$F,"Tiền mặt",'NHAT KY THANH TOAN'!$G:$G,">="&'THAM SO'!$B$11)>0,"Có khoản TT tiền mặt ≥ ngưỡng; ","")&IF(AND(AB23<>"",N(AB23)<0),"Thanh toán vượt giá trị HĐ; ",""))) | AI23: =IF(OR(H23="",O23="",AH23<>""),"",O23-'THAM SO'!$B$8) | AJ23: =IF(H23="","",IF(AH23<>"","Đã thanh lý",IF(AND(N23<>"",N23>'THAM SO'!$B$8),"Chưa hiệu lực",IF(O23="","Đang thực hiện",IF(O23<'THAM SO'!$B$8,IF(P23="Có","Đã tự gia hạn – kiểm tra","Quá hạn – chưa thanh lý"),IF(O23-'THAM SO'!$B$8<='THAM SO'!$B$9,"Sắp hết hạn","Đang thực hiện")))))) | AK23: =IF(AND(O23="",AH23=""),"",EDATE(MAX(N(O23),N(AH23)),12*'THAM SO'!$B$12))
A24: =IF(H24="","",COUNTA($H$9:H24)) | B24: =IF(OR(D24="",G24=""),"",YEAR(G24)&"/"&D24&"/"&TEXT(SUMPRODUCT(($D$9:D24=D24)*(YEAR($G$9:G24)=YEAR(G24))),"000")&"-"&'THAM SO'!$B$7) | E24: =IF(D24="","",IFERROR(VLOOKUP(D24,'THAM SO'!$D$6:$E$40,2,FALSE()),"Mã loại chưa khai báo")) | U24: =IF(S24="","",ROUND(S24*N(T24),2)) | V24: =IF(S24="","",S24+U24) | W24: =IF(V24="","",ROUND(V24*IF(OR(Q24="",Q24="VND"),1,R24),0)) | Y24: =IF(W24="","",W24+N(X24)) | Z24: =IF(B24="","",SUMIFS('NHAT KY THANH TOAN'!$G:$G,'NHAT KY THANH TOAN'!$B:$B,B24,'NHAT KY THANH TOAN'!$D:$D,"Hóa đơn")) | AA24: =IF(B24="","",SUMIFS('NHAT KY THANH TOAN'!$G:$G,'NHAT KY THANH TOAN'!$B:$B,B24,'NHAT KY THANH TOAN'!$D:$D,"Thanh toán")) | AB24: =IF(Y24="","",Y24-N(AA24)) | AC24: =IF(B24="","",N(Z24)-N(AA24)) | AD24: =IF(N(Y24)=0,"",N(AA24)/Y24) | AF24: =IF(H24="","",TRIM(IF(AND(N(Y24)>='THAM SO'!$B$10,AE24<>"Có"),"Chưa rà soát pháp lý; ","")&IF(I24="","Thiếu MST đối tác; ","")&IF(AG24="","Chưa ghi nơi lưu bản gốc; ","")&IF(COUNTIFS('NHAT KY THANH TOAN'!$B:$B,B24,'NHAT KY THANH TOAN'!$D:$D,"Thanh toán",'NHAT KY THANH TOAN'!$F:$F,"Tiền mặt",'NHAT KY THANH TOAN'!$G:$G,">="&'THAM SO'!$B$11)>0,"Có khoản TT tiền mặt ≥ ngưỡng; ","")&IF(AND(AB24<>"",N(AB24)<0),"Thanh toán vượt giá trị HĐ; ",""))) | AI24: =IF(OR(H24="",O24="",AH24<>""),"",O24-'THAM SO'!$B$8) | AJ24: =IF(H24="","",IF(AH24<>"","Đã thanh lý",IF(AND(N24<>"",N24>'THAM SO'!$B$8),"Chưa hiệu lực",IF(O24="","Đang thực hiện",IF(O24<'THAM SO'!$B$8,IF(P24="Có","Đã tự gia hạn – kiểm tra","Quá hạn – chưa thanh lý"),IF(O24-'THAM SO'!$B$8<='THAM SO'!$B$9,"Sắp hết hạn","Đang thực hiện")))))) | AK24: =IF(AND(O24="",AH24=""),"",EDATE(MAX(N(O24),N(AH24)),12*'THAM SO'!$B$12))
A25: =IF(H25="","",COUNTA($H$9:H25)) | B25: =IF(OR(D25="",G25=""),"",YEAR(G25)&"/"&D25&"/"&TEXT(SUMPRODUCT(($D$9:D25=D25)*(YEAR($G$9:G25)=YEAR(G25))),"000")&"-"&'THAM SO'!$B$7) | E25: =IF(D25="","",IFERROR(VLOOKUP(D25,'THAM SO'!$D$6:$E$40,2,FALSE()),"Mã loại chưa khai báo")) | U25: =IF(S25="","",ROUND(S25*N(T25),2)) | V25: =IF(S25="","",S25+U25) | W25: =IF(V25="","",ROUND(V25*IF(OR(Q25="",Q25="VND"),1,R25),0)) | Y25: =IF(W25="","",W25+N(X25)) | Z25: =IF(B25="","",SUMIFS('NHAT KY THANH TOAN'!$G:$G,'NHAT KY THANH TOAN'!$B:$B,B25,'NHAT KY THANH TOAN'!$D:$D,"Hóa đơn")) | AA25: =IF(B25="","",SUMIFS('NHAT KY THANH TOAN'!$G:$G,'NHAT KY THANH TOAN'!$B:$B,B25,'NHAT KY THANH TOAN'!$D:$D,"Thanh toán")) | AB25: =IF(Y25="","",Y25-N(AA25)) | AC25: =IF(B25="","",N(Z25)-N(AA25)) | AD25: =IF(N(Y25)=0,"",N(AA25)/Y25) | AF25: =IF(H25="","",TRIM(IF(AND(N(Y25)>='THAM SO'!$B$10,AE25<>"Có"),"Chưa rà soát pháp lý; ","")&IF(I25="","Thiếu MST đối tác; ","")&IF(AG25="","Chưa ghi nơi lưu bản gốc; ","")&IF(COUNTIFS('NHAT KY THANH TOAN'!$B:$B,B25,'NHAT KY THANH TOAN'!$D:$D,"Thanh toán",'NHAT KY THANH TOAN'!$F:$F,"Tiền mặt",'NHAT KY THANH TOAN'!$G:$G,">="&'THAM SO'!$B$11)>0,"Có khoản TT tiền mặt ≥ ngưỡng; ","")&IF(AND(AB25<>"",N(AB25)<0),"Thanh toán vượt giá trị HĐ; ",""))) | AI25: =IF(OR(H25="",O25="",AH25<>""),"",O25-'THAM SO'!$B$8) | AJ25: =IF(H25="","",IF(AH25<>"","Đã thanh lý",IF(AND(N25<>"",N25>'THAM SO'!$B$8),"Chưa hiệu lực",IF(O25="","Đang thực hiện",IF(O25<'THAM SO'!$B$8,IF(P25="Có","Đã tự gia hạn – kiểm tra","Quá hạn – chưa thanh lý"),IF(O25-'THAM SO'!$B$8<='THAM SO'!$B$9,"Sắp hết hạn","Đang thực hiện")))))) | AK25: =IF(AND(O25="",AH25=""),"",EDATE(MAX(N(O25),N(AH25)),12*'THAM SO'!$B$12))
... A308: =IF(H308="","",COUNTA($H$9:H308)) | B308: =IF(OR(D308="",G308=""),"",YEAR(G308)&"/"&D308&"/"&TEXT(SUMPRODUCT(($D$9:D308=D308)*(YEAR($G$9:G308)=YEAR(G308))),"000")&"-"&'THAM SO'!$B$7) | E308: =IF(D308="","",IFERROR(VLOOKUP(D308,'THAM SO'!$D$6:$E$40,2,FALSE()),"Mã loại chưa khai báo")) | U308: =IF(S308="","",ROUND(S308*N(T308),2)) | V308: =IF(S308="","",S308+U308) | W308: =IF(V308="","",ROUND(V308*IF(OR(Q308="",Q308="VND"),1,R308),0)) | Y308: =IF(W308="","",W308+N(X308)) | Z308: =IF(B308="","",SUMIFS('NHAT KY THANH TOAN'!$G:$G,'NHAT KY THANH TOAN'!$B:$B,B308,'NHAT KY THANH TOAN'!$D:$D,"Hóa đơn")) | AA308: =IF(B308="","",SUMIFS('NHAT KY THANH TOAN'!$G:$G,'NHAT KY THANH TOAN'!$B:$B,B308,'NHAT KY THANH TOAN'!$D:$D,"Thanh toán")) | AB308: =IF(Y308="","",Y308-N(AA308)) | AC308: =IF(B308="","",N(Z308)-N(AA308)) | AD308: =IF(N(Y308)=0,"",N(AA308)/Y308) | AF308: =IF(H308="","",TRIM(IF(AND(N(Y308)>='THAM SO'!$B$10,AE308<>"Có"),"Chưa rà soát pháp lý; ","")&IF(I308="","Thiếu MST đối tác; ","")&IF(AG308="","Chưa ghi nơi lưu bản gốc; ","")&IF(COUNTIFS('NHAT KY THANH TOAN'!$B:$B,B308,'NHAT KY THANH TOAN'!$D:$D,"Thanh toán",'NHAT KY THANH TOAN'!$F:$F,"Tiền mặt",'NHAT KY THANH TOAN'!$G:$G,">="&'THAM SO'!$B$11)>0,"Có khoản TT tiền mặt ≥ ngưỡng; ","")&IF(AND(AB308<>"",N(AB308)<0),"Thanh toán vượt giá trị HĐ; ",""))) | AI308: =IF(OR(H308="",O308="",AH308<>""),"",O308-'THAM SO'!$B$8) | AJ308: =IF(H308="","",IF(AH308<>"","Đã thanh lý",IF(AND(N308<>"",N308>'THAM SO'!$B$8),"Chưa hiệu lực",IF(O308="","Đang thực hiện",IF(O308<'THAM SO'!$B$8,IF(P308="Có","Đã tự gia hạn – kiểm tra","Quá hạn – chưa thanh lý"),IF(O308-'THAM SO'!$B$8<='THAM SO'!$B$9,"Sắp hết hạn","Đang thực hiện")))))) | AK308: =IF(AND(O308="",AH308=""),"",EDATE(MAX(N(O308),N(AH308)),12*'THAM SO'!$B$12))

Sheet NHAT KY THANH TOAN
A1: NHẬT KÝ HÓA ĐƠN & THANH TOÁN THEO HỢP ĐỒNG
A2: KK HOME | | Hệ thống Quản trị Doanh nghiệp – KK HOME 2026
A3: Mỗi lần nhận/xuất hóa đơn hoặc thanh toán/thu tiền: ghi 1 dòng. Sổ hợp đồng tự cộng lũy kế theo Số HĐ nội bộ.
A4: Ghi số tiền quy VND (đã gồm thuế GTGT). Thanh toán tiền mặt từ ngưỡng ở THAM SO trở lên sẽ bị đánh dấu đỏ.
A6: Ngày | B6: Số HĐ nội bộ | C6: Tên đối tác (tự hiện) | D6: Loại phát sinh | E6: Số hóa đơn / chứng từ | F6: Hình thức TT | G6: Số tiền (VND) | H6: Nội dung | I6: Cảnh báo | J6: Ghi chú
A7: 46027 | B7: 2026/TN/001-ABC | C7: =IF(B7="","",IFERROR(INDEX('SO HOP DONG'!$H$9:$H$308,MATCH(B7,'SO HOP DONG'!$B$9:$B$308,0)),"Số HĐ không có trong sổ")) | D7: Thanh toán | E7: UNC 0105 | F7: Chuyển khoản | G7: 120000000 | H7: Trả trước tiền thuê 6 tháng đầu | I7: =IF(B7="","",IF(AND(D7="Thanh toán",F7="Tiền mặt",G7>='THAM SO'!$B$11),"Tiền mặt ≥ ngưỡng: rủi ro loại khấu trừ GTGT/chi phí",IF(AND(D7="Thanh toán",F7=""),"Thiếu hình thức TT",""))) | J7: Dòng 7–14: ví dụ, xóa trước khi dùng
A8: 46206 | B8: 2026/TN/001-ABC | C8: =IF(B8="","",IFERROR(INDEX('SO HOP DONG'!$H$9:$H$308,MATCH(B8,'SO HOP DONG'!$B$9:$B$308,0)),"Số HĐ không có trong sổ")) | D8: Thanh toán | E8: UNC 0703 | F8: Chuyển khoản | G8: 120000000 | H8: Trả tiền thuê 6 tháng sau | I8: =IF(B8="","",IF(AND(D8="Thanh toán",F8="Tiền mặt",G8>='THAM SO'!$B$11),"Tiền mặt ≥ ngưỡng: rủi ro loại khấu trừ GTGT/chi phí",IF(AND(D8="Thanh toán",F8=""),"Thiếu hình thức TT","")))
A9: 46096 | B9: 2026/BH/001-ABC | C9: =IF(B9="","",IFERROR(INDEX('SO HOP DONG'!$H$9:$H$308,MATCH(B9,'SO HOP DONG'!$B$9:$B$308,0)),"Số HĐ không có trong sổ")) | D9: Hóa đơn | E9: HĐ 00000125 | G9: 459000000 | H9: Giao đợt 1: 2.500 thùng | I9: =IF(B9="","",IF(AND(D9="Thanh toán",F9="Tiền mặt",G9>='THAM SO'!$B$11),"Tiền mặt ≥ ngưỡng: rủi ro loại khấu trừ GTGT/chi phí",IF(AND(D9="Thanh toán",F9=""),"Thiếu hình thức TT","")))
A10: 46126 | B10: 2026/BH/001-ABC | C10: =IF(B10="","",IFERROR(INDEX('SO HOP DONG'!$H$9:$H$308,MATCH(B10,'SO HOP DONG'!$B$9:$B$308,0)),"Số HĐ không có trong sổ")) | D10: Thanh toán | E10: Báo có 0414 | F10: Chuyển khoản | G10: 459000000 | H10: Thu tiền đợt 1 | I10: =IF(B10="","",IF(AND(D10="Thanh toán",F10="Tiền mặt",G10>='THAM SO'!$B$11),"Tiền mặt ≥ ngưỡng: rủi ro loại khấu trừ GTGT/chi phí",IF(AND(D10="Thanh toán",F10=""),"Thiếu hình thức TT","")))
A11: 46254 | B11: 2026/BH/001-ABC | C11: =IF(B11="","",IFERROR(INDEX('SO HOP DONG'!$H$9:$H$308,MATCH(B11,'SO HOP DONG'!$B$9:$B$308,0)),"Số HĐ không có trong sổ")) | D11: Hóa đơn | E11: HĐ 00000318 | G11: 275400000 | H11: Giao đợt 2: 1.500 thùng | I11: =IF(B11="","",IF(AND(D11="Thanh toán",F11="Tiền mặt",G11>='THAM SO'!$B$11),"Tiền mặt ≥ ngưỡng: rủi ro loại khấu trừ GTGT/chi phí",IF(AND(D11="Thanh toán",F11=""),"Thiếu hình thức TT","")))
A12: 46112 | B12: 2026/DV/001-ABC | C12: =IF(B12="","",IFERROR(INDEX('SO HOP DONG'!$H$9:$H$308,MATCH(B12,'SO HOP DONG'!$B$9:$B$308,0)),"Số HĐ không có trong sổ")) | D12: Hóa đơn | E12: HĐ 00000087 | G12: 19800000 | H12: Phí dịch vụ Q1+Q2 | I12: =IF(B12="","",IF(AND(D12="Thanh toán",F12="Tiền mặt",G12>='THAM SO'!$B$11),"Tiền mặt ≥ ngưỡng: rủi ro loại khấu trừ GTGT/chi phí",IF(AND(D12="Thanh toán",F12=""),"Thiếu hình thức TT","")))
A13: 46117 | B13: 2026/DV/001-ABC | C13: =IF(B13="","",IFERROR(INDEX('SO HOP DONG'!$H$9:$H$308,MATCH(B13,'SO HOP DONG'!$B$9:$B$308,0)),"Số HĐ không có trong sổ")) | D13: Thanh toán | E13: PC 0405 | F13: Tiền mặt | G13: 19800000 | H13: Trả phí dịch vụ | I13: =IF(B13="","",IF(AND(D13="Thanh toán",F13="Tiền mặt",G13>='THAM SO'!$B$11),"Tiền mặt ≥ ngưỡng: rủi ro loại khấu trừ GTGT/chi phí",IF(AND(D13="Thanh toán",F13=""),"Thiếu hình thức TT","")))
A14: 46132 | B14: 2026/MH/001-ABC | C14: =IF(B14="","",IFERROR(INDEX('SO HOP DONG'!$H$9:$H$308,MATCH(B14,'SO HOP DONG'!$B$9:$B$308,0)),"Số HĐ không có trong sổ")) | D14: Thanh toán | E14: LC 2026-015 | F14: Chuyển khoản | G14: 376560000 | H14: Đặt cọc 30% qua L/C | I14: =IF(B14="","",IF(AND(D14="Thanh toán",F14="Tiền mặt",G14>='THAM SO'!$B$11),"Tiền mặt ≥ ngưỡng: rủi ro loại khấu trừ GTGT/chi phí",IF(AND(D14="Thanh toán",F14=""),"Thiếu hình thức TT","")))
C15: =IF(B15="","",IFERROR(INDEX('SO HOP DONG'!$H$9:$H$308,MATCH(B15,'SO HOP DONG'!$B$9:$B$308,0)),"Số HĐ không có trong sổ")) | I15: =IF(B15="","",IF(AND(D15="Thanh toán",F15="Tiền mặt",G15>='THAM SO'!$B$11),"Tiền mặt ≥ ngưỡng: rủi ro loại khấu trừ GTGT/chi phí",IF(AND(D15="Thanh toán",F15=""),"Thiếu hình thức TT","")))
C16: =IF(B16="","",IFERROR(INDEX('SO HOP DONG'!$H$9:$H$308,MATCH(B16,'SO HOP DONG'!$B$9:$B$308,0)),"Số HĐ không có trong sổ")) | I16: =IF(B16="","",IF(AND(D16="Thanh toán",F16="Tiền mặt",G16>='THAM SO'!$B$11),"Tiền mặt ≥ ngưỡng: rủi ro loại khấu trừ GTGT/chi phí",IF(AND(D16="Thanh toán",F16=""),"Thiếu hình thức TT","")))
C17: =IF(B17="","",IFERROR(INDEX('SO HOP DONG'!$H$9:$H$308,MATCH(B17,'SO HOP DONG'!$B$9:$B$308,0)),"Số HĐ không có trong sổ")) | I17: =IF(B17="","",IF(AND(D17="Thanh toán",F17="Tiền mặt",G17>='THAM SO'!$B$11),"Tiền mặt ≥ ngưỡng: rủi ro loại khấu trừ GTGT/chi phí",IF(AND(D17="Thanh toán",F17=""),"Thiếu hình thức TT","")))
C18: =IF(B18="","",IFERROR(INDEX('SO HOP DONG'!$H$9:$H$308,MATCH(B18,'SO HOP DONG'!$B$9:$B$308,0)),"Số HĐ không có trong sổ")) | I18: =IF(B18="","",IF(AND(D18="Thanh toán",F18="Tiền mặt",G18>='THAM SO'!$B$11),"Tiền mặt ≥ ngưỡng: rủi ro loại khấu trừ GTGT/chi phí",IF(AND(D18="Thanh toán",F18=""),"Thiếu hình thức TT","")))
C19: =IF(B19="","",IFERROR(INDEX('SO HOP DONG'!$H$9:$H$308,MATCH(B19,'SO HOP DONG'!$B$9:$B$308,0)),"Số HĐ không có trong sổ")) | I19: =IF(B19="","",IF(AND(D19="Thanh toán",F19="Tiền mặt",G19>='THAM SO'!$B$11),"Tiền mặt ≥ ngưỡng: rủi ro loại khấu trừ GTGT/chi phí",IF(AND(D19="Thanh toán",F19=""),"Thiếu hình thức TT","")))
C20: =IF(B20="","",IFERROR(INDEX('SO HOP DONG'!$H$9:$H$308,MATCH(B20,'SO HOP DONG'!$B$9:$B$308,0)),"Số HĐ không có trong sổ")) | I20: =IF(B20="","",IF(AND(D20="Thanh toán",F20="Tiền mặt",G20>='THAM SO'!$B$11),"Tiền mặt ≥ ngưỡng: rủi ro loại khấu trừ GTGT/chi phí",IF(AND(D20="Thanh toán",F20=""),"Thiếu hình thức TT","")))
C21: =IF(B21="","",IFERROR(INDEX('SO HOP DONG'!$H$9:$H$308,MATCH(B21,'SO HOP DONG'!$B$9:$B$308,0)),"Số HĐ không có trong sổ")) | I21: =IF(B21="","",IF(AND(D21="Thanh toán",F21="Tiền mặt",G21>='THAM SO'!$B$11),"Tiền mặt ≥ ngưỡng: rủi ro loại khấu trừ GTGT/chi phí",IF(AND(D21="Thanh toán",F21=""),"Thiếu hình thức TT","")))
C22: =IF(B22="","",IFERROR(INDEX('SO HOP DONG'!$H$9:$H$308,MATCH(B22,'SO HOP DONG'!$B$9:$B$308,0)),"Số HĐ không có trong sổ")) | I22: =IF(B22="","",IF(AND(D22="Thanh toán",F22="Tiền mặt",G22>='THAM SO'!$B$11),"Tiền mặt ≥ ngưỡng: rủi ro loại khấu trừ GTGT/chi phí",IF(AND(D22="Thanh toán",F22=""),"Thiếu hình thức TT","")))
C23: =IF(B23="","",IFERROR(INDEX('SO HOP DONG'!$H$9:$H$308,MATCH(B23,'SO HOP DONG'!$B$9:$B$308,0)),"Số HĐ không có trong sổ")) | I23: =IF(B23="","",IF(AND(D23="Thanh toán",F23="Tiền mặt",G23>='THAM SO'!$B$11),"Tiền mặt ≥ ngưỡng: rủi ro loại khấu trừ GTGT/chi phí",IF(AND(D23="Thanh toán",F23=""),"Thiếu hình thức TT","")))
C24: =IF(B24="","",IFERROR(INDEX('SO HOP DONG'!$H$9:$H$308,MATCH(B24,'SO HOP DONG'!$B$9:$B$308,0)),"Số HĐ không có trong sổ")) | I24: =IF(B24="","",IF(AND(D24="Thanh toán",F24="Tiền mặt",G24>='THAM SO'!$B$11),"Tiền mặt ≥ ngưỡng: rủi ro loại khấu trừ GTGT/chi phí",IF(AND(D24="Thanh toán",F24=""),"Thiếu hình thức TT","")))
C25: =IF(B25="","",IFERROR(INDEX('SO HOP DONG'!$H$9:$H$308,MATCH(B25,'SO HOP DONG'!$B$9:$B$308,0)),"Số HĐ không có trong sổ")) | I25: =IF(B25="","",IF(AND(D25="Thanh toán",F25="Tiền mặt",G25>='THAM SO'!$B$11),"Tiền mặt ≥ ngưỡng: rủi ro loại khấu trừ GTGT/chi phí",IF(AND(D25="Thanh toán",F25=""),"Thiếu hình thức TT","")))
C26: =IF(B26="","",IFERROR(INDEX('SO HOP DONG'!$H$9:$H$308,MATCH(B26,'SO HOP DONG'!$B$9:$B$308,0)),"Số HĐ không có trong sổ")) | I26: =IF(B26="","",IF(AND(D26="Thanh toán",F26="Tiền mặt",G26>='THAM SO'!$B$11),"Tiền mặt ≥ ngưỡng: rủi ro loại khấu trừ GTGT/chi phí",IF(AND(D26="Thanh toán",F26=""),"Thiếu hình thức TT","")))
... C506: =IF(B506="","",IFERROR(INDEX('SO HOP DONG'!$H$9:$H$308,MATCH(B506,'SO HOP DONG'!$B$9:$B$308,0)),"Số HĐ không có trong sổ")) | I506: =IF(B506="","",IF(AND(D506="Thanh toán",F506="Tiền mặt",G506>='THAM SO'!$B$11),"Tiền mặt ≥ ngưỡng: rủi ro loại khấu trừ GTGT/chi phí",IF(AND(D506="Thanh toán",F506=""),"Thiếu hình thức TT","")))

Sheet TONG HOP
A1: BÁO CÁO TỔNG HỢP HỢP ĐỒNG
A2: KK HOME | | Hệ thống Quản trị Doanh nghiệp – KK HOME 2026
A3: Ngày báo cáo: | B3: ='THAM SO'!$B$8
A5: 1. TÌNH TRẠNG HỢP ĐỒNG
A6: Trạng thái | B6: Số HĐ | C6: Giá trị sau điều chỉnh (VND) | D6: Đã thanh toán (VND) | E6: Còn phải TT (VND)
A7: Chưa hiệu lực | B7: =COUNTIF('SO HOP DONG'!$AJ$9:$AJ$308,A7) | C7: =SUMIFS('SO HOP DONG'!$Y$9:$Y$308,'SO HOP DONG'!$AJ$9:$AJ$308,A7) | D7: =SUMIFS('SO HOP DONG'!$AA$9:$AA$308,'SO HOP DONG'!$AJ$9:$AJ$308,A7) | E7: =SUMIFS('SO HOP DONG'!$AB$9:$AB$308,'SO HOP DONG'!$AJ$9:$AJ$308,A7)
A8: Đang thực hiện | B8: =COUNTIF('SO HOP DONG'!$AJ$9:$AJ$308,A8) | C8: =SUMIFS('SO HOP DONG'!$Y$9:$Y$308,'SO HOP DONG'!$AJ$9:$AJ$308,A8) | D8: =SUMIFS('SO HOP DONG'!$AA$9:$AA$308,'SO HOP DONG'!$AJ$9:$AJ$308,A8) | E8: =SUMIFS('SO HOP DONG'!$AB$9:$AB$308,'SO HOP DONG'!$AJ$9:$AJ$308,A8)
A9: Sắp hết hạn | B9: =COUNTIF('SO HOP DONG'!$AJ$9:$AJ$308,A9) | C9: =SUMIFS('SO HOP DONG'!$Y$9:$Y$308,'SO HOP DONG'!$AJ$9:$AJ$308,A9) | D9: =SUMIFS('SO HOP DONG'!$AA$9:$AA$308,'SO HOP DONG'!$AJ$9:$AJ$308,A9) | E9: =SUMIFS('SO HOP DONG'!$AB$9:$AB$308,'SO HOP DONG'!$AJ$9:$AJ$308,A9)
A10: Quá hạn – chưa thanh lý | B10: =COUNTIF('SO HOP DONG'!$AJ$9:$AJ$308,A10) | C10: =SUMIFS('SO HOP DONG'!$Y$9:$Y$308,'SO HOP DONG'!$AJ$9:$AJ$308,A10) | D10: =SUMIFS('SO HOP DONG'!$AA$9:$AA$308,'SO HOP DONG'!$AJ$9:$AJ$308,A10) | E10: =SUMIFS('SO HOP DONG'!$AB$9:$AB$308,'SO HOP DONG'!$AJ$9:$AJ$308,A10)
A11: Đã tự gia hạn – kiểm tra | B11: =COUNTIF('SO HOP DONG'!$AJ$9:$AJ$308,A11) | C11: =SUMIFS('SO HOP DONG'!$Y$9:$Y$308,'SO HOP DONG'!$AJ$9:$AJ$308,A11) | D11: =SUMIFS('SO HOP DONG'!$AA$9:$AA$308,'SO HOP DONG'!$AJ$9:$AJ$308,A11) | E11: =SUMIFS('SO HOP DONG'!$AB$9:$AB$308,'SO HOP DONG'!$AJ$9:$AJ$308,A11)
A12: Đã thanh lý | B12: =COUNTIF('SO HOP DONG'!$AJ$9:$AJ$308,A12) | C12: =SUMIFS('SO HOP DONG'!$Y$9:$Y$308,'SO HOP DONG'!$AJ$9:$AJ$308,A12) | D12: =SUMIFS('SO HOP DONG'!$AA$9:$AA$308,'SO HOP DONG'!$AJ$9:$AJ$308,A12) | E12: =SUMIFS('SO HOP DONG'!$AB$9:$AB$308,'SO HOP DONG'!$AJ$9:$AJ$308,A12)
A13: Cộng | B13: =SUM(B7:B12) | C13: =SUM(C7:C12) | D13: =SUM(D7:D12) | E13: =SUM(E7:E12)
A15: 2. THEO LOẠI HỢP ĐỒNG & CHIỀU GIAO DỊCH
A16: Loại hợp đồng | B16: Số HĐ | C16: Mua vào – giá trị | D16: Mua vào – còn phải trả | E16: Bán ra – giá trị | F16: Bán ra – còn phải thu | G16: Số HĐ có cảnh báo
A17: ='THAM SO'!D6&" – "&'THAM SO'!E6 | B17: =COUNTIF('SO HOP DONG'!$D$9:$D$308,'THAM SO'!D6) | C17: =SUMIFS('SO HOP DONG'!$Y$9:$Y$308,'SO HOP DONG'!$D$9:$D$308,'THAM SO'!D6,'SO HOP DONG'!$C$9:$C$308,"Mua vào") | D17: =SUMIFS('SO HOP DONG'!$AB$9:$AB$308,'SO HOP DONG'!$D$9:$D$308,'THAM SO'!D6,'SO HOP DONG'!$C$9:$C$308,"Mua vào") | E17: =SUMIFS('SO HOP DONG'!$Y$9:$Y$308,'SO HOP DONG'!$D$9:$D$308,'THAM SO'!D6,'SO HOP DONG'!$C$9:$C$308,"Bán ra") | F17: =SUMIFS('SO HOP DONG'!$AB$9:$AB$308,'SO HOP DONG'!$D$9:$D$308,'THAM SO'!D6,'SO HOP DONG'!$C$9:$C$308,"Bán ra") | G17: =COUNTIFS('SO HOP DONG'!$D$9:$D$308,'THAM SO'!D6,'SO HOP DONG'!$AF$9:$AF$308,"?*")
A18: ='THAM SO'!D7&" – "&'THAM SO'!E7 | B18: =COUNTIF('SO HOP DONG'!$D$9:$D$308,'THAM SO'!D7) | C18: =SUMIFS('SO HOP DONG'!$Y$9:$Y$308,'SO HOP DONG'!$D$9:$D$308,'THAM SO'!D7,'SO HOP DONG'!$C$9:$C$308,"Mua vào") | D18: =SUMIFS('SO HOP DONG'!$AB$9:$AB$308,'SO HOP DONG'!$D$9:$D$308,'THAM SO'!D7,'SO HOP DONG'!$C$9:$C$308,"Mua vào") | E18: =SUMIFS('SO HOP DONG'!$Y$9:$Y$308,'SO HOP DONG'!$D$9:$D$308,'THAM SO'!D7,'SO HOP DONG'!$C$9:$C$308,"Bán ra") | F18: =SUMIFS('SO HOP DONG'!$AB$9:$AB$308,'SO HOP DONG'!$D$9:$D$308,'THAM SO'!D7,'SO HOP DONG'!$C$9:$C$308,"Bán ra") | G18: =COUNTIFS('SO HOP DONG'!$D$9:$D$308,'THAM SO'!D7,'SO HOP DONG'!$AF$9:$AF$308,"?*")
A19: ='THAM SO'!D8&" – "&'THAM SO'!E8 | B19: =COUNTIF('SO HOP DONG'!$D$9:$D$308,'THAM SO'!D8) | C19: =SUMIFS('SO HOP DONG'!$Y$9:$Y$308,'SO HOP DONG'!$D$9:$D$308,'THAM SO'!D8,'SO HOP DONG'!$C$9:$C$308,"Mua vào") | D19: =SUMIFS('SO HOP DONG'!$AB$9:$AB$308,'SO HOP DONG'!$D$9:$D$308,'THAM SO'!D8,'SO HOP DONG'!$C$9:$C$308,"Mua vào") | E19: =SUMIFS('SO HOP DONG'!$Y$9:$Y$308,'SO HOP DONG'!$D$9:$D$308,'THAM SO'!D8,'SO HOP DONG'!$C$9:$C$308,"Bán ra") | F19: =SUMIFS('SO HOP DONG'!$AB$9:$AB$308,'SO HOP DONG'!$D$9:$D$308,'THAM SO'!D8,'SO HOP DONG'!$C$9:$C$308,"Bán ra") | G19: =COUNTIFS('SO HOP DONG'!$D$9:$D$308,'THAM SO'!D8,'SO HOP DONG'!$AF$9:$AF$308,"?*")
A20: ='THAM SO'!D9&" – "&'THAM SO'!E9 | B20: =COUNTIF('SO HOP DONG'!$D$9:$D$308,'THAM SO'!D9) | C20: =SUMIFS('SO HOP DONG'!$Y$9:$Y$308,'SO HOP DONG'!$D$9:$D$308,'THAM SO'!D9,'SO HOP DONG'!$C$9:$C$308,"Mua vào") | D20: =SUMIFS('SO HOP DONG'!$AB$9:$AB$308,'SO HOP DONG'!$D$9:$D$308,'THAM SO'!D9,'SO HOP DONG'!$C$9:$C$308,"Mua vào") | E20: =SUMIFS('SO HOP DONG'!$Y$9:$Y$308,'SO HOP DONG'!$D$9:$D$308,'THAM SO'!D9,'SO HOP DONG'!$C$9:$C$308,"Bán ra") | F20: =SUMIFS('SO HOP DONG'!$AB$9:$AB$308,'SO HOP DONG'!$D$9:$D$308,'THAM SO'!D9,'SO HOP DONG'!$C$9:$C$308,"Bán ra") | G20: =COUNTIFS('SO HOP DONG'!$D$9:$D$308,'THAM SO'!D9,'SO HOP DONG'!$AF$9:$AF$308,"?*")
A21: ='THAM SO'!D10&" – "&'THAM SO'!E10 | B21: =COUNTIF('SO HOP DONG'!$D$9:$D$308,'THAM SO'!D10) | C21: =SUMIFS('SO HOP DONG'!$Y$9:$Y$308,'SO HOP DONG'!$D$9:$D$308,'THAM SO'!D10,'SO HOP DONG'!$C$9:$C$308,"Mua vào") | D21: =SUMIFS('SO HOP DONG'!$AB$9:$AB$308,'SO HOP DONG'!$D$9:$D$308,'THAM SO'!D10,'SO HOP DONG'!$C$9:$C$308,"Mua vào") | E21: =SUMIFS('SO HOP DONG'!$Y$9:$Y$308,'SO HOP DONG'!$D$9:$D$308,'THAM SO'!D10,'SO HOP DONG'!$C$9:$C$308,"Bán ra") | F21: =SUMIFS('SO HOP DONG'!$AB$9:$AB$308,'SO HOP DONG'!$D$9:$D$308,'THAM SO'!D10,'SO HOP DONG'!$C$9:$C$308,"Bán ra") | G21: =COUNTIFS('SO HOP DONG'!$D$9:$D$308,'THAM SO'!D10,'SO HOP DONG'!$AF$9:$AF$308,"?*")
A22: ='THAM SO'!D11&" – "&'THAM SO'!E11 | B22: =COUNTIF('SO HOP DONG'!$D$9:$D$308,'THAM SO'!D11) | C22: =SUMIFS('SO HOP DONG'!$Y$9:$Y$308,'SO HOP DONG'!$D$9:$D$308,'THAM SO'!D11,'SO HOP DONG'!$C$9:$C$308,"Mua vào") | D22: =SUMIFS('SO HOP DONG'!$AB$9:$AB$308,'SO HOP DONG'!$D$9:$D$308,'THAM SO'!D11,'SO HOP DONG'!$C$9:$C$308,"Mua vào") | E22: =SUMIFS('SO HOP DONG'!$Y$9:$Y$308,'SO HOP DONG'!$D$9:$D$308,'THAM SO'!D11,'SO HOP DONG'!$C$9:$C$308,"Bán ra") | F22: =SUMIFS('SO HOP DONG'!$AB$9:$AB$308,'SO HOP DONG'!$D$9:$D$308,'THAM SO'!D11,'SO HOP DONG'!$C$9:$C$308,"Bán ra") | G22: =COUNTIFS('SO HOP DONG'!$D$9:$D$308,'THAM SO'!D11,'SO HOP DONG'!$AF$9:$AF$308,"?*")
A23: ='THAM SO'!D12&" – "&'THAM SO'!E12 | B23: =COUNTIF('SO HOP DONG'!$D$9:$D$308,'THAM SO'!D12) | C23: =SUMIFS('SO HOP DONG'!$Y$9:$Y$308,'SO HOP DONG'!$D$9:$D$308,'THAM SO'!D12,'SO HOP DONG'!$C$9:$C$308,"Mua vào") | D23: =SUMIFS('SO HOP DONG'!$AB$9:$AB$308,'SO HOP DONG'!$D$9:$D$308,'THAM SO'!D12,'SO HOP DONG'!$C$9:$C$308,"Mua vào") | E23: =SUMIFS('SO HOP DONG'!$Y$9:$Y$308,'SO HOP DONG'!$D$9:$D$308,'THAM SO'!D12,'SO HOP DONG'!$C$9:$C$308,"Bán ra") | F23: =SUMIFS('SO HOP DONG'!$AB$9:$AB$308,'SO HOP DONG'!$D$9:$D$308,'THAM SO'!D12,'SO HOP DONG'!$C$9:$C$308,"Bán ra") | G23: =COUNTIFS('SO HOP DONG'!$D$9:$D$308,'THAM SO'!D12,'SO HOP DONG'!$AF$9:$AF$308,"?*")
A24: ='THAM SO'!D13&" – "&'THAM SO'!E13 | B24: =COUNTIF('SO HOP DONG'!$D$9:$D$308,'THAM SO'!D13) | C24: =SUMIFS('SO HOP DONG'!$Y$9:$Y$308,'SO HOP DONG'!$D$9:$D$308,'THAM SO'!D13,'SO HOP DONG'!$C$9:$C$308,"Mua vào") | D24: =SUMIFS('SO HOP DONG'!$AB$9:$AB$308,'SO HOP DONG'!$D$9:$D$308,'THAM SO'!D13,'SO HOP DONG'!$C$9:$C$308,"Mua vào") | E24: =SUMIFS('SO HOP DONG'!$Y$9:$Y$308,'SO HOP DONG'!$D$9:$D$308,'THAM SO'!D13,'SO HOP DONG'!$C$9:$C$308,"Bán ra") | F24: =SUMIFS('SO HOP DONG'!$AB$9:$AB$308,'SO HOP DONG'!$D$9:$D$308,'THAM SO'!D13,'SO HOP DONG'!$C$9:$C$308,"Bán ra") | G24: =COUNTIFS('SO HOP DONG'!$D$9:$D$308,'THAM SO'!D13,'SO HOP DONG'!$AF$9:$AF$308,"?*")
A25: ='THAM SO'!D14&" – "&'THAM SO'!E14 | B25: =COUNTIF('SO HOP DONG'!$D$9:$D$308,'THAM SO'!D14) | C25: =SUMIFS('SO HOP DONG'!$Y$9:$Y$308,'SO HOP DONG'!$D$9:$D$308,'THAM SO'!D14,'SO HOP DONG'!$C$9:$C$308,"Mua vào") | D25: =SUMIFS('SO HOP DONG'!$AB$9:$AB$308,'SO HOP DONG'!$D$9:$D$308,'THAM SO'!D14,'SO HOP DONG'!$C$9:$C$308,"Mua vào") | E25: =SUMIFS('SO HOP DONG'!$Y$9:$Y$308,'SO HOP DONG'!$D$9:$D$308,'THAM SO'!D14,'SO HOP DONG'!$C$9:$C$308,"Bán ra") | F25: =SUMIFS('SO HOP DONG'!$AB$9:$AB$308,'SO HOP DONG'!$D$9:$D$308,'THAM SO'!D14,'SO HOP DONG'!$C$9:$C$308,"Bán ra") | G25: =COUNTIFS('SO HOP DONG'!$D$9:$D$308,'THAM SO'!D14,'SO HOP DONG'!$AF$9:$AF$308,"?*")
A26: ='THAM SO'!D15&" – "&'THAM SO'!E15 | B26: =COUNTIF('SO HOP DONG'!$D$9:$D$308,'THAM SO'!D15) | C26: =SUMIFS('SO HOP DONG'!$Y$9:$Y$308,'SO HOP DONG'!$D$9:$D$308,'THAM SO'!D15,'SO HOP DONG'!$C$9:$C$308,"Mua vào") | D26: =SUMIFS('SO HOP DONG'!$AB$9:$AB$308,'SO HOP DONG'!$D$9:$D$308,'THAM SO'!D15,'SO HOP DONG'!$C$9:$C$308,"Mua vào") | E26: =SUMIFS('SO HOP DONG'!$Y$9:$Y$308,'SO HOP DONG'!$D$9:$D$308,'THAM SO'!D15,'SO HOP DONG'!$C$9:$C$308,"Bán ra") | F26: =SUMIFS('SO HOP DONG'!$AB$9:$AB$308,'SO HOP DONG'!$D$9:$D$308,'THAM SO'!D15,'SO HOP DONG'!$C$9:$C$308,"Bán ra") | G26: =COUNTIFS('SO HOP DONG'!$D$9:$D$308,'THAM SO'!D15,'SO HOP DONG'!$AF$9:$AF$308,"?*")
A27: ='THAM SO'!D16&" – "&'THAM SO'!E16 | B27: =COUNTIF('SO HOP DONG'!$D$9:$D$308,'THAM SO'!D16) | C27: =SUMIFS('SO HOP DONG'!$Y$9:$Y$308,'SO HOP DONG'!$D$9:$D$308,'THAM SO'!D16,'SO HOP DONG'!$C$9:$C$308,"Mua vào") | D27: =SUMIFS('SO HOP DONG'!$AB$9:$AB$308,'SO HOP DONG'!$D$9:$D$308,'THAM SO'!D16,'SO HOP DONG'!$C$9:$C$308,"Mua vào") | E27: =SUMIFS('SO HOP DONG'!$Y$9:$Y$308,'SO HOP DONG'!$D$9:$D$308,'THAM SO'!D16,'SO HOP DONG'!$C$9:$C$308,"Bán ra") | F27: =SUMIFS('SO HOP DONG'!$AB$9:$AB$308,'SO HOP DONG'!$D$9:$D$308,'THAM SO'!D16,'SO HOP DONG'!$C$9:$C$308,"Bán ra") | G27: =COUNTIFS('SO HOP DONG'!$D$9:$D$308,'THAM SO'!D16,'SO HOP DONG'!$AF$9:$AF$308,"?*")
A28: ='THAM SO'!D17&" – "&'THAM SO'!E17 | B28: =COUNTIF('SO HOP DONG'!$D$9:$D$308,'THAM SO'!D17) | C28: =SUMIFS('SO HOP DONG'!$Y$9:$Y$308,'SO HOP DONG'!$D$9:$D$308,'THAM SO'!D17,'SO HOP DONG'!$C$9:$C$308,"Mua vào") | D28: =SUMIFS('SO HOP DONG'!$AB$9:$AB$308,'SO HOP DONG'!$D$9:$D$308,'THAM SO'!D17,'SO HOP DONG'!$C$9:$C$308,"Mua vào") | E28: =SUMIFS('SO HOP DONG'!$Y$9:$Y$308,'SO HOP DONG'!$D$9:$D$308,'THAM SO'!D17,'SO HOP DONG'!$C$9:$C$308,"Bán ra") | F28: =SUMIFS('SO HOP DONG'!$AB$9:$AB$308,'SO HOP DONG'!$D$9:$D$308,'THAM SO'!D17,'SO HOP DONG'!$C$9:$C$308,"Bán ra") | G28: =COUNTIFS('SO HOP DONG'!$D$9:$D$308,'THAM SO'!D17,'SO HOP DONG'!$AF$9:$AF$308,"?*")
... A30: ='THAM SO'!D19&" – "&'THAM SO'!E19 | B30: =COUNTIF('SO HOP DONG'!$D$9:$D$308,'THAM SO'!D19) | C30: =SUMIFS('SO HOP DONG'!$Y$9:$Y$308,'SO HOP DONG'!$D$9:$D$308,'THAM SO'!D19,'SO HOP DONG'!$C$9:$C$308,"Mua vào") | D30: =SUMIFS('SO HOP DONG'!$AB$9:$AB$308,'SO HOP DONG'!$D$9:$D$308,'THAM SO'!D19,'SO HOP DONG'!$C$9:$C$308,"Mua vào") | E30: =SUMIFS('SO HOP DONG'!$Y$9:$Y$308,'SO HOP DONG'!$D$9:$D$308,'THAM SO'!D19,'SO HOP DONG'!$C$9:$C$308,"Bán ra") | F30: =SUMIFS('SO HOP DONG'!$AB$9:$AB$308,'SO HOP DONG'!$D$9:$D$308,'THAM SO'!D19,'SO HOP DONG'!$C$9:$C$308,"Bán ra") | G30: =COUNTIFS('SO HOP DONG'!$D$9:$D$308,'THAM SO'!D19,'SO HOP DONG'!$AF$9:$AF$308,"?*")
A31: Cộng | B31: =SUM(B17:B30) | C31: =SUM(C17:C30) | D31: =SUM(D17:D30) | E31: =SUM(E17:E30) | F31: =SUM(F17:F30) | G31: =SUM(G17:G30)
A33: 3. CHỈ TIÊU KIỂM SOÁT
A34: HĐ từ ngưỡng rà soát pháp lý nhưng chưa rà soát | B34: =COUNTIF('SO HOP DONG'!$AF$9:$AF$308,"*Chưa rà soát pháp lý*")
A35: HĐ thiếu MST đối tác | B35: =COUNTIF('SO HOP DONG'!$AF$9:$AF$308,"*Thiếu MST*")
A36: HĐ chưa ghi nơi lưu bản gốc | B36: =COUNTIF('SO HOP DONG'!$AF$9:$AF$308,"*nơi lưu bản gốc*")
A37: HĐ có khoản thanh toán tiền mặt ≥ ngưỡng | B37: =COUNTIF('SO HOP DONG'!$AF$9:$AF$308,"*tiền mặt*")
A38: HĐ thanh toán vượt giá trị | B38: =COUNTIF('SO HOP DONG'!$AF$9:$AF$308,"*vượt giá trị*")
A39: Dòng nhật ký ghi sai Số HĐ | B39: =COUNTIF('NHAT KY THANH TOAN'!$C$7:$C$506,"Số HĐ không có trong sổ")
