Workbook

Sheet Hướng dẫn
A1: KPI KỸ THUẬT – R&D – 06 VỊ TRÍ
A2: Phụ lục 01 kèm Quy chế đánh giá KPI · KK HOME ·
B4: CÁCH DÙNG – 6 BƯỚC
B5: Bước 1 | C5: Chọn sheet đúng vị trí của nhân sự (bấm tên vị trí ở danh mục bên dưới để nhảy tới sheet).
B6: Bước 2 | C6: Nhập thông tin đầu sheet: Họ tên, Mã NV, Người đánh giá, Loại kỳ (Tháng/Quý/Năm), Kỳ đánh giá, Ngày đánh giá.
B7: Bước 3 | C7: Nhân sự tự chấm điểm cột F "Tự đánh giá" (1–5, được chấm lẻ 3.5).
B8: Bước 4 | C8: Quản lý trực tiếp chấm điểm chính thức cột G "Quản lý chấm". Chỉ điểm cột G được dùng để tính điểm quy đổi và xếp loại.
B9: Bước 5 | C9: Ghi chú lý do ở cột I khi điểm ≤ 1,5 hoặc = 5. Ô ghi chú tự tô cam nếu thiếu lý do (Điều 12 – Ngoại lệ).
B10: Bước 6 | C10: Xem kết quả ở cuối sheet vị trí, sheet "Tổng hợp" (toàn phòng) và "So sánh" (biểu đồ). In, ký và trình phê duyệt.
B12: QUY ƯỚC Ô
B13: Ô nền vàng, chữ xanh | C13: Ô nhập liệu. Chỉ nhập vào các ô này.
B14: Trọng số chữ xanh (cột E) | C14: Được sửa khi có quyết định điều chỉnh (Điều 17). Tổng trọng số mỗi vị trí phải = 100% – ô "Kiểm tra trọng số" báo đỏ nếu sai.
B15: Ô nền xám | C15: Công thức tự tính. Không sửa.
B17: CÔNG THỨC & XẾP LOẠI (Điều 7, Điều 13 Quy chế)
B18: Điểm quy đổi | C18: Điểm quản lý chấm ÷ 5 × Trọng số × 100
B19: Tổng điểm | C19: Cộng điểm quy đổi các tiêu chí (tối đa 100 điểm)
B20: Xếp loại | C20: ≥ 80 điểm: Xuất sắc · 70 đến dưới 80: Đạt · Dưới 70: Cần cải thiện. Chưa chấm đủ tiêu chí → hiển thị "Chưa chấm đủ".
B21: Ví dụ | C21: Tiêu chí "Tiến độ dự án được giao" trọng số 12%, quản lý chấm 4 → 4 ÷ 5 × 12 = 9,6 điểm. Chấm 3.5 → 8,4 điểm.
B22: Cơ cấu nhóm | C22: Chuyên môn - Nghiệp vụ 40% · Tuân thủ - Thời hạn 35% · Phối hợp - Thái độ 25% (áp dụng cho mọi vị trí trong file).
B24: DANH MỤC 06 VỊ TRÍ
B25: 01 | C25: Trưởng phòng Kỹ thuật – R&D (10 tiêu chí)
B26: 02 | C26: Kỹ sư Nghiên cứu & Phát triển sản phẩm (11 tiêu chí)
B27: 03 | C27: Kỹ sư Công nghệ – Quy trình sản xuất (11 tiêu chí)
B28: 04 | C28: Kỹ sư Thiết kế (CAD / Bản vẽ kỹ thuật) (11 tiêu chí)
B29: 05 | C29: Kỹ thuật viên Phòng thí nghiệm – Thử nghiệm (11 tiêu chí)
B30: 06 | C30: Chuyên viên Tiêu chuẩn & Hồ sơ kỹ thuật (11 tiêu chí)
B32: Lưu ý | C32: Tiêu chí và cách đo là bộ mẫu. Đơn vị điều chỉnh chỉ tiêu định lượng (%, số ngày, số lỗi) theo mục tiêu đã duyệt của từng kỳ trước khi phổ biến cho nhân sự (Điều 4 – Công khai). Bộ file thuộc Hệ thống W1 – KPI Doanh nghiệp của KK HOME.

Sheet Tổng hợp
A1: TỔNG HỢP KẾT QUẢ KPI – PHÒNG KỸ THUẬT – R&D
A2: Phụ lục 01 · Tự cập nhật từ các sheet vị trí (Bước 4 – Điều 10) · KK HOME ·
A4: STT | B4: Vị trí | C4: Họ và tên | D4: Kỳ đánh giá | E4: Điểm tự ĐG | F4: Điểm chính thức | G4: Chênh lệch (CT − Tự ĐG) | H4: Xếp loại | I4: Chuyên môn (% đạt) | J4: Tuân thủ (% đạt) | K4: Phối hợp (% đạt) | L4: Tiến độ chấm
A5: 1 | B5: Trưởng phòng Kỹ thuật – R&D | C5: =IF('01. Trưởng phòng KT-R&D'!C4="","",'01. Trưởng phòng KT-R&D'!C4) | D5: =IF('01. Trưởng phòng KT-R&D'!G5="",'01. Trưởng phòng KT-R&D'!G4,'01. Trưởng phòng KT-R&D'!G5) | E5: ='01. Trưởng phòng KT-R&D'!C24 | F5: ='01. Trưởng phòng KT-R&D'!C23 | G5: =IF(E5="","",F5-E5) | H5: ='01. Trưởng phòng KT-R&D'!C26 | I5: ='01. Trưởng phòng KT-R&D'!H24 | J5: ='01. Trưởng phòng KT-R&D'!H25 | K5: ='01. Trưởng phòng KT-R&D'!H26 | L5: ='01. Trưởng phòng KT-R&D'!C25
A6: 2 | B6: Kỹ sư Nghiên cứu & Phát triển sản phẩm | C6: =IF('02. Kỹ sư R&D'!C4="","",'02. Kỹ sư R&D'!C4) | D6: =IF('02. Kỹ sư R&D'!G5="",'02. Kỹ sư R&D'!G4,'02. Kỹ sư R&D'!G5) | E6: ='02. Kỹ sư R&D'!C25 | F6: ='02. Kỹ sư R&D'!C24 | G6: =IF(E6="","",F6-E6) | H6: ='02. Kỹ sư R&D'!C27 | I6: ='02. Kỹ sư R&D'!H25 | J6: ='02. Kỹ sư R&D'!H26 | K6: ='02. Kỹ sư R&D'!H27 | L6: ='02. Kỹ sư R&D'!C26
A7: 3 | B7: Kỹ sư Công nghệ – Quy trình sản xuất | C7: =IF('03. Kỹ sư công nghệ'!C4="","",'03. Kỹ sư công nghệ'!C4) | D7: =IF('03. Kỹ sư công nghệ'!G5="",'03. Kỹ sư công nghệ'!G4,'03. Kỹ sư công nghệ'!G5) | E7: ='03. Kỹ sư công nghệ'!C25 | F7: ='03. Kỹ sư công nghệ'!C24 | G7: =IF(E7="","",F7-E7) | H7: ='03. Kỹ sư công nghệ'!C27 | I7: ='03. Kỹ sư công nghệ'!H25 | J7: ='03. Kỹ sư công nghệ'!H26 | K7: ='03. Kỹ sư công nghệ'!H27 | L7: ='03. Kỹ sư công nghệ'!C26
A8: 4 | B8: Kỹ sư Thiết kế (CAD / Bản vẽ kỹ thuật) | C8: =IF('04. Kỹ sư thiết kế'!C4="","",'04. Kỹ sư thiết kế'!C4) | D8: =IF('04. Kỹ sư thiết kế'!G5="",'04. Kỹ sư thiết kế'!G4,'04. Kỹ sư thiết kế'!G5) | E8: ='04. Kỹ sư thiết kế'!C25 | F8: ='04. Kỹ sư thiết kế'!C24 | G8: =IF(E8="","",F8-E8) | H8: ='04. Kỹ sư thiết kế'!C27 | I8: ='04. Kỹ sư thiết kế'!H25 | J8: ='04. Kỹ sư thiết kế'!H26 | K8: ='04. Kỹ sư thiết kế'!H27 | L8: ='04. Kỹ sư thiết kế'!C26
A9: 5 | B9: Kỹ thuật viên Phòng thí nghiệm – Thử nghiệm | C9: =IF('05. KTV Thí nghiệm'!C4="","",'05. KTV Thí nghiệm'!C4) | D9: =IF('05. KTV Thí nghiệm'!G5="",'05. KTV Thí nghiệm'!G4,'05. KTV Thí nghiệm'!G5) | E9: ='05. KTV Thí nghiệm'!C25 | F9: ='05. KTV Thí nghiệm'!C24 | G9: =IF(E9="","",F9-E9) | H9: ='05. KTV Thí nghiệm'!C27 | I9: ='05. KTV Thí nghiệm'!H25 | J9: ='05. KTV Thí nghiệm'!H26 | K9: ='05. KTV Thí nghiệm'!H27 | L9: ='05. KTV Thí nghiệm'!C26
A10: 6 | B10: Chuyên viên Tiêu chuẩn & Hồ sơ kỹ thuật | C10: =IF('06. CV Tiêu chuẩn-Hồ sơ KT'!C4="","",'06. CV Tiêu chuẩn-Hồ sơ KT'!C4) | D10: =IF('06. CV Tiêu chuẩn-Hồ sơ KT'!G5="",'06. CV Tiêu chuẩn-Hồ sơ KT'!G4,'06. CV Tiêu chuẩn-Hồ sơ KT'!G5) | E10: ='06. CV Tiêu chuẩn-Hồ sơ KT'!C25 | F10: ='06. CV Tiêu chuẩn-Hồ sơ KT'!C24 | G10: =IF(E10="","",F10-E10) | H10: ='06. CV Tiêu chuẩn-Hồ sơ KT'!C27 | I10: ='06. CV Tiêu chuẩn-Hồ sơ KT'!H25 | J10: ='06. CV Tiêu chuẩn-Hồ sơ KT'!H26 | K10: ='06. CV Tiêu chuẩn-Hồ sơ KT'!H27 | L10: ='06. CV Tiêu chuẩn-Hồ sơ KT'!C26
B12: THỐNG KÊ TOÀN PHÒNG
B13: Số vị trí xếp loại Xuất sắc | C13: =COUNTIF(H5:H10,"Xuất sắc")
B14: Số vị trí xếp loại Đạt | C14: =COUNTIF(H5:H10,"Đạt")
B15: Số vị trí xếp loại Cần cải thiện | C15: =COUNTIF(H5:H10,"Cần cải thiện")
B16: Số vị trí chưa chấm / chưa chấm đủ | C16: =COUNTIF(H5:H10,"Chưa chấm")+COUNTIF(H5:H10,"Chưa chấm đủ")
B17: Điểm bình quân phòng (vị trí đã chấm đủ) | C17: =IFERROR(AVERAGEIFS(F5:F10,H5:H10,"<>Chưa chấm",H5:H10,"<>Chưa chấm đủ"),"")
B19: Chênh lệch tô đỏ khi điểm chính thức lệch điểm tự đánh giá từ 10 điểm trở lên – nên trao đổi kỹ ở Bước 5. Nhân sự "Cần cải thiện" từ 02 kỳ liên tiếp trở lên thuộc diện đào tạo, kèm cặp (Điều 14).

Sheet So sánh
A1: SO SÁNH KẾT QUẢ GIỮA CÁC VỊ TRÍ
A2: Phụ lục 01 · Dữ liệu lấy từ sheet Tổng hợp · KK HOME ·
A4: STT | B4: Vị trí | C4: Điểm tự ĐG | D4: Điểm chính thức | E4: Chuyên môn | F4: Tuân thủ | G4: Phối hợp
A5: 1 | B5: ='Tổng hợp'!B5 | C5: =IF('Tổng hợp'!E5="",0,'Tổng hợp'!E5) | D5: ='Tổng hợp'!F5 | E5: ='Tổng hợp'!I5 | F5: ='Tổng hợp'!J5 | G5: ='Tổng hợp'!K5
A6: 2 | B6: ='Tổng hợp'!B6 | C6: =IF('Tổng hợp'!E6="",0,'Tổng hợp'!E6) | D6: ='Tổng hợp'!F6 | E6: ='Tổng hợp'!I6 | F6: ='Tổng hợp'!J6 | G6: ='Tổng hợp'!K6
A7: 3 | B7: ='Tổng hợp'!B7 | C7: =IF('Tổng hợp'!E7="",0,'Tổng hợp'!E7) | D7: ='Tổng hợp'!F7 | E7: ='Tổng hợp'!I7 | F7: ='Tổng hợp'!J7 | G7: ='Tổng hợp'!K7
A8: 4 | B8: ='Tổng hợp'!B8 | C8: =IF('Tổng hợp'!E8="",0,'Tổng hợp'!E8) | D8: ='Tổng hợp'!F8 | E8: ='Tổng hợp'!I8 | F8: ='Tổng hợp'!J8 | G8: ='Tổng hợp'!K8
A9: 5 | B9: ='Tổng hợp'!B9 | C9: =IF('Tổng hợp'!E9="",0,'Tổng hợp'!E9) | D9: ='Tổng hợp'!F9 | E9: ='Tổng hợp'!I9 | F9: ='Tổng hợp'!J9 | G9: ='Tổng hợp'!K9
A10: 6 | B10: ='Tổng hợp'!B10 | C10: =IF('Tổng hợp'!E10="",0,'Tổng hợp'!E10) | D10: ='Tổng hợp'!F10 | E10: ='Tổng hợp'!I10 | F10: ='Tổng hợp'!J10 | G10: ='Tổng hợp'!K10
A12: Biểu đồ tự cập nhật khi chấm điểm ở các sheet vị trí. Vị trí chưa chấm hiển thị 0.

Sheet Nguyên tắc chấm
A1: NGUYÊN TẮC CHẤM ĐIỂM KPI
A2: Phụ lục 01 · Căn cứ Điều 4, 6, 7, 10, 12, 13 Quy chế · KK HOME ·
B4: 1. THANG ĐIỂM 1–5 (Điều 6)
B5: Điểm | C5: Xếp hạng | D5: Diễn giải
B6: 5 | C6: Tuyệt vời | D6: Hoàn thành xuất sắc, vượt mong đợi, tự giác và chủ động
B7: 4 | C7: Tốt | D7: Hoàn thành tốt, đạt hoặc vượt mục tiêu đề ra
B8: 3 | C8: Bình thường | D8: Đáp ứng đủ yêu cầu cơ bản
B9: 2 | C9: Chưa đạt | D9: Chưa hoàn thành tốt, có lỗi nhỏ, cần cải thiện
B10: 1 | C10: Kém | D10: Chưa hoàn thành, cần hỗ trợ nhiều, sai sót lớn
B11: Kết quả dao động giữa hai mức liền kề: được chấm điểm trung bình (VD: 3.5).
B13: 2. CÔNG THỨC & XẾP LOẠI (Điều 7, Điều 13)
B14: Điểm quy đổi tiêu chí | C14: Điểm chấm ÷ 5 × Trọng số × 100
B15: Tổng điểm vị trí | C15: Cộng điểm quy đổi các tiêu chí (tối đa 100)
B16: Xuất sắc | C16: Tổng điểm ≥ 80
B17: Đạt | C17: Từ 70 đến dưới 80
B18: Cần cải thiện | C18: Dưới 70
B20: 3. GỢI Ý QUY ĐỔI CHỨNG CỨ RA ĐIỂM (mẫu – điều chỉnh theo mục tiêu đã duyệt từng kỳ)
B21: Loại chỉ số | C21: Điểm 5 | D21: Điểm 4 | E21: Điểm 3 | F21: Điểm 2 | G21: Điểm 1
B22: Tiến độ dự án phát triển sản phẩm | C22: Xong sớm, đủ phạm vi | D22: Đúng mốc, đủ phạm vi | E22: Trễ ≤ 10% thời gian | F22: Trễ 10% – 30% | G22: Trễ > 30% hoặc phải dừng dự án
B23: Đạt thông số / chất lượng thử nghiệm | C23: Vượt thông số mục tiêu | D23: Đạt 100% thông số | E23: Đạt thông số chính, phụ cần chỉnh nhỏ | F23: Không đạt 1 thông số chính | G23: Không đạt nhiều thông số chính
B24: Giá thành sản phẩm mới so với mục tiêu | C24: Thấp hơn ≥ 5% | D24: Bằng hoặc thấp hơn mục tiêu | E24: Cao hơn ≤ 3% | F24: Cao hơn 3% – 8% | G24: Cao hơn > 8%
B25: Lỗi kỹ thuật phát sinh sau chuyển giao sản xuất | C25: 0 lỗi, chủ động phòng ngừa | D25: 0 lỗi do thiết kế | E25: Lỗi nhỏ, xử lý trong tuần | F25: Lỗi phải thay đổi thiết kế | G25: Lỗi gây thu hồi sản phẩm, khiếu nại
B26: Hồ sơ kỹ thuật, bản vẽ, quy trình | C26: Đầy đủ, cập nhật trước hạn | D26: Đầy đủ, đúng hạn | E26: Thiếu nhỏ, bổ sung trong kỳ | F26: Thiếu lặp lại, sai phiên bản | G26: Thất lạc, phát hành sai phiên bản gây lỗi
B27: Tuân thủ tiêu chuẩn, an toàn phòng thí nghiệm | C27: Không vi phạm, chủ động cải tiến | D27: Không vi phạm | E27: Có nhắc nhở, đã khắc phục | F27: Vi phạm lặp lại | G27: Sự cố an toàn hoặc bị đánh giá không phù hợp lớn
B29: 4. NGUYÊN TẮC ĐÁNH GIÁ (Điều 4, Điều 12)
B30: Khách quan | C30: Chấm theo kết quả thực tế, không theo thiện cảm cá nhân.
B31: Công bằng | C31: Cùng vị trí dùng chung bộ tiêu chí, trọng số, thang điểm.
B32: Công khai | C32: Tiêu chí, trọng số, chỉ tiêu định lượng phổ biến cho nhân sự trước kỳ đánh giá.
B33: Định kỳ | C33: Loại kỳ (Tháng/Quý/Năm) áp dụng thống nhất cho toàn phòng trong cùng chu kỳ.
B34: Có phản hồi | C34: Trao đổi kết quả trực tiếp, thống nhất kế hoạch cải thiện.
B35: Có chứng cứ | C35: Số liệu, thời hạn, biên bản, báo cáo. Điểm ≤ 1,5 hoặc = 5 phải ghi lý do ở cột Ghi chú.
B37: 5. QUY TRÌNH 6 BƯỚC (Điều 10)
B38: Bước 1 – Chuẩn bị | C38: Xác định kỳ, thông báo lịch, phổ biến tiêu chí.
B39: Bước 2 – Tự đánh giá | C39: Nhân sự chấm cột F.
B40: Bước 3 – Quản lý chấm | C40: Quản lý trực tiếp chấm chính thức cột G, dựa trên chứng cứ.
B41: Bước 4 – Tổng hợp | C41: File tự tính điểm quy đổi, xếp loại; sheet Tổng hợp tự cập nhật.
B42: Bước 5 – Phản hồi | C42: Trao đổi kết quả, ghi nhận xét và kế hoạch cải thiện cuối sheet vị trí.
B43: Bước 6 – Phê duyệt, lưu trữ | C43: Trình người có thẩm quyền ký duyệt; lưu hồ sơ làm căn cứ lương, thưởng, quy hoạch.

Sheet 01. Trưởng phòng KT-R&D
A1: BẢNG ĐÁNH GIÁ KPI – TRƯỞNG PHÒNG KỸ THUẬT – R&D
A2: Phòng Kỹ thuật – R&D · Phụ lục 01 kèm Quy chế đánh giá KPI · KK HOME ·
B4: Họ và tên | E4: Loại kỳ đánh giá | G4: Quý | I4: ← chọn Tháng / Quý / Năm
B5: Mã nhân viên | E5: Kỳ đánh giá | I5: VD: Tháng 9/2026, Quý 3/2026, Năm 2026
B6: Người đánh giá | E6: Ngày đánh giá
B7: Bộ phận | C7: Phòng Kỹ thuật – R&D
A9: STT | B9: Nhóm tiêu chí | C9: Tiêu chí đánh giá | D9: Cách đo / Chứng cứ chấm điểm | E9: Trọng số | F9: Tự đánh giá (1–5) | G9: Quản lý chấm (1–5) | H9: Điểm quy đổi | I9: Ghi chú / Lý do (bắt buộc khi điểm ≤1,5 hoặc 5)
A10: 1 | B10: Chuyên môn - Nghiệp vụ | C10: Hoàn thành kế hoạch sản phẩm mới | D10: Số sản phẩm/cải tiến ra mắt đúng kế hoạch; doanh thu từ sản phẩm mới | E10: 0.1 | H10: =IF(ISNUMBER(G10),G10/5*E10*100,0) | J10: CM
A11: 2 | C11: Chất lượng & độ tin cậy sản phẩm | D11: Tỷ lệ lỗi do thiết kế sau chuyển giao; số khiếu nại kỹ thuật | E11: 0.1 | H11: =IF(ISNUMBER(G11),G11/5*E11*100,0) | J11: CM
A12: 3 | C12: Giá thành sản phẩm mới | D12: Giá thành đạt mục tiêu được duyệt khi chuyển giao sản xuất | E12: 0.1 | H12: =IF(ISNUMBER(G12),G12/5*E12*100,0) | J12: CM
A13: 4 | C13: Quản lý danh mục dự án R&D | D13: Ngân sách R&D sử dụng đúng kế hoạch; dự án được đánh giá theo mốc (stage-gate) | E13: 0.1 | H13: =IF(ISNUMBER(G13),G13/5*E13*100,0) | J13: CM
A14: 5 | B14: Tuân thủ - Thời hạn | C14: Tuân thủ tiêu chuẩn, quy chuẩn sản phẩm | D14: Sản phẩm đáp ứng tiêu chuẩn, quy chuẩn áp dụng; hồ sơ công bố đầy đủ | E14: 0.15 | H14: =IF(ISNUMBER(G14),G14/5*E14*100,0) | J14: TT
A15: 6 | C15: Quản lý hồ sơ kỹ thuật & sở hữu trí tuệ | D15: Bản vẽ, công thức, quy trình quản lý phiên bản; bảo mật bí quyết; đăng ký bảo hộ khi cần | E15: 0.1 | H15: =IF(ISNUMBER(G15),G15/5*E15*100,0) | J15: TT
A16: 7 | C16: Báo cáo kỹ thuật định kỳ | D16: Báo cáo tiến độ dự án, sự cố kỹ thuật gửi Ban lãnh đạo đúng hạn | E16: 0.1 | H16: =IF(ISNUMBER(G16),G16/5*E16*100,0) | J16: TT
A17: 8 | B17: Phối hợp - Thái độ | C17: Lãnh đạo & phát triển đội ngũ | D17: Điểm KPI bình quân của phòng; số kỹ sư được đào tạo chuyên sâu | E17: 0.1 | H17: =IF(ISNUMBER(G17),G17/5*E17*100,0) | J17: PH
A18: 9 | C18: Phối hợp với Sản xuất, QC, Kinh doanh, Mua hàng | D18: Phản hồi các phòng ban về hỗ trợ kỹ thuật, chuyển giao | E18: 0.08 | H18: =IF(ISNUMBER(G18),G18/5*E18*100,0) | J18: PH
A19: 10 | C19: Đổi mới & sáng kiến | D19: Số sáng kiến, giải pháp kỹ thuật được công nhận, áp dụng | E19: 0.07 | H19: =IF(ISNUMBER(G19),G19/5*E19*100,0) | J19: PH
A20: TỔNG CỘNG | E20: =SUM(E10:E19) | H20: =SUM(H10:H19)
A22: KẾT QUẢ ĐÁNH GIÁ | D22: ĐIỂM THEO NHÓM TIÊU CHÍ
A23: Tổng điểm chính thức | C23: =H20 | D23: Nhóm tiêu chí | E23: Trọng số | F23: Điểm tối đa | G23: Điểm đạt | H23: Tỷ lệ đạt
A24: Điểm tự đánh giá | C24: =IF(COUNT(F10:F19)=0,"",SUMPRODUCT(F10:F19,E10:E19)/5*100) | D24: Chuyên môn - Nghiệp vụ | E24: =SUMIF($J$10:$J$19,"CM",$E$10:$E$19) | F24: =E24*100 | G24: =SUMIF($J$10:$J$19,"CM",$H$10:$H$19) | H24: =IF(F24=0,0,G24/F24)
A25: Tiêu chí đã chấm | C25: =COUNT(G10:G19)&" / 10" | D25: Tuân thủ - Thời hạn | E25: =SUMIF($J$10:$J$19,"TT",$E$10:$E$19) | F25: =E25*100 | G25: =SUMIF($J$10:$J$19,"TT",$H$10:$H$19) | H25: =IF(F25=0,0,G25/F25)
A26: Xếp loại | C26: =IF(COUNT(G10:G19)=0,"Chưa chấm",IF(COUNT(G10:G19)<10,"Chưa chấm đủ",IF(H20>=80,"Xuất sắc",IF(H20>=70,"Đạt","Cần cải thiện")))) | D26: Phối hợp - Thái độ | E26: =SUMIF($J$10:$J$19,"PH",$E$10:$E$19) | F26: =E26*100 | G26: =SUMIF($J$10:$J$19,"PH",$H$10:$H$19) | H26: =IF(F26=0,0,G26/F26)
A27: Kiểm tra trọng số | C27: =IF(ROUND(E20,4)=1,"Hợp lệ – 100%","SAI – tổng trọng số phải = 100%")
A29: NHẬN XÉT & KẾ HOẠCH CẢI THIỆN (Bước 5 – phản hồi kết quả)
A30: Điểm mạnh
A31: Cần cải thiện
A32: Kế hoạch cải thiện
A33: Ý kiến nhân sự
B35: NHÂN SỰ ĐƯỢC ĐÁNH GIÁ | D35: QUẢN LÝ TRỰC TIẾP | G35: NGƯỜI PHÊ DUYỆT
B36: (Ký, ghi rõ họ tên) | D36: (Ký, ghi rõ họ tên) | G36: (Ký, ghi rõ họ tên)

Sheet 02. Kỹ sư R&D
A1: BẢNG ĐÁNH GIÁ KPI – KỸ SƯ NGHIÊN CỨU & PHÁT TRIỂN SẢN PHẨM
A2: Phòng Kỹ thuật – R&D · Phụ lục 01 kèm Quy chế đánh giá KPI · KK HOME ·
B4: Họ và tên | E4: Loại kỳ đánh giá | G4: Quý | I4: ← chọn Tháng / Quý / Năm
B5: Mã nhân viên | E5: Kỳ đánh giá | I5: VD: Tháng 9/2026, Quý 3/2026, Năm 2026
B6: Người đánh giá | E6: Ngày đánh giá
B7: Bộ phận | C7: Phòng Kỹ thuật – R&D
A9: STT | B9: Nhóm tiêu chí | C9: Tiêu chí đánh giá | D9: Cách đo / Chứng cứ chấm điểm | E9: Trọng số | F9: Tự đánh giá (1–5) | G9: Quản lý chấm (1–5) | H9: Điểm quy đổi | I9: Ghi chú / Lý do (bắt buộc khi điểm ≤1,5 hoặc 5)
A10: 1 | B10: Chuyên môn - Nghiệp vụ | C10: Tiến độ dự án được giao | D10: Các mốc dự án hoàn thành đúng kế hoạch | E10: 0.12 | H10: =IF(ISNUMBER(G10),G10/5*E10*100,0) | J10: CM
A11: 2 | C11: Đạt thông số kỹ thuật mục tiêu | D11: Kết quả thử nghiệm mẫu so với thông số mục tiêu | E11: 0.1 | H11: =IF(ISNUMBER(G11),G11/5*E11*100,0) | J11: CM
A12: 3 | C12: Giá thành thiết kế | D12: Giá thành dự kiến của thiết kế so với mục tiêu | E12: 0.1 | H12: =IF(ISNUMBER(G12),G12/5*E12*100,0) | J12: CM
A13: 4 | C13: Số lần làm lại mẫu | D13: Số vòng chế thử so với kế hoạch | E13: 0.08 | H13: =IF(ISNUMBER(G13),G13/5*E13*100,0) | J13: CM
A14: 5 | B14: Tuân thủ - Thời hạn | C14: Tuân thủ quy trình phát triển sản phẩm | D14: Hồ sơ từng giai đoạn (yêu cầu, thiết kế, thử nghiệm, phê duyệt) đầy đủ | E14: 0.12 | H14: =IF(ISNUMBER(G14),G14/5*E14*100,0) | J14: TT
A15: 6 | C15: Hồ sơ thử nghiệm & nhật ký nghiên cứu | D15: Nhật ký, dữ liệu thử nghiệm ghi chép đầy đủ, truy xuất được | E15: 0.08 | H15: =IF(ISNUMBER(G15),G15/5*E15*100,0) | J15: TT
A16: 7 | C16: An toàn phòng thí nghiệm & bảo mật | D16: Không vi phạm an toàn; bảo mật công thức, bản vẽ | E16: 0.08 | H16: =IF(ISNUMBER(G16),G16/5*E16*100,0) | J16: TT
A17: 8 | C17: Chuyển giao sản xuất | D17: Tài liệu chuyển giao đầy đủ; lỗi phát sinh khi sản xuất thử | E17: 0.07 | H17: =IF(ISNUMBER(G17),G17/5*E17*100,0) | J17: TT
A18: 9 | B18: Phối hợp - Thái độ | C18: Phối hợp với Sản xuất, QC, Mua hàng | D18: Phản hồi về hỗ trợ kỹ thuật, tìm vật liệu | E18: 0.1 | H18: =IF(ISNUMBER(G18),G18/5*E18*100,0) | J18: PH
A19: 10 | C19: Sáng tạo & đề xuất giải pháp | D19: Số ý tưởng, giải pháp mới được chấp thuận | E19: 0.08 | H19: =IF(ISNUMBER(G19),G19/5*E19*100,0) | J19: PH
A20: 11 | C20: Học hỏi & chia sẻ kiến thức | D20: Số buổi chia sẻ chuyên môn nội bộ; cập nhật công nghệ mới | E20: 0.07 | H20: =IF(ISNUMBER(G20),G20/5*E20*100,0) | J20: PH
A21: TỔNG CỘNG | E21: =SUM(E10:E20) | H21: =SUM(H10:H20)
A23: KẾT QUẢ ĐÁNH GIÁ | D23: ĐIỂM THEO NHÓM TIÊU CHÍ
A24: Tổng điểm chính thức | C24: =H21 | D24: Nhóm tiêu chí | E24: Trọng số | F24: Điểm tối đa | G24: Điểm đạt | H24: Tỷ lệ đạt
A25: Điểm tự đánh giá | C25: =IF(COUNT(F10:F20)=0,"",SUMPRODUCT(F10:F20,E10:E20)/5*100) | D25: Chuyên môn - Nghiệp vụ | E25: =SUMIF($J$10:$J$20,"CM",$E$10:$E$20) | F25: =E25*100 | G25: =SUMIF($J$10:$J$20,"CM",$H$10:$H$20) | H25: =IF(F25=0,0,G25/F25)
A26: Tiêu chí đã chấm | C26: =COUNT(G10:G20)&" / 11" | D26: Tuân thủ - Thời hạn | E26: =SUMIF($J$10:$J$20,"TT",$E$10:$E$20) | F26: =E26*100 | G26: =SUMIF($J$10:$J$20,"TT",$H$10:$H$20) | H26: =IF(F26=0,0,G26/F26)
A27: Xếp loại | C27: =IF(COUNT(G10:G20)=0,"Chưa chấm",IF(COUNT(G10:G20)<11,"Chưa chấm đủ",IF(H21>=80,"Xuất sắc",IF(H21>=70,"Đạt","Cần cải thiện")))) | D27: Phối hợp - Thái độ | E27: =SUMIF($J$10:$J$20,"PH",$E$10:$E$20) | F27: =E27*100 | G27: =SUMIF($J$10:$J$20,"PH",$H$10:$H$20) | H27: =IF(F27=0,0,G27/F27)
A28: Kiểm tra trọng số | C28: =IF(ROUND(E21,4)=1,"Hợp lệ – 100%","SAI – tổng trọng số phải = 100%")
A30: NHẬN XÉT & KẾ HOẠCH CẢI THIỆN (Bước 5 – phản hồi kết quả)
A31: Điểm mạnh
A32: Cần cải thiện
A33: Kế hoạch cải thiện
A34: Ý kiến nhân sự
B36: NHÂN SỰ ĐƯỢC ĐÁNH GIÁ | D36: QUẢN LÝ TRỰC TIẾP | G36: NGƯỜI PHÊ DUYỆT
B37: (Ký, ghi rõ họ tên) | D37: (Ký, ghi rõ họ tên) | G37: (Ký, ghi rõ họ tên)

Sheet 03. Kỹ sư công nghệ
A1: BẢNG ĐÁNH GIÁ KPI – KỸ SƯ CÔNG NGHỆ – QUY TRÌNH SẢN XUẤT
A2: Phòng Kỹ thuật – R&D · Phụ lục 01 kèm Quy chế đánh giá KPI · KK HOME ·
B4: Họ và tên | E4: Loại kỳ đánh giá | G4: Quý | I4: ← chọn Tháng / Quý / Năm
B5: Mã nhân viên | E5: Kỳ đánh giá | I5: VD: Tháng 9/2026, Quý 3/2026, Năm 2026
B6: Người đánh giá | E6: Ngày đánh giá
B7: Bộ phận | C7: Phòng Kỹ thuật – R&D
A9: STT | B9: Nhóm tiêu chí | C9: Tiêu chí đánh giá | D9: Cách đo / Chứng cứ chấm điểm | E9: Trọng số | F9: Tự đánh giá (1–5) | G9: Quản lý chấm (1–5) | H9: Điểm quy đổi | I9: Ghi chú / Lý do (bắt buộc khi điểm ≤1,5 hoặc 5)
A10: 1 | B10: Chuyên môn - Nghiệp vụ | C10: Hiệu suất quy trình sản xuất | D10: Năng suất, hiệu suất thiết bị (OEE) tại công đoạn phụ trách so với mục tiêu | E10: 0.12 | H10: =IF(ISNUMBER(G10),G10/5*E10*100,0) | J10: CM
A11: 2 | C11: Tỷ lệ phế phẩm | D11: Tỷ lệ phế phẩm, hàng lỗi do quy trình so với định mức | E11: 0.1 | H11: =IF(ISNUMBER(G11),G11/5*E11*100,0) | J11: CM
A12: 3 | C12: Định mức vật tư, thời gian | D12: Định mức được xây dựng, cập nhật; chênh lệch thực tế/định mức được giải trình | E12: 0.1 | H12: =IF(ISNUMBER(G12),G12/5*E12*100,0) | J12: CM
A13: 4 | C13: Cải tiến quy trình | D13: Số cải tiến được áp dụng; giá trị tiết kiệm đạt được | E13: 0.08 | H13: =IF(ISNUMBER(G13),G13/5*E13*100,0) | J13: CM
A14: 5 | B14: Tuân thủ - Thời hạn | C14: Hướng dẫn công việc (WI) chuẩn | D14: 100% công đoạn có hướng dẫn công việc cập nhật, đúng phiên bản | E14: 0.12 | H14: =IF(ISNUMBER(G14),G14/5*E14*100,0) | J14: TT
A15: 6 | C15: Xử lý sự cố kỹ thuật sản xuất | D15: Thời gian khắc phục sự cố quy trình; phân tích nguyên nhân gốc | E15: 0.08 | H15: =IF(ISNUMBER(G15),G15/5*E15*100,0) | J15: TT
A16: 7 | C16: Tuân thủ an toàn & tiêu chuẩn chất lượng | D16: Quy trình đáp ứng an toàn lao động, tiêu chuẩn chất lượng áp dụng | E16: 0.08 | H16: =IF(ISNUMBER(G16),G16/5*E16*100,0) | J16: TT
A17: 8 | C17: Báo cáo kỹ thuật định kỳ | D17: Báo cáo hiệu suất, phế phẩm, cải tiến đúng hạn | E17: 0.07 | H17: =IF(ISNUMBER(G17),G17/5*E17*100,0) | J17: TT
A18: 9 | B18: Phối hợp - Thái độ | C18: Phối hợp với Sản xuất, QC, Bảo trì | D18: Phản hồi của quản đốc, QC về hỗ trợ | E18: 0.1 | H18: =IF(ISNUMBER(G18),G18/5*E18*100,0) | J18: PH
A19: 10 | C19: Đào tạo công nhân về quy trình | D19: Số buổi đào tạo; tỷ lệ công nhân đạt sau đào tạo | E19: 0.08 | H19: =IF(ISNUMBER(G19),G19/5*E19*100,0) | J19: PH
A20: 11 | C20: Tinh thần trách nhiệm | D20: Có mặt xử lý sự cố khi cần; chủ động phòng ngừa | E20: 0.07 | H20: =IF(ISNUMBER(G20),G20/5*E20*100,0) | J20: PH
A21: TỔNG CỘNG | E21: =SUM(E10:E20) | H21: =SUM(H10:H20)
A23: KẾT QUẢ ĐÁNH GIÁ | D23: ĐIỂM THEO NHÓM TIÊU CHÍ
A24: Tổng điểm chính thức | C24: =H21 | D24: Nhóm tiêu chí | E24: Trọng số | F24: Điểm tối đa | G24: Điểm đạt | H24: Tỷ lệ đạt
A25: Điểm tự đánh giá | C25: =IF(COUNT(F10:F20)=0,"",SUMPRODUCT(F10:F20,E10:E20)/5*100) | D25: Chuyên môn - Nghiệp vụ | E25: =SUMIF($J$10:$J$20,"CM",$E$10:$E$20) | F25: =E25*100 | G25: =SUMIF($J$10:$J$20,"CM",$H$10:$H$20) | H25: =IF(F25=0,0,G25/F25)
A26: Tiêu chí đã chấm | C26: =COUNT(G10:G20)&" / 11" | D26: Tuân thủ - Thời hạn | E26: =SUMIF($J$10:$J$20,"TT",$E$10:$E$20) | F26: =E26*100 | G26: =SUMIF($J$10:$J$20,"TT",$H$10:$H$20) | H26: =IF(F26=0,0,G26/F26)
A27: Xếp loại | C27: =IF(COUNT(G10:G20)=0,"Chưa chấm",IF(COUNT(G10:G20)<11,"Chưa chấm đủ",IF(H21>=80,"Xuất sắc",IF(H21>=70,"Đạt","Cần cải thiện")))) | D27: Phối hợp - Thái độ | E27: =SUMIF($J$10:$J$20,"PH",$E$10:$E$20) | F27: =E27*100 | G27: =SUMIF($J$10:$J$20,"PH",$H$10:$H$20) | H27: =IF(F27=0,0,G27/F27)
A28: Kiểm tra trọng số | C28: =IF(ROUND(E21,4)=1,"Hợp lệ – 100%","SAI – tổng trọng số phải = 100%")
A30: NHẬN XÉT & KẾ HOẠCH CẢI THIỆN (Bước 5 – phản hồi kết quả)
A31: Điểm mạnh
A32: Cần cải thiện
A33: Kế hoạch cải thiện
A34: Ý kiến nhân sự
B36: NHÂN SỰ ĐƯỢC ĐÁNH GIÁ | D36: QUẢN LÝ TRỰC TIẾP | G36: NGƯỜI PHÊ DUYỆT
B37: (Ký, ghi rõ họ tên) | D37: (Ký, ghi rõ họ tên) | G37: (Ký, ghi rõ họ tên)

Sheet 04. Kỹ sư thiết kế
A1: BẢNG ĐÁNH GIÁ KPI – KỸ SƯ THIẾT KẾ (CAD / BẢN VẼ KỸ THUẬT)
A2: Phòng Kỹ thuật – R&D · Phụ lục 01 kèm Quy chế đánh giá KPI · KK HOME ·
B4: Họ và tên | E4: Loại kỳ đánh giá | G4: Quý | I4: ← chọn Tháng / Quý / Năm
B5: Mã nhân viên | E5: Kỳ đánh giá | I5: VD: Tháng 9/2026, Quý 3/2026, Năm 2026
B6: Người đánh giá | E6: Ngày đánh giá
B7: Bộ phận | C7: Phòng Kỹ thuật – R&D
A9: STT | B9: Nhóm tiêu chí | C9: Tiêu chí đánh giá | D9: Cách đo / Chứng cứ chấm điểm | E9: Trọng số | F9: Tự đánh giá (1–5) | G9: Quản lý chấm (1–5) | H9: Điểm quy đổi | I9: Ghi chú / Lý do (bắt buộc khi điểm ≤1,5 hoặc 5)
A10: 1 | B10: Chuyên môn - Nghiệp vụ | C10: Hoàn thành bản vẽ đúng hạn | D10: Số bản vẽ hoàn thành / kế hoạch được giao | E10: 0.12 | H10: =IF(ISNUMBER(G10),G10/5*E10*100,0) | J10: CM
A11: 2 | C11: Chính xác bản vẽ | D11: Số lỗi kích thước, dung sai, vật liệu phát hiện sau phát hành | E11: 0.1 | H11: =IF(ISNUMBER(G11),G11/5*E11*100,0) | J11: CM
A12: 3 | C12: Tối ưu thiết kế cho sản xuất (DFM) | D12: Số chi tiết được đơn giản hóa, giảm công đoạn, giảm vật tư | E12: 0.1 | H12: =IF(ISNUMBER(G12),G12/5*E12*100,0) | J12: CM
A13: 4 | C13: Chuẩn hóa thư viện thiết kế | D13: Thư viện chi tiết chuẩn, mẫu bản vẽ được xây dựng, dùng chung | E13: 0.08 | H13: =IF(ISNUMBER(G13),G13/5*E13*100,0) | J13: CM
A14: 5 | B14: Tuân thủ - Thời hạn | C14: Quản lý phiên bản bản vẽ | D14: Không phát hành nhầm phiên bản; thay đổi có phiếu yêu cầu được duyệt | E14: 0.12 | H14: =IF(ISNUMBER(G14),G14/5*E14*100,0) | J14: TT
A15: 6 | C15: Tuân thủ tiêu chuẩn bản vẽ | D15: Bản vẽ đúng tiêu chuẩn trình bày, ký hiệu áp dụng | E15: 0.08 | H15: =IF(ISNUMBER(G15),G15/5*E15*100,0) | J15: TT
A16: 7 | C16: Kiểm tra, phê duyệt trước phát hành | D16: 100% bản vẽ được kiểm tra chéo, phê duyệt trước phát hành | E16: 0.08 | H16: =IF(ISNUMBER(G16),G16/5*E16*100,0) | J16: TT
A17: 8 | C17: Lưu trữ & bảo mật hồ sơ thiết kế | D17: File gốc lưu đúng hệ thống, phân quyền truy cập | E17: 0.07 | H17: =IF(ISNUMBER(G17),G17/5*E17*100,0) | J17: TT
A18: 9 | B18: Phối hợp - Thái độ | C18: Phối hợp với R&D, Sản xuất, Mua hàng | D18: Giải đáp kỹ thuật bản vẽ kịp thời | E18: 0.1 | H18: =IF(ISNUMBER(G18),G18/5*E18*100,0) | J18: PH
A19: 10 | C19: Ứng dụng công cụ thiết kế mới | D19: Áp dụng mô phỏng, in 3D, công cụ mới vào công việc | E19: 0.08 | H19: =IF(ISNUMBER(G19),G19/5*E19*100,0) | J19: PH
A20: 11 | C20: Cẩn thận & trách nhiệm | D20: Tự kiểm tra kỹ trước khi bàn giao | E20: 0.07 | H20: =IF(ISNUMBER(G20),G20/5*E20*100,0) | J20: PH
A21: TỔNG CỘNG | E21: =SUM(E10:E20) | H21: =SUM(H10:H20)
A23: KẾT QUẢ ĐÁNH GIÁ | D23: ĐIỂM THEO NHÓM TIÊU CHÍ
A24: Tổng điểm chính thức | C24: =H21 | D24: Nhóm tiêu chí | E24: Trọng số | F24: Điểm tối đa | G24: Điểm đạt | H24: Tỷ lệ đạt
A25: Điểm tự đánh giá | C25: =IF(COUNT(F10:F20)=0,"",SUMPRODUCT(F10:F20,E10:E20)/5*100) | D25: Chuyên môn - Nghiệp vụ | E25: =SUMIF($J$10:$J$20,"CM",$E$10:$E$20) | F25: =E25*100 | G25: =SUMIF($J$10:$J$20,"CM",$H$10:$H$20) | H25: =IF(F25=0,0,G25/F25)
A26: Tiêu chí đã chấm | C26: =COUNT(G10:G20)&" / 11" | D26: Tuân thủ - Thời hạn | E26: =SUMIF($J$10:$J$20,"TT",$E$10:$E$20) | F26: =E26*100 | G26: =SUMIF($J$10:$J$20,"TT",$H$10:$H$20) | H26: =IF(F26=0,0,G26/F26)
A27: Xếp loại | C27: =IF(COUNT(G10:G20)=0,"Chưa chấm",IF(COUNT(G10:G20)<11,"Chưa chấm đủ",IF(H21>=80,"Xuất sắc",IF(H21>=70,"Đạt","Cần cải thiện")))) | D27: Phối hợp - Thái độ | E27: =SUMIF($J$10:$J$20,"PH",$E$10:$E$20) | F27: =E27*100 | G27: =SUMIF($J$10:$J$20,"PH",$H$10:$H$20) | H27: =IF(F27=0,0,G27/F27)
A28: Kiểm tra trọng số | C28: =IF(ROUND(E21,4)=1,"Hợp lệ – 100%","SAI – tổng trọng số phải = 100%")
A30: NHẬN XÉT & KẾ HOẠCH CẢI THIỆN (Bước 5 – phản hồi kết quả)
A31: Điểm mạnh
A32: Cần cải thiện
A33: Kế hoạch cải thiện
A34: Ý kiến nhân sự
B36: NHÂN SỰ ĐƯỢC ĐÁNH GIÁ | D36: QUẢN LÝ TRỰC TIẾP | G36: NGƯỜI PHÊ DUYỆT
B37: (Ký, ghi rõ họ tên) | D37: (Ký, ghi rõ họ tên) | G37: (Ký, ghi rõ họ tên)

Sheet 05. KTV Thí nghiệm
A1: BẢNG ĐÁNH GIÁ KPI – KỸ THUẬT VIÊN PHÒNG THÍ NGHIỆM – THỬ NGHIỆM
A2: Phòng Kỹ thuật – R&D · Phụ lục 01 kèm Quy chế đánh giá KPI · KK HOME ·
B4: Họ và tên | E4: Loại kỳ đánh giá | G4: Quý | I4: ← chọn Tháng / Quý / Năm
B5: Mã nhân viên | E5: Kỳ đánh giá | I5: VD: Tháng 9/2026, Quý 3/2026, Năm 2026
B6: Người đánh giá | E6: Ngày đánh giá
B7: Bộ phận | C7: Phòng Kỹ thuật – R&D
A9: STT | B9: Nhóm tiêu chí | C9: Tiêu chí đánh giá | D9: Cách đo / Chứng cứ chấm điểm | E9: Trọng số | F9: Tự đánh giá (1–5) | G9: Quản lý chấm (1–5) | H9: Điểm quy đổi | I9: Ghi chú / Lý do (bắt buộc khi điểm ≤1,5 hoặc 5)
A10: 1 | B10: Chuyên môn - Nghiệp vụ | C10: Hoàn thành kế hoạch thử nghiệm | D10: Số mẫu thử nghiệm hoàn thành / số yêu cầu | E10: 0.12 | H10: =IF(ISNUMBER(G10),G10/5*E10*100,0) | J10: CM
A11: 2 | C11: Thời gian trả kết quả | D11: Tỷ lệ kết quả trả đúng thời hạn cam kết | E11: 0.1 | H11: =IF(ISNUMBER(G11),G11/5*E11*100,0) | J11: CM
A12: 3 | C12: Độ chính xác kết quả | D12: Số kết quả phải thử lại do lỗi thao tác; kết quả so sánh liên phòng đạt | E12: 0.1 | H12: =IF(ISNUMBER(G12),G12/5*E12*100,0) | J12: CM
A13: 4 | C13: Quản lý mẫu lưu | D13: Mẫu lưu đúng điều kiện, đúng thời gian, có nhãn truy xuất | E13: 0.08 | H13: =IF(ISNUMBER(G13),G13/5*E13*100,0) | J13: CM
A14: 5 | B14: Tuân thủ - Thời hạn | C14: Tuân thủ phương pháp thử | D14: Thực hiện đúng phương pháp, tiêu chuẩn thử được phê duyệt | E14: 0.12 | H14: =IF(ISNUMBER(G14),G14/5*E14*100,0) | J14: TT
A15: 6 | C15: Hiệu chuẩn & bảo trì thiết bị | D15: Thiết bị đo được hiệu chuẩn, bảo trì đúng hạn | E15: 0.08 | H15: =IF(ISNUMBER(G15),G15/5*E15*100,0) | J15: TT
A16: 7 | C16: An toàn hóa chất & phòng thí nghiệm | D16: Sử dụng, lưu giữ hóa chất đúng quy định; không sự cố | E16: 0.08 | H16: =IF(ISNUMBER(G16),G16/5*E16*100,0) | J16: TT
A17: 8 | C17: Ghi chép & lưu hồ sơ thử nghiệm | D17: Biên bản, phiếu kết quả đầy đủ, truy xuất được | E17: 0.07 | H17: =IF(ISNUMBER(G17),G17/5*E17*100,0) | J17: TT
A18: 9 | B18: Phối hợp - Thái độ | C18: Phối hợp với R&D, QC, Sản xuất | D18: Phản hồi về hỗ trợ thử nghiệm | E18: 0.1 | H18: =IF(ISNUMBER(G18),G18/5*E18*100,0) | J18: PH
A19: 10 | C19: Đề xuất cải tiến phương pháp | D19: Số cải tiến phương pháp, rút ngắn thời gian thử | E19: 0.08 | H19: =IF(ISNUMBER(G19),G19/5*E19*100,0) | J19: PH
A20: 11 | C20: Trung thực & trách nhiệm | D20: Báo cáo kết quả trung thực, không chỉnh sửa số liệu | E20: 0.07 | H20: =IF(ISNUMBER(G20),G20/5*E20*100,0) | J20: PH
A21: TỔNG CỘNG | E21: =SUM(E10:E20) | H21: =SUM(H10:H20)
A23: KẾT QUẢ ĐÁNH GIÁ | D23: ĐIỂM THEO NHÓM TIÊU CHÍ
A24: Tổng điểm chính thức | C24: =H21 | D24: Nhóm tiêu chí | E24: Trọng số | F24: Điểm tối đa | G24: Điểm đạt | H24: Tỷ lệ đạt
A25: Điểm tự đánh giá | C25: =IF(COUNT(F10:F20)=0,"",SUMPRODUCT(F10:F20,E10:E20)/5*100) | D25: Chuyên môn - Nghiệp vụ | E25: =SUMIF($J$10:$J$20,"CM",$E$10:$E$20) | F25: =E25*100 | G25: =SUMIF($J$10:$J$20,"CM",$H$10:$H$20) | H25: =IF(F25=0,0,G25/F25)
A26: Tiêu chí đã chấm | C26: =COUNT(G10:G20)&" / 11" | D26: Tuân thủ - Thời hạn | E26: =SUMIF($J$10:$J$20,"TT",$E$10:$E$20) | F26: =E26*100 | G26: =SUMIF($J$10:$J$20,"TT",$H$10:$H$20) | H26: =IF(F26=0,0,G26/F26)
A27: Xếp loại | C27: =IF(COUNT(G10:G20)=0,"Chưa chấm",IF(COUNT(G10:G20)<11,"Chưa chấm đủ",IF(H21>=80,"Xuất sắc",IF(H21>=70,"Đạt","Cần cải thiện")))) | D27: Phối hợp - Thái độ | E27: =SUMIF($J$10:$J$20,"PH",$E$10:$E$20) | F27: =E27*100 | G27: =SUMIF($J$10:$J$20,"PH",$H$10:$H$20) | H27: =IF(F27=0,0,G27/F27)
A28: Kiểm tra trọng số | C28: =IF(ROUND(E21,4)=1,"Hợp lệ – 100%","SAI – tổng trọng số phải = 100%")
A30: NHẬN XÉT & KẾ HOẠCH CẢI THIỆN (Bước 5 – phản hồi kết quả)
A31: Điểm mạnh
A32: Cần cải thiện
A33: Kế hoạch cải thiện
A34: Ý kiến nhân sự
B36: NHÂN SỰ ĐƯỢC ĐÁNH GIÁ | D36: QUẢN LÝ TRỰC TIẾP | G36: NGƯỜI PHÊ DUYỆT
B37: (Ký, ghi rõ họ tên) | D37: (Ký, ghi rõ họ tên) | G37: (Ký, ghi rõ họ tên)

Sheet 06. CV Tiêu chuẩn-Hồ sơ KT
A1: BẢNG ĐÁNH GIÁ KPI – CHUYÊN VIÊN TIÊU CHUẨN & HỒ SƠ KỸ THUẬT
A2: Phòng Kỹ thuật – R&D · Phụ lục 01 kèm Quy chế đánh giá KPI · KK HOME ·
B4: Họ và tên | E4: Loại kỳ đánh giá | G4: Quý | I4: ← chọn Tháng / Quý / Năm
B5: Mã nhân viên | E5: Kỳ đánh giá | I5: VD: Tháng 9/2026, Quý 3/2026, Năm 2026
B6: Người đánh giá | E6: Ngày đánh giá
B7: Bộ phận | C7: Phòng Kỹ thuật – R&D
A9: STT | B9: Nhóm tiêu chí | C9: Tiêu chí đánh giá | D9: Cách đo / Chứng cứ chấm điểm | E9: Trọng số | F9: Tự đánh giá (1–5) | G9: Quản lý chấm (1–5) | H9: Điểm quy đổi | I9: Ghi chú / Lý do (bắt buộc khi điểm ≤1,5 hoặc 5)
A10: 1 | B10: Chuyên môn - Nghiệp vụ | C10: Hồ sơ công bố, chứng nhận sản phẩm | D10: Hồ sơ công bố, chứng nhận hợp chuẩn/hợp quy hoàn thành đúng hạn | E10: 0.12 | H10: =IF(ISNUMBER(G10),G10/5*E10*100,0) | J10: CM
A11: 2 | C11: Duy trì hệ thống quản lý (ISO…) | D11: Đánh giá nội bộ đúng kế hoạch; đánh giá chứng nhận không có lỗi lớn | E11: 0.1 | H11: =IF(ISNUMBER(G11),G11/5*E11*100,0) | J11: CM
A12: 3 | C12: Kiểm soát tài liệu kỹ thuật | D12: Tài liệu ban hành đúng phiên bản; danh mục tài liệu cập nhật | E12: 0.1 | H12: =IF(ISNUMBER(G12),G12/5*E12*100,0) | J12: CM
A13: 4 | C13: Theo dõi tiêu chuẩn, quy chuẩn mới | D13: Cập nhật thay đổi tiêu chuẩn, đánh giá tác động gửi các phòng | E13: 0.08 | H13: =IF(ISNUMBER(G13),G13/5*E13*100,0) | J13: CM
A14: 5 | B14: Tuân thủ - Thời hạn | C14: Tuân thủ quy định ghi nhãn, công bố | D14: Nhãn, hồ sơ công bố đúng quy định; không bị nhắc nhở, xử phạt | E14: 0.12 | H14: =IF(ISNUMBER(G14),G14/5*E14*100,0) | J14: TT
A15: 6 | C15: Theo dõi hiệu lực chứng nhận | D15: Không để chứng nhận hết hạn; cảnh báo trước ≥ 60 ngày | E15: 0.08 | H15: =IF(ISNUMBER(G15),G15/5*E15*100,0) | J15: TT
A16: 7 | C16: Theo dõi hành động khắc phục | D16: Tỷ lệ điểm không phù hợp được khắc phục đúng hạn | E16: 0.08 | H16: =IF(ISNUMBER(G16),G16/5*E16*100,0) | J16: TT
A17: 8 | C17: Báo cáo định kỳ | D17: Báo cáo tình trạng hồ sơ, chứng nhận đúng hạn | E17: 0.07 | H17: =IF(ISNUMBER(G17),G17/5*E17*100,0) | J17: TT
A18: 9 | B18: Phối hợp - Thái độ | C18: Phối hợp với R&D, QC, Sản xuất, Pháp chế | D18: Thu thập hồ sơ kịp thời; hướng dẫn các phòng | E18: 0.1 | H18: =IF(ISNUMBER(G18),G18/5*E18*100,0) | J18: PH
A19: 10 | C19: Đào tạo nhận thức tiêu chuẩn | D19: Số buổi đào tạo hệ thống quản lý cho nhân viên | E19: 0.08 | H19: =IF(ISNUMBER(G19),G19/5*E19*100,0) | J19: PH
A20: 11 | C20: Cẩn thận & bảo mật | D20: Bảo mật hồ sơ kỹ thuật; kiểm tra kỹ trước khi nộp | E20: 0.07 | H20: =IF(ISNUMBER(G20),G20/5*E20*100,0) | J20: PH
A21: TỔNG CỘNG | E21: =SUM(E10:E20) | H21: =SUM(H10:H20)
A23: KẾT QUẢ ĐÁNH GIÁ | D23: ĐIỂM THEO NHÓM TIÊU CHÍ
A24: Tổng điểm chính thức | C24: =H21 | D24: Nhóm tiêu chí | E24: Trọng số | F24: Điểm tối đa | G24: Điểm đạt | H24: Tỷ lệ đạt
A25: Điểm tự đánh giá | C25: =IF(COUNT(F10:F20)=0,"",SUMPRODUCT(F10:F20,E10:E20)/5*100) | D25: Chuyên môn - Nghiệp vụ | E25: =SUMIF($J$10:$J$20,"CM",$E$10:$E$20) | F25: =E25*100 | G25: =SUMIF($J$10:$J$20,"CM",$H$10:$H$20) | H25: =IF(F25=0,0,G25/F25)
A26: Tiêu chí đã chấm | C26: =COUNT(G10:G20)&" / 11" | D26: Tuân thủ - Thời hạn | E26: =SUMIF($J$10:$J$20,"TT",$E$10:$E$20) | F26: =E26*100 | G26: =SUMIF($J$10:$J$20,"TT",$H$10:$H$20) | H26: =IF(F26=0,0,G26/F26)
A27: Xếp loại | C27: =IF(COUNT(G10:G20)=0,"Chưa chấm",IF(COUNT(G10:G20)<11,"Chưa chấm đủ",IF(H21>=80,"Xuất sắc",IF(H21>=70,"Đạt","Cần cải thiện")))) | D27: Phối hợp - Thái độ | E27: =SUMIF($J$10:$J$20,"PH",$E$10:$E$20) | F27: =E27*100 | G27: =SUMIF($J$10:$J$20,"PH",$H$10:$H$20) | H27: =IF(F27=0,0,G27/F27)
A28: Kiểm tra trọng số | C28: =IF(ROUND(E21,4)=1,"Hợp lệ – 100%","SAI – tổng trọng số phải = 100%")
A30: NHẬN XÉT & KẾ HOẠCH CẢI THIỆN (Bước 5 – phản hồi kết quả)
A31: Điểm mạnh
A32: Cần cải thiện
A33: Kế hoạch cải thiện
A34: Ý kiến nhân sự
B36: NHÂN SỰ ĐƯỢC ĐÁNH GIÁ | D36: QUẢN LÝ TRỰC TIẾP | G36: NGƯỜI PHÊ DUYỆT
B37: (Ký, ghi rõ họ tên) | D37: (Ký, ghi rõ họ tên) | G37: (Ký, ghi rõ họ tên)
