Workbook

Sheet Hướng dẫn
A1: KPI KHO VẬN – LOGISTICS – 07 VỊ TRÍ
A2: Phụ lục 01 kèm Quy chế đánh giá KPI · KK HOME ·
B4: CÁCH DÙNG – 6 BƯỚC
B5: Bước 1 | C5: Chọn sheet đúng vị trí của nhân sự (bấm tên vị trí ở danh mục bên dưới để nhảy tới sheet).
B6: Bước 2 | C6: Nhập thông tin đầu sheet: Họ tên, Mã NV, Người đánh giá, Loại kỳ (Tháng/Quý/Năm), Kỳ đánh giá, Ngày đánh giá.
B7: Bước 3 | C7: Nhân sự tự chấm điểm cột F "Tự đánh giá" (1–5, được chấm lẻ 3.5).
B8: Bước 4 | C8: Quản lý trực tiếp chấm điểm chính thức cột G "Quản lý chấm". Chỉ điểm cột G được dùng để tính điểm quy đổi và xếp loại.
B9: Bước 5 | C9: Ghi chú lý do ở cột I khi điểm ≤ 1,5 hoặc = 5. Ô ghi chú tự tô cam nếu thiếu lý do (Điều 12 – Ngoại lệ).
B10: Bước 6 | C10: Xem kết quả ở cuối sheet vị trí, sheet "Tổng hợp" (toàn phòng) và "So sánh" (biểu đồ). In, ký và trình phê duyệt.
B12: QUY ƯỚC Ô
B13: Ô nền vàng, chữ xanh | C13: Ô nhập liệu. Chỉ nhập vào các ô này.
B14: Trọng số chữ xanh (cột E) | C14: Được sửa khi có quyết định điều chỉnh (Điều 17). Tổng trọng số mỗi vị trí phải = 100% – ô "Kiểm tra trọng số" báo đỏ nếu sai.
B15: Ô nền xám | C15: Công thức tự tính. Không sửa.
B17: CÔNG THỨC & XẾP LOẠI (Điều 7, Điều 13 Quy chế)
B18: Điểm quy đổi | C18: Điểm quản lý chấm ÷ 5 × Trọng số × 100
B19: Tổng điểm | C19: Cộng điểm quy đổi các tiêu chí (tối đa 100 điểm)
B20: Xếp loại | C20: ≥ 80 điểm: Xuất sắc · 70 đến dưới 80: Đạt · Dưới 70: Cần cải thiện. Chưa chấm đủ tiêu chí → hiển thị "Chưa chấm đủ".
B21: Ví dụ | C21: Tiêu chí "Độ chính xác tồn kho phụ trách" trọng số 12%, quản lý chấm 4 → 4 ÷ 5 × 12 = 9,6 điểm. Chấm 3.5 → 8,4 điểm.
B22: Cơ cấu nhóm | C22: Chuyên môn - Nghiệp vụ 40% · Tuân thủ - Thời hạn 35% · Phối hợp - Thái độ 25% (áp dụng cho mọi vị trí trong file).
B24: DANH MỤC 07 VỊ TRÍ
B25: 01 | C25: Trưởng phòng Kho vận – Logistics (10 tiêu chí)
B26: 02 | C26: Thủ kho tổng (11 tiêu chí)
B27: 03 | C27: Nhân viên Kho (nhập – xuất – soạn hàng) (11 tiêu chí)
B28: 04 | C28: Nhân viên Điều phối vận tải (11 tiêu chí)
B29: 05 | C29: Lái xe giao hàng (11 tiêu chí)
B30: 06 | C30: Nhân viên Giao nhận (11 tiêu chí)
B31: 07 | C31: Nhân viên Kiểm kê & Dữ liệu kho (WMS) (11 tiêu chí)
B33: Lưu ý | C33: Tiêu chí và cách đo là bộ mẫu. Đơn vị điều chỉnh chỉ tiêu định lượng (%, số ngày, số lỗi) theo mục tiêu đã duyệt của từng kỳ trước khi phổ biến cho nhân sự (Điều 4 – Công khai). Bộ file thuộc Hệ thống W1 – KPI Doanh nghiệp của KK HOME.

Sheet Tổng hợp
A1: TỔNG HỢP KẾT QUẢ KPI – PHÒNG KHO VẬN – LOGISTICS
A2: Phụ lục 01 · Tự cập nhật từ các sheet vị trí (Bước 4 – Điều 10) · KK HOME ·
A4: STT | B4: Vị trí | C4: Họ và tên | D4: Kỳ đánh giá | E4: Điểm tự ĐG | F4: Điểm chính thức | G4: Chênh lệch (CT − Tự ĐG) | H4: Xếp loại | I4: Chuyên môn (% đạt) | J4: Tuân thủ (% đạt) | K4: Phối hợp (% đạt) | L4: Tiến độ chấm
A5: 1 | B5: Trưởng phòng Kho vận – Logistics | C5: =IF('01. Trưởng phòng Kho vận'!C4="","",'01. Trưởng phòng Kho vận'!C4) | D5: =IF('01. Trưởng phòng Kho vận'!G5="",'01. Trưởng phòng Kho vận'!G4,'01. Trưởng phòng Kho vận'!G5) | E5: ='01. Trưởng phòng Kho vận'!C24 | F5: ='01. Trưởng phòng Kho vận'!C23 | G5: =IF(E5="","",F5-E5) | H5: ='01. Trưởng phòng Kho vận'!C26 | I5: ='01. Trưởng phòng Kho vận'!H24 | J5: ='01. Trưởng phòng Kho vận'!H25 | K5: ='01. Trưởng phòng Kho vận'!H26 | L5: ='01. Trưởng phòng Kho vận'!C25
A6: 2 | B6: Thủ kho tổng | C6: =IF('02. Thủ kho tổng'!C4="","",'02. Thủ kho tổng'!C4) | D6: =IF('02. Thủ kho tổng'!G5="",'02. Thủ kho tổng'!G4,'02. Thủ kho tổng'!G5) | E6: ='02. Thủ kho tổng'!C25 | F6: ='02. Thủ kho tổng'!C24 | G6: =IF(E6="","",F6-E6) | H6: ='02. Thủ kho tổng'!C27 | I6: ='02. Thủ kho tổng'!H25 | J6: ='02. Thủ kho tổng'!H26 | K6: ='02. Thủ kho tổng'!H27 | L6: ='02. Thủ kho tổng'!C26
A7: 3 | B7: Nhân viên Kho (nhập – xuất – soạn hàng) | C7: =IF('03. NV Kho'!C4="","",'03. NV Kho'!C4) | D7: =IF('03. NV Kho'!G5="",'03. NV Kho'!G4,'03. NV Kho'!G5) | E7: ='03. NV Kho'!C25 | F7: ='03. NV Kho'!C24 | G7: =IF(E7="","",F7-E7) | H7: ='03. NV Kho'!C27 | I7: ='03. NV Kho'!H25 | J7: ='03. NV Kho'!H26 | K7: ='03. NV Kho'!H27 | L7: ='03. NV Kho'!C26
A8: 4 | B8: Nhân viên Điều phối vận tải | C8: =IF('04. NV Điều phối vận tải'!C4="","",'04. NV Điều phối vận tải'!C4) | D8: =IF('04. NV Điều phối vận tải'!G5="",'04. NV Điều phối vận tải'!G4,'04. NV Điều phối vận tải'!G5) | E8: ='04. NV Điều phối vận tải'!C25 | F8: ='04. NV Điều phối vận tải'!C24 | G8: =IF(E8="","",F8-E8) | H8: ='04. NV Điều phối vận tải'!C27 | I8: ='04. NV Điều phối vận tải'!H25 | J8: ='04. NV Điều phối vận tải'!H26 | K8: ='04. NV Điều phối vận tải'!H27 | L8: ='04. NV Điều phối vận tải'!C26
A9: 5 | B9: Lái xe giao hàng | C9: =IF('05. Lái xe giao hàng'!C4="","",'05. Lái xe giao hàng'!C4) | D9: =IF('05. Lái xe giao hàng'!G5="",'05. Lái xe giao hàng'!G4,'05. Lái xe giao hàng'!G5) | E9: ='05. Lái xe giao hàng'!C25 | F9: ='05. Lái xe giao hàng'!C24 | G9: =IF(E9="","",F9-E9) | H9: ='05. Lái xe giao hàng'!C27 | I9: ='05. Lái xe giao hàng'!H25 | J9: ='05. Lái xe giao hàng'!H26 | K9: ='05. Lái xe giao hàng'!H27 | L9: ='05. Lái xe giao hàng'!C26
A10: 6 | B10: Nhân viên Giao nhận | C10: =IF('06. NV Giao nhận'!C4="","",'06. NV Giao nhận'!C4) | D10: =IF('06. NV Giao nhận'!G5="",'06. NV Giao nhận'!G4,'06. NV Giao nhận'!G5) | E10: ='06. NV Giao nhận'!C25 | F10: ='06. NV Giao nhận'!C24 | G10: =IF(E10="","",F10-E10) | H10: ='06. NV Giao nhận'!C27 | I10: ='06. NV Giao nhận'!H25 | J10: ='06. NV Giao nhận'!H26 | K10: ='06. NV Giao nhận'!H27 | L10: ='06. NV Giao nhận'!C26
A11: 7 | B11: Nhân viên Kiểm kê & Dữ liệu kho (WMS) | C11: =IF('07. NV Dữ liệu kho-WMS'!C4="","",'07. NV Dữ liệu kho-WMS'!C4) | D11: =IF('07. NV Dữ liệu kho-WMS'!G5="",'07. NV Dữ liệu kho-WMS'!G4,'07. NV Dữ liệu kho-WMS'!G5) | E11: ='07. NV Dữ liệu kho-WMS'!C25 | F11: ='07. NV Dữ liệu kho-WMS'!C24 | G11: =IF(E11="","",F11-E11) | H11: ='07. NV Dữ liệu kho-WMS'!C27 | I11: ='07. NV Dữ liệu kho-WMS'!H25 | J11: ='07. NV Dữ liệu kho-WMS'!H26 | K11: ='07. NV Dữ liệu kho-WMS'!H27 | L11: ='07. NV Dữ liệu kho-WMS'!C26
B13: THỐNG KÊ TOÀN PHÒNG
B14: Số vị trí xếp loại Xuất sắc | C14: =COUNTIF(H5:H11,"Xuất sắc")
B15: Số vị trí xếp loại Đạt | C15: =COUNTIF(H5:H11,"Đạt")
B16: Số vị trí xếp loại Cần cải thiện | C16: =COUNTIF(H5:H11,"Cần cải thiện")
B17: Số vị trí chưa chấm / chưa chấm đủ | C17: =COUNTIF(H5:H11,"Chưa chấm")+COUNTIF(H5:H11,"Chưa chấm đủ")
B18: Điểm bình quân phòng (vị trí đã chấm đủ) | C18: =IFERROR(AVERAGEIFS(F5:F11,H5:H11,"<>Chưa chấm",H5:H11,"<>Chưa chấm đủ"),"")
B20: Chênh lệch tô đỏ khi điểm chính thức lệch điểm tự đánh giá từ 10 điểm trở lên – nên trao đổi kỹ ở Bước 5. Nhân sự "Cần cải thiện" từ 02 kỳ liên tiếp trở lên thuộc diện đào tạo, kèm cặp (Điều 14).

Sheet So sánh
A1: SO SÁNH KẾT QUẢ GIỮA CÁC VỊ TRÍ
A2: Phụ lục 01 · Dữ liệu lấy từ sheet Tổng hợp · KK HOME ·
A4: STT | B4: Vị trí | C4: Điểm tự ĐG | D4: Điểm chính thức | E4: Chuyên môn | F4: Tuân thủ | G4: Phối hợp
A5: 1 | B5: ='Tổng hợp'!B5 | C5: =IF('Tổng hợp'!E5="",0,'Tổng hợp'!E5) | D5: ='Tổng hợp'!F5 | E5: ='Tổng hợp'!I5 | F5: ='Tổng hợp'!J5 | G5: ='Tổng hợp'!K5
A6: 2 | B6: ='Tổng hợp'!B6 | C6: =IF('Tổng hợp'!E6="",0,'Tổng hợp'!E6) | D6: ='Tổng hợp'!F6 | E6: ='Tổng hợp'!I6 | F6: ='Tổng hợp'!J6 | G6: ='Tổng hợp'!K6
A7: 3 | B7: ='Tổng hợp'!B7 | C7: =IF('Tổng hợp'!E7="",0,'Tổng hợp'!E7) | D7: ='Tổng hợp'!F7 | E7: ='Tổng hợp'!I7 | F7: ='Tổng hợp'!J7 | G7: ='Tổng hợp'!K7
A8: 4 | B8: ='Tổng hợp'!B8 | C8: =IF('Tổng hợp'!E8="",0,'Tổng hợp'!E8) | D8: ='Tổng hợp'!F8 | E8: ='Tổng hợp'!I8 | F8: ='Tổng hợp'!J8 | G8: ='Tổng hợp'!K8
A9: 5 | B9: ='Tổng hợp'!B9 | C9: =IF('Tổng hợp'!E9="",0,'Tổng hợp'!E9) | D9: ='Tổng hợp'!F9 | E9: ='Tổng hợp'!I9 | F9: ='Tổng hợp'!J9 | G9: ='Tổng hợp'!K9
A10: 6 | B10: ='Tổng hợp'!B10 | C10: =IF('Tổng hợp'!E10="",0,'Tổng hợp'!E10) | D10: ='Tổng hợp'!F10 | E10: ='Tổng hợp'!I10 | F10: ='Tổng hợp'!J10 | G10: ='Tổng hợp'!K10
A11: 7 | B11: ='Tổng hợp'!B11 | C11: =IF('Tổng hợp'!E11="",0,'Tổng hợp'!E11) | D11: ='Tổng hợp'!F11 | E11: ='Tổng hợp'!I11 | F11: ='Tổng hợp'!J11 | G11: ='Tổng hợp'!K11
A13: Biểu đồ tự cập nhật khi chấm điểm ở các sheet vị trí. Vị trí chưa chấm hiển thị 0.

Sheet Nguyên tắc chấm
A1: NGUYÊN TẮC CHẤM ĐIỂM KPI
A2: Phụ lục 01 · Căn cứ Điều 4, 6, 7, 10, 12, 13 Quy chế · KK HOME ·
B4: 1. THANG ĐIỂM 1–5 (Điều 6)
B5: Điểm | C5: Xếp hạng | D5: Diễn giải
B6: 5 | C6: Tuyệt vời | D6: Hoàn thành xuất sắc, vượt mong đợi, tự giác và chủ động
B7: 4 | C7: Tốt | D7: Hoàn thành tốt, đạt hoặc vượt mục tiêu đề ra
B8: 3 | C8: Bình thường | D8: Đáp ứng đủ yêu cầu cơ bản
B9: 2 | C9: Chưa đạt | D9: Chưa hoàn thành tốt, có lỗi nhỏ, cần cải thiện
B10: 1 | C10: Kém | D10: Chưa hoàn thành, cần hỗ trợ nhiều, sai sót lớn
B11: Kết quả dao động giữa hai mức liền kề: được chấm điểm trung bình (VD: 3.5).
B13: 2. CÔNG THỨC & XẾP LOẠI (Điều 7, Điều 13)
B14: Điểm quy đổi tiêu chí | C14: Điểm chấm ÷ 5 × Trọng số × 100
B15: Tổng điểm vị trí | C15: Cộng điểm quy đổi các tiêu chí (tối đa 100)
B16: Xuất sắc | C16: Tổng điểm ≥ 80
B17: Đạt | C17: Từ 70 đến dưới 80
B18: Cần cải thiện | C18: Dưới 70
B20: 3. GỢI Ý QUY ĐỔI CHỨNG CỨ RA ĐIỂM (mẫu – điều chỉnh theo mục tiêu đã duyệt từng kỳ)
B21: Loại chỉ số | C21: Điểm 5 | D21: Điểm 4 | E21: Điểm 3 | F21: Điểm 2 | G21: Điểm 1
B22: Độ chính xác tồn kho (kiểm kê so với sổ) | C22: ≥ 99,8% | D22: 99,5% – dưới 99,8% | E22: 99% – dưới 99,5% | F22: 97% – dưới 99% | G22: Dưới 97%
B23: Giao hàng đúng hạn, đủ hàng (OTIF) | C23: ≥ 98% | D23: 95% – dưới 98% | E23: 90% – dưới 95% | F23: 80% – dưới 90% | G23: Dưới 80%
B24: Sai sót soạn hàng, giao nhầm | C24: 0 lỗi, chủ động phát hiện lỗi khâu trước | D24: 0 lỗi | E24: 1–2 lỗi nhỏ, xử lý trong ngày | F24: ≥ 3 lỗi hoặc 1 lỗi bị khách khiếu nại | G24: Lỗi gây mất hàng, bồi thường
B25: Hao hụt, hư hỏng hàng hóa | C25: Thấp hơn định mức ≥ 50% | D25: Trong định mức | E25: Vượt định mức ≤ 10% | F25: Vượt 10% – 30% | G25: Vượt > 30% hoặc mất hàng không rõ nguyên nhân
B26: Chi phí vận chuyển / đơn vị hàng | C26: Thấp hơn định mức ≥ 10% | D26: Trong định mức | E26: Vượt ≤ 5% | F26: Vượt 5% – 10% | G26: Vượt > 10%
B27: An toàn kho & giao thông | C27: Không sự cố, chủ động khắc phục nguy cơ | D27: Không sự cố | E27: Sự cố nhỏ, không thiệt hại | F27: Vi phạm an toàn lặp lại | G27: Tai nạn lao động, giao thông, cháy nổ
B29: 4. NGUYÊN TẮC ĐÁNH GIÁ (Điều 4, Điều 12)
B30: Khách quan | C30: Chấm theo kết quả thực tế, không theo thiện cảm cá nhân.
B31: Công bằng | C31: Cùng vị trí dùng chung bộ tiêu chí, trọng số, thang điểm.
B32: Công khai | C32: Tiêu chí, trọng số, chỉ tiêu định lượng phổ biến cho nhân sự trước kỳ đánh giá.
B33: Định kỳ | C33: Loại kỳ (Tháng/Quý/Năm) áp dụng thống nhất cho toàn phòng trong cùng chu kỳ.
B34: Có phản hồi | C34: Trao đổi kết quả trực tiếp, thống nhất kế hoạch cải thiện.
B35: Có chứng cứ | C35: Số liệu, thời hạn, biên bản, báo cáo. Điểm ≤ 1,5 hoặc = 5 phải ghi lý do ở cột Ghi chú.
B37: 5. QUY TRÌNH 6 BƯỚC (Điều 10)
B38: Bước 1 – Chuẩn bị | C38: Xác định kỳ, thông báo lịch, phổ biến tiêu chí.
B39: Bước 2 – Tự đánh giá | C39: Nhân sự chấm cột F.
B40: Bước 3 – Quản lý chấm | C40: Quản lý trực tiếp chấm chính thức cột G, dựa trên chứng cứ.
B41: Bước 4 – Tổng hợp | C41: File tự tính điểm quy đổi, xếp loại; sheet Tổng hợp tự cập nhật.
B42: Bước 5 – Phản hồi | C42: Trao đổi kết quả, ghi nhận xét và kế hoạch cải thiện cuối sheet vị trí.
B43: Bước 6 – Phê duyệt, lưu trữ | C43: Trình người có thẩm quyền ký duyệt; lưu hồ sơ làm căn cứ lương, thưởng, quy hoạch.

Sheet 01. Trưởng phòng Kho vận
A1: BẢNG ĐÁNH GIÁ KPI – TRƯỞNG PHÒNG KHO VẬN – LOGISTICS
A2: Phòng Kho vận – Logistics · Phụ lục 01 kèm Quy chế đánh giá KPI · KK HOME ·
B4: Họ và tên | E4: Loại kỳ đánh giá | G4: Quý | I4: ← chọn Tháng / Quý / Năm
B5: Mã nhân viên | E5: Kỳ đánh giá | I5: VD: Tháng 9/2026, Quý 3/2026, Năm 2026
B6: Người đánh giá | E6: Ngày đánh giá
B7: Bộ phận | C7: Phòng Kho vận – Logistics
A9: STT | B9: Nhóm tiêu chí | C9: Tiêu chí đánh giá | D9: Cách đo / Chứng cứ chấm điểm | E9: Trọng số | F9: Tự đánh giá (1–5) | G9: Quản lý chấm (1–5) | H9: Điểm quy đổi | I9: Ghi chú / Lý do (bắt buộc khi điểm ≤1,5 hoặc 5)
A10: 1 | B10: Chuyên môn - Nghiệp vụ | C10: Độ chính xác tồn kho toàn hệ thống | D10: Kết quả kiểm kê so với sổ sách ≥ 99,5%; chênh lệch được giải trình, xử lý | E10: 0.1 | H10: =IF(ISNUMBER(G10),G10/5*E10*100,0) | J10: CM
A11: 2 | C11: Giao hàng đúng hạn, đủ hàng (OTIF) | D11: Tỷ lệ đơn hàng giao đúng hạn, đủ số lượng cho khách và nội bộ | E11: 0.1 | H11: =IF(ISNUMBER(G11),G11/5*E11*100,0) | J11: CM
A12: 3 | C12: Chi phí kho vận | D12: Chi phí kho, vận chuyển / doanh thu hoặc / đơn vị hàng so với ngân sách | E12: 0.1 | H12: =IF(ISNUMBER(G12),G12/5*E12*100,0) | J12: CM
A13: 4 | C13: Tối ưu tồn kho & vòng quay | D13: Vòng quay hàng tồn kho; giá trị hàng chậm luân chuyển, cận date được xử lý | E13: 0.1 | H13: =IF(ISNUMBER(G13),G13/5*E13*100,0) | J13: CM
A14: 5 | B14: Tuân thủ - Thời hạn | C14: An toàn kho, PCCC & an toàn giao thông | D14: Không xảy ra tai nạn, cháy nổ; kiểm tra PCCC, xe nâng, xe tải đúng định kỳ | E14: 0.15 | H14: =IF(ISNUMBER(G14),G14/5*E14*100,0) | J14: TT
A15: 6 | C15: Tuân thủ quy trình nhập – xuất – kiểm kê | D15: Phiếu nhập, xuất có đủ chữ ký, chứng từ; kiểm kê định kỳ đúng lịch | E15: 0.1 | H15: =IF(ISNUMBER(G15),G15/5*E15*100,0) | J15: TT
A16: 7 | C16: Báo cáo kho vận định kỳ | D16: Báo cáo tồn kho, hao hụt, chi phí vận chuyển gửi Ban lãnh đạo, Kế toán đúng hạn | E16: 0.1 | H16: =IF(ISNUMBER(G16),G16/5*E16*100,0) | J16: TT
A17: 8 | B17: Phối hợp - Thái độ | C17: Lãnh đạo & phát triển đội ngũ | D17: Điểm KPI bình quân của phòng; tỷ lệ nghỉ việc nhân sự kho, lái xe | E17: 0.1 | H17: =IF(ISNUMBER(G17),G17/5*E17*100,0) | J17: PH
A18: 9 | C18: Phối hợp với Mua hàng, Kinh doanh & Kế toán | D18: Phản hồi các phòng ban; đối chiếu số liệu tồn kho với Kế toán khớp | E18: 0.08 | H18: =IF(ISNUMBER(G18),G18/5*E18*100,0) | J18: PH
A19: 10 | C19: Cải tiến vận hành kho | D19: Số cải tiến bố trí kho, quy trình, ứng dụng mã vạch/WMS được áp dụng | E19: 0.07 | H19: =IF(ISNUMBER(G19),G19/5*E19*100,0) | J19: PH
A20: TỔNG CỘNG | E20: =SUM(E10:E19) | H20: =SUM(H10:H19)
A22: KẾT QUẢ ĐÁNH GIÁ | D22: ĐIỂM THEO NHÓM TIÊU CHÍ
A23: Tổng điểm chính thức | C23: =H20 | D23: Nhóm tiêu chí | E23: Trọng số | F23: Điểm tối đa | G23: Điểm đạt | H23: Tỷ lệ đạt
A24: Điểm tự đánh giá | C24: =IF(COUNT(F10:F19)=0,"",SUMPRODUCT(F10:F19,E10:E19)/5*100) | D24: Chuyên môn - Nghiệp vụ | E24: =SUMIF($J$10:$J$19,"CM",$E$10:$E$19) | F24: =E24*100 | G24: =SUMIF($J$10:$J$19,"CM",$H$10:$H$19) | H24: =IF(F24=0,0,G24/F24)
A25: Tiêu chí đã chấm | C25: =COUNT(G10:G19)&" / 10" | D25: Tuân thủ - Thời hạn | E25: =SUMIF($J$10:$J$19,"TT",$E$10:$E$19) | F25: =E25*100 | G25: =SUMIF($J$10:$J$19,"TT",$H$10:$H$19) | H25: =IF(F25=0,0,G25/F25)
A26: Xếp loại | C26: =IF(COUNT(G10:G19)=0,"Chưa chấm",IF(COUNT(G10:G19)<10,"Chưa chấm đủ",IF(H20>=80,"Xuất sắc",IF(H20>=70,"Đạt","Cần cải thiện")))) | D26: Phối hợp - Thái độ | E26: =SUMIF($J$10:$J$19,"PH",$E$10:$E$19) | F26: =E26*100 | G26: =SUMIF($J$10:$J$19,"PH",$H$10:$H$19) | H26: =IF(F26=0,0,G26/F26)
A27: Kiểm tra trọng số | C27: =IF(ROUND(E20,4)=1,"Hợp lệ – 100%","SAI – tổng trọng số phải = 100%")
A29: NHẬN XÉT & KẾ HOẠCH CẢI THIỆN (Bước 5 – phản hồi kết quả)
A30: Điểm mạnh
A31: Cần cải thiện
A32: Kế hoạch cải thiện
A33: Ý kiến nhân sự
B35: NHÂN SỰ ĐƯỢC ĐÁNH GIÁ | D35: QUẢN LÝ TRỰC TIẾP | G35: NGƯỜI PHÊ DUYỆT
B36: (Ký, ghi rõ họ tên) | D36: (Ký, ghi rõ họ tên) | G36: (Ký, ghi rõ họ tên)

Sheet 02. Thủ kho tổng
A1: BẢNG ĐÁNH GIÁ KPI – THỦ KHO TỔNG
A2: Phòng Kho vận – Logistics · Phụ lục 01 kèm Quy chế đánh giá KPI · KK HOME ·
B4: Họ và tên | E4: Loại kỳ đánh giá | G4: Quý | I4: ← chọn Tháng / Quý / Năm
B5: Mã nhân viên | E5: Kỳ đánh giá | I5: VD: Tháng 9/2026, Quý 3/2026, Năm 2026
B6: Người đánh giá | E6: Ngày đánh giá
B7: Bộ phận | C7: Phòng Kho vận – Logistics
A9: STT | B9: Nhóm tiêu chí | C9: Tiêu chí đánh giá | D9: Cách đo / Chứng cứ chấm điểm | E9: Trọng số | F9: Tự đánh giá (1–5) | G9: Quản lý chấm (1–5) | H9: Điểm quy đổi | I9: Ghi chú / Lý do (bắt buộc khi điểm ≤1,5 hoặc 5)
A10: 1 | B10: Chuyên môn - Nghiệp vụ | C10: Độ chính xác tồn kho phụ trách | D10: Kết quả kiểm kê so với sổ kho ≥ 99,5% | E10: 0.12 | H10: =IF(ISNUMBER(G10),G10/5*E10*100,0) | J10: CM
A11: 2 | C11: Nhập – xuất đúng chứng từ | D11: 100% hàng nhập, xuất có phiếu được duyệt; không xuất hàng khi chưa đủ chứng từ | E11: 0.1 | H11: =IF(ISNUMBER(G11),G11/5*E11*100,0) | J11: CM
A12: 3 | C12: Kiểm soát hao hụt, hư hỏng | D12: Giá trị hao hụt, hư hỏng so với định mức | E12: 0.1 | H12: =IF(ISNUMBER(G12),G12/5*E12*100,0) | J12: CM
A13: 4 | C13: Quản lý hạn dùng & FIFO/FEFO | D13: Không để hàng hết hạn trong kho; xuất đúng nguyên tắc nhập trước – xuất trước | E13: 0.08 | H13: =IF(ISNUMBER(G13),G13/5*E13*100,0) | J13: CM
A14: 5 | B14: Tuân thủ - Thời hạn | C14: An toàn kho & PCCC | D14: Kho sạch, sắp xếp đúng sơ đồ; thiết bị PCCC sẵn sàng; không sự cố | E14: 0.12 | H14: =IF(ISNUMBER(G14),G14/5*E14*100,0) | J14: TT
A15: 6 | C15: Cập nhật thẻ kho, phần mềm kịp thời | D15: Số liệu nhập – xuất cập nhật trong ngày; thẻ kho khớp phần mềm | E15: 0.08 | H15: =IF(ISNUMBER(G15),G15/5*E15*100,0) | J15: TT
A16: 7 | C16: Kiểm kê định kỳ đúng lịch | D16: Kiểm kê tháng/quý/năm đúng lịch, biên bản đầy đủ chữ ký | E16: 0.08 | H16: =IF(ISNUMBER(G16),G16/5*E16*100,0) | J16: TT
A17: 8 | C17: Chuyển chứng từ cho Kế toán đúng hạn | D17: Phiếu nhập, xuất, biên bản giao nhận chuyển Kế toán đúng hạn | E17: 0.07 | H17: =IF(ISNUMBER(G17),G17/5*E17*100,0) | J17: TT
A18: 9 | B18: Phối hợp - Thái độ | C18: Phối hợp với Mua hàng, Kinh doanh, Sản xuất | D18: Đáp ứng yêu cầu xuất hàng đúng thời gian; phản hồi của các bộ phận | E18: 0.1 | H18: =IF(ISNUMBER(G18),G18/5*E18*100,0) | J18: PH
A19: 10 | C19: Chủ động cảnh báo tồn kho | D19: Cảnh báo hàng dưới mức tồn tối thiểu, hàng chậm luân chuyển kịp thời | E19: 0.08 | H19: =IF(ISNUMBER(G19),G19/5*E19*100,0) | J19: PH
A20: 11 | C20: Trung thực & trách nhiệm tài sản | D20: Không để mất mát hàng hóa; báo cáo trung thực các sai lệch | E20: 0.07 | H20: =IF(ISNUMBER(G20),G20/5*E20*100,0) | J20: PH
A21: TỔNG CỘNG | E21: =SUM(E10:E20) | H21: =SUM(H10:H20)
A23: KẾT QUẢ ĐÁNH GIÁ | D23: ĐIỂM THEO NHÓM TIÊU CHÍ
A24: Tổng điểm chính thức | C24: =H21 | D24: Nhóm tiêu chí | E24: Trọng số | F24: Điểm tối đa | G24: Điểm đạt | H24: Tỷ lệ đạt
A25: Điểm tự đánh giá | C25: =IF(COUNT(F10:F20)=0,"",SUMPRODUCT(F10:F20,E10:E20)/5*100) | D25: Chuyên môn - Nghiệp vụ | E25: =SUMIF($J$10:$J$20,"CM",$E$10:$E$20) | F25: =E25*100 | G25: =SUMIF($J$10:$J$20,"CM",$H$10:$H$20) | H25: =IF(F25=0,0,G25/F25)
A26: Tiêu chí đã chấm | C26: =COUNT(G10:G20)&" / 11" | D26: Tuân thủ - Thời hạn | E26: =SUMIF($J$10:$J$20,"TT",$E$10:$E$20) | F26: =E26*100 | G26: =SUMIF($J$10:$J$20,"TT",$H$10:$H$20) | H26: =IF(F26=0,0,G26/F26)
A27: Xếp loại | C27: =IF(COUNT(G10:G20)=0,"Chưa chấm",IF(COUNT(G10:G20)<11,"Chưa chấm đủ",IF(H21>=80,"Xuất sắc",IF(H21>=70,"Đạt","Cần cải thiện")))) | D27: Phối hợp - Thái độ | E27: =SUMIF($J$10:$J$20,"PH",$E$10:$E$20) | F27: =E27*100 | G27: =SUMIF($J$10:$J$20,"PH",$H$10:$H$20) | H27: =IF(F27=0,0,G27/F27)
A28: Kiểm tra trọng số | C28: =IF(ROUND(E21,4)=1,"Hợp lệ – 100%","SAI – tổng trọng số phải = 100%")
A30: NHẬN XÉT & KẾ HOẠCH CẢI THIỆN (Bước 5 – phản hồi kết quả)
A31: Điểm mạnh
A32: Cần cải thiện
A33: Kế hoạch cải thiện
A34: Ý kiến nhân sự
B36: NHÂN SỰ ĐƯỢC ĐÁNH GIÁ | D36: QUẢN LÝ TRỰC TIẾP | G36: NGƯỜI PHÊ DUYỆT
B37: (Ký, ghi rõ họ tên) | D37: (Ký, ghi rõ họ tên) | G37: (Ký, ghi rõ họ tên)

Sheet 03. NV Kho
A1: BẢNG ĐÁNH GIÁ KPI – NHÂN VIÊN KHO (NHẬP – XUẤT – SOẠN HÀNG)
A2: Phòng Kho vận – Logistics · Phụ lục 01 kèm Quy chế đánh giá KPI · KK HOME ·
B4: Họ và tên | E4: Loại kỳ đánh giá | G4: Quý | I4: ← chọn Tháng / Quý / Năm
B5: Mã nhân viên | E5: Kỳ đánh giá | I5: VD: Tháng 9/2026, Quý 3/2026, Năm 2026
B6: Người đánh giá | E6: Ngày đánh giá
B7: Bộ phận | C7: Phòng Kho vận – Logistics
A9: STT | B9: Nhóm tiêu chí | C9: Tiêu chí đánh giá | D9: Cách đo / Chứng cứ chấm điểm | E9: Trọng số | F9: Tự đánh giá (1–5) | G9: Quản lý chấm (1–5) | H9: Điểm quy đổi | I9: Ghi chú / Lý do (bắt buộc khi điểm ≤1,5 hoặc 5)
A10: 1 | B10: Chuyên môn - Nghiệp vụ | C10: Năng suất soạn hàng | D10: Số dòng hàng/đơn hàng soạn bình quân mỗi ca so với định mức | E10: 0.12 | H10: =IF(ISNUMBER(G10),G10/5*E10*100,0) | J10: CM
A11: 2 | C11: Độ chính xác soạn hàng | D11: Số lỗi soạn sai mã, sai số lượng, sai lô | E11: 0.1 | H11: =IF(ISNUMBER(G11),G11/5*E11*100,0) | J11: CM
A12: 3 | C12: Kiểm đếm hàng nhập | D12: Hàng nhập được kiểm đếm, đối chiếu chứng từ; phát hiện sai lệch kịp thời | E12: 0.1 | H12: =IF(ISNUMBER(G12),G12/5*E12*100,0) | J12: CM
A13: 4 | C13: Sắp xếp hàng đúng vị trí | D13: Hàng xếp đúng vị trí, đúng sơ đồ kho, dễ tìm | E13: 0.08 | H13: =IF(ISNUMBER(G13),G13/5*E13*100,0) | J13: CM
A14: 5 | B14: Tuân thủ - Thời hạn | C14: An toàn lao động & sử dụng thiết bị | D14: Sử dụng bảo hộ, xe nâng, thiết bị đúng quy trình; không sự cố | E14: 0.12 | H14: =IF(ISNUMBER(G14),G14/5*E14*100,0) | J14: TT
A15: 6 | C15: Tuân thủ quy trình nhập – xuất | D15: Không giao, nhận hàng khi chưa có chứng từ hợp lệ | E15: 0.08 | H15: =IF(ISNUMBER(G15),G15/5*E15*100,0) | J15: TT
A16: 7 | C16: Bảo quản hàng hóa | D16: Hàng hư hỏng do bốc xếp, bảo quản sai cách | E16: 0.08 | H16: =IF(ISNUMBER(G16),G16/5*E16*100,0) | J16: TT
A17: 8 | C17: Chấp hành giờ giấc, nội quy kho | D17: Đi làm đúng giờ; không vi phạm nội quy ra vào kho | E17: 0.07 | H17: =IF(ISNUMBER(G17),G17/5*E17*100,0) | J17: TT
A18: 9 | B18: Phối hợp - Thái độ | C18: Phối hợp trong ca & với lái xe, giao nhận | D18: Phối hợp xếp dỡ đúng thời gian, không để xe chờ quá định mức | E18: 0.1 | H18: =IF(ISNUMBER(G18),G18/5*E18*100,0) | J18: PH
A19: 10 | C19: Vệ sinh kho (5S) | D19: Khu vực phụ trách đạt chuẩn 5S khi kiểm tra | E19: 0.08 | H19: =IF(ISNUMBER(G19),G19/5*E19*100,0) | J19: PH
A20: 11 | C20: Tinh thần trách nhiệm | D20: Hỗ trợ tăng ca khi cao điểm; báo cáo trung thực sự cố | E20: 0.07 | H20: =IF(ISNUMBER(G20),G20/5*E20*100,0) | J20: PH
A21: TỔNG CỘNG | E21: =SUM(E10:E20) | H21: =SUM(H10:H20)
A23: KẾT QUẢ ĐÁNH GIÁ | D23: ĐIỂM THEO NHÓM TIÊU CHÍ
A24: Tổng điểm chính thức | C24: =H21 | D24: Nhóm tiêu chí | E24: Trọng số | F24: Điểm tối đa | G24: Điểm đạt | H24: Tỷ lệ đạt
A25: Điểm tự đánh giá | C25: =IF(COUNT(F10:F20)=0,"",SUMPRODUCT(F10:F20,E10:E20)/5*100) | D25: Chuyên môn - Nghiệp vụ | E25: =SUMIF($J$10:$J$20,"CM",$E$10:$E$20) | F25: =E25*100 | G25: =SUMIF($J$10:$J$20,"CM",$H$10:$H$20) | H25: =IF(F25=0,0,G25/F25)
A26: Tiêu chí đã chấm | C26: =COUNT(G10:G20)&" / 11" | D26: Tuân thủ - Thời hạn | E26: =SUMIF($J$10:$J$20,"TT",$E$10:$E$20) | F26: =E26*100 | G26: =SUMIF($J$10:$J$20,"TT",$H$10:$H$20) | H26: =IF(F26=0,0,G26/F26)
A27: Xếp loại | C27: =IF(COUNT(G10:G20)=0,"Chưa chấm",IF(COUNT(G10:G20)<11,"Chưa chấm đủ",IF(H21>=80,"Xuất sắc",IF(H21>=70,"Đạt","Cần cải thiện")))) | D27: Phối hợp - Thái độ | E27: =SUMIF($J$10:$J$20,"PH",$E$10:$E$20) | F27: =E27*100 | G27: =SUMIF($J$10:$J$20,"PH",$H$10:$H$20) | H27: =IF(F27=0,0,G27/F27)
A28: Kiểm tra trọng số | C28: =IF(ROUND(E21,4)=1,"Hợp lệ – 100%","SAI – tổng trọng số phải = 100%")
A30: NHẬN XÉT & KẾ HOẠCH CẢI THIỆN (Bước 5 – phản hồi kết quả)
A31: Điểm mạnh
A32: Cần cải thiện
A33: Kế hoạch cải thiện
A34: Ý kiến nhân sự
B36: NHÂN SỰ ĐƯỢC ĐÁNH GIÁ | D36: QUẢN LÝ TRỰC TIẾP | G36: NGƯỜI PHÊ DUYỆT
B37: (Ký, ghi rõ họ tên) | D37: (Ký, ghi rõ họ tên) | G37: (Ký, ghi rõ họ tên)

Sheet 04. NV Điều phối vận tải
A1: BẢNG ĐÁNH GIÁ KPI – NHÂN VIÊN ĐIỀU PHỐI VẬN TẢI
A2: Phòng Kho vận – Logistics · Phụ lục 01 kèm Quy chế đánh giá KPI · KK HOME ·
B4: Họ và tên | E4: Loại kỳ đánh giá | G4: Quý | I4: ← chọn Tháng / Quý / Năm
B5: Mã nhân viên | E5: Kỳ đánh giá | I5: VD: Tháng 9/2026, Quý 3/2026, Năm 2026
B6: Người đánh giá | E6: Ngày đánh giá
B7: Bộ phận | C7: Phòng Kho vận – Logistics
A9: STT | B9: Nhóm tiêu chí | C9: Tiêu chí đánh giá | D9: Cách đo / Chứng cứ chấm điểm | E9: Trọng số | F9: Tự đánh giá (1–5) | G9: Quản lý chấm (1–5) | H9: Điểm quy đổi | I9: Ghi chú / Lý do (bắt buộc khi điểm ≤1,5 hoặc 5)
A10: 1 | B10: Chuyên môn - Nghiệp vụ | C10: Giao hàng đúng hạn (OTD) | D10: Tỷ lệ chuyến giao đúng khung giờ cam kết với khách | E10: 0.12 | H10: =IF(ISNUMBER(G10),G10/5*E10*100,0) | J10: CM
A11: 2 | C11: Tối ưu tuyến & tải trọng xe | D11: Hệ số sử dụng tải trọng xe; số km rỗng so với định mức | E11: 0.1 | H11: =IF(ISNUMBER(G11),G11/5*E11*100,0) | J11: CM
A12: 3 | C12: Chi phí vận chuyển | D12: Chi phí vận chuyển / đơn hàng hoặc / tấn so với định mức | E12: 0.1 | H12: =IF(ISNUMBER(G12),G12/5*E12*100,0) | J12: CM
A13: 4 | C13: Quản lý đơn vị vận tải thuê ngoài | D13: Đánh giá NVT định kỳ; tỷ lệ sự cố của NVT | E13: 0.08 | H13: =IF(ISNUMBER(G13),G13/5*E13*100,0) | J13: CM
A14: 5 | B14: Tuân thủ - Thời hạn | C14: Đầy đủ chứng từ giao hàng | D14: Biên bản giao nhận, phiếu xuất có chữ ký khách thu hồi đủ trong 03 ngày | E14: 0.12 | H14: =IF(ISNUMBER(G14),G14/5*E14*100,0) | J14: TT
A15: 6 | C15: Tuân thủ quy định vận tải | D15: Xe đủ giấy tờ, đăng kiểm, bảo hiểm; không chở quá tải | E15: 0.08 | H15: =IF(ISNUMBER(G15),G15/5*E15*100,0) | J15: TT
A16: 7 | C16: Cập nhật lịch trình & trạng thái giao hàng | D16: Trạng thái đơn hàng cập nhật trên hệ thống kịp thời; thông báo khách khi chậm | E16: 0.08 | H16: =IF(ISNUMBER(G16),G16/5*E16*100,0) | J16: TT
A17: 8 | C17: Báo cáo vận tải định kỳ | D17: Báo cáo chuyến, chi phí, sự cố nộp đúng hạn | E17: 0.07 | H17: =IF(ISNUMBER(G17),G17/5*E17*100,0) | J17: TT
A18: 9 | B18: Phối hợp - Thái độ | C18: Phối hợp với Kho, Kinh doanh, CSKH | D18: Phản hồi của các bộ phận về điều phối | E18: 0.1 | H18: =IF(ISNUMBER(G18),G18/5*E18*100,0) | J18: PH
A19: 10 | C19: Xử lý sự cố giao hàng | D19: Thời gian xử lý sự cố (xe hỏng, khách vắng, hàng hỏng) và phương án thay thế | E19: 0.08 | H19: =IF(ISNUMBER(G19),G19/5*E19*100,0) | J19: PH
A20: 11 | C20: Tinh thần trách nhiệm | D20: Theo dõi xe ngoài giờ khi có chuyến; chủ động báo cáo rủi ro | E20: 0.07 | H20: =IF(ISNUMBER(G20),G20/5*E20*100,0) | J20: PH
A21: TỔNG CỘNG | E21: =SUM(E10:E20) | H21: =SUM(H10:H20)
A23: KẾT QUẢ ĐÁNH GIÁ | D23: ĐIỂM THEO NHÓM TIÊU CHÍ
A24: Tổng điểm chính thức | C24: =H21 | D24: Nhóm tiêu chí | E24: Trọng số | F24: Điểm tối đa | G24: Điểm đạt | H24: Tỷ lệ đạt
A25: Điểm tự đánh giá | C25: =IF(COUNT(F10:F20)=0,"",SUMPRODUCT(F10:F20,E10:E20)/5*100) | D25: Chuyên môn - Nghiệp vụ | E25: =SUMIF($J$10:$J$20,"CM",$E$10:$E$20) | F25: =E25*100 | G25: =SUMIF($J$10:$J$20,"CM",$H$10:$H$20) | H25: =IF(F25=0,0,G25/F25)
A26: Tiêu chí đã chấm | C26: =COUNT(G10:G20)&" / 11" | D26: Tuân thủ - Thời hạn | E26: =SUMIF($J$10:$J$20,"TT",$E$10:$E$20) | F26: =E26*100 | G26: =SUMIF($J$10:$J$20,"TT",$H$10:$H$20) | H26: =IF(F26=0,0,G26/F26)
A27: Xếp loại | C27: =IF(COUNT(G10:G20)=0,"Chưa chấm",IF(COUNT(G10:G20)<11,"Chưa chấm đủ",IF(H21>=80,"Xuất sắc",IF(H21>=70,"Đạt","Cần cải thiện")))) | D27: Phối hợp - Thái độ | E27: =SUMIF($J$10:$J$20,"PH",$E$10:$E$20) | F27: =E27*100 | G27: =SUMIF($J$10:$J$20,"PH",$H$10:$H$20) | H27: =IF(F27=0,0,G27/F27)
A28: Kiểm tra trọng số | C28: =IF(ROUND(E21,4)=1,"Hợp lệ – 100%","SAI – tổng trọng số phải = 100%")
A30: NHẬN XÉT & KẾ HOẠCH CẢI THIỆN (Bước 5 – phản hồi kết quả)
A31: Điểm mạnh
A32: Cần cải thiện
A33: Kế hoạch cải thiện
A34: Ý kiến nhân sự
B36: NHÂN SỰ ĐƯỢC ĐÁNH GIÁ | D36: QUẢN LÝ TRỰC TIẾP | G36: NGƯỜI PHÊ DUYỆT
B37: (Ký, ghi rõ họ tên) | D37: (Ký, ghi rõ họ tên) | G37: (Ký, ghi rõ họ tên)

Sheet 05. Lái xe giao hàng
A1: BẢNG ĐÁNH GIÁ KPI – LÁI XE GIAO HÀNG
A2: Phòng Kho vận – Logistics · Phụ lục 01 kèm Quy chế đánh giá KPI · KK HOME ·
B4: Họ và tên | E4: Loại kỳ đánh giá | G4: Quý | I4: ← chọn Tháng / Quý / Năm
B5: Mã nhân viên | E5: Kỳ đánh giá | I5: VD: Tháng 9/2026, Quý 3/2026, Năm 2026
B6: Người đánh giá | E6: Ngày đánh giá
B7: Bộ phận | C7: Phòng Kho vận – Logistics
A9: STT | B9: Nhóm tiêu chí | C9: Tiêu chí đánh giá | D9: Cách đo / Chứng cứ chấm điểm | E9: Trọng số | F9: Tự đánh giá (1–5) | G9: Quản lý chấm (1–5) | H9: Điểm quy đổi | I9: Ghi chú / Lý do (bắt buộc khi điểm ≤1,5 hoặc 5)
A10: 1 | B10: Chuyên môn - Nghiệp vụ | C10: Hoàn thành chuyến được giao | D10: Số chuyến hoàn thành / số chuyến được điều phối | E10: 0.12 | H10: =IF(ISNUMBER(G10),G10/5*E10*100,0) | J10: CM
A11: 2 | C11: Giao hàng đúng giờ | D11: Tỷ lệ giao đúng khung giờ cam kết | E11: 0.1 | H11: =IF(ISNUMBER(G11),G11/5*E11*100,0) | J11: CM
A12: 3 | C12: Giao đủ hàng, nguyên vẹn | D12: Số lần thiếu hàng, hư hỏng hàng trong quá trình vận chuyển | E12: 0.1 | H12: =IF(ISNUMBER(G12),G12/5*E12*100,0) | J12: CM
A13: 4 | C13: Tiết kiệm nhiên liệu | D13: Mức tiêu hao nhiên liệu thực tế so với định mức theo km | E13: 0.08 | H13: =IF(ISNUMBER(G13),G13/5*E13*100,0) | J13: CM
A14: 5 | B14: Tuân thủ - Thời hạn | C14: An toàn giao thông | D14: Số vi phạm giao thông, va chạm, tai nạn; bị phạt nguội | E14: 0.12 | H14: =IF(ISNUMBER(G14),G14/5*E14*100,0) | J14: TT
A15: 6 | C15: Thu hồi chứng từ & tiền hàng (nếu có) | D15: Biên bản giao nhận có chữ ký khách; nộp tiền thu hộ đủ, đúng hạn | E15: 0.08 | H15: =IF(ISNUMBER(G15),G15/5*E15*100,0) | J15: TT
A16: 7 | C16: Bảo dưỡng & giữ gìn xe | D16: Kiểm tra xe trước chuyến; bảo dưỡng đúng lịch; xe sạch sẽ | E16: 0.08 | H16: =IF(ISNUMBER(G16),G16/5*E16*100,0) | J16: TT
A17: 8 | C17: Chấp hành giờ giấc, điều động | D17: Có mặt đúng giờ; không tự ý thay đổi tuyến khi chưa báo điều phối | E17: 0.07 | H17: =IF(ISNUMBER(G17),G17/5*E17*100,0) | J17: TT
A18: 9 | B18: Phối hợp - Thái độ | C18: Thái độ phục vụ khách hàng | D18: Số phản hồi tốt / phàn nàn của khách về thái độ | E18: 0.1 | H18: =IF(ISNUMBER(G18),G18/5*E18*100,0) | J18: PH
A19: 10 | C19: Phối hợp xếp dỡ hàng | D19: Hỗ trợ kho, khách xếp dỡ đúng quy định | E19: 0.08 | H19: =IF(ISNUMBER(G19),G19/5*E19*100,0) | J19: PH
A20: 11 | C20: Trung thực & trách nhiệm | D20: Báo cáo trung thực sự cố, chi phí phát sinh trên đường | E20: 0.07 | H20: =IF(ISNUMBER(G20),G20/5*E20*100,0) | J20: PH
A21: TỔNG CỘNG | E21: =SUM(E10:E20) | H21: =SUM(H10:H20)
A23: KẾT QUẢ ĐÁNH GIÁ | D23: ĐIỂM THEO NHÓM TIÊU CHÍ
A24: Tổng điểm chính thức | C24: =H21 | D24: Nhóm tiêu chí | E24: Trọng số | F24: Điểm tối đa | G24: Điểm đạt | H24: Tỷ lệ đạt
A25: Điểm tự đánh giá | C25: =IF(COUNT(F10:F20)=0,"",SUMPRODUCT(F10:F20,E10:E20)/5*100) | D25: Chuyên môn - Nghiệp vụ | E25: =SUMIF($J$10:$J$20,"CM",$E$10:$E$20) | F25: =E25*100 | G25: =SUMIF($J$10:$J$20,"CM",$H$10:$H$20) | H25: =IF(F25=0,0,G25/F25)
A26: Tiêu chí đã chấm | C26: =COUNT(G10:G20)&" / 11" | D26: Tuân thủ - Thời hạn | E26: =SUMIF($J$10:$J$20,"TT",$E$10:$E$20) | F26: =E26*100 | G26: =SUMIF($J$10:$J$20,"TT",$H$10:$H$20) | H26: =IF(F26=0,0,G26/F26)
A27: Xếp loại | C27: =IF(COUNT(G10:G20)=0,"Chưa chấm",IF(COUNT(G10:G20)<11,"Chưa chấm đủ",IF(H21>=80,"Xuất sắc",IF(H21>=70,"Đạt","Cần cải thiện")))) | D27: Phối hợp - Thái độ | E27: =SUMIF($J$10:$J$20,"PH",$E$10:$E$20) | F27: =E27*100 | G27: =SUMIF($J$10:$J$20,"PH",$H$10:$H$20) | H27: =IF(F27=0,0,G27/F27)
A28: Kiểm tra trọng số | C28: =IF(ROUND(E21,4)=1,"Hợp lệ – 100%","SAI – tổng trọng số phải = 100%")
A30: NHẬN XÉT & KẾ HOẠCH CẢI THIỆN (Bước 5 – phản hồi kết quả)
A31: Điểm mạnh
A32: Cần cải thiện
A33: Kế hoạch cải thiện
A34: Ý kiến nhân sự
B36: NHÂN SỰ ĐƯỢC ĐÁNH GIÁ | D36: QUẢN LÝ TRỰC TIẾP | G36: NGƯỜI PHÊ DUYỆT
B37: (Ký, ghi rõ họ tên) | D37: (Ký, ghi rõ họ tên) | G37: (Ký, ghi rõ họ tên)

Sheet 06. NV Giao nhận
A1: BẢNG ĐÁNH GIÁ KPI – NHÂN VIÊN GIAO NHẬN
A2: Phòng Kho vận – Logistics · Phụ lục 01 kèm Quy chế đánh giá KPI · KK HOME ·
B4: Họ và tên | E4: Loại kỳ đánh giá | G4: Quý | I4: ← chọn Tháng / Quý / Năm
B5: Mã nhân viên | E5: Kỳ đánh giá | I5: VD: Tháng 9/2026, Quý 3/2026, Năm 2026
B6: Người đánh giá | E6: Ngày đánh giá
B7: Bộ phận | C7: Phòng Kho vận – Logistics
A9: STT | B9: Nhóm tiêu chí | C9: Tiêu chí đánh giá | D9: Cách đo / Chứng cứ chấm điểm | E9: Trọng số | F9: Tự đánh giá (1–5) | G9: Quản lý chấm (1–5) | H9: Điểm quy đổi | I9: Ghi chú / Lý do (bắt buộc khi điểm ≤1,5 hoặc 5)
A10: 1 | B10: Chuyên môn - Nghiệp vụ | C10: Hoàn thành đơn giao nhận | D10: Số đơn giao, nhận hoàn thành / số đơn được phân công | E10: 0.12 | H10: =IF(ISNUMBER(G10),G10/5*E10*100,0) | J10: CM
A11: 2 | C11: Giao đúng hạn | D11: Tỷ lệ đơn giao đúng thời gian cam kết | E11: 0.1 | H11: =IF(ISNUMBER(G11),G11/5*E11*100,0) | J11: CM
A12: 3 | C12: Chính xác hàng & chứng từ | D12: Số lần giao nhầm hàng, nhầm địa chỉ, thiếu chứng từ | E12: 0.1 | H12: =IF(ISNUMBER(G12),G12/5*E12*100,0) | J12: CM
A13: 4 | C13: Thu hộ tiền hàng | D13: Nộp đủ tiền thu hộ trong ngày; chênh lệch = 0 | E13: 0.08 | H13: =IF(ISNUMBER(G13),G13/5*E13*100,0) | J13: CM
A14: 5 | B14: Tuân thủ - Thời hạn | C14: Bảo quản hàng khi vận chuyển | D14: Số đơn hư hỏng, thất lạc do lỗi giao nhận | E14: 0.12 | H14: =IF(ISNUMBER(G14),G14/5*E14*100,0) | J14: TT
A15: 6 | C15: Tuân thủ quy trình giao nhận | D15: Đối chiếu hàng, ký nhận đúng quy trình; chụp ảnh xác nhận khi cần | E15: 0.08 | H15: =IF(ISNUMBER(G15),G15/5*E15*100,0) | J15: TT
A16: 7 | C16: Thu hồi chứng từ đúng hạn | D16: Biên bản, phiếu giao có chữ ký nộp lại trong ngày | E16: 0.08 | H16: =IF(ISNUMBER(G16),G16/5*E16*100,0) | J16: TT
A17: 8 | C17: An toàn giao thông | D17: Không vi phạm giao thông, không sự cố khi giao hàng | E17: 0.07 | H17: =IF(ISNUMBER(G17),G17/5*E17*100,0) | J17: TT
A18: 9 | B18: Phối hợp - Thái độ | C18: Thái độ phục vụ khách hàng | D18: Phản hồi của khách về thái độ, giao tiếp | E18: 0.1 | H18: =IF(ISNUMBER(G18),G18/5*E18*100,0) | J18: PH
A19: 10 | C19: Phối hợp với Kho & Điều phối | D19: Báo trạng thái đơn kịp thời; hỗ trợ đơn gấp | E19: 0.08 | H19: =IF(ISNUMBER(G19),G19/5*E19*100,0) | J19: PH
A20: 11 | C20: Trung thực & trách nhiệm | D20: Không vi phạm về tiền thu hộ; báo cáo sự cố trung thực | E20: 0.07 | H20: =IF(ISNUMBER(G20),G20/5*E20*100,0) | J20: PH
A21: TỔNG CỘNG | E21: =SUM(E10:E20) | H21: =SUM(H10:H20)
A23: KẾT QUẢ ĐÁNH GIÁ | D23: ĐIỂM THEO NHÓM TIÊU CHÍ
A24: Tổng điểm chính thức | C24: =H21 | D24: Nhóm tiêu chí | E24: Trọng số | F24: Điểm tối đa | G24: Điểm đạt | H24: Tỷ lệ đạt
A25: Điểm tự đánh giá | C25: =IF(COUNT(F10:F20)=0,"",SUMPRODUCT(F10:F20,E10:E20)/5*100) | D25: Chuyên môn - Nghiệp vụ | E25: =SUMIF($J$10:$J$20,"CM",$E$10:$E$20) | F25: =E25*100 | G25: =SUMIF($J$10:$J$20,"CM",$H$10:$H$20) | H25: =IF(F25=0,0,G25/F25)
A26: Tiêu chí đã chấm | C26: =COUNT(G10:G20)&" / 11" | D26: Tuân thủ - Thời hạn | E26: =SUMIF($J$10:$J$20,"TT",$E$10:$E$20) | F26: =E26*100 | G26: =SUMIF($J$10:$J$20,"TT",$H$10:$H$20) | H26: =IF(F26=0,0,G26/F26)
A27: Xếp loại | C27: =IF(COUNT(G10:G20)=0,"Chưa chấm",IF(COUNT(G10:G20)<11,"Chưa chấm đủ",IF(H21>=80,"Xuất sắc",IF(H21>=70,"Đạt","Cần cải thiện")))) | D27: Phối hợp - Thái độ | E27: =SUMIF($J$10:$J$20,"PH",$E$10:$E$20) | F27: =E27*100 | G27: =SUMIF($J$10:$J$20,"PH",$H$10:$H$20) | H27: =IF(F27=0,0,G27/F27)
A28: Kiểm tra trọng số | C28: =IF(ROUND(E21,4)=1,"Hợp lệ – 100%","SAI – tổng trọng số phải = 100%")
A30: NHẬN XÉT & KẾ HOẠCH CẢI THIỆN (Bước 5 – phản hồi kết quả)
A31: Điểm mạnh
A32: Cần cải thiện
A33: Kế hoạch cải thiện
A34: Ý kiến nhân sự
B36: NHÂN SỰ ĐƯỢC ĐÁNH GIÁ | D36: QUẢN LÝ TRỰC TIẾP | G36: NGƯỜI PHÊ DUYỆT
B37: (Ký, ghi rõ họ tên) | D37: (Ký, ghi rõ họ tên) | G37: (Ký, ghi rõ họ tên)

Sheet 07. NV Dữ liệu kho-WMS
A1: BẢNG ĐÁNH GIÁ KPI – NHÂN VIÊN KIỂM KÊ & DỮ LIỆU KHO (WMS)
A2: Phòng Kho vận – Logistics · Phụ lục 01 kèm Quy chế đánh giá KPI · KK HOME ·
B4: Họ và tên | E4: Loại kỳ đánh giá | G4: Quý | I4: ← chọn Tháng / Quý / Năm
B5: Mã nhân viên | E5: Kỳ đánh giá | I5: VD: Tháng 9/2026, Quý 3/2026, Năm 2026
B6: Người đánh giá | E6: Ngày đánh giá
B7: Bộ phận | C7: Phòng Kho vận – Logistics
A9: STT | B9: Nhóm tiêu chí | C9: Tiêu chí đánh giá | D9: Cách đo / Chứng cứ chấm điểm | E9: Trọng số | F9: Tự đánh giá (1–5) | G9: Quản lý chấm (1–5) | H9: Điểm quy đổi | I9: Ghi chú / Lý do (bắt buộc khi điểm ≤1,5 hoặc 5)
A10: 1 | B10: Chuyên môn - Nghiệp vụ | C10: Chính xác dữ liệu tồn kho trên hệ thống | D10: Tỷ lệ mã hàng có số liệu hệ thống khớp thực tế khi kiểm tra đột xuất | E10: 0.12 | H10: =IF(ISNUMBER(G10),G10/5*E10*100,0) | J10: CM
A11: 2 | C11: Kiểm kê xoay vòng (cycle count) | D11: Số mã hàng được kiểm kê xoay vòng / kế hoạch | E11: 0.1 | H11: =IF(ISNUMBER(G11),G11/5*E11*100,0) | J11: CM
A12: 3 | C12: Phân tích chênh lệch kiểm kê | D12: 100% chênh lệch được truy nguyên nhân, đề xuất xử lý | E12: 0.1 | H12: =IF(ISNUMBER(G12),G12/5*E12*100,0) | J12: CM
A13: 4 | C13: Quản lý mã hàng, vị trí, mã vạch | D13: Danh mục mã hàng, vị trí kho, mã vạch chuẩn hóa, không trùng lặp | E13: 0.08 | H13: =IF(ISNUMBER(G13),G13/5*E13*100,0) | J13: CM
A14: 5 | B14: Tuân thủ - Thời hạn | C14: Cập nhật dữ liệu đúng hạn | D14: Chứng từ nhập – xuất được cập nhật trong ngày | E14: 0.12 | H14: =IF(ISNUMBER(G14),G14/5*E14*100,0) | J14: TT
A15: 6 | C15: Tuân thủ phân quyền & bảo mật dữ liệu kho | D15: Không chỉnh sửa số liệu sai thẩm quyền; lưu vết điều chỉnh | E15: 0.08 | H15: =IF(ISNUMBER(G15),G15/5*E15*100,0) | J15: TT
A16: 7 | C16: Báo cáo tồn kho định kỳ | D16: Báo cáo tồn, nhập – xuất – tồn, hàng chậm luân chuyển nộp đúng hạn | E16: 0.08 | H16: =IF(ISNUMBER(G16),G16/5*E16*100,0) | J16: TT
A17: 8 | C17: Đối chiếu với Kế toán kho | D17: Số liệu tồn kho đối chiếu với Kế toán khớp cuối kỳ | E17: 0.07 | H17: =IF(ISNUMBER(G17),G17/5*E17*100,0) | J17: TT
A18: 9 | B18: Phối hợp - Thái độ | C18: Phối hợp với Thủ kho, Mua hàng, Kinh doanh | D18: Cung cấp số liệu tồn kho kịp thời, chính xác | E18: 0.1 | H18: =IF(ISNUMBER(G18),G18/5*E18*100,0) | J18: PH
A19: 10 | C19: Đề xuất cải tiến hệ thống | D19: Số đề xuất cải tiến báo cáo, quy trình WMS được áp dụng | E19: 0.08 | H19: =IF(ISNUMBER(G19),G19/5*E19*100,0) | J19: PH
A20: 11 | C20: Tinh thần trách nhiệm | D20: Chủ động phát hiện, cảnh báo sai lệch số liệu | E20: 0.07 | H20: =IF(ISNUMBER(G20),G20/5*E20*100,0) | J20: PH
A21: TỔNG CỘNG | E21: =SUM(E10:E20) | H21: =SUM(H10:H20)
A23: KẾT QUẢ ĐÁNH GIÁ | D23: ĐIỂM THEO NHÓM TIÊU CHÍ
A24: Tổng điểm chính thức | C24: =H21 | D24: Nhóm tiêu chí | E24: Trọng số | F24: Điểm tối đa | G24: Điểm đạt | H24: Tỷ lệ đạt
A25: Điểm tự đánh giá | C25: =IF(COUNT(F10:F20)=0,"",SUMPRODUCT(F10:F20,E10:E20)/5*100) | D25: Chuyên môn - Nghiệp vụ | E25: =SUMIF($J$10:$J$20,"CM",$E$10:$E$20) | F25: =E25*100 | G25: =SUMIF($J$10:$J$20,"CM",$H$10:$H$20) | H25: =IF(F25=0,0,G25/F25)
A26: Tiêu chí đã chấm | C26: =COUNT(G10:G20)&" / 11" | D26: Tuân thủ - Thời hạn | E26: =SUMIF($J$10:$J$20,"TT",$E$10:$E$20) | F26: =E26*100 | G26: =SUMIF($J$10:$J$20,"TT",$H$10:$H$20) | H26: =IF(F26=0,0,G26/F26)
A27: Xếp loại | C27: =IF(COUNT(G10:G20)=0,"Chưa chấm",IF(COUNT(G10:G20)<11,"Chưa chấm đủ",IF(H21>=80,"Xuất sắc",IF(H21>=70,"Đạt","Cần cải thiện")))) | D27: Phối hợp - Thái độ | E27: =SUMIF($J$10:$J$20,"PH",$E$10:$E$20) | F27: =E27*100 | G27: =SUMIF($J$10:$J$20,"PH",$H$10:$H$20) | H27: =IF(F27=0,0,G27/F27)
A28: Kiểm tra trọng số | C28: =IF(ROUND(E21,4)=1,"Hợp lệ – 100%","SAI – tổng trọng số phải = 100%")
A30: NHẬN XÉT & KẾ HOẠCH CẢI THIỆN (Bước 5 – phản hồi kết quả)
A31: Điểm mạnh
A32: Cần cải thiện
A33: Kế hoạch cải thiện
A34: Ý kiến nhân sự
B36: NHÂN SỰ ĐƯỢC ĐÁNH GIÁ | D36: QUẢN LÝ TRỰC TIẾP | G36: NGƯỜI PHÊ DUYỆT
B37: (Ký, ghi rõ họ tên) | D37: (Ký, ghi rõ họ tên) | G37: (Ký, ghi rõ họ tên)
