Workbook

Sheet Hướng dẫn
A1: KPI MUA HÀNG – 06 VỊ TRÍ
A2: Phụ lục 01 kèm Quy chế đánh giá KPI · KK HOME ·
B4: CÁCH DÙNG – 6 BƯỚC
B5: Bước 1 | C5: Chọn sheet đúng vị trí của nhân sự (bấm tên vị trí ở danh mục bên dưới để nhảy tới sheet).
B6: Bước 2 | C6: Nhập thông tin đầu sheet: Họ tên, Mã NV, Người đánh giá, Loại kỳ (Tháng/Quý/Năm), Kỳ đánh giá, Ngày đánh giá.
B7: Bước 3 | C7: Nhân sự tự chấm điểm cột F "Tự đánh giá" (1–5, được chấm lẻ 3.5).
B8: Bước 4 | C8: Quản lý trực tiếp chấm điểm chính thức cột G "Quản lý chấm". Chỉ điểm cột G được dùng để tính điểm quy đổi và xếp loại.
B9: Bước 5 | C9: Ghi chú lý do ở cột I khi điểm ≤ 1,5 hoặc = 5. Ô ghi chú tự tô cam nếu thiếu lý do (Điều 12 – Ngoại lệ).
B10: Bước 6 | C10: Xem kết quả ở cuối sheet vị trí, sheet "Tổng hợp" (toàn phòng) và "So sánh" (biểu đồ). In, ký và trình phê duyệt.
B12: QUY ƯỚC Ô
B13: Ô nền vàng, chữ xanh | C13: Ô nhập liệu. Chỉ nhập vào các ô này.
B14: Trọng số chữ xanh (cột E) | C14: Được sửa khi có quyết định điều chỉnh (Điều 17). Tổng trọng số mỗi vị trí phải = 100% – ô "Kiểm tra trọng số" báo đỏ nếu sai.
B15: Ô nền xám | C15: Công thức tự tính. Không sửa.
B17: CÔNG THỨC & XẾP LOẠI (Điều 7, Điều 13 Quy chế)
B18: Điểm quy đổi | C18: Điểm quản lý chấm ÷ 5 × Trọng số × 100
B19: Tổng điểm | C19: Cộng điểm quy đổi các tiêu chí (tối đa 100 điểm)
B20: Xếp loại | C20: ≥ 80 điểm: Xuất sắc · 70 đến dưới 80: Đạt · Dưới 70: Cần cải thiện. Chưa chấm đủ tiêu chí → hiển thị "Chưa chấm đủ".
B21: Ví dụ | C21: Tiêu chí "Tìm nguồn hàng mới" trọng số 12%, quản lý chấm 4 → 4 ÷ 5 × 12 = 9,6 điểm. Chấm 3.5 → 8,4 điểm.
B22: Cơ cấu nhóm | C22: Chuyên môn - Nghiệp vụ 40% · Tuân thủ - Thời hạn 35% · Phối hợp - Thái độ 25% (áp dụng cho mọi vị trí trong file).
B24: DANH MỤC 06 VỊ TRÍ
B25: 01 | C25: Trưởng phòng Mua hàng (10 tiêu chí)
B26: 02 | C26: Chuyên viên Tìm nguồn & Phát triển nhà cung cấp (11 tiêu chí)
B27: 03 | C27: Nhân viên Mua hàng (Buyer) (11 tiêu chí)
B28: 04 | C28: Nhân viên Theo dõi đơn hàng (Expeditor) (11 tiêu chí)
B29: 05 | C29: Chuyên viên Kiểm soát giá & Hợp đồng mua (11 tiêu chí)
B30: 06 | C30: Nhân viên Hành chính – Dữ liệu mua hàng (11 tiêu chí)
B32: Lưu ý | C32: Tiêu chí và cách đo là bộ mẫu. Đơn vị điều chỉnh chỉ tiêu định lượng (%, số ngày, số lỗi) theo mục tiêu đã duyệt của từng kỳ trước khi phổ biến cho nhân sự (Điều 4 – Công khai). Bộ file thuộc Hệ thống W1 – KPI Doanh nghiệp của KK HOME.

Sheet Tổng hợp
A1: TỔNG HỢP KẾT QUẢ KPI – PHÒNG MUA HÀNG
A2: Phụ lục 01 · Tự cập nhật từ các sheet vị trí (Bước 4 – Điều 10) · KK HOME ·
A4: STT | B4: Vị trí | C4: Họ và tên | D4: Kỳ đánh giá | E4: Điểm tự ĐG | F4: Điểm chính thức | G4: Chênh lệch (CT − Tự ĐG) | H4: Xếp loại | I4: Chuyên môn (% đạt) | J4: Tuân thủ (% đạt) | K4: Phối hợp (% đạt) | L4: Tiến độ chấm
A5: 1 | B5: Trưởng phòng Mua hàng | C5: =IF('01. Trưởng phòng Mua hàng'!C4="","",'01. Trưởng phòng Mua hàng'!C4) | D5: =IF('01. Trưởng phòng Mua hàng'!G5="",'01. Trưởng phòng Mua hàng'!G4,'01. Trưởng phòng Mua hàng'!G5) | E5: ='01. Trưởng phòng Mua hàng'!C24 | F5: ='01. Trưởng phòng Mua hàng'!C23 | G5: =IF(E5="","",F5-E5) | H5: ='01. Trưởng phòng Mua hàng'!C26 | I5: ='01. Trưởng phòng Mua hàng'!H24 | J5: ='01. Trưởng phòng Mua hàng'!H25 | K5: ='01. Trưởng phòng Mua hàng'!H26 | L5: ='01. Trưởng phòng Mua hàng'!C25
A6: 2 | B6: Chuyên viên Tìm nguồn & Phát triển nhà cung cấp | C6: =IF('02. CV Sourcing'!C4="","",'02. CV Sourcing'!C4) | D6: =IF('02. CV Sourcing'!G5="",'02. CV Sourcing'!G4,'02. CV Sourcing'!G5) | E6: ='02. CV Sourcing'!C25 | F6: ='02. CV Sourcing'!C24 | G6: =IF(E6="","",F6-E6) | H6: ='02. CV Sourcing'!C27 | I6: ='02. CV Sourcing'!H25 | J6: ='02. CV Sourcing'!H26 | K6: ='02. CV Sourcing'!H27 | L6: ='02. CV Sourcing'!C26
A7: 3 | B7: Nhân viên Mua hàng (Buyer) | C7: =IF('03. NV Mua hàng'!C4="","",'03. NV Mua hàng'!C4) | D7: =IF('03. NV Mua hàng'!G5="",'03. NV Mua hàng'!G4,'03. NV Mua hàng'!G5) | E7: ='03. NV Mua hàng'!C25 | F7: ='03. NV Mua hàng'!C24 | G7: =IF(E7="","",F7-E7) | H7: ='03. NV Mua hàng'!C27 | I7: ='03. NV Mua hàng'!H25 | J7: ='03. NV Mua hàng'!H26 | K7: ='03. NV Mua hàng'!H27 | L7: ='03. NV Mua hàng'!C26
A8: 4 | B8: Nhân viên Theo dõi đơn hàng (Expeditor) | C8: =IF('04. NV Theo dõi đơn hàng'!C4="","",'04. NV Theo dõi đơn hàng'!C4) | D8: =IF('04. NV Theo dõi đơn hàng'!G5="",'04. NV Theo dõi đơn hàng'!G4,'04. NV Theo dõi đơn hàng'!G5) | E8: ='04. NV Theo dõi đơn hàng'!C25 | F8: ='04. NV Theo dõi đơn hàng'!C24 | G8: =IF(E8="","",F8-E8) | H8: ='04. NV Theo dõi đơn hàng'!C27 | I8: ='04. NV Theo dõi đơn hàng'!H25 | J8: ='04. NV Theo dõi đơn hàng'!H26 | K8: ='04. NV Theo dõi đơn hàng'!H27 | L8: ='04. NV Theo dõi đơn hàng'!C26
A9: 5 | B9: Chuyên viên Kiểm soát giá & Hợp đồng mua | C9: =IF('05. CV Kiểm soát giá-HĐ'!C4="","",'05. CV Kiểm soát giá-HĐ'!C4) | D9: =IF('05. CV Kiểm soát giá-HĐ'!G5="",'05. CV Kiểm soát giá-HĐ'!G4,'05. CV Kiểm soát giá-HĐ'!G5) | E9: ='05. CV Kiểm soát giá-HĐ'!C25 | F9: ='05. CV Kiểm soát giá-HĐ'!C24 | G9: =IF(E9="","",F9-E9) | H9: ='05. CV Kiểm soát giá-HĐ'!C27 | I9: ='05. CV Kiểm soát giá-HĐ'!H25 | J9: ='05. CV Kiểm soát giá-HĐ'!H26 | K9: ='05. CV Kiểm soát giá-HĐ'!H27 | L9: ='05. CV Kiểm soát giá-HĐ'!C26
A10: 6 | B10: Nhân viên Hành chính – Dữ liệu mua hàng | C10: =IF('06. NV Hành chính mua hàng'!C4="","",'06. NV Hành chính mua hàng'!C4) | D10: =IF('06. NV Hành chính mua hàng'!G5="",'06. NV Hành chính mua hàng'!G4,'06. NV Hành chính mua hàng'!G5) | E10: ='06. NV Hành chính mua hàng'!C25 | F10: ='06. NV Hành chính mua hàng'!C24 | G10: =IF(E10="","",F10-E10) | H10: ='06. NV Hành chính mua hàng'!C27 | I10: ='06. NV Hành chính mua hàng'!H25 | J10: ='06. NV Hành chính mua hàng'!H26 | K10: ='06. NV Hành chính mua hàng'!H27 | L10: ='06. NV Hành chính mua hàng'!C26
B12: THỐNG KÊ TOÀN PHÒNG
B13: Số vị trí xếp loại Xuất sắc | C13: =COUNTIF(H5:H10,"Xuất sắc")
B14: Số vị trí xếp loại Đạt | C14: =COUNTIF(H5:H10,"Đạt")
B15: Số vị trí xếp loại Cần cải thiện | C15: =COUNTIF(H5:H10,"Cần cải thiện")
B16: Số vị trí chưa chấm / chưa chấm đủ | C16: =COUNTIF(H5:H10,"Chưa chấm")+COUNTIF(H5:H10,"Chưa chấm đủ")
B17: Điểm bình quân phòng (vị trí đã chấm đủ) | C17: =IFERROR(AVERAGEIFS(F5:F10,H5:H10,"<>Chưa chấm",H5:H10,"<>Chưa chấm đủ"),"")
B19: Chênh lệch tô đỏ khi điểm chính thức lệch điểm tự đánh giá từ 10 điểm trở lên – nên trao đổi kỹ ở Bước 5. Nhân sự "Cần cải thiện" từ 02 kỳ liên tiếp trở lên thuộc diện đào tạo, kèm cặp (Điều 14).

Sheet So sánh
A1: SO SÁNH KẾT QUẢ GIỮA CÁC VỊ TRÍ
A2: Phụ lục 01 · Dữ liệu lấy từ sheet Tổng hợp · KK HOME ·
A4: STT | B4: Vị trí | C4: Điểm tự ĐG | D4: Điểm chính thức | E4: Chuyên môn | F4: Tuân thủ | G4: Phối hợp
A5: 1 | B5: ='Tổng hợp'!B5 | C5: =IF('Tổng hợp'!E5="",0,'Tổng hợp'!E5) | D5: ='Tổng hợp'!F5 | E5: ='Tổng hợp'!I5 | F5: ='Tổng hợp'!J5 | G5: ='Tổng hợp'!K5
A6: 2 | B6: ='Tổng hợp'!B6 | C6: =IF('Tổng hợp'!E6="",0,'Tổng hợp'!E6) | D6: ='Tổng hợp'!F6 | E6: ='Tổng hợp'!I6 | F6: ='Tổng hợp'!J6 | G6: ='Tổng hợp'!K6
A7: 3 | B7: ='Tổng hợp'!B7 | C7: =IF('Tổng hợp'!E7="",0,'Tổng hợp'!E7) | D7: ='Tổng hợp'!F7 | E7: ='Tổng hợp'!I7 | F7: ='Tổng hợp'!J7 | G7: ='Tổng hợp'!K7
A8: 4 | B8: ='Tổng hợp'!B8 | C8: =IF('Tổng hợp'!E8="",0,'Tổng hợp'!E8) | D8: ='Tổng hợp'!F8 | E8: ='Tổng hợp'!I8 | F8: ='Tổng hợp'!J8 | G8: ='Tổng hợp'!K8
A9: 5 | B9: ='Tổng hợp'!B9 | C9: =IF('Tổng hợp'!E9="",0,'Tổng hợp'!E9) | D9: ='Tổng hợp'!F9 | E9: ='Tổng hợp'!I9 | F9: ='Tổng hợp'!J9 | G9: ='Tổng hợp'!K9
A10: 6 | B10: ='Tổng hợp'!B10 | C10: =IF('Tổng hợp'!E10="",0,'Tổng hợp'!E10) | D10: ='Tổng hợp'!F10 | E10: ='Tổng hợp'!I10 | F10: ='Tổng hợp'!J10 | G10: ='Tổng hợp'!K10
A12: Biểu đồ tự cập nhật khi chấm điểm ở các sheet vị trí. Vị trí chưa chấm hiển thị 0.

Sheet Nguyên tắc chấm
A1: NGUYÊN TẮC CHẤM ĐIỂM KPI
A2: Phụ lục 01 · Căn cứ Điều 4, 6, 7, 10, 12, 13 Quy chế · KK HOME ·
B4: 1. THANG ĐIỂM 1–5 (Điều 6)
B5: Điểm | C5: Xếp hạng | D5: Diễn giải
B6: 5 | C6: Tuyệt vời | D6: Hoàn thành xuất sắc, vượt mong đợi, tự giác và chủ động
B7: 4 | C7: Tốt | D7: Hoàn thành tốt, đạt hoặc vượt mục tiêu đề ra
B8: 3 | C8: Bình thường | D8: Đáp ứng đủ yêu cầu cơ bản
B9: 2 | C9: Chưa đạt | D9: Chưa hoàn thành tốt, có lỗi nhỏ, cần cải thiện
B10: 1 | C10: Kém | D10: Chưa hoàn thành, cần hỗ trợ nhiều, sai sót lớn
B11: Kết quả dao động giữa hai mức liền kề: được chấm điểm trung bình (VD: 3.5).
B13: 2. CÔNG THỨC & XẾP LOẠI (Điều 7, Điều 13)
B14: Điểm quy đổi tiêu chí | C14: Điểm chấm ÷ 5 × Trọng số × 100
B15: Tổng điểm vị trí | C15: Cộng điểm quy đổi các tiêu chí (tối đa 100)
B16: Xuất sắc | C16: Tổng điểm ≥ 80
B17: Đạt | C17: Từ 70 đến dưới 80
B18: Cần cải thiện | C18: Dưới 70
B20: 3. GỢI Ý QUY ĐỔI CHỨNG CỨ RA ĐIỂM (mẫu – điều chỉnh theo mục tiêu đã duyệt từng kỳ)
B21: Loại chỉ số | C21: Điểm 5 | D21: Điểm 4 | E21: Điểm 3 | F21: Điểm 2 | G21: Điểm 1
B22: Tỷ lệ đơn hàng giao đúng hạn (OTD) | C22: ≥ 98% | D22: 95% – dưới 98% | E22: 90% – dưới 95% | F22: 80% – dưới 90% | G22: Dưới 80%
B23: Tiết kiệm chi phí mua so với giá mục tiêu | C23: Tiết kiệm ≥ 5% | D23: Tiết kiệm 2% – dưới 5% | E23: Bằng giá mục tiêu (±2%) | F23: Cao hơn 2% – 5% | G23: Cao hơn > 5%
B24: Tỷ lệ hàng lỗi, trả lại nhà cung cấp | C24: 0%, NCC tự cải tiến | D24: ≤ 0,5% | E24: 0,5% – 1% | F24: 1% – 3% | G24: > 3% hoặc lỗi gây dừng sản xuất
B25: Thời gian xử lý đề nghị mua (PR → PO) | C25: Nhanh hơn định mức ≥ 20% | D25: Đúng định mức | E25: Chậm ≤ 1 ngày, không ảnh hưởng | F25: Chậm 2–3 ngày | G25: Chậm > 3 ngày hoặc gây thiếu hàng
B26: Tuân thủ quy trình mua (báo giá, phê duyệt, hợp đồng) | C26: 100% đúng, chủ động phát hiện rủi ro | D26: 100% đúng quy trình | E26: 1–2 thiếu sót nhỏ, bổ sung kịp | F26: ≥ 3 thiếu sót hoặc mua trước duyệt sau | G26: Mua sai thẩm quyền, xung đột lợi ích
B27: Hồ sơ, chứng từ mua hàng | C27: Đầy đủ, nộp sớm cho Kế toán | D27: Đầy đủ, đúng hạn | E27: Thiếu nhỏ, bổ sung trong kỳ | F27: Thiếu lặp lại, chậm thanh toán | G27: Mất chứng từ, hóa đơn không hợp lệ
B29: 4. NGUYÊN TẮC ĐÁNH GIÁ (Điều 4, Điều 12)
B30: Khách quan | C30: Chấm theo kết quả thực tế, không theo thiện cảm cá nhân.
B31: Công bằng | C31: Cùng vị trí dùng chung bộ tiêu chí, trọng số, thang điểm.
B32: Công khai | C32: Tiêu chí, trọng số, chỉ tiêu định lượng phổ biến cho nhân sự trước kỳ đánh giá.
B33: Định kỳ | C33: Loại kỳ (Tháng/Quý/Năm) áp dụng thống nhất cho toàn phòng trong cùng chu kỳ.
B34: Có phản hồi | C34: Trao đổi kết quả trực tiếp, thống nhất kế hoạch cải thiện.
B35: Có chứng cứ | C35: Số liệu, thời hạn, biên bản, báo cáo. Điểm ≤ 1,5 hoặc = 5 phải ghi lý do ở cột Ghi chú.
B37: 5. QUY TRÌNH 6 BƯỚC (Điều 10)
B38: Bước 1 – Chuẩn bị | C38: Xác định kỳ, thông báo lịch, phổ biến tiêu chí.
B39: Bước 2 – Tự đánh giá | C39: Nhân sự chấm cột F.
B40: Bước 3 – Quản lý chấm | C40: Quản lý trực tiếp chấm chính thức cột G, dựa trên chứng cứ.
B41: Bước 4 – Tổng hợp | C41: File tự tính điểm quy đổi, xếp loại; sheet Tổng hợp tự cập nhật.
B42: Bước 5 – Phản hồi | C42: Trao đổi kết quả, ghi nhận xét và kế hoạch cải thiện cuối sheet vị trí.
B43: Bước 6 – Phê duyệt, lưu trữ | C43: Trình người có thẩm quyền ký duyệt; lưu hồ sơ làm căn cứ lương, thưởng, quy hoạch.

Sheet 01. Trưởng phòng Mua hàng
A1: BẢNG ĐÁNH GIÁ KPI – TRƯỞNG PHÒNG MUA HÀNG
A2: Phòng Mua hàng · Phụ lục 01 kèm Quy chế đánh giá KPI · KK HOME ·
B4: Họ và tên | E4: Loại kỳ đánh giá | G4: Quý | I4: ← chọn Tháng / Quý / Năm
B5: Mã nhân viên | E5: Kỳ đánh giá | I5: VD: Tháng 9/2026, Quý 3/2026, Năm 2026
B6: Người đánh giá | E6: Ngày đánh giá
B7: Bộ phận | C7: Phòng Mua hàng
A9: STT | B9: Nhóm tiêu chí | C9: Tiêu chí đánh giá | D9: Cách đo / Chứng cứ chấm điểm | E9: Trọng số | F9: Tự đánh giá (1–5) | G9: Quản lý chấm (1–5) | H9: Điểm quy đổi | I9: Ghi chú / Lý do (bắt buộc khi điểm ≤1,5 hoặc 5)
A10: 1 | B10: Chuyên môn - Nghiệp vụ | C10: Đảm bảo nguồn cung đủ & đúng hạn | D10: Tỷ lệ đơn hàng giao đúng hạn (OTD) ≥ 95%; số lần thiếu hàng gây dừng sản xuất/kinh doanh = 0 | E10: 0.1 | H10: =IF(ISNUMBER(G10),G10/5*E10*100,0) | J10: CM
A11: 2 | C11: Tiết kiệm chi phí mua hàng | D11: Giá trị tiết kiệm so với giá mục tiêu, giá kỳ trước; tổng chi mua so với ngân sách | E11: 0.1 | H11: =IF(ISNUMBER(G11),G11/5*E11*100,0) | J11: CM
A12: 3 | C12: Chất lượng nguồn cung | D12: Tỷ lệ hàng lỗi, trả lại; số NCC đạt chuẩn đánh giá định kỳ | E12: 0.1 | H12: =IF(ISNUMBER(G12),G12/5*E12*100,0) | J12: CM
A13: 4 | C13: Chiến lược nguồn cung & quản lý NCC | D13: Danh sách NCC được duyệt cập nhật; mỗi mặt hàng chủ lực có ≥ 2 nguồn thay thế | E13: 0.1 | H13: =IF(ISNUMBER(G13),G13/5*E13*100,0) | J13: CM
A14: 5 | B14: Tuân thủ - Thời hạn | C14: Tuân thủ quy trình mua & phân cấp phê duyệt | D14: Không mua sai thẩm quyền; 100% đơn hàng có báo giá so sánh theo quy định | E14: 0.15 | H14: =IF(ISNUMBER(G14),G14/5*E14*100,0) | J14: TT
A15: 6 | C15: Kiểm soát hợp đồng & rủi ro nhà cung cấp | D15: Hợp đồng mua rà soát điều khoản trước ký; không phát sinh tranh chấp do sai sót hợp đồng | E15: 0.1 | H15: =IF(ISNUMBER(G15),G15/5*E15*100,0) | J15: TT
A16: 7 | C16: Báo cáo mua hàng định kỳ | D16: Báo cáo chi mua, giá, công nợ NCC gửi Ban lãnh đạo đúng hạn | E16: 0.1 | H16: =IF(ISNUMBER(G16),G16/5*E16*100,0) | J16: TT
A17: 8 | B17: Phối hợp - Thái độ | C17: Lãnh đạo & phát triển đội ngũ | D17: Điểm KPI bình quân của phòng; số nhân viên được đào tạo nghiệp vụ, đàm phán | E17: 0.1 | H17: =IF(ISNUMBER(G17),G17/5*E17*100,0) | J17: PH
A18: 9 | C18: Phối hợp với Sản xuất, Kho & Kế toán | D18: Phản hồi các phòng ban về đáp ứng nhu cầu; đối chiếu công nợ NCC khớp | E18: 0.08 | H18: =IF(ISNUMBER(G18),G18/5*E18*100,0) | J18: PH
A19: 10 | C19: Liêm chính & cải tiến | D19: Không vi phạm quy tắc xung đột lợi ích; số sáng kiến cải tiến quy trình mua được áp dụng | E19: 0.07 | H19: =IF(ISNUMBER(G19),G19/5*E19*100,0) | J19: PH
A20: TỔNG CỘNG | E20: =SUM(E10:E19) | H20: =SUM(H10:H19)
A22: KẾT QUẢ ĐÁNH GIÁ | D22: ĐIỂM THEO NHÓM TIÊU CHÍ
A23: Tổng điểm chính thức | C23: =H20 | D23: Nhóm tiêu chí | E23: Trọng số | F23: Điểm tối đa | G23: Điểm đạt | H23: Tỷ lệ đạt
A24: Điểm tự đánh giá | C24: =IF(COUNT(F10:F19)=0,"",SUMPRODUCT(F10:F19,E10:E19)/5*100) | D24: Chuyên môn - Nghiệp vụ | E24: =SUMIF($J$10:$J$19,"CM",$E$10:$E$19) | F24: =E24*100 | G24: =SUMIF($J$10:$J$19,"CM",$H$10:$H$19) | H24: =IF(F24=0,0,G24/F24)
A25: Tiêu chí đã chấm | C25: =COUNT(G10:G19)&" / 10" | D25: Tuân thủ - Thời hạn | E25: =SUMIF($J$10:$J$19,"TT",$E$10:$E$19) | F25: =E25*100 | G25: =SUMIF($J$10:$J$19,"TT",$H$10:$H$19) | H25: =IF(F25=0,0,G25/F25)
A26: Xếp loại | C26: =IF(COUNT(G10:G19)=0,"Chưa chấm",IF(COUNT(G10:G19)<10,"Chưa chấm đủ",IF(H20>=80,"Xuất sắc",IF(H20>=70,"Đạt","Cần cải thiện")))) | D26: Phối hợp - Thái độ | E26: =SUMIF($J$10:$J$19,"PH",$E$10:$E$19) | F26: =E26*100 | G26: =SUMIF($J$10:$J$19,"PH",$H$10:$H$19) | H26: =IF(F26=0,0,G26/F26)
A27: Kiểm tra trọng số | C27: =IF(ROUND(E20,4)=1,"Hợp lệ – 100%","SAI – tổng trọng số phải = 100%")
A29: NHẬN XÉT & KẾ HOẠCH CẢI THIỆN (Bước 5 – phản hồi kết quả)
A30: Điểm mạnh
A31: Cần cải thiện
A32: Kế hoạch cải thiện
A33: Ý kiến nhân sự
B35: NHÂN SỰ ĐƯỢC ĐÁNH GIÁ | D35: QUẢN LÝ TRỰC TIẾP | G35: NGƯỜI PHÊ DUYỆT
B36: (Ký, ghi rõ họ tên) | D36: (Ký, ghi rõ họ tên) | G36: (Ký, ghi rõ họ tên)

Sheet 02. CV Sourcing
A1: BẢNG ĐÁNH GIÁ KPI – CHUYÊN VIÊN TÌM NGUỒN & PHÁT TRIỂN NHÀ CUNG CẤP
A2: Phòng Mua hàng · Phụ lục 01 kèm Quy chế đánh giá KPI · KK HOME ·
B4: Họ và tên | E4: Loại kỳ đánh giá | G4: Quý | I4: ← chọn Tháng / Quý / Năm
B5: Mã nhân viên | E5: Kỳ đánh giá | I5: VD: Tháng 9/2026, Quý 3/2026, Năm 2026
B6: Người đánh giá | E6: Ngày đánh giá
B7: Bộ phận | C7: Phòng Mua hàng
A9: STT | B9: Nhóm tiêu chí | C9: Tiêu chí đánh giá | D9: Cách đo / Chứng cứ chấm điểm | E9: Trọng số | F9: Tự đánh giá (1–5) | G9: Quản lý chấm (1–5) | H9: Điểm quy đổi | I9: Ghi chú / Lý do (bắt buộc khi điểm ≤1,5 hoặc 5)
A10: 1 | B10: Chuyên môn - Nghiệp vụ | C10: Tìm nguồn hàng mới | D10: Số NCC mới đạt yêu cầu được đưa vào danh sách duyệt so với kế hoạch | E10: 0.12 | H10: =IF(ISNUMBER(G10),G10/5*E10*100,0) | J10: CM
A11: 2 | C11: Giảm giá nhờ nguồn mới | D11: Mức giảm giá đạt được khi chuyển sang hoặc thêm nguồn mới | E11: 0.1 | H11: =IF(ISNUMBER(G11),G11/5*E11*100,0) | J11: CM
A12: 3 | C12: Đánh giá năng lực NCC | D12: Tỷ lệ NCC được đánh giá định kỳ (chất lượng, giá, giao hàng, tài chính) đúng kế hoạch | E12: 0.1 | H12: =IF(ISNUMBER(G12),G12/5*E12*100,0) | J12: CM
A13: 4 | C13: Phát triển nguồn thay thế | D13: Số mặt hàng chủ lực có từ 2 nguồn trở lên | E13: 0.08 | H13: =IF(ISNUMBER(G13),G13/5*E13*100,0) | J13: CM
A14: 5 | B14: Tuân thủ - Thời hạn | C14: Thẩm định pháp lý & tài chính NCC | D14: 100% NCC mới có hồ sơ pháp lý, mã số thuế đang hoạt động, năng lực xuất hóa đơn | E14: 0.12 | H14: =IF(ISNUMBER(G14),G14/5*E14*100,0) | J14: TT
A15: 6 | C15: Tuân thủ quy trình mẫu thử & phê duyệt NCC | D15: Mẫu thử được QC/Kỹ thuật duyệt trước khi đặt hàng chính thức | E15: 0.08 | H15: =IF(ISNUMBER(G15),G15/5*E15*100,0) | J15: TT
A16: 7 | C16: Cập nhật dữ liệu NCC | D16: Hồ sơ, bảng giá, đầu mối liên hệ NCC cập nhật đầy đủ trên hệ thống | E16: 0.08 | H16: =IF(ISNUMBER(G16),G16/5*E16*100,0) | J16: TT
A17: 8 | C17: Tiến độ dự án tìm nguồn | D17: Các yêu cầu tìm nguồn hoàn thành đúng thời hạn cam kết | E17: 0.07 | H17: =IF(ISNUMBER(G17),G17/5*E17*100,0) | J17: TT
A18: 9 | B18: Phối hợp - Thái độ | C18: Phối hợp với Kỹ thuật, QC & Kinh doanh | D18: Phản hồi của các bộ phận về mẫu thử, thông số | E18: 0.1 | H18: =IF(ISNUMBER(G18),G18/5*E18*100,0) | J18: PH
A19: 10 | C19: Chủ động nghiên cứu thị trường cung ứng | D19: Báo cáo xu hướng giá, nguồn cung, rủi ro thị trường định kỳ | E19: 0.08 | H19: =IF(ISNUMBER(G19),G19/5*E19*100,0) | J19: PH
A20: 11 | C20: Liêm chính & bảo mật thông tin giá | D20: Không nhận lợi ích từ NCC; không tiết lộ giá giữa các NCC | E20: 0.07 | H20: =IF(ISNUMBER(G20),G20/5*E20*100,0) | J20: PH
A21: TỔNG CỘNG | E21: =SUM(E10:E20) | H21: =SUM(H10:H20)
A23: KẾT QUẢ ĐÁNH GIÁ | D23: ĐIỂM THEO NHÓM TIÊU CHÍ
A24: Tổng điểm chính thức | C24: =H21 | D24: Nhóm tiêu chí | E24: Trọng số | F24: Điểm tối đa | G24: Điểm đạt | H24: Tỷ lệ đạt
A25: Điểm tự đánh giá | C25: =IF(COUNT(F10:F20)=0,"",SUMPRODUCT(F10:F20,E10:E20)/5*100) | D25: Chuyên môn - Nghiệp vụ | E25: =SUMIF($J$10:$J$20,"CM",$E$10:$E$20) | F25: =E25*100 | G25: =SUMIF($J$10:$J$20,"CM",$H$10:$H$20) | H25: =IF(F25=0,0,G25/F25)
A26: Tiêu chí đã chấm | C26: =COUNT(G10:G20)&" / 11" | D26: Tuân thủ - Thời hạn | E26: =SUMIF($J$10:$J$20,"TT",$E$10:$E$20) | F26: =E26*100 | G26: =SUMIF($J$10:$J$20,"TT",$H$10:$H$20) | H26: =IF(F26=0,0,G26/F26)
A27: Xếp loại | C27: =IF(COUNT(G10:G20)=0,"Chưa chấm",IF(COUNT(G10:G20)<11,"Chưa chấm đủ",IF(H21>=80,"Xuất sắc",IF(H21>=70,"Đạt","Cần cải thiện")))) | D27: Phối hợp - Thái độ | E27: =SUMIF($J$10:$J$20,"PH",$E$10:$E$20) | F27: =E27*100 | G27: =SUMIF($J$10:$J$20,"PH",$H$10:$H$20) | H27: =IF(F27=0,0,G27/F27)
A28: Kiểm tra trọng số | C28: =IF(ROUND(E21,4)=1,"Hợp lệ – 100%","SAI – tổng trọng số phải = 100%")
A30: NHẬN XÉT & KẾ HOẠCH CẢI THIỆN (Bước 5 – phản hồi kết quả)
A31: Điểm mạnh
A32: Cần cải thiện
A33: Kế hoạch cải thiện
A34: Ý kiến nhân sự
B36: NHÂN SỰ ĐƯỢC ĐÁNH GIÁ | D36: QUẢN LÝ TRỰC TIẾP | G36: NGƯỜI PHÊ DUYỆT
B37: (Ký, ghi rõ họ tên) | D37: (Ký, ghi rõ họ tên) | G37: (Ký, ghi rõ họ tên)

Sheet 03. NV Mua hàng
A1: BẢNG ĐÁNH GIÁ KPI – NHÂN VIÊN MUA HÀNG (BUYER)
A2: Phòng Mua hàng · Phụ lục 01 kèm Quy chế đánh giá KPI · KK HOME ·
B4: Họ và tên | E4: Loại kỳ đánh giá | G4: Quý | I4: ← chọn Tháng / Quý / Năm
B5: Mã nhân viên | E5: Kỳ đánh giá | I5: VD: Tháng 9/2026, Quý 3/2026, Năm 2026
B6: Người đánh giá | E6: Ngày đánh giá
B7: Bộ phận | C7: Phòng Mua hàng
A9: STT | B9: Nhóm tiêu chí | C9: Tiêu chí đánh giá | D9: Cách đo / Chứng cứ chấm điểm | E9: Trọng số | F9: Tự đánh giá (1–5) | G9: Quản lý chấm (1–5) | H9: Điểm quy đổi | I9: Ghi chú / Lý do (bắt buộc khi điểm ≤1,5 hoặc 5)
A10: 1 | B10: Chuyên môn - Nghiệp vụ | C10: Xử lý đề nghị mua đúng định mức thời gian | D10: Thời gian từ đề nghị mua (PR) đến đơn đặt hàng (PO) so với định mức | E10: 0.12 | H10: =IF(ISNUMBER(G10),G10/5*E10*100,0) | J10: CM
A11: 2 | C11: Giá mua đạt mục tiêu | D11: Giá mua thực tế so với giá mục tiêu, giá kỳ trước | E11: 0.1 | H11: =IF(ISNUMBER(G11),G11/5*E11*100,0) | J11: CM
A12: 3 | C12: Mua đúng chủng loại, quy cách, số lượng | D12: Số đơn hàng phải sửa, đổi do đặt sai mã, quy cách, số lượng | E12: 0.1 | H12: =IF(ISNUMBER(G12),G12/5*E12*100,0) | J12: CM
A13: 4 | C13: Tỷ lệ hàng giao đúng hạn | D13: Tỷ lệ đơn hàng phụ trách giao đúng hạn (OTD) | E13: 0.08 | H13: =IF(ISNUMBER(G13),G13/5*E13*100,0) | J13: CM
A14: 5 | B14: Tuân thủ - Thời hạn | C14: Tuân thủ quy trình báo giá & phê duyệt | D14: Đủ số báo giá theo quy định; PO được duyệt đúng thẩm quyền trước khi gửi NCC | E14: 0.12 | H14: =IF(ISNUMBER(G14),G14/5*E14*100,0) | J14: TT
A15: 6 | C15: Hồ sơ, chứng từ mua hàng | D15: PO, hợp đồng, biên bản giao nhận, hóa đơn đầy đủ, chuyển Kế toán đúng hạn | E15: 0.08 | H15: =IF(ISNUMBER(G15),G15/5*E15*100,0) | J15: TT
A16: 7 | C16: Hóa đơn hợp lệ | D16: Số hóa đơn sai thông tin, sai thuế suất, hóa đơn NCC rủi ro phải xử lý | E16: 0.08 | H16: =IF(ISNUMBER(G16),G16/5*E16*100,0) | J16: TT
A17: 8 | C17: Cập nhật dữ liệu trên phần mềm | D17: Đơn hàng, giá, trạng thái cập nhật trên ERP/phần mềm kịp thời, chính xác | E17: 0.07 | H17: =IF(ISNUMBER(G17),G17/5*E17*100,0) | J17: TT
A18: 9 | B18: Phối hợp - Thái độ | C18: Phối hợp với Kho, Sản xuất & Kế toán | D18: Thông báo kế hoạch hàng về; đối chiếu công nợ NCC đúng hạn | E18: 0.1 | H18: =IF(ISNUMBER(G18),G18/5*E18*100,0) | J18: PH
A19: 10 | C19: Chủ động đàm phán & đề xuất | D19: Số đề xuất điều kiện thanh toán, giao hàng có lợi được NCC chấp nhận | E19: 0.08 | H19: =IF(ISNUMBER(G19),G19/5*E19*100,0) | J19: PH
A20: 11 | C20: Liêm chính nghề nghiệp | D20: Không nhận quà, hoa hồng từ NCC trái quy định; khai báo xung đột lợi ích | E20: 0.07 | H20: =IF(ISNUMBER(G20),G20/5*E20*100,0) | J20: PH
A21: TỔNG CỘNG | E21: =SUM(E10:E20) | H21: =SUM(H10:H20)
A23: KẾT QUẢ ĐÁNH GIÁ | D23: ĐIỂM THEO NHÓM TIÊU CHÍ
A24: Tổng điểm chính thức | C24: =H21 | D24: Nhóm tiêu chí | E24: Trọng số | F24: Điểm tối đa | G24: Điểm đạt | H24: Tỷ lệ đạt
A25: Điểm tự đánh giá | C25: =IF(COUNT(F10:F20)=0,"",SUMPRODUCT(F10:F20,E10:E20)/5*100) | D25: Chuyên môn - Nghiệp vụ | E25: =SUMIF($J$10:$J$20,"CM",$E$10:$E$20) | F25: =E25*100 | G25: =SUMIF($J$10:$J$20,"CM",$H$10:$H$20) | H25: =IF(F25=0,0,G25/F25)
A26: Tiêu chí đã chấm | C26: =COUNT(G10:G20)&" / 11" | D26: Tuân thủ - Thời hạn | E26: =SUMIF($J$10:$J$20,"TT",$E$10:$E$20) | F26: =E26*100 | G26: =SUMIF($J$10:$J$20,"TT",$H$10:$H$20) | H26: =IF(F26=0,0,G26/F26)
A27: Xếp loại | C27: =IF(COUNT(G10:G20)=0,"Chưa chấm",IF(COUNT(G10:G20)<11,"Chưa chấm đủ",IF(H21>=80,"Xuất sắc",IF(H21>=70,"Đạt","Cần cải thiện")))) | D27: Phối hợp - Thái độ | E27: =SUMIF($J$10:$J$20,"PH",$E$10:$E$20) | F27: =E27*100 | G27: =SUMIF($J$10:$J$20,"PH",$H$10:$H$20) | H27: =IF(F27=0,0,G27/F27)
A28: Kiểm tra trọng số | C28: =IF(ROUND(E21,4)=1,"Hợp lệ – 100%","SAI – tổng trọng số phải = 100%")
A30: NHẬN XÉT & KẾ HOẠCH CẢI THIỆN (Bước 5 – phản hồi kết quả)
A31: Điểm mạnh
A32: Cần cải thiện
A33: Kế hoạch cải thiện
A34: Ý kiến nhân sự
B36: NHÂN SỰ ĐƯỢC ĐÁNH GIÁ | D36: QUẢN LÝ TRỰC TIẾP | G36: NGƯỜI PHÊ DUYỆT
B37: (Ký, ghi rõ họ tên) | D37: (Ký, ghi rõ họ tên) | G37: (Ký, ghi rõ họ tên)

Sheet 04. NV Theo dõi đơn hàng
A1: BẢNG ĐÁNH GIÁ KPI – NHÂN VIÊN THEO DÕI ĐƠN HÀNG (EXPEDITOR)
A2: Phòng Mua hàng · Phụ lục 01 kèm Quy chế đánh giá KPI · KK HOME ·
B4: Họ và tên | E4: Loại kỳ đánh giá | G4: Quý | I4: ← chọn Tháng / Quý / Năm
B5: Mã nhân viên | E5: Kỳ đánh giá | I5: VD: Tháng 9/2026, Quý 3/2026, Năm 2026
B6: Người đánh giá | E6: Ngày đánh giá
B7: Bộ phận | C7: Phòng Mua hàng
A9: STT | B9: Nhóm tiêu chí | C9: Tiêu chí đánh giá | D9: Cách đo / Chứng cứ chấm điểm | E9: Trọng số | F9: Tự đánh giá (1–5) | G9: Quản lý chấm (1–5) | H9: Điểm quy đổi | I9: Ghi chú / Lý do (bắt buộc khi điểm ≤1,5 hoặc 5)
A10: 1 | B10: Chuyên môn - Nghiệp vụ | C10: Tỷ lệ đơn hàng về đúng hạn | D10: Tỷ lệ PO phụ trách được giao đúng hạn | E10: 0.12 | H10: =IF(ISNUMBER(G10),G10/5*E10*100,0) | J10: CM
A11: 2 | C11: Cảnh báo sớm rủi ro chậm hàng | D11: Tỷ lệ đơn hàng chậm được cảnh báo trước ≥ 3 ngày cho bộ phận sử dụng | E11: 0.1 | H11: =IF(ISNUMBER(G11),G11/5*E11*100,0) | J11: CM
A12: 3 | C12: Xử lý hàng thiếu, lỗi, sai quy cách | D12: Thời gian khiếu nại, đổi trả với NCC; tỷ lệ xử lý dứt điểm trong kỳ | E12: 0.1 | H12: =IF(ISNUMBER(G12),G12/5*E12*100,0) | J12: CM
A13: 4 | C13: Theo dõi giao nhận & chứng từ | D13: Biên bản giao nhận, phiếu nhập kho khớp với PO và hóa đơn | E13: 0.08 | H13: =IF(ISNUMBER(G13),G13/5*E13*100,0) | J13: CM
A14: 5 | B14: Tuân thủ - Thời hạn | C14: Cập nhật trạng thái đơn hàng | D14: Trạng thái PO trên hệ thống cập nhật hằng ngày, chính xác | E14: 0.12 | H14: =IF(ISNUMBER(G14),G14/5*E14*100,0) | J14: TT
A15: 6 | C15: Tuân thủ quy trình nhận hàng | D15: Hàng về có kiểm tra số lượng, chất lượng trước khi nhập kho theo quy trình | E15: 0.08 | H15: =IF(ISNUMBER(G15),G15/5*E15*100,0) | J15: TT
A16: 7 | C16: Báo cáo tình hình đơn hàng | D16: Báo cáo đơn hàng tồn đọng, chậm trễ gửi đúng hạn hằng tuần | E16: 0.08 | H16: =IF(ISNUMBER(G16),G16/5*E16*100,0) | J16: TT
A17: 8 | C17: Đối chiếu công nợ nhà cung cấp | D17: Biên bản đối chiếu công nợ NCC hoàn thành đúng hạn, chênh lệch được giải trình | E17: 0.07 | H17: =IF(ISNUMBER(G17),G17/5*E17*100,0) | J17: TT
A18: 9 | B18: Phối hợp - Thái độ | C18: Phối hợp với Kho, Sản xuất & NCC | D18: Phản hồi của các bên về thông tin hàng về | E18: 0.1 | H18: =IF(ISNUMBER(G18),G18/5*E18*100,0) | J18: PH
A19: 10 | C19: Chủ động giải quyết vướng mắc | D19: Tự đề xuất phương án thay thế khi NCC chậm hàng | E19: 0.08 | H19: =IF(ISNUMBER(G19),G19/5*E19*100,0) | J19: PH
A20: 11 | C20: Tinh thần trách nhiệm | D20: Bám sát đơn hàng gấp, phản hồi nhanh ngoài giờ khi cần | E20: 0.07 | H20: =IF(ISNUMBER(G20),G20/5*E20*100,0) | J20: PH
A21: TỔNG CỘNG | E21: =SUM(E10:E20) | H21: =SUM(H10:H20)
A23: KẾT QUẢ ĐÁNH GIÁ | D23: ĐIỂM THEO NHÓM TIÊU CHÍ
A24: Tổng điểm chính thức | C24: =H21 | D24: Nhóm tiêu chí | E24: Trọng số | F24: Điểm tối đa | G24: Điểm đạt | H24: Tỷ lệ đạt
A25: Điểm tự đánh giá | C25: =IF(COUNT(F10:F20)=0,"",SUMPRODUCT(F10:F20,E10:E20)/5*100) | D25: Chuyên môn - Nghiệp vụ | E25: =SUMIF($J$10:$J$20,"CM",$E$10:$E$20) | F25: =E25*100 | G25: =SUMIF($J$10:$J$20,"CM",$H$10:$H$20) | H25: =IF(F25=0,0,G25/F25)
A26: Tiêu chí đã chấm | C26: =COUNT(G10:G20)&" / 11" | D26: Tuân thủ - Thời hạn | E26: =SUMIF($J$10:$J$20,"TT",$E$10:$E$20) | F26: =E26*100 | G26: =SUMIF($J$10:$J$20,"TT",$H$10:$H$20) | H26: =IF(F26=0,0,G26/F26)
A27: Xếp loại | C27: =IF(COUNT(G10:G20)=0,"Chưa chấm",IF(COUNT(G10:G20)<11,"Chưa chấm đủ",IF(H21>=80,"Xuất sắc",IF(H21>=70,"Đạt","Cần cải thiện")))) | D27: Phối hợp - Thái độ | E27: =SUMIF($J$10:$J$20,"PH",$E$10:$E$20) | F27: =E27*100 | G27: =SUMIF($J$10:$J$20,"PH",$H$10:$H$20) | H27: =IF(F27=0,0,G27/F27)
A28: Kiểm tra trọng số | C28: =IF(ROUND(E21,4)=1,"Hợp lệ – 100%","SAI – tổng trọng số phải = 100%")
A30: NHẬN XÉT & KẾ HOẠCH CẢI THIỆN (Bước 5 – phản hồi kết quả)
A31: Điểm mạnh
A32: Cần cải thiện
A33: Kế hoạch cải thiện
A34: Ý kiến nhân sự
B36: NHÂN SỰ ĐƯỢC ĐÁNH GIÁ | D36: QUẢN LÝ TRỰC TIẾP | G36: NGƯỜI PHÊ DUYỆT
B37: (Ký, ghi rõ họ tên) | D37: (Ký, ghi rõ họ tên) | G37: (Ký, ghi rõ họ tên)

Sheet 05. CV Kiểm soát giá-HĐ
A1: BẢNG ĐÁNH GIÁ KPI – CHUYÊN VIÊN KIỂM SOÁT GIÁ & HỢP ĐỒNG MUA
A2: Phòng Mua hàng · Phụ lục 01 kèm Quy chế đánh giá KPI · KK HOME ·
B4: Họ và tên | E4: Loại kỳ đánh giá | G4: Quý | I4: ← chọn Tháng / Quý / Năm
B5: Mã nhân viên | E5: Kỳ đánh giá | I5: VD: Tháng 9/2026, Quý 3/2026, Năm 2026
B6: Người đánh giá | E6: Ngày đánh giá
B7: Bộ phận | C7: Phòng Mua hàng
A9: STT | B9: Nhóm tiêu chí | C9: Tiêu chí đánh giá | D9: Cách đo / Chứng cứ chấm điểm | E9: Trọng số | F9: Tự đánh giá (1–5) | G9: Quản lý chấm (1–5) | H9: Điểm quy đổi | I9: Ghi chú / Lý do (bắt buộc khi điểm ≤1,5 hoặc 5)
A10: 1 | B10: Chuyên môn - Nghiệp vụ | C10: Xây dựng & cập nhật giá mục tiêu | D10: Bảng giá mục tiêu, giá trần các mặt hàng chủ lực cập nhật định kỳ | E10: 0.12 | H10: =IF(ISNUMBER(G10),G10/5*E10*100,0) | J10: CM
A11: 2 | C11: Phát hiện chênh lệch giá bất thường | D11: Số trường hợp giá mua vượt giá mục tiêu được phát hiện, giải trình | E11: 0.1 | H11: =IF(ISNUMBER(G11),G11/5*E11*100,0) | J11: CM
A12: 3 | C12: Rà soát hợp đồng mua | D12: Tỷ lệ hợp đồng được rà soát điều khoản giá, thanh toán, phạt, bảo hành trước ký | E12: 0.1 | H12: =IF(ISNUMBER(G12),G12/5*E12*100,0) | J12: CM
A13: 4 | C13: Phân tích chi phí mua (spend analysis) | D13: Báo cáo phân tích chi mua theo nhóm hàng, NCC; đề xuất gom đơn, đàm phán | E13: 0.08 | H13: =IF(ISNUMBER(G13),G13/5*E13*100,0) | J13: CM
A14: 5 | B14: Tuân thủ - Thời hạn | C14: Chính xác số liệu kiểm soát | D14: Số lỗi trong bảng so sánh giá, báo cáo kiểm soát | E14: 0.12 | H14: =IF(ISNUMBER(G14),G14/5*E14*100,0) | J14: TT
A15: 6 | C15: Tuân thủ phân cấp phê duyệt | D15: Phát hiện và báo cáo 100% đơn hàng duyệt sai thẩm quyền | E15: 0.08 | H15: =IF(ISNUMBER(G15),G15/5*E15*100,0) | J15: TT
A16: 7 | C16: Quản lý hiệu lực hợp đồng | D16: Cảnh báo hợp đồng sắp hết hạn trước ≥ 30 ngày | E16: 0.08 | H16: =IF(ISNUMBER(G16),G16/5*E16*100,0) | J16: TT
A17: 8 | C17: Lưu trữ hồ sơ hợp đồng | D17: Hợp đồng, phụ lục lưu đầy đủ, tra cứu được ngay | E17: 0.07 | H17: =IF(ISNUMBER(G17),G17/5*E17*100,0) | J17: TT
A18: 9 | B18: Phối hợp - Thái độ | C18: Phối hợp với Mua hàng, Kế toán & Pháp chế | D18: Phản hồi của các bên về chất lượng rà soát | E18: 0.1 | H18: =IF(ISNUMBER(G18),G18/5*E18*100,0) | J18: PH
A19: 10 | C19: Đề xuất cải tiến kiểm soát | D19: Số đề xuất cải tiến quy trình kiểm soát giá được áp dụng | E19: 0.08 | H19: =IF(ISNUMBER(G19),G19/5*E19*100,0) | J19: PH
A20: 11 | C20: Khách quan & bảo mật | D20: Bảo mật thông tin giá, hợp đồng; đánh giá khách quan | E20: 0.07 | H20: =IF(ISNUMBER(G20),G20/5*E20*100,0) | J20: PH
A21: TỔNG CỘNG | E21: =SUM(E10:E20) | H21: =SUM(H10:H20)
A23: KẾT QUẢ ĐÁNH GIÁ | D23: ĐIỂM THEO NHÓM TIÊU CHÍ
A24: Tổng điểm chính thức | C24: =H21 | D24: Nhóm tiêu chí | E24: Trọng số | F24: Điểm tối đa | G24: Điểm đạt | H24: Tỷ lệ đạt
A25: Điểm tự đánh giá | C25: =IF(COUNT(F10:F20)=0,"",SUMPRODUCT(F10:F20,E10:E20)/5*100) | D25: Chuyên môn - Nghiệp vụ | E25: =SUMIF($J$10:$J$20,"CM",$E$10:$E$20) | F25: =E25*100 | G25: =SUMIF($J$10:$J$20,"CM",$H$10:$H$20) | H25: =IF(F25=0,0,G25/F25)
A26: Tiêu chí đã chấm | C26: =COUNT(G10:G20)&" / 11" | D26: Tuân thủ - Thời hạn | E26: =SUMIF($J$10:$J$20,"TT",$E$10:$E$20) | F26: =E26*100 | G26: =SUMIF($J$10:$J$20,"TT",$H$10:$H$20) | H26: =IF(F26=0,0,G26/F26)
A27: Xếp loại | C27: =IF(COUNT(G10:G20)=0,"Chưa chấm",IF(COUNT(G10:G20)<11,"Chưa chấm đủ",IF(H21>=80,"Xuất sắc",IF(H21>=70,"Đạt","Cần cải thiện")))) | D27: Phối hợp - Thái độ | E27: =SUMIF($J$10:$J$20,"PH",$E$10:$E$20) | F27: =E27*100 | G27: =SUMIF($J$10:$J$20,"PH",$H$10:$H$20) | H27: =IF(F27=0,0,G27/F27)
A28: Kiểm tra trọng số | C28: =IF(ROUND(E21,4)=1,"Hợp lệ – 100%","SAI – tổng trọng số phải = 100%")
A30: NHẬN XÉT & KẾ HOẠCH CẢI THIỆN (Bước 5 – phản hồi kết quả)
A31: Điểm mạnh
A32: Cần cải thiện
A33: Kế hoạch cải thiện
A34: Ý kiến nhân sự
B36: NHÂN SỰ ĐƯỢC ĐÁNH GIÁ | D36: QUẢN LÝ TRỰC TIẾP | G36: NGƯỜI PHÊ DUYỆT
B37: (Ký, ghi rõ họ tên) | D37: (Ký, ghi rõ họ tên) | G37: (Ký, ghi rõ họ tên)

Sheet 06. NV Hành chính mua hàng
A1: BẢNG ĐÁNH GIÁ KPI – NHÂN VIÊN HÀNH CHÍNH – DỮ LIỆU MUA HÀNG
A2: Phòng Mua hàng · Phụ lục 01 kèm Quy chế đánh giá KPI · KK HOME ·
B4: Họ và tên | E4: Loại kỳ đánh giá | G4: Quý | I4: ← chọn Tháng / Quý / Năm
B5: Mã nhân viên | E5: Kỳ đánh giá | I5: VD: Tháng 9/2026, Quý 3/2026, Năm 2026
B6: Người đánh giá | E6: Ngày đánh giá
B7: Bộ phận | C7: Phòng Mua hàng
A9: STT | B9: Nhóm tiêu chí | C9: Tiêu chí đánh giá | D9: Cách đo / Chứng cứ chấm điểm | E9: Trọng số | F9: Tự đánh giá (1–5) | G9: Quản lý chấm (1–5) | H9: Điểm quy đổi | I9: Ghi chú / Lý do (bắt buộc khi điểm ≤1,5 hoặc 5)
A10: 1 | B10: Chuyên môn - Nghiệp vụ | C10: Lập đơn đặt hàng chính xác | D10: Số PO lập sai thông tin (mã hàng, giá, số lượng, điều khoản) | E10: 0.12 | H10: =IF(ISNUMBER(G10),G10/5*E10*100,0) | J10: CM
A11: 2 | C11: Quản lý dữ liệu nhà cung cấp & mặt hàng | D11: Danh mục NCC, mã hàng trên phần mềm đầy đủ, không trùng lặp | E11: 0.1 | H11: =IF(ISNUMBER(G11),G11/5*E11*100,0) | J11: CM
A12: 3 | C12: Tổng hợp báo giá | D12: Bảng so sánh báo giá lập đúng hạn, đúng mẫu | E12: 0.1 | H12: =IF(ISNUMBER(G12),G12/5*E12*100,0) | J12: CM
A13: 4 | C13: Hỗ trợ đối chiếu chứng từ | D13: Bộ chứng từ mua hàng (PO, phiếu nhập, hóa đơn) khớp trước khi chuyển Kế toán | E13: 0.08 | H13: =IF(ISNUMBER(G13),G13/5*E13*100,0) | J13: CM
A14: 5 | B14: Tuân thủ - Thời hạn | C14: Chuyển chứng từ cho Kế toán đúng hạn | D14: Tỷ lệ bộ chứng từ chuyển trong 03 ngày làm việc kể từ khi nhận hàng | E14: 0.12 | H14: =IF(ISNUMBER(G14),G14/5*E14*100,0) | J14: TT
A15: 6 | C15: Tuân thủ quy trình lưu trữ | D15: Hồ sơ mua hàng lưu đúng thư mục, đúng thời hạn lưu trữ | E15: 0.08 | H15: =IF(ISNUMBER(G15),G15/5*E15*100,0) | J15: TT
A16: 7 | C16: Cập nhật trạng thái thanh toán NCC | D16: Lịch thanh toán NCC theo dõi chính xác, nhắc hạn kịp thời | E16: 0.08 | H16: =IF(ISNUMBER(G16),G16/5*E16*100,0) | J16: TT
A17: 8 | C17: Báo cáo định kỳ | D17: Báo cáo số liệu mua hàng tuần/tháng nộp đúng hạn | E17: 0.07 | H17: =IF(ISNUMBER(G17),G17/5*E17*100,0) | J17: TT
A18: 9 | B18: Phối hợp - Thái độ | C18: Phối hợp nội bộ | D18: Hỗ trợ các nhân viên mua hàng, Kho, Kế toán kịp thời | E18: 0.1 | H18: =IF(ISNUMBER(G18),G18/5*E18*100,0) | J18: PH
A19: 10 | C19: Chủ động cải tiến biểu mẫu | D19: Số đề xuất cải tiến biểu mẫu, quy trình được áp dụng | E19: 0.08 | H19: =IF(ISNUMBER(G19),G19/5*E19*100,0) | J19: PH
A20: 11 | C20: Tinh thần trách nhiệm & bảo mật | D20: Bảo mật giá, thông tin NCC; hoàn thành việc được giao | E20: 0.07 | H20: =IF(ISNUMBER(G20),G20/5*E20*100,0) | J20: PH
A21: TỔNG CỘNG | E21: =SUM(E10:E20) | H21: =SUM(H10:H20)
A23: KẾT QUẢ ĐÁNH GIÁ | D23: ĐIỂM THEO NHÓM TIÊU CHÍ
A24: Tổng điểm chính thức | C24: =H21 | D24: Nhóm tiêu chí | E24: Trọng số | F24: Điểm tối đa | G24: Điểm đạt | H24: Tỷ lệ đạt
A25: Điểm tự đánh giá | C25: =IF(COUNT(F10:F20)=0,"",SUMPRODUCT(F10:F20,E10:E20)/5*100) | D25: Chuyên môn - Nghiệp vụ | E25: =SUMIF($J$10:$J$20,"CM",$E$10:$E$20) | F25: =E25*100 | G25: =SUMIF($J$10:$J$20,"CM",$H$10:$H$20) | H25: =IF(F25=0,0,G25/F25)
A26: Tiêu chí đã chấm | C26: =COUNT(G10:G20)&" / 11" | D26: Tuân thủ - Thời hạn | E26: =SUMIF($J$10:$J$20,"TT",$E$10:$E$20) | F26: =E26*100 | G26: =SUMIF($J$10:$J$20,"TT",$H$10:$H$20) | H26: =IF(F26=0,0,G26/F26)
A27: Xếp loại | C27: =IF(COUNT(G10:G20)=0,"Chưa chấm",IF(COUNT(G10:G20)<11,"Chưa chấm đủ",IF(H21>=80,"Xuất sắc",IF(H21>=70,"Đạt","Cần cải thiện")))) | D27: Phối hợp - Thái độ | E27: =SUMIF($J$10:$J$20,"PH",$E$10:$E$20) | F27: =E27*100 | G27: =SUMIF($J$10:$J$20,"PH",$H$10:$H$20) | H27: =IF(F27=0,0,G27/F27)
A28: Kiểm tra trọng số | C28: =IF(ROUND(E21,4)=1,"Hợp lệ – 100%","SAI – tổng trọng số phải = 100%")
A30: NHẬN XÉT & KẾ HOẠCH CẢI THIỆN (Bước 5 – phản hồi kết quả)
A31: Điểm mạnh
A32: Cần cải thiện
A33: Kế hoạch cải thiện
A34: Ý kiến nhân sự
B36: NHÂN SỰ ĐƯỢC ĐÁNH GIÁ | D36: QUẢN LÝ TRỰC TIẾP | G36: NGƯỜI PHÊ DUYỆT
B37: (Ký, ghi rõ họ tên) | D37: (Ký, ghi rõ họ tên) | G37: (Ký, ghi rõ họ tên)
