Workbook

Sheet Hướng dẫn
A1: 🎯 BẢNG KPI ĐÁNH GIÁ KHỐI QUẢN LÝ - QUẢN LÝ SẢN XUẤT - CÔNG NHÂN SẢN XUẤT
A2: KK HOME | Website:
A4: HƯỚNG DẪN SỬ DỤNG:
A5: 1. Chọn sheet theo vị trí nhân viên cần đánh giá — nhóm theo 3 khối: Quản lý (QL), Quản lý sản xuất (SX), Công nhân sản xuất (CN).
A6: 2. Nhập kỳ đánh giá (Tháng/Quý/Năm) ở ô trên cùng của mỗi sheet vị trí.
A7: 3. Gõ điểm chấm (1-5) cho mỗi tiêu chí vào cột xám 'Điểm chấm'.
A8: 4. Điểm quy đổi tự tính theo công thức: (Điểm chấm ÷ 5) × Trọng số%.
A9: 5. Tổng điểm và Xếp loại tự hiện: Xuất sắc (≥80%) | Đạt (≥70%) | Cần cải thiện (<70%).
A10: 6. Sheet 'Tổng hợp' gom điểm toàn bộ 17 vị trí theo 3 khối; sheet 'So sánh' so sánh giữa các nhân viên.
A12: THANG ĐIỂM (1-5):
A13: 5: Tuyệt vời - Hoàn thành xuất sắc, vượt mong đợi
A14: 4: Tốt - Hoàn thành đầy đủ, đạt/vượt mục tiêu
... A27: KHỐI QUẢN LÝ
A28: • Tổng Giám đốc / Giám đốc điều hành | B28: QL01_TGD_GDDH
A29: • Phó Giám đốc | B29: QL02_Pho_GD
A30: • Trưởng phòng | B30: QL03_Truong_Phong
A31: • Phó phòng | B31: QL04_Pho_Phong
A32: • Trưởng nhóm / Trưởng bộ phận | B32: QL05_Truong_Nhom
A34: KHỐI QUẢN LÝ SẢN XUẤT
A35: • Giám đốc sản xuất / Giám đốc nhà máy | B35: SX01_GD_San_Xuat
A36: • Quản đốc phân xưởng | B36: SX02_Quan_Doc
A37: • Trưởng ca sản xuất | B37: SX03_Truong_Ca
A38: • Tổ trưởng sản xuất | B38: SX04_To_Truong
A39: • Trưởng phòng QC/QA | B39: SX05_Truong_QC_QA
A40: • Trưởng phòng Kế hoạch sản xuất (PPC) | B40: SX06_Truong_PPC
A42: KHỐI CÔNG NHÂN SẢN XUẤT
A43: • Công nhân vận hành máy | B43: CN01_Van_Hanh_May
A44: • Công nhân lắp ráp / gia công | B44: CN02_Lap_Rap_Gia_Cong
A45: • Công nhân đóng gói | B45: CN03_Dong_Goi
A46: • Nhân viên KCS (kiểm tra chất lượng) | B46: CN04_KCS
A47: • Công nhân kho / Thủ kho phân xưởng | B47: CN05_Kho_Px
A48: • Công nhân bảo trì - cơ điện | B48: CN06_Bao_Tri_Co_Dien

Sheet QL01_TGD_GDDH
A1: KPI ĐÁNH GIÁ: TỔNG GIÁM ĐỐC / GIÁM ĐỐC ĐIỀU HÀNH
A2: KK HOME |
A3: KHỐI QUẢN LÝ
A4: Kỳ đánh giá:
A6: Tiêu chí | B6: Nhóm | C6: Trọng số (%) | D6: Thang điểm (1-5) | E6: Điểm chấm | F6: Điểm quy đổi
A7: Hoàn thành mục tiêu doanh thu, lợi nhuận theo kế hoạch | B7: Chuyên môn-Nghiệp vụ | C7: 15 | D7: 5 | F7: =IFERROR(E7/D7*C7/100, "")
A8: Hoạch định chiến lược, định hướng phát triển công ty | B8: Chuyên môn-Nghiệp vụ | C8: 15 | D8: 5 | F8: =IFERROR(E8/D8*C8/100, "")
A9: Ra quyết định kịp thời, hiệu quả trong các tình huống kinh doanh | B9: Chuyên môn-Nghiệp vụ | C9: 10 | D9: 5 | F9: =IFERROR(E9/D9*C9/100, "")
A10: Tuân thủ pháp luật, điều lệ công ty, quy chế nội bộ | B10: Tuân thủ-Thời hạn | C10: 12 | D10: 5 | F10: =IFERROR(E10/D10*C10/100, "")
A11: Đảm bảo tiến độ báo cáo với HĐQT/chủ sở hữu | B11: Tuân thủ-Thời hạn | C11: 11 | D11: 5 | F11: =IFERROR(E11/D11*C11/100, "")
A12: Quản trị rủi ro, kiểm soát nội bộ toàn công ty | B12: Tuân thủ-Thời hạn | C12: 12 | D12: 5 | F12: =IFERROR(E12/D12*C12/100, "")
A13: Lãnh đạo, xây dựng và phát triển đội ngũ quản lý cấp cao | B13: Phối hợp-Thái độ | C13: 13 | D13: 5 | F13: =IFERROR(E13/D13*C13/100, "")
A14: Xây dựng văn hóa doanh nghiệp, gắn kết nội bộ | B14: Phối hợp-Thái độ | C14: 12 | D14: 5 | F14: =IFERROR(E14/D14*C14/100, "")
A15: TỔNG ĐIỂM | C15: 100 | F15: =SUM(F7:F14)
A17: XẾP LOẠI | F17: =IFERROR(_xlfn.IFS(F15>=80,"Xuất sắc",F15>=70,"Đạt",F15<70,"Cần cải thiện"), "")

Sheet QL02_Pho_GD
A1: KPI ĐÁNH GIÁ: PHÓ GIÁM ĐỐC
A2: KK HOME |
A3: KHỐI QUẢN LÝ
A4: Kỳ đánh giá:
A6: Tiêu chí | B6: Nhóm | C6: Trọng số (%) | D6: Thang điểm (1-5) | E6: Điểm chấm | F6: Điểm quy đổi
A7: Triển khai hiệu quả kế hoạch được phân công phụ trách | B7: Chuyên môn-Nghiệp vụ | C7: 16 | D7: 5 | F7: =IFERROR(E7/D7*C7/100, "")
A8: Tham mưu, đề xuất giải pháp cho Ban Giám đốc | B8: Chuyên môn-Nghiệp vụ | C8: 14 | D8: 5 | F8: =IFERROR(E8/D8*C8/100, "")
A9: Giám sát, đánh giá kết quả các phòng ban phụ trách | B9: Chuyên môn-Nghiệp vụ | C9: 10 | D9: 5 | F9: =IFERROR(E9/D9*C9/100, "")
A10: Tuân thủ chỉ đạo, quy chế, quy trình công ty | B10: Tuân thủ-Thời hạn | C10: 12 | D10: 5 | F10: =IFERROR(E10/D10*C10/100, "")
A11: Đảm bảo tiến độ các dự án, kế hoạch phụ trách | B11: Tuân thủ-Thời hạn | C11: 12 | D11: 5 | F11: =IFERROR(E11/D11*C11/100, "")
A12: Kiểm soát rủi ro trong phạm vi phụ trách | B12: Tuân thủ-Thời hạn | C12: 11 | D12: 5 | F12: =IFERROR(E12/D12*C12/100, "")
A13: Phối hợp liên phòng ban, xử lý xung đột hiệu quả | B13: Phối hợp-Thái độ | C13: 13 | D13: 5 | F13: =IFERROR(E13/D13*C13/100, "")
A14: Đào tạo, hỗ trợ phát triển nhân sự cấp dưới | B14: Phối hợp-Thái độ | C14: 12 | D14: 5 | F14: =IFERROR(E14/D14*C14/100, "")
A15: TỔNG ĐIỂM | C15: 100 | F15: =SUM(F7:F14)
A17: XẾP LOẠI | F17: =IFERROR(_xlfn.IFS(F15>=80,"Xuất sắc",F15>=70,"Đạt",F15<70,"Cần cải thiện"), "")

Sheet QL03_Truong_Phong
A1: KPI ĐÁNH GIÁ: TRƯỞNG PHÒNG
A2: KK HOME |
A3: KHỐI QUẢN LÝ
A4: Kỳ đánh giá:
A6: Tiêu chí | B6: Nhóm | C6: Trọng số (%) | D6: Thang điểm (1-5) | E6: Điểm chấm | F6: Điểm quy đổi
A7: Hoàn thành chỉ tiêu công việc, KPI của phòng ban | B7: Chuyên môn-Nghiệp vụ | C7: 16 | D7: 5 | F7: =IFERROR(E7/D7*C7/100, "")
A8: Xây dựng, cải tiến quy trình làm việc của phòng | B8: Chuyên môn-Nghiệp vụ | C8: 14 | D8: 5 | F8: =IFERROR(E8/D8*C8/100, "")
A9: Xử lý kịp thời các vấn đề chuyên môn phát sinh | B9: Chuyên môn-Nghiệp vụ | C9: 10 | D9: 5 | F9: =IFERROR(E9/D9*C9/100, "")
A10: Tuân thủ quy định, quy trình, nội quy công ty | B10: Tuân thủ-Thời hạn | C10: 12 | D10: 5 | F10: =IFERROR(E10/D10*C10/100, "")
A11: Đảm bảo tiến độ công việc, báo cáo đúng hạn | B11: Tuân thủ-Thời hạn | C11: 12 | D11: 5 | F11: =IFERROR(E11/D11*C11/100, "")
A12: Kiểm soát chất lượng công việc của phòng | B12: Tuân thủ-Thời hạn | C12: 11 | D12: 5 | F12: =IFERROR(E12/D12*C12/100, "")
A13: Quản lý, phân công, đào tạo nhân sự trong phòng | B13: Phối hợp-Thái độ | C13: 13 | D13: 5 | F13: =IFERROR(E13/D13*C13/100, "")
A14: Phối hợp hiệu quả với các phòng ban khác | B14: Phối hợp-Thái độ | C14: 12 | D14: 5 | F14: =IFERROR(E14/D14*C14/100, "")
A15: TỔNG ĐIỂM | C15: 100 | F15: =SUM(F7:F14)
A17: XẾP LOẠI | F17: =IFERROR(_xlfn.IFS(F15>=80,"Xuất sắc",F15>=70,"Đạt",F15<70,"Cần cải thiện"), "")

Sheet QL04_Pho_Phong
A1: KPI ĐÁNH GIÁ: PHÓ PHÒNG
A2: KK HOME |
A3: KHỐI QUẢN LÝ
A4: Kỳ đánh giá:
A6: Tiêu chí | B6: Nhóm | C6: Trọng số (%) | D6: Thang điểm (1-5) | E6: Điểm chấm | F6: Điểm quy đổi
A7: Hỗ trợ Trưởng phòng điều hành công việc chung | B7: Chuyên môn-Nghiệp vụ | C7: 15 | D7: 5 | F7: =IFERROR(E7/D7*C7/100, "")
A8: Trực tiếp xử lý công việc chuyên môn được giao | B8: Chuyên môn-Nghiệp vụ | C8: 15 | D8: 5 | F8: =IFERROR(E8/D8*C8/100, "")
A9: Đề xuất cải tiến trong phạm vi phụ trách | B9: Chuyên môn-Nghiệp vụ | C9: 10 | D9: 5 | F9: =IFERROR(E9/D9*C9/100, "")
A10: Tuân thủ quy định, quy trình công ty | B10: Tuân thủ-Thời hạn | C10: 12 | D10: 5 | F10: =IFERROR(E10/D10*C10/100, "")
A11: Đảm bảo tiến độ công việc được giao | B11: Tuân thủ-Thời hạn | C11: 12 | D11: 5 | F11: =IFERROR(E11/D11*C11/100, "")
A12: Kiểm soát chất lượng công việc cá nhân và nhóm | B12: Tuân thủ-Thời hạn | C12: 11 | D12: 5 | F12: =IFERROR(E12/D12*C12/100, "")
A13: Hỗ trợ, hướng dẫn nhân viên trong phòng | B13: Phối hợp-Thái độ | C13: 13 | D13: 5 | F13: =IFERROR(E13/D13*C13/100, "")
A14: Phối hợp công việc liên phòng ban | B14: Phối hợp-Thái độ | C14: 12 | D14: 5 | F14: =IFERROR(E14/D14*C14/100, "")
A15: TỔNG ĐIỂM | C15: 100 | F15: =SUM(F7:F14)
A17: XẾP LOẠI | F17: =IFERROR(_xlfn.IFS(F15>=80,"Xuất sắc",F15>=70,"Đạt",F15<70,"Cần cải thiện"), "")

Sheet QL05_Truong_Nhom
A1: KPI ĐÁNH GIÁ: TRƯỞNG NHÓM / TRƯỞNG BỘ PHẬN
A2: KK HOME |
A3: KHỐI QUẢN LÝ
A4: Kỳ đánh giá:
A6: Tiêu chí | B6: Nhóm | C6: Trọng số (%) | D6: Thang điểm (1-5) | E6: Điểm chấm | F6: Điểm quy đổi
A7: Hoàn thành khối lượng, chất lượng công việc nhóm phụ trách | B7: Chuyên môn-Nghiệp vụ | C7: 16 | D7: 5 | F7: =IFERROR(E7/D7*C7/100, "")
A8: Phân công, điều phối công việc nhóm hợp lý | B8: Chuyên môn-Nghiệp vụ | C8: 14 | D8: 5 | F8: =IFERROR(E8/D8*C8/100, "")
A9: Giải quyết vấn đề phát sinh trong nhóm | B9: Chuyên môn-Nghiệp vụ | C9: 10 | D9: 5 | F9: =IFERROR(E9/D9*C9/100, "")
A10: Tuân thủ nội quy, quy trình làm việc | B10: Tuân thủ-Thời hạn | C10: 13 | D10: 5 | F10: =IFERROR(E10/D10*C10/100, "")
A11: Đảm bảo tiến độ công việc nhóm | B11: Tuân thủ-Thời hạn | C11: 12 | D11: 5 | F11: =IFERROR(E11/D11*C11/100, "")
A12: Báo cáo kịp thời, chính xác cho cấp trên | B12: Tuân thủ-Thời hạn | C12: 10 | D12: 5 | F12: =IFERROR(E12/D12*C12/100, "")
A13: Xây dựng tinh thần làm việc nhóm, hỗ trợ đồng nghiệp | B13: Phối hợp-Thái độ | C13: 13 | D13: 5 | F13: =IFERROR(E13/D13*C13/100, "")
A14: Phối hợp với các nhóm, bộ phận khác | B14: Phối hợp-Thái độ | C14: 12 | D14: 5 | F14: =IFERROR(E14/D14*C14/100, "")
A15: TỔNG ĐIỂM | C15: 100 | F15: =SUM(F7:F14)
A17: XẾP LOẠI | F17: =IFERROR(_xlfn.IFS(F15>=80,"Xuất sắc",F15>=70,"Đạt",F15<70,"Cần cải thiện"), "")

Sheet SX01_GD_San_Xuat
A1: KPI ĐÁNH GIÁ: GIÁM ĐỐC SẢN XUẤT / GIÁM ĐỐC NHÀ MÁY
A2: KK HOME |
A3: KHỐI QUẢN LÝ SẢN XUẤT
A4: Kỳ đánh giá:
A6: Tiêu chí | B6: Nhóm | C6: Trọng số (%) | D6: Thang điểm (1-5) | E6: Điểm chấm | F6: Điểm quy đổi
A7: Đạt sản lượng, năng suất theo kế hoạch sản xuất | B7: Chuyên môn-Nghiệp vụ | C7: 16 | D7: 5 | F7: =IFERROR(E7/D7*C7/100, "")
A8: Hoạch định, tối ưu quy trình sản xuất toàn nhà máy | B8: Chuyên môn-Nghiệp vụ | C8: 14 | D8: 5 | F8: =IFERROR(E8/D8*C8/100, "")
A9: Kiểm soát chi phí sản xuất, định mức nguyên vật liệu | B9: Chuyên môn-Nghiệp vụ | C9: 10 | D9: 5 | F9: =IFERROR(E9/D9*C9/100, "")
A10: Tuân thủ an toàn lao động, PCCC, môi trường | B10: Tuân thủ-Thời hạn | C10: 13 | D10: 5 | F10: =IFERROR(E10/D10*C10/100, "")
A11: Đảm bảo tiến độ giao hàng theo kế hoạch | B11: Tuân thủ-Thời hạn | C11: 12 | D11: 5 | F11: =IFERROR(E11/D11*C11/100, "")
A12: Kiểm soát chất lượng sản phẩm đầu ra | B12: Tuân thủ-Thời hạn | C12: 10 | D12: 5 | F12: =IFERROR(E12/D12*C12/100, "")
A13: Lãnh đạo, phát triển đội ngũ quản lý sản xuất | B13: Phối hợp-Thái độ | C13: 13 | D13: 5 | F13: =IFERROR(E13/D13*C13/100, "")
A14: Phối hợp với khối kinh doanh, kỹ thuật, chất lượng | B14: Phối hợp-Thái độ | C14: 12 | D14: 5 | F14: =IFERROR(E14/D14*C14/100, "")
A15: TỔNG ĐIỂM | C15: 100 | F15: =SUM(F7:F14)
A17: XẾP LOẠI | F17: =IFERROR(_xlfn.IFS(F15>=80,"Xuất sắc",F15>=70,"Đạt",F15<70,"Cần cải thiện"), "")

Sheet SX02_Quan_Doc
A1: KPI ĐÁNH GIÁ: QUẢN ĐỐC PHÂN XƯỞNG
A2: KK HOME |
A3: KHỐI QUẢN LÝ SẢN XUẤT
A4: Kỳ đánh giá:
A6: Tiêu chí | B6: Nhóm | C6: Trọng số (%) | D6: Thang điểm (1-5) | E6: Điểm chấm | F6: Điểm quy đổi
A7: Hoàn thành sản lượng phân xưởng theo kế hoạch | B7: Chuyên môn-Nghiệp vụ | C7: 16 | D7: 5 | F7: =IFERROR(E7/D7*C7/100, "")
A8: Quản lý, sử dụng hiệu quả máy móc, thiết bị | B8: Chuyên môn-Nghiệp vụ | C8: 14 | D8: 5 | F8: =IFERROR(E8/D8*C8/100, "")
A9: Kiểm soát tiêu hao nguyên vật liệu, giảm phế phẩm | B9: Chuyên môn-Nghiệp vụ | C9: 10 | D9: 5 | F9: =IFERROR(E9/D9*C9/100, "")
A10: Tuân thủ an toàn lao động, quy trình vận hành | B10: Tuân thủ-Thời hạn | C10: 13 | D10: 5 | F10: =IFERROR(E10/D10*C10/100, "")
A11: Đảm bảo tiến độ sản xuất, giao ca đúng quy định | B11: Tuân thủ-Thời hạn | C11: 12 | D11: 5 | F11: =IFERROR(E11/D11*C11/100, "")
A12: Kiểm soát chất lượng sản phẩm tại phân xưởng | B12: Tuân thủ-Thời hạn | C12: 10 | D12: 5 | F12: =IFERROR(E12/D12*C12/100, "")
A13: Quản lý, điều phối nhân sự phân xưởng | B13: Phối hợp-Thái độ | C13: 13 | D13: 5 | F13: =IFERROR(E13/D13*C13/100, "")
A14: Phối hợp với phòng kế hoạch, QC, bảo trì | B14: Phối hợp-Thái độ | C14: 12 | D14: 5 | F14: =IFERROR(E14/D14*C14/100, "")
A15: TỔNG ĐIỂM | C15: 100 | F15: =SUM(F7:F14)
A17: XẾP LOẠI | F17: =IFERROR(_xlfn.IFS(F15>=80,"Xuất sắc",F15>=70,"Đạt",F15<70,"Cần cải thiện"), "")

Sheet SX03_Truong_Ca
A1: KPI ĐÁNH GIÁ: TRƯỞNG CA SẢN XUẤT
A2: KK HOME |
A3: KHỐI QUẢN LÝ SẢN XUẤT
A4: Kỳ đánh giá:
A6: Tiêu chí | B6: Nhóm | C6: Trọng số (%) | D6: Thang điểm (1-5) | E6: Điểm chấm | F6: Điểm quy đổi
A7: Hoàn thành sản lượng ca sản xuất được giao | B7: Chuyên môn-Nghiệp vụ | C7: 17 | D7: 5 | F7: =IFERROR(E7/D7*C7/100, "")
A8: Giám sát vận hành máy móc, quy trình sản xuất trong ca | B8: Chuyên môn-Nghiệp vụ | C8: 13 | D8: 5 | F8: =IFERROR(E8/D8*C8/100, "")
A9: Xử lý sự cố phát sinh trong ca sản xuất | B9: Chuyên môn-Nghiệp vụ | C9: 10 | D9: 5 | F9: =IFERROR(E9/D9*C9/100, "")
A10: Tuân thủ an toàn lao động trong ca | B10: Tuân thủ-Thời hạn | C10: 13 | D10: 5 | F10: =IFERROR(E10/D10*C10/100, "")
A11: Bàn giao ca đầy đủ, đúng quy định, đúng thời gian | B11: Tuân thủ-Thời hạn | C11: 11 | D11: 5 | F11: =IFERROR(E11/D11*C11/100, "")
A12: Kiểm soát chất lượng sản phẩm trong ca | B12: Tuân thủ-Thời hạn | C12: 11 | D12: 5 | F12: =IFERROR(E12/D12*C12/100, "")
A13: Điều phối, hỗ trợ công nhân trong ca | B13: Phối hợp-Thái độ | C13: 13 | D13: 5 | F13: =IFERROR(E13/D13*C13/100, "")
A14: Phối hợp với ca trước/ca sau, các bộ phận liên quan | B14: Phối hợp-Thái độ | C14: 12 | D14: 5 | F14: =IFERROR(E14/D14*C14/100, "")
A15: TỔNG ĐIỂM | C15: 100 | F15: =SUM(F7:F14)
A17: XẾP LOẠI | F17: =IFERROR(_xlfn.IFS(F15>=80,"Xuất sắc",F15>=70,"Đạt",F15<70,"Cần cải thiện"), "")

Sheet SX04_To_Truong
A1: KPI ĐÁNH GIÁ: TỔ TRƯỞNG SẢN XUẤT
A2: KK HOME |
A3: KHỐI QUẢN LÝ SẢN XUẤT
A4: Kỳ đánh giá:
A6: Tiêu chí | B6: Nhóm | C6: Trọng số (%) | D6: Thang điểm (1-5) | E6: Điểm chấm | F6: Điểm quy đổi
A7: Hoàn thành khối lượng công việc của tổ | B7: Chuyên môn-Nghiệp vụ | C7: 17 | D7: 5 | F7: =IFERROR(E7/D7*C7/100, "")
A8: Phân công công việc hợp lý, đúng năng lực công nhân | B8: Chuyên môn-Nghiệp vụ | C8: 13 | D8: 5 | F8: =IFERROR(E8/D8*C8/100, "")
A9: Kiểm soát năng suất, giảm thời gian chết máy | B9: Chuyên môn-Nghiệp vụ | C9: 10 | D9: 5 | F9: =IFERROR(E9/D9*C9/100, "")
A10: Tuân thủ an toàn lao động, 5S tại tổ | B10: Tuân thủ-Thời hạn | C10: 13 | D10: 5 | F10: =IFERROR(E10/D10*C10/100, "")
A11: Đảm bảo tiến độ công việc tổ được giao | B11: Tuân thủ-Thời hạn | C11: 11 | D11: 5 | F11: =IFERROR(E11/D11*C11/100, "")
A12: Kiểm soát chất lượng sản phẩm của tổ | B12: Tuân thủ-Thời hạn | C12: 11 | D12: 5 | F12: =IFERROR(E12/D12*C12/100, "")
A13: Hướng dẫn, kèm cặp công nhân trong tổ | B13: Phối hợp-Thái độ | C13: 13 | D13: 5 | F13: =IFERROR(E13/D13*C13/100, "")
A14: Phối hợp với các tổ khác, báo cáo quản đốc | B14: Phối hợp-Thái độ | C14: 12 | D14: 5 | F14: =IFERROR(E14/D14*C14/100, "")
A15: TỔNG ĐIỂM | C15: 100 | F15: =SUM(F7:F14)
A17: XẾP LOẠI | F17: =IFERROR(_xlfn.IFS(F15>=80,"Xuất sắc",F15>=70,"Đạt",F15<70,"Cần cải thiện"), "")

Sheet SX05_Truong_QC_QA
A1: KPI ĐÁNH GIÁ: TRƯỞNG PHÒNG QC/QA
A2: KK HOME |
A3: KHỐI QUẢN LÝ SẢN XUẤT
A4: Kỳ đánh giá:
A6: Tiêu chí | B6: Nhóm | C6: Trọng số (%) | D6: Thang điểm (1-5) | E6: Điểm chấm | F6: Điểm quy đổi
A7: Kiểm soát chất lượng sản phẩm đạt tiêu chuẩn | B7: Chuyên môn-Nghiệp vụ | C7: 17 | D7: 5 | F7: =IFERROR(E7/D7*C7/100, "")
A8: Xây dựng, cải tiến hệ thống quản lý chất lượng | B8: Chuyên môn-Nghiệp vụ | C8: 13 | D8: 5 | F8: =IFERROR(E8/D8*C8/100, "")
A9: Phân tích nguyên nhân lỗi, đề xuất khắc phục | B9: Chuyên môn-Nghiệp vụ | C9: 10 | D9: 5 | F9: =IFERROR(E9/D9*C9/100, "")
A10: Tuân thủ tiêu chuẩn chất lượng, quy trình kiểm tra | B10: Tuân thủ-Thời hạn | C10: 13 | D10: 5 | F10: =IFERROR(E10/D10*C10/100, "")
A11: Đảm bảo tiến độ kiểm tra, không làm chậm sản xuất | B11: Tuân thủ-Thời hạn | C11: 11 | D11: 5 | F11: =IFERROR(E11/D11*C11/100, "")
A12: Lưu trữ hồ sơ chất lượng đầy đủ, đúng quy định | B12: Tuân thủ-Thời hạn | C12: 11 | D12: 5 | F12: =IFERROR(E12/D12*C12/100, "")
A13: Quản lý, đào tạo đội ngũ QC/QA | B13: Phối hợp-Thái độ | C13: 13 | D13: 5 | F13: =IFERROR(E13/D13*C13/100, "")
A14: Phối hợp với sản xuất, khách hàng khi có khiếu nại | B14: Phối hợp-Thái độ | C14: 12 | D14: 5 | F14: =IFERROR(E14/D14*C14/100, "")
A15: TỔNG ĐIỂM | C15: 100 | F15: =SUM(F7:F14)
A17: XẾP LOẠI | F17: =IFERROR(_xlfn.IFS(F15>=80,"Xuất sắc",F15>=70,"Đạt",F15<70,"Cần cải thiện"), "")

Sheet SX06_Truong_PPC
A1: KPI ĐÁNH GIÁ: TRƯỞNG PHÒNG KẾ HOẠCH SẢN XUẤT (PPC)
A2: KK HOME |
A3: KHỐI QUẢN LÝ SẢN XUẤT
A4: Kỳ đánh giá:
A6: Tiêu chí | B6: Nhóm | C6: Trọng số (%) | D6: Thang điểm (1-5) | E6: Điểm chấm | F6: Điểm quy đổi
A7: Lập kế hoạch sản xuất sát với thực tế, đơn hàng | B7: Chuyên môn-Nghiệp vụ | C7: 17 | D7: 5 | F7: =IFERROR(E7/D7*C7/100, "")
A8: Cân đối nguyên vật liệu, công suất máy móc | B8: Chuyên môn-Nghiệp vụ | C8: 13 | D8: 5 | F8: =IFERROR(E8/D8*C8/100, "")
A9: Điều chỉnh kế hoạch linh hoạt khi có phát sinh | B9: Chuyên môn-Nghiệp vụ | C9: 10 | D9: 5 | F9: =IFERROR(E9/D9*C9/100, "")
A10: Đảm bảo kế hoạch tuân thủ tiến độ giao hàng | B10: Tuân thủ-Thời hạn | C10: 13 | D10: 5 | F10: =IFERROR(E10/D10*C10/100, "")
A11: Cập nhật, báo cáo tình hình sản xuất đúng hạn | B11: Tuân thủ-Thời hạn | C11: 11 | D11: 5 | F11: =IFERROR(E11/D11*C11/100, "")
A12: Kiểm soát tồn kho nguyên vật liệu, thành phẩm hợp lý | B12: Tuân thủ-Thời hạn | C12: 11 | D12: 5 | F12: =IFERROR(E12/D12*C12/100, "")
A13: Phối hợp với kinh doanh, sản xuất, mua hàng | B13: Phối hợp-Thái độ | C13: 13 | D13: 5 | F13: =IFERROR(E13/D13*C13/100, "")
A14: Hỗ trợ, hướng dẫn nhân viên trong phòng | B14: Phối hợp-Thái độ | C14: 12 | D14: 5 | F14: =IFERROR(E14/D14*C14/100, "")
A15: TỔNG ĐIỂM | C15: 100 | F15: =SUM(F7:F14)
A17: XẾP LOẠI | F17: =IFERROR(_xlfn.IFS(F15>=80,"Xuất sắc",F15>=70,"Đạt",F15<70,"Cần cải thiện"), "")

Sheet CN01_Van_Hanh_May
A1: KPI ĐÁNH GIÁ: CÔNG NHÂN VẬN HÀNH MÁY
A2: KK HOME |
A3: KHỐI CÔNG NHÂN SẢN XUẤT
A4: Kỳ đánh giá:
A6: Tiêu chí | B6: Nhóm | C6: Trọng số (%) | D6: Thang điểm (1-5) | E6: Điểm chấm | F6: Điểm quy đổi
A7: Vận hành máy đúng quy trình, đạt sản lượng định mức | B7: Chuyên môn-Nghiệp vụ | C7: 18 | D7: 5 | F7: =IFERROR(E7/D7*C7/100, "")
A8: Phát hiện, xử lý hoặc báo cáo sự cố máy kịp thời | B8: Chuyên môn-Nghiệp vụ | C8: 12 | D8: 5 | F8: =IFERROR(E8/D8*C8/100, "")
A9: Bảo dưỡng, vệ sinh máy hàng ngày theo quy định | B9: Chuyên môn-Nghiệp vụ | C9: 10 | D9: 5 | F9: =IFERROR(E9/D9*C9/100, "")
A10: Tuân thủ an toàn lao động, sử dụng đầy đủ đồ bảo hộ | B10: Tuân thủ-Thời hạn | C10: 15 | D10: 5 | F10: =IFERROR(E10/D10*C10/100, "")
A11: Tuân thủ giờ giấc làm việc, giao ca đúng quy định | B11: Tuân thủ-Thời hạn | C11: 10 | D11: 5 | F11: =IFERROR(E11/D11*C11/100, "")
A12: Tuân thủ quy trình 5S tại vị trí làm việc | B12: Tuân thủ-Thời hạn | C12: 10 | D12: 5 | F12: =IFERROR(E12/D12*C12/100, "")
A13: Sản phẩm đạt chất lượng, tỷ lệ lỗi trong giới hạn cho phép | B13: Phối hợp-Thái độ | C13: 13 | D13: 5 | F13: =IFERROR(E13/D13*C13/100, "")
A14: Phối hợp với tổ trưởng, đồng nghiệp trong ca | B14: Phối hợp-Thái độ | C14: 12 | D14: 5 | F14: =IFERROR(E14/D14*C14/100, "")
A15: TỔNG ĐIỂM | C15: 100 | F15: =SUM(F7:F14)
A17: XẾP LOẠI | F17: =IFERROR(_xlfn.IFS(F15>=80,"Xuất sắc",F15>=70,"Đạt",F15<70,"Cần cải thiện"), "")

Sheet CN02_Lap_Rap_Gia_Cong
A1: KPI ĐÁNH GIÁ: CÔNG NHÂN LẮP RÁP / GIA CÔNG
A2: KK HOME |
A3: KHỐI CÔNG NHÂN SẢN XUẤT
A4: Kỳ đánh giá:
A6: Tiêu chí | B6: Nhóm | C6: Trọng số (%) | D6: Thang điểm (1-5) | E6: Điểm chấm | F6: Điểm quy đổi
A7: Hoàn thành sản lượng lắp ráp, gia công theo định mức | B7: Chuyên môn-Nghiệp vụ | C7: 18 | D7: 5 | F7: =IFERROR(E7/D7*C7/100, "")
A8: Thao tác đúng kỹ thuật, đúng bản vẽ, hướng dẫn công việc | B8: Chuyên môn-Nghiệp vụ | C8: 12 | D8: 5 | F8: =IFERROR(E8/D8*C8/100, "")
A9: Phát hiện lỗi sản phẩm trong quá trình làm việc | B9: Chuyên môn-Nghiệp vụ | C9: 10 | D9: 5 | F9: =IFERROR(E9/D9*C9/100, "")
A10: Tuân thủ an toàn lao động | B10: Tuân thủ-Thời hạn | C10: 14 | D10: 5 | F10: =IFERROR(E10/D10*C10/100, "")
A11: Tuân thủ giờ giấc, kỷ luật lao động | B11: Tuân thủ-Thời hạn | C11: 11 | D11: 5 | F11: =IFERROR(E11/D11*C11/100, "")
A12: Tuân thủ quy trình 5S, giữ gìn dụng cụ, vị trí làm việc | B12: Tuân thủ-Thời hạn | C12: 10 | D12: 5 | F12: =IFERROR(E12/D12*C12/100, "")
A13: Tỷ lệ sản phẩm đạt chất lượng, ít lỗi, hàng trả lại | B13: Phối hợp-Thái độ | C13: 13 | D13: 5 | F13: =IFERROR(E13/D13*C13/100, "")
A14: Hỗ trợ, phối hợp đồng nghiệp hoàn thành công việc chung | B14: Phối hợp-Thái độ | C14: 12 | D14: 5 | F14: =IFERROR(E14/D14*C14/100, "")
A15: TỔNG ĐIỂM | C15: 100 | F15: =SUM(F7:F14)
A17: XẾP LOẠI | F17: =IFERROR(_xlfn.IFS(F15>=80,"Xuất sắc",F15>=70,"Đạt",F15<70,"Cần cải thiện"), "")

Sheet CN03_Dong_Goi
A1: KPI ĐÁNH GIÁ: CÔNG NHÂN ĐÓNG GÓI
A2: KK HOME |
A3: KHỐI CÔNG NHÂN SẢN XUẤT
A4: Kỳ đánh giá:
A6: Tiêu chí | B6: Nhóm | C6: Trọng số (%) | D6: Thang điểm (1-5) | E6: Điểm chấm | F6: Điểm quy đổi
A7: Hoàn thành sản lượng đóng gói theo định mức | B7: Chuyên môn-Nghiệp vụ | C7: 18 | D7: 5 | F7: =IFERROR(E7/D7*C7/100, "")
A8: Đóng gói đúng quy cách, đúng nhãn mác, đúng đơn hàng | B8: Chuyên môn-Nghiệp vụ | C8: 12 | D8: 5 | F8: =IFERROR(E8/D8*C8/100, "")
A9: Kiểm tra sản phẩm trước khi đóng gói | B9: Chuyên môn-Nghiệp vụ | C9: 10 | D9: 5 | F9: =IFERROR(E9/D9*C9/100, "")
A10: Tuân thủ an toàn lao động | B10: Tuân thủ-Thời hạn | C10: 14 | D10: 5 | F10: =IFERROR(E10/D10*C10/100, "")
A11: Tuân thủ giờ giấc, tiến độ đóng gói theo kế hoạch xuất hàng | B11: Tuân thủ-Thời hạn | C11: 11 | D11: 5 | F11: =IFERROR(E11/D11*C11/100, "")
A12: Tuân thủ quy trình 5S tại khu vực đóng gói | B12: Tuân thủ-Thời hạn | C12: 10 | D12: 5 | F12: =IFERROR(E12/D12*C12/100, "")
A13: Tỷ lệ đóng gói đúng, không nhầm lẫn đơn hàng | B13: Phối hợp-Thái độ | C13: 13 | D13: 5 | F13: =IFERROR(E13/D13*C13/100, "")
A14: Phối hợp với bộ phận kho, vận chuyển | B14: Phối hợp-Thái độ | C14: 12 | D14: 5 | F14: =IFERROR(E14/D14*C14/100, "")
A15: TỔNG ĐIỂM | C15: 100 | F15: =SUM(F7:F14)
A17: XẾP LOẠI | F17: =IFERROR(_xlfn.IFS(F15>=80,"Xuất sắc",F15>=70,"Đạt",F15<70,"Cần cải thiện"), "")

Sheet CN04_KCS
A1: KPI ĐÁNH GIÁ: NHÂN VIÊN KCS (KIỂM TRA CHẤT LƯỢNG)
A2: KK HOME |
A3: KHỐI CÔNG NHÂN SẢN XUẤT
A4: Kỳ đánh giá:
A6: Tiêu chí | B6: Nhóm | C6: Trọng số (%) | D6: Thang điểm (1-5) | E6: Điểm chấm | F6: Điểm quy đổi
A7: Kiểm tra chất lượng đúng tiêu chuẩn, đúng quy trình | B7: Chuyên môn-Nghiệp vụ | C7: 18 | D7: 5 | F7: =IFERROR(E7/D7*C7/100, "")
A8: Phát hiện, ghi nhận lỗi sản phẩm kịp thời, chính xác | B8: Chuyên môn-Nghiệp vụ | C8: 12 | D8: 5 | F8: =IFERROR(E8/D8*C8/100, "")
A9: Lập biên bản, hồ sơ kiểm tra đầy đủ | B9: Chuyên môn-Nghiệp vụ | C9: 10 | D9: 5 | F9: =IFERROR(E9/D9*C9/100, "")
A10: Tuân thủ quy trình kiểm tra, tiêu chuẩn chất lượng công ty | B10: Tuân thủ-Thời hạn | C10: 14 | D10: 5 | F10: =IFERROR(E10/D10*C10/100, "")
A11: Đảm bảo tiến độ kiểm tra, không làm chậm dây chuyền | B11: Tuân thủ-Thời hạn | C11: 11 | D11: 5 | F11: =IFERROR(E11/D11*C11/100, "")
A12: Tuân thủ an toàn lao động | B12: Tuân thủ-Thời hạn | C12: 10 | D12: 5 | F12: =IFERROR(E12/D12*C12/100, "")
A13: Phản hồi kết quả kiểm tra kịp thời cho sản xuất | B13: Phối hợp-Thái độ | C13: 13 | D13: 5 | F13: =IFERROR(E13/D13*C13/100, "")
A14: Phối hợp với tổ trưởng, quản đốc xử lý hàng lỗi | B14: Phối hợp-Thái độ | C14: 12 | D14: 5 | F14: =IFERROR(E14/D14*C14/100, "")
A15: TỔNG ĐIỂM | C15: 100 | F15: =SUM(F7:F14)
A17: XẾP LOẠI | F17: =IFERROR(_xlfn.IFS(F15>=80,"Xuất sắc",F15>=70,"Đạt",F15<70,"Cần cải thiện"), "")

Sheet CN05_Kho_Px
A1: KPI ĐÁNH GIÁ: CÔNG NHÂN KHO / THỦ KHO PHÂN XƯỞNG
A2: KK HOME |
A3: KHỐI CÔNG NHÂN SẢN XUẤT
A4: Kỳ đánh giá:
A6: Tiêu chí | B6: Nhóm | C6: Trọng số (%) | D6: Thang điểm (1-5) | E6: Điểm chấm | F6: Điểm quy đổi
A7: Nhập, xuất nguyên vật liệu, thành phẩm chính xác | B7: Chuyên môn-Nghiệp vụ | C7: 18 | D7: 5 | F7: =IFERROR(E7/D7*C7/100, "")
A8: Sắp xếp kho khoa học, dễ kiểm soát | B8: Chuyên môn-Nghiệp vụ | C8: 12 | D8: 5 | F8: =IFERROR(E8/D8*C8/100, "")
A9: Kiểm kê định kỳ, đối chiếu số liệu chính xác | B9: Chuyên môn-Nghiệp vụ | C9: 10 | D9: 5 | F9: =IFERROR(E9/D9*C9/100, "")
A10: Tuân thủ quy trình nhập xuất kho, chứng từ đầy đủ | B10: Tuân thủ-Thời hạn | C10: 14 | D10: 5 | F10: =IFERROR(E10/D10*C10/100, "")
A11: Tuân thủ an toàn lao động, PCCC trong kho | B11: Tuân thủ-Thời hạn | C11: 11 | D11: 5 | F11: =IFERROR(E11/D11*C11/100, "")
A12: Đảm bảo tiến độ cấp phát vật tư cho sản xuất | B12: Tuân thủ-Thời hạn | C12: 10 | D12: 5 | F12: =IFERROR(E12/D12*C12/100, "")
A13: Kiểm soát thất thoát, hư hỏng hàng hóa trong kho | B13: Phối hợp-Thái độ | C13: 13 | D13: 5 | F13: =IFERROR(E13/D13*C13/100, "")
A14: Phối hợp với sản xuất, mua hàng, kế toán kho | B14: Phối hợp-Thái độ | C14: 12 | D14: 5 | F14: =IFERROR(E14/D14*C14/100, "")
A15: TỔNG ĐIỂM | C15: 100 | F15: =SUM(F7:F14)
A17: XẾP LOẠI | F17: =IFERROR(_xlfn.IFS(F15>=80,"Xuất sắc",F15>=70,"Đạt",F15<70,"Cần cải thiện"), "")

Sheet CN06_Bao_Tri_Co_Dien
A1: KPI ĐÁNH GIÁ: CÔNG NHÂN BẢO TRÌ - CƠ ĐIỆN
A2: KK HOME |
A3: KHỐI CÔNG NHÂN SẢN XUẤT
A4: Kỳ đánh giá:
A6: Tiêu chí | B6: Nhóm | C6: Trọng số (%) | D6: Thang điểm (1-5) | E6: Điểm chấm | F6: Điểm quy đổi
A7: Bảo trì, sửa chữa máy móc kịp thời, đúng kỹ thuật | B7: Chuyên môn-Nghiệp vụ | C7: 18 | D7: 5 | F7: =IFERROR(E7/D7*C7/100, "")
A8: Thực hiện bảo trì định kỳ theo kế hoạch | B8: Chuyên môn-Nghiệp vụ | C8: 12 | D8: 5 | F8: =IFERROR(E8/D8*C8/100, "")
A9: Đề xuất cải tiến giảm hỏng hóc, tăng tuổi thọ thiết bị | B9: Chuyên môn-Nghiệp vụ | C9: 10 | D9: 5 | F9: =IFERROR(E9/D9*C9/100, "")
A10: Tuân thủ an toàn điện, an toàn lao động | B10: Tuân thủ-Thời hạn | C10: 14 | D10: 5 | F10: =IFERROR(E10/D10*C10/100, "")
A11: Đảm bảo thời gian khắc phục sự cố theo cam kết | B11: Tuân thủ-Thời hạn | C11: 11 | D11: 5 | F11: =IFERROR(E11/D11*C11/100, "")
A12: Ghi chép nhật ký bảo trì, sửa chữa đầy đủ | B12: Tuân thủ-Thời hạn | C12: 10 | D12: 5 | F12: =IFERROR(E12/D12*C12/100, "")
A13: Giảm thời gian dừng máy do sự cố | B13: Phối hợp-Thái độ | C13: 13 | D13: 5 | F13: =IFERROR(E13/D13*C13/100, "")
A14: Phối hợp với sản xuất để bố trí lịch bảo trì hợp lý | B14: Phối hợp-Thái độ | C14: 12 | D14: 5 | F14: =IFERROR(E14/D14*C14/100, "")
A15: TỔNG ĐIỂM | C15: 100 | F15: =SUM(F7:F14)
A17: XẾP LOẠI | F17: =IFERROR(_xlfn.IFS(F15>=80,"Xuất sắc",F15>=70,"Đạt",F15<70,"Cần cải thiện"), "")

Sheet Tổng hợp
A1: TỔNG HỢP ĐIỂM ĐÁNH GIÁ - 17 VỊ TRÍ (QUẢN LÝ - QLSX - CÔNG NHÂN SX)
A2: KK HOME |
A4: KHỐI QUẢN LÝ
A5: Vị trí | B5: Điểm tổng | C5: Xếp loại | D5: Ghi chú
A6: Tổng Giám đốc / Giám đốc điều hành | B6: ='QL01_TGD_GDDH'!F15 | C6: =IFERROR(_xlfn.IFS(B6>=80,"Xuất sắc",B6>=70,"Đạt",B6<70,"Cần cải thiện"), "")
A7: Phó Giám đốc | B7: ='QL02_Pho_GD'!F15 | C7: =IFERROR(_xlfn.IFS(B7>=80,"Xuất sắc",B7>=70,"Đạt",B7<70,"Cần cải thiện"), "")
A8: Trưởng phòng | B8: ='QL03_Truong_Phong'!F15 | C8: =IFERROR(_xlfn.IFS(B8>=80,"Xuất sắc",B8>=70,"Đạt",B8<70,"Cần cải thiện"), "")
A9: Phó phòng | B9: ='QL04_Pho_Phong'!F15 | C9: =IFERROR(_xlfn.IFS(B9>=80,"Xuất sắc",B9>=70,"Đạt",B9<70,"Cần cải thiện"), "")
A10: Trưởng nhóm / Trưởng bộ phận | B10: ='QL05_Truong_Nhom'!F15 | C10: =IFERROR(_xlfn.IFS(B10>=80,"Xuất sắc",B10>=70,"Đạt",B10<70,"Cần cải thiện"), "")
A11: KHỐI QUẢN LÝ SẢN XUẤT
A12: Vị trí | B12: Điểm tổng | C12: Xếp loại | D12: Ghi chú
A13: Giám đốc sản xuất / Giám đốc nhà máy | B13: ='SX01_GD_San_Xuat'!F15 | C13: =IFERROR(_xlfn.IFS(B13>=80,"Xuất sắc",B13>=70,"Đạt",B13<70,"Cần cải thiện"), "")
A14: Quản đốc phân xưởng | B14: ='SX02_Quan_Doc'!F15 | C14: =IFERROR(_xlfn.IFS(B14>=80,"Xuất sắc",B14>=70,"Đạt",B14<70,"Cần cải thiện"), "")
A15: Trưởng ca sản xuất | B15: ='SX03_Truong_Ca'!F15 | C15: =IFERROR(_xlfn.IFS(B15>=80,"Xuất sắc",B15>=70,"Đạt",B15<70,"Cần cải thiện"), "")
A16: Tổ trưởng sản xuất | B16: ='SX04_To_Truong'!F15 | C16: =IFERROR(_xlfn.IFS(B16>=80,"Xuất sắc",B16>=70,"Đạt",B16<70,"Cần cải thiện"), "")
A17: Trưởng phòng QC/QA | B17: ='SX05_Truong_QC_QA'!F15 | C17: =IFERROR(_xlfn.IFS(B17>=80,"Xuất sắc",B17>=70,"Đạt",B17<70,"Cần cải thiện"), "")
A18: Trưởng phòng Kế hoạch sản xuất (PPC) | B18: ='SX06_Truong_PPC'!F15 | C18: =IFERROR(_xlfn.IFS(B18>=80,"Xuất sắc",B18>=70,"Đạt",B18<70,"Cần cải thiện"), "")
A19: KHỐI CÔNG NHÂN SẢN XUẤT
A20: Vị trí | B20: Điểm tổng | C20: Xếp loại | D20: Ghi chú
A21: Công nhân vận hành máy | B21: ='CN01_Van_Hanh_May'!F15 | C21: =IFERROR(_xlfn.IFS(B21>=80,"Xuất sắc",B21>=70,"Đạt",B21<70,"Cần cải thiện"), "")
A22: Công nhân lắp ráp / gia công | B22: ='CN02_Lap_Rap_Gia_Cong'!F15 | C22: =IFERROR(_xlfn.IFS(B22>=80,"Xuất sắc",B22>=70,"Đạt",B22<70,"Cần cải thiện"), "")
A23: Công nhân đóng gói | B23: ='CN03_Dong_Goi'!F15 | C23: =IFERROR(_xlfn.IFS(B23>=80,"Xuất sắc",B23>=70,"Đạt",B23<70,"Cần cải thiện"), "")
A24: Nhân viên KCS (kiểm tra chất lượng) | B24: ='CN04_KCS'!F15 | C24: =IFERROR(_xlfn.IFS(B24>=80,"Xuất sắc",B24>=70,"Đạt",B24<70,"Cần cải thiện"), "")
A25: Công nhân kho / Thủ kho phân xưởng | B25: ='CN05_Kho_Px'!F15 | C25: =IFERROR(_xlfn.IFS(B25>=80,"Xuất sắc",B25>=70,"Đạt",B25<70,"Cần cải thiện"), "")
A26: Công nhân bảo trì - cơ điện | B26: ='CN06_Bao_Tri_Co_Dien'!F15 | C26: =IFERROR(_xlfn.IFS(B26>=80,"Xuất sắc",B26>=70,"Đạt",B26<70,"Cần cải thiện"), "")

Sheet So sánh
A1: SO SÁNH ĐIỂM ĐÁNH GIÁ - NHÂN VIÊN / BỘ PHẬN
A2: KK HOME |
A4: Hướng dẫn: Nhập tên nhân viên, vị trí, kỳ đánh giá. Điểm tổng lấy thủ công/dẫn chiếu từ sheet vị trí tương ứng.
A6: Tên nhân viên | B6: Vị trí | C6: Kỳ đánh giá | D6: Điểm tổng | E6: Xếp loại | F6: Ghi chú

Sheet Nguyên tắc chấm
A1: NGUYÊN TẮC & QUY TẮC CHẤM ĐIỂM
A2: KK HOME |
A4: THANG ĐIỂM 1-5
A5: 5 điểm | B5: Tuyệt vời - Hoàn thành công việc xuất sắc, vượt mong đợi, tự giác và chủ động
A6: 4 điểm | B6: Tốt - Hoàn thành công việc tốt, đạt hoặc vượt mục tiêu đề ra
A7: 3 điểm | B7: Bình thường - Đáp ứng đủ yêu cầu cơ bản, hoàn thành công việc bình thường
A8: 2 điểm | B8: Chưa đạt - Công việc chưa hoàn thành tốt, cần cải thiện, có lỗi nhỏ
A9: 1 điểm | B9: Kém - Chưa hoàn thành công việc, cần hỗ trợ nhiều, sai sót lớn
A11: NGUYÊN TẮC CHẤM ĐIỂM
A12: Khách quan | B12: Chấm điểm dựa trên kết quả công việc thực tế, không chịu ảnh hưởng cảm xúc cá nhân
A13: Công bằng | B13: Áp dụng tiêu chí chung cho tất cả nhân viên cùng vị trí, không phân biệt
A14: Công khai | B14: Tiêu chí, trọng số, thang điểm công khai, rõ ràng trước khi chấm
A15: Định kỳ | B15: Đánh giá đều đặn (tháng/quý/năm) để theo dõi tiến bộ nhân viên
A16: Phản hồi | B16: Thảo luận kết quả với nhân viên, giải thích lý do, đề ra kế hoạch cải thiện
A18: CÁCH CHẤM ĐIỂM
A19: So sánh | B19: So sánh công việc thực tế với tiêu chuẩn yêu cầu của vị trí
A20: Chứng cứ | B20: Dựa trên chứng cứ cụ thể: sản lượng, số sai sót, an toàn lao động, deadline, phản hồi
A21: Trung bình | B21: Nếu công việc dao động giữa 2 mức, chấm điểm trung bình (VD: 3.5)
A22: Ngoại lệ | B22: Ghi chú lý do nếu chấm điểm cao/thấp bất thường so với bình thường
A24: LƯU Ý RIÊNG CHO KHỐI SẢN XUẤT
A25: An toàn lao động | B25: Vi phạm an toàn lao động nghiêm trọng có thể bị chấm 1 điểm cho toàn bộ nhóm Tuân thủ-Thời hạn, không phụ thuộc kết quả sản lượng
A26: Sản lượng, định mức | B26: Căn cứ vào số liệu sản lượng thực tế, báo cáo ca/ngày, đối chiếu với định mức đã công bố
