Workbook

Sheet Hướng dẫn
A1: KPI HÀNH CHÍNH – 07 VỊ TRÍ
A2: Phụ lục 01 kèm Quy chế đánh giá KPI · KK HOME ·
B4: CÁCH DÙNG – 6 BƯỚC
B5: Bước 1 | C5: Chọn sheet đúng vị trí của nhân sự (bấm tên vị trí ở danh mục bên dưới để nhảy tới sheet).
B6: Bước 2 | C6: Nhập thông tin đầu sheet: Họ tên, Mã NV, Người đánh giá, Loại kỳ (Tháng/Quý/Năm), Kỳ đánh giá, Ngày đánh giá.
B7: Bước 3 | C7: Nhân sự tự chấm điểm cột F "Tự đánh giá" (1–5, được chấm lẻ 3.5).
B8: Bước 4 | C8: Quản lý trực tiếp chấm điểm chính thức cột G "Quản lý chấm". Chỉ điểm cột G được dùng để tính điểm quy đổi và xếp loại.
B9: Bước 5 | C9: Ghi chú lý do ở cột I khi điểm ≤ 1,5 hoặc = 5. Ô ghi chú tự tô cam nếu thiếu lý do (Điều 12 – Ngoại lệ).
B10: Bước 6 | C10: Xem kết quả ở cuối sheet vị trí, sheet "Tổng hợp" (toàn phòng) và "So sánh" (biểu đồ). In, ký và trình phê duyệt.
B12: QUY ƯỚC Ô
B13: Ô nền vàng, chữ xanh | C13: Ô nhập liệu. Chỉ nhập vào các ô này.
B14: Trọng số chữ xanh (cột E) | C14: Được sửa khi có quyết định điều chỉnh (Điều 17). Tổng trọng số mỗi vị trí phải = 100% – ô "Kiểm tra trọng số" báo đỏ nếu sai.
B15: Ô nền xám | C15: Công thức tự tính. Không sửa.
B17: CÔNG THỨC & XẾP LOẠI (Điều 7, Điều 13 Quy chế)
B18: Điểm quy đổi | C18: Điểm quản lý chấm ÷ 5 × Trọng số × 100
B19: Tổng điểm | C19: Cộng điểm quy đổi các tiêu chí (tối đa 100 điểm)
B20: Xếp loại | C20: ≥ 80 điểm: Xuất sắc · 70 đến dưới 80: Đạt · Dưới 70: Cần cải thiện. Chưa chấm đủ tiêu chí → hiển thị "Chưa chấm đủ".
B21: Ví dụ | C21: Tiêu chí "Mua sắm văn phòng phẩm, thiết bị" trọng số 12%, quản lý chấm 4 → 4 ÷ 5 × 12 = 9,6 điểm. Chấm 3.5 → 8,4 điểm.
B22: Cơ cấu nhóm | C22: Chuyên môn - Nghiệp vụ 40% · Tuân thủ - Thời hạn 35% · Phối hợp - Thái độ 25% (áp dụng cho mọi vị trí trong file).
B24: DANH MỤC 07 VỊ TRÍ
B25: 01 | C25: Trưởng phòng Hành chính (10 tiêu chí)
B26: 02 | C26: Chuyên viên Hành chính tổng hợp (11 tiêu chí)
B27: 03 | C27: Nhân viên Văn thư – Lưu trữ (11 tiêu chí)
B28: 04 | C28: Nhân viên Lễ tân (11 tiêu chí)
B29: 05 | C29: Lái xe công ty (xe đưa đón) (11 tiêu chí)
B30: 06 | C30: Nhân viên Bảo vệ (11 tiêu chí)
B31: 07 | C31: Nhân viên Tạp vụ – Vệ sinh (11 tiêu chí)
B33: Lưu ý | C33: Tiêu chí và cách đo là bộ mẫu. Đơn vị điều chỉnh chỉ tiêu định lượng (%, số ngày, số lỗi) theo mục tiêu đã duyệt của từng kỳ trước khi phổ biến cho nhân sự (Điều 4 – Công khai). Bộ file thuộc Hệ thống W1 – KPI Doanh nghiệp của KK HOME.

Sheet Tổng hợp
A1: TỔNG HỢP KẾT QUẢ KPI – PHÒNG HÀNH CHÍNH
A2: Phụ lục 01 · Tự cập nhật từ các sheet vị trí (Bước 4 – Điều 10) · KK HOME ·
A4: STT | B4: Vị trí | C4: Họ và tên | D4: Kỳ đánh giá | E4: Điểm tự ĐG | F4: Điểm chính thức | G4: Chênh lệch (CT − Tự ĐG) | H4: Xếp loại | I4: Chuyên môn (% đạt) | J4: Tuân thủ (% đạt) | K4: Phối hợp (% đạt) | L4: Tiến độ chấm
A5: 1 | B5: Trưởng phòng Hành chính | C5: =IF('01. Trưởng phòng HC'!C4="","",'01. Trưởng phòng HC'!C4) | D5: =IF('01. Trưởng phòng HC'!G5="",'01. Trưởng phòng HC'!G4,'01. Trưởng phòng HC'!G5) | E5: ='01. Trưởng phòng HC'!C24 | F5: ='01. Trưởng phòng HC'!C23 | G5: =IF(E5="","",F5-E5) | H5: ='01. Trưởng phòng HC'!C26 | I5: ='01. Trưởng phòng HC'!H24 | J5: ='01. Trưởng phòng HC'!H25 | K5: ='01. Trưởng phòng HC'!H26 | L5: ='01. Trưởng phòng HC'!C25
A6: 2 | B6: Chuyên viên Hành chính tổng hợp | C6: =IF('02. CV Hành chính TH'!C4="","",'02. CV Hành chính TH'!C4) | D6: =IF('02. CV Hành chính TH'!G5="",'02. CV Hành chính TH'!G4,'02. CV Hành chính TH'!G5) | E6: ='02. CV Hành chính TH'!C25 | F6: ='02. CV Hành chính TH'!C24 | G6: =IF(E6="","",F6-E6) | H6: ='02. CV Hành chính TH'!C27 | I6: ='02. CV Hành chính TH'!H25 | J6: ='02. CV Hành chính TH'!H26 | K6: ='02. CV Hành chính TH'!H27 | L6: ='02. CV Hành chính TH'!C26
A7: 3 | B7: Nhân viên Văn thư – Lưu trữ | C7: =IF('03. NV Văn thư-Lưu trữ'!C4="","",'03. NV Văn thư-Lưu trữ'!C4) | D7: =IF('03. NV Văn thư-Lưu trữ'!G5="",'03. NV Văn thư-Lưu trữ'!G4,'03. NV Văn thư-Lưu trữ'!G5) | E7: ='03. NV Văn thư-Lưu trữ'!C25 | F7: ='03. NV Văn thư-Lưu trữ'!C24 | G7: =IF(E7="","",F7-E7) | H7: ='03. NV Văn thư-Lưu trữ'!C27 | I7: ='03. NV Văn thư-Lưu trữ'!H25 | J7: ='03. NV Văn thư-Lưu trữ'!H26 | K7: ='03. NV Văn thư-Lưu trữ'!H27 | L7: ='03. NV Văn thư-Lưu trữ'!C26
A8: 4 | B8: Nhân viên Lễ tân | C8: =IF('04. NV Lễ tân'!C4="","",'04. NV Lễ tân'!C4) | D8: =IF('04. NV Lễ tân'!G5="",'04. NV Lễ tân'!G4,'04. NV Lễ tân'!G5) | E8: ='04. NV Lễ tân'!C25 | F8: ='04. NV Lễ tân'!C24 | G8: =IF(E8="","",F8-E8) | H8: ='04. NV Lễ tân'!C27 | I8: ='04. NV Lễ tân'!H25 | J8: ='04. NV Lễ tân'!H26 | K8: ='04. NV Lễ tân'!H27 | L8: ='04. NV Lễ tân'!C26
A9: 5 | B9: Lái xe công ty (xe đưa đón) | C9: =IF('05. Lái xe công ty'!C4="","",'05. Lái xe công ty'!C4) | D9: =IF('05. Lái xe công ty'!G5="",'05. Lái xe công ty'!G4,'05. Lái xe công ty'!G5) | E9: ='05. Lái xe công ty'!C25 | F9: ='05. Lái xe công ty'!C24 | G9: =IF(E9="","",F9-E9) | H9: ='05. Lái xe công ty'!C27 | I9: ='05. Lái xe công ty'!H25 | J9: ='05. Lái xe công ty'!H26 | K9: ='05. Lái xe công ty'!H27 | L9: ='05. Lái xe công ty'!C26
A10: 6 | B10: Nhân viên Bảo vệ | C10: =IF('06. NV Bảo vệ'!C4="","",'06. NV Bảo vệ'!C4) | D10: =IF('06. NV Bảo vệ'!G5="",'06. NV Bảo vệ'!G4,'06. NV Bảo vệ'!G5) | E10: ='06. NV Bảo vệ'!C25 | F10: ='06. NV Bảo vệ'!C24 | G10: =IF(E10="","",F10-E10) | H10: ='06. NV Bảo vệ'!C27 | I10: ='06. NV Bảo vệ'!H25 | J10: ='06. NV Bảo vệ'!H26 | K10: ='06. NV Bảo vệ'!H27 | L10: ='06. NV Bảo vệ'!C26
A11: 7 | B11: Nhân viên Tạp vụ – Vệ sinh | C11: =IF('07. NV Tạp vụ'!C4="","",'07. NV Tạp vụ'!C4) | D11: =IF('07. NV Tạp vụ'!G5="",'07. NV Tạp vụ'!G4,'07. NV Tạp vụ'!G5) | E11: ='07. NV Tạp vụ'!C25 | F11: ='07. NV Tạp vụ'!C24 | G11: =IF(E11="","",F11-E11) | H11: ='07. NV Tạp vụ'!C27 | I11: ='07. NV Tạp vụ'!H25 | J11: ='07. NV Tạp vụ'!H26 | K11: ='07. NV Tạp vụ'!H27 | L11: ='07. NV Tạp vụ'!C26
B13: THỐNG KÊ TOÀN PHÒNG
B14: Số vị trí xếp loại Xuất sắc | C14: =COUNTIF(H5:H11,"Xuất sắc")
B15: Số vị trí xếp loại Đạt | C15: =COUNTIF(H5:H11,"Đạt")
B16: Số vị trí xếp loại Cần cải thiện | C16: =COUNTIF(H5:H11,"Cần cải thiện")
B17: Số vị trí chưa chấm / chưa chấm đủ | C17: =COUNTIF(H5:H11,"Chưa chấm")+COUNTIF(H5:H11,"Chưa chấm đủ")
B18: Điểm bình quân phòng (vị trí đã chấm đủ) | C18: =IFERROR(AVERAGEIFS(F5:F11,H5:H11,"<>Chưa chấm",H5:H11,"<>Chưa chấm đủ"),"")
B20: Chênh lệch tô đỏ khi điểm chính thức lệch điểm tự đánh giá từ 10 điểm trở lên – nên trao đổi kỹ ở Bước 5. Nhân sự "Cần cải thiện" từ 02 kỳ liên tiếp trở lên thuộc diện đào tạo, kèm cặp (Điều 14).

Sheet So sánh
A1: SO SÁNH KẾT QUẢ GIỮA CÁC VỊ TRÍ
A2: Phụ lục 01 · Dữ liệu lấy từ sheet Tổng hợp · KK HOME ·
A4: STT | B4: Vị trí | C4: Điểm tự ĐG | D4: Điểm chính thức | E4: Chuyên môn | F4: Tuân thủ | G4: Phối hợp
A5: 1 | B5: ='Tổng hợp'!B5 | C5: =IF('Tổng hợp'!E5="",0,'Tổng hợp'!E5) | D5: ='Tổng hợp'!F5 | E5: ='Tổng hợp'!I5 | F5: ='Tổng hợp'!J5 | G5: ='Tổng hợp'!K5
A6: 2 | B6: ='Tổng hợp'!B6 | C6: =IF('Tổng hợp'!E6="",0,'Tổng hợp'!E6) | D6: ='Tổng hợp'!F6 | E6: ='Tổng hợp'!I6 | F6: ='Tổng hợp'!J6 | G6: ='Tổng hợp'!K6
A7: 3 | B7: ='Tổng hợp'!B7 | C7: =IF('Tổng hợp'!E7="",0,'Tổng hợp'!E7) | D7: ='Tổng hợp'!F7 | E7: ='Tổng hợp'!I7 | F7: ='Tổng hợp'!J7 | G7: ='Tổng hợp'!K7
A8: 4 | B8: ='Tổng hợp'!B8 | C8: =IF('Tổng hợp'!E8="",0,'Tổng hợp'!E8) | D8: ='Tổng hợp'!F8 | E8: ='Tổng hợp'!I8 | F8: ='Tổng hợp'!J8 | G8: ='Tổng hợp'!K8
A9: 5 | B9: ='Tổng hợp'!B9 | C9: =IF('Tổng hợp'!E9="",0,'Tổng hợp'!E9) | D9: ='Tổng hợp'!F9 | E9: ='Tổng hợp'!I9 | F9: ='Tổng hợp'!J9 | G9: ='Tổng hợp'!K9
A10: 6 | B10: ='Tổng hợp'!B10 | C10: =IF('Tổng hợp'!E10="",0,'Tổng hợp'!E10) | D10: ='Tổng hợp'!F10 | E10: ='Tổng hợp'!I10 | F10: ='Tổng hợp'!J10 | G10: ='Tổng hợp'!K10
A11: 7 | B11: ='Tổng hợp'!B11 | C11: =IF('Tổng hợp'!E11="",0,'Tổng hợp'!E11) | D11: ='Tổng hợp'!F11 | E11: ='Tổng hợp'!I11 | F11: ='Tổng hợp'!J11 | G11: ='Tổng hợp'!K11
A13: Biểu đồ tự cập nhật khi chấm điểm ở các sheet vị trí. Vị trí chưa chấm hiển thị 0.

Sheet Nguyên tắc chấm
A1: NGUYÊN TẮC CHẤM ĐIỂM KPI
A2: Phụ lục 01 · Căn cứ Điều 4, 6, 7, 10, 12, 13 Quy chế · KK HOME ·
B4: 1. THANG ĐIỂM 1–5 (Điều 6)
B5: Điểm | C5: Xếp hạng | D5: Diễn giải
B6: 5 | C6: Tuyệt vời | D6: Hoàn thành xuất sắc, vượt mong đợi, tự giác và chủ động
B7: 4 | C7: Tốt | D7: Hoàn thành tốt, đạt hoặc vượt mục tiêu đề ra
B8: 3 | C8: Bình thường | D8: Đáp ứng đủ yêu cầu cơ bản
B9: 2 | C9: Chưa đạt | D9: Chưa hoàn thành tốt, có lỗi nhỏ, cần cải thiện
B10: 1 | C10: Kém | D10: Chưa hoàn thành, cần hỗ trợ nhiều, sai sót lớn
B11: Kết quả dao động giữa hai mức liền kề: được chấm điểm trung bình (VD: 3.5).
B13: 2. CÔNG THỨC & XẾP LOẠI (Điều 7, Điều 13)
B14: Điểm quy đổi tiêu chí | C14: Điểm chấm ÷ 5 × Trọng số × 100
B15: Tổng điểm vị trí | C15: Cộng điểm quy đổi các tiêu chí (tối đa 100)
B16: Xuất sắc | C16: Tổng điểm ≥ 80
B17: Đạt | C17: Từ 70 đến dưới 80
B18: Cần cải thiện | C18: Dưới 70
B20: 3. GỢI Ý QUY ĐỔI CHỨNG CỨ RA ĐIỂM (mẫu – điều chỉnh theo mục tiêu đã duyệt từng kỳ)
B21: Loại chỉ số | C21: Điểm 5 | D21: Điểm 4 | E21: Điểm 3 | F21: Điểm 2 | G21: Điểm 1
B22: Mức hài lòng nội bộ về dịch vụ hành chính (thang 5) | C22: ≥ 4,5 | D22: 4,0 – dưới 4,5 | E22: 3,5 – dưới 4,0 | F22: 3,0 – dưới 3,5 | G22: Dưới 3,0
B23: Thời gian xử lý yêu cầu hành chính | C23: Nhanh hơn định mức, không tồn đọng | D23: Đúng định mức | E23: ≥ 90% đúng định mức | F23: 75% – dưới 90% | G23: Dưới 75% hoặc tồn đọng kéo dài
B24: Chi phí hành chính so với ngân sách | C24: Tiết kiệm ≥ 10%, vẫn đảm bảo dịch vụ | D24: Trong ngân sách | E24: Vượt ≤ 5%, có giải trình được duyệt | F24: Vượt 5% – 10% | G24: Vượt > 10%
B25: Sai sót văn bản, hồ sơ, con dấu | C25: 0 lỗi, chủ động phát hiện lỗi khâu khác | D25: 0 lỗi | E25: 1–2 lỗi nhỏ, sửa kịp | F25: ≥ 3 lỗi hoặc 1 lỗi phải thu hồi văn bản | G25: Lỗi gây thiệt hại pháp lý, mất hồ sơ
B26: An ninh, an toàn văn phòng | C26: Không sự cố, chủ động khắc phục nguy cơ | D26: Không sự cố | E26: Sự cố nhỏ, xử lý kịp | F26: Sự cố lặp lại do chủ quan | G26: Mất tài sản, cháy nổ, tai nạn
B27: Chấp hành nội quy, giờ giấc | C27: Không vi phạm, là tấm gương | D27: Không vi phạm | E27: 1 lần nhắc nhở | F27: 2–3 lần vi phạm | G27: Vi phạm nghiêm trọng hoặc lặp lại nhiều lần
B29: 4. NGUYÊN TẮC ĐÁNH GIÁ (Điều 4, Điều 12)
B30: Khách quan | C30: Chấm theo kết quả thực tế, không theo thiện cảm cá nhân.
B31: Công bằng | C31: Cùng vị trí dùng chung bộ tiêu chí, trọng số, thang điểm.
B32: Công khai | C32: Tiêu chí, trọng số, chỉ tiêu định lượng phổ biến cho nhân sự trước kỳ đánh giá.
B33: Định kỳ | C33: Loại kỳ (Tháng/Quý/Năm) áp dụng thống nhất cho toàn phòng trong cùng chu kỳ.
B34: Có phản hồi | C34: Trao đổi kết quả trực tiếp, thống nhất kế hoạch cải thiện.
B35: Có chứng cứ | C35: Số liệu, thời hạn, biên bản, báo cáo. Điểm ≤ 1,5 hoặc = 5 phải ghi lý do ở cột Ghi chú.
B37: 5. QUY TRÌNH 6 BƯỚC (Điều 10)
B38: Bước 1 – Chuẩn bị | C38: Xác định kỳ, thông báo lịch, phổ biến tiêu chí.
B39: Bước 2 – Tự đánh giá | C39: Nhân sự chấm cột F.
B40: Bước 3 – Quản lý chấm | C40: Quản lý trực tiếp chấm chính thức cột G, dựa trên chứng cứ.
B41: Bước 4 – Tổng hợp | C41: File tự tính điểm quy đổi, xếp loại; sheet Tổng hợp tự cập nhật.
B42: Bước 5 – Phản hồi | C42: Trao đổi kết quả, ghi nhận xét và kế hoạch cải thiện cuối sheet vị trí.
B43: Bước 6 – Phê duyệt, lưu trữ | C43: Trình người có thẩm quyền ký duyệt; lưu hồ sơ làm căn cứ lương, thưởng, quy hoạch.

Sheet 01. Trưởng phòng HC
A1: BẢNG ĐÁNH GIÁ KPI – TRƯỞNG PHÒNG HÀNH CHÍNH
A2: Phòng Hành chính · Phụ lục 01 kèm Quy chế đánh giá KPI · KK HOME ·
B4: Họ và tên | E4: Loại kỳ đánh giá | G4: Quý | I4: ← chọn Tháng / Quý / Năm
B5: Mã nhân viên | E5: Kỳ đánh giá | I5: VD: Tháng 9/2026, Quý 3/2026, Năm 2026
B6: Người đánh giá | E6: Ngày đánh giá
B7: Bộ phận | C7: Phòng Hành chính
A9: STT | B9: Nhóm tiêu chí | C9: Tiêu chí đánh giá | D9: Cách đo / Chứng cứ chấm điểm | E9: Trọng số | F9: Tự đánh giá (1–5) | G9: Quản lý chấm (1–5) | H9: Điểm quy đổi | I9: Ghi chú / Lý do (bắt buộc khi điểm ≤1,5 hoặc 5)
A10: 1 | B10: Chuyên môn - Nghiệp vụ | C10: Đảm bảo điều kiện làm việc văn phòng | D10: Mức hài lòng nội bộ về cơ sở vật chất, dịch vụ hành chính ≥ 4,0/5 | E10: 0.1 | H10: =IF(ISNUMBER(G10),G10/5*E10*100,0) | J10: CM
A11: 2 | C11: Quản lý chi phí hành chính | D11: Chi phí văn phòng phẩm, điện nước, xe, tiếp khách so với ngân sách | E11: 0.1 | H11: =IF(ISNUMBER(G11),G11/5*E11*100,0) | J11: CM
A12: 3 | C12: Quản lý tài sản, công cụ dụng cụ | D12: Sổ theo dõi tài sản cập nhật; kiểm kê định kỳ khớp; không thất thoát | E12: 0.1 | H12: =IF(ISNUMBER(G12),G12/5*E12*100,0) | J12: CM
A13: 4 | C13: Hệ thống văn bản, con dấu & lưu trữ | D13: Quy trình ban hành văn bản, quản lý con dấu, lưu trữ vận hành đúng quy định | E13: 0.1 | H13: =IF(ISNUMBER(G13),G13/5*E13*100,0) | J13: CM
A14: 5 | B14: Tuân thủ - Thời hạn | C14: Tuân thủ PCCC, an ninh & an toàn văn phòng | D14: Hồ sơ PCCC, diễn tập đúng kỳ; không xảy ra mất mát, cháy nổ | E14: 0.15 | H14: =IF(ISNUMBER(G14),G14/5*E14*100,0) | J14: TT
A15: 6 | C15: Quản lý hợp đồng dịch vụ hành chính | D15: Hợp đồng thuê văn phòng, bảo vệ, vệ sinh, xe được gia hạn đúng hạn, nghiệm thu đầy đủ | E15: 0.1 | H15: =IF(ISNUMBER(G15),G15/5*E15*100,0) | J15: TT
A16: 7 | C16: Tổ chức sự kiện nội bộ đúng kế hoạch | D16: Họp, hội nghị, sự kiện nội bộ chuẩn bị đúng tiến độ, trong ngân sách | E16: 0.1 | H16: =IF(ISNUMBER(G16),G16/5*E16*100,0) | J16: TT
A17: 8 | B17: Phối hợp - Thái độ | C17: Lãnh đạo & phát triển đội ngũ | D17: Điểm KPI bình quân của phòng; phân công rõ ràng, kèm cặp nhân viên | E17: 0.1 | H17: =IF(ISNUMBER(G17),G17/5*E17*100,0) | J17: PH
A18: 9 | C18: Phối hợp & hỗ trợ các phòng ban | D18: Thời gian xử lý yêu cầu hành chính; phản hồi của trưởng các phòng ban | E18: 0.08 | H18: =IF(ISNUMBER(G18),G18/5*E18*100,0) | J18: PH
A19: 10 | C19: Cải tiến & số hóa hành chính | D19: Số quy trình được số hóa (đặt xe, đặt phòng họp, văn bản điện tử) được áp dụng | E19: 0.07 | H19: =IF(ISNUMBER(G19),G19/5*E19*100,0) | J19: PH
A20: TỔNG CỘNG | E20: =SUM(E10:E19) | H20: =SUM(H10:H19)
A22: KẾT QUẢ ĐÁNH GIÁ | D22: ĐIỂM THEO NHÓM TIÊU CHÍ
A23: Tổng điểm chính thức | C23: =H20 | D23: Nhóm tiêu chí | E23: Trọng số | F23: Điểm tối đa | G23: Điểm đạt | H23: Tỷ lệ đạt
A24: Điểm tự đánh giá | C24: =IF(COUNT(F10:F19)=0,"",SUMPRODUCT(F10:F19,E10:E19)/5*100) | D24: Chuyên môn - Nghiệp vụ | E24: =SUMIF($J$10:$J$19,"CM",$E$10:$E$19) | F24: =E24*100 | G24: =SUMIF($J$10:$J$19,"CM",$H$10:$H$19) | H24: =IF(F24=0,0,G24/F24)
A25: Tiêu chí đã chấm | C25: =COUNT(G10:G19)&" / 10" | D25: Tuân thủ - Thời hạn | E25: =SUMIF($J$10:$J$19,"TT",$E$10:$E$19) | F25: =E25*100 | G25: =SUMIF($J$10:$J$19,"TT",$H$10:$H$19) | H25: =IF(F25=0,0,G25/F25)
A26: Xếp loại | C26: =IF(COUNT(G10:G19)=0,"Chưa chấm",IF(COUNT(G10:G19)<10,"Chưa chấm đủ",IF(H20>=80,"Xuất sắc",IF(H20>=70,"Đạt","Cần cải thiện")))) | D26: Phối hợp - Thái độ | E26: =SUMIF($J$10:$J$19,"PH",$E$10:$E$19) | F26: =E26*100 | G26: =SUMIF($J$10:$J$19,"PH",$H$10:$H$19) | H26: =IF(F26=0,0,G26/F26)
A27: Kiểm tra trọng số | C27: =IF(ROUND(E20,4)=1,"Hợp lệ – 100%","SAI – tổng trọng số phải = 100%")
A29: NHẬN XÉT & KẾ HOẠCH CẢI THIỆN (Bước 5 – phản hồi kết quả)
A30: Điểm mạnh
A31: Cần cải thiện
A32: Kế hoạch cải thiện
A33: Ý kiến nhân sự
B35: NHÂN SỰ ĐƯỢC ĐÁNH GIÁ | D35: QUẢN LÝ TRỰC TIẾP | G35: NGƯỜI PHÊ DUYỆT
B36: (Ký, ghi rõ họ tên) | D36: (Ký, ghi rõ họ tên) | G36: (Ký, ghi rõ họ tên)

Sheet 02. CV Hành chính TH
A1: BẢNG ĐÁNH GIÁ KPI – CHUYÊN VIÊN HÀNH CHÍNH TỔNG HỢP
A2: Phòng Hành chính · Phụ lục 01 kèm Quy chế đánh giá KPI · KK HOME ·
B4: Họ và tên | E4: Loại kỳ đánh giá | G4: Quý | I4: ← chọn Tháng / Quý / Năm
B5: Mã nhân viên | E5: Kỳ đánh giá | I5: VD: Tháng 9/2026, Quý 3/2026, Năm 2026
B6: Người đánh giá | E6: Ngày đánh giá
B7: Bộ phận | C7: Phòng Hành chính
A9: STT | B9: Nhóm tiêu chí | C9: Tiêu chí đánh giá | D9: Cách đo / Chứng cứ chấm điểm | E9: Trọng số | F9: Tự đánh giá (1–5) | G9: Quản lý chấm (1–5) | H9: Điểm quy đổi | I9: Ghi chú / Lý do (bắt buộc khi điểm ≤1,5 hoặc 5)
A10: 1 | B10: Chuyên môn - Nghiệp vụ | C10: Mua sắm văn phòng phẩm, thiết bị | D10: Đáp ứng đủ, đúng hạn; giá mua so với giá thị trường, ngân sách | E10: 0.12 | H10: =IF(ISNUMBER(G10),G10/5*E10*100,0) | J10: CM
A11: 2 | C11: Quản lý tài sản văn phòng | D11: Sổ tài sản, bàn giao, điều chuyển cập nhật; kiểm kê khớp | E11: 0.1 | H11: =IF(ISNUMBER(G11),G11/5*E11*100,0) | J11: CM
A12: 3 | C12: Quản lý dịch vụ thuê ngoài | D12: Chất lượng vệ sinh, bảo vệ, bảo trì được kiểm tra định kỳ, nghiệm thu đúng | E12: 0.1 | H12: =IF(ISNUMBER(G12),G12/5*E12*100,0) | J12: CM
A13: 4 | C13: Tổ chức hội họp, công tác, tiếp khách | D13: Đặt phòng, vé, khách sạn, hậu cần chính xác, đúng hạn | E13: 0.08 | H13: =IF(ISNUMBER(G13),G13/5*E13*100,0) | J13: CM
A14: 5 | B14: Tuân thủ - Thời hạn | C14: Thời gian xử lý yêu cầu hành chính | D14: Tỷ lệ yêu cầu được xử lý trong định mức thời gian | E14: 0.12 | H14: =IF(ISNUMBER(G14),G14/5*E14*100,0) | J14: TT
A15: 6 | C15: Hồ sơ thanh toán chi phí hành chính | D15: Chứng từ, hóa đơn đầy đủ, hợp lệ, chuyển Kế toán đúng hạn | E15: 0.08 | H15: =IF(ISNUMBER(G15),G15/5*E15*100,0) | J15: TT
A16: 7 | C16: Tuân thủ quy định PCCC, an toàn | D16: Theo dõi kiểm tra thiết bị PCCC, sơ cứu đúng định kỳ | E16: 0.08 | H16: =IF(ISNUMBER(G16),G16/5*E16*100,0) | J16: TT
A17: 8 | C17: Báo cáo hành chính định kỳ | D17: Báo cáo chi phí, tài sản, dịch vụ nộp đúng hạn | E17: 0.07 | H17: =IF(ISNUMBER(G17),G17/5*E17*100,0) | J17: TT
A18: 9 | B18: Phối hợp - Thái độ | C18: Phối hợp với các phòng ban | D18: Mức hài lòng nội bộ về hỗ trợ hành chính | E18: 0.1 | H18: =IF(ISNUMBER(G18),G18/5*E18*100,0) | J18: PH
A19: 10 | C19: Đề xuất tiết kiệm chi phí | D19: Số đề xuất tiết kiệm điện, nước, văn phòng phẩm được áp dụng | E19: 0.08 | H19: =IF(ISNUMBER(G19),G19/5*E19*100,0) | J19: PH
A20: 11 | C20: Tinh thần trách nhiệm | D20: Chủ động xử lý phát sinh, hỗ trợ ngoài giờ khi cần | E20: 0.07 | H20: =IF(ISNUMBER(G20),G20/5*E20*100,0) | J20: PH
A21: TỔNG CỘNG | E21: =SUM(E10:E20) | H21: =SUM(H10:H20)
A23: KẾT QUẢ ĐÁNH GIÁ | D23: ĐIỂM THEO NHÓM TIÊU CHÍ
A24: Tổng điểm chính thức | C24: =H21 | D24: Nhóm tiêu chí | E24: Trọng số | F24: Điểm tối đa | G24: Điểm đạt | H24: Tỷ lệ đạt
A25: Điểm tự đánh giá | C25: =IF(COUNT(F10:F20)=0,"",SUMPRODUCT(F10:F20,E10:E20)/5*100) | D25: Chuyên môn - Nghiệp vụ | E25: =SUMIF($J$10:$J$20,"CM",$E$10:$E$20) | F25: =E25*100 | G25: =SUMIF($J$10:$J$20,"CM",$H$10:$H$20) | H25: =IF(F25=0,0,G25/F25)
A26: Tiêu chí đã chấm | C26: =COUNT(G10:G20)&" / 11" | D26: Tuân thủ - Thời hạn | E26: =SUMIF($J$10:$J$20,"TT",$E$10:$E$20) | F26: =E26*100 | G26: =SUMIF($J$10:$J$20,"TT",$H$10:$H$20) | H26: =IF(F26=0,0,G26/F26)
A27: Xếp loại | C27: =IF(COUNT(G10:G20)=0,"Chưa chấm",IF(COUNT(G10:G20)<11,"Chưa chấm đủ",IF(H21>=80,"Xuất sắc",IF(H21>=70,"Đạt","Cần cải thiện")))) | D27: Phối hợp - Thái độ | E27: =SUMIF($J$10:$J$20,"PH",$E$10:$E$20) | F27: =E27*100 | G27: =SUMIF($J$10:$J$20,"PH",$H$10:$H$20) | H27: =IF(F27=0,0,G27/F27)
A28: Kiểm tra trọng số | C28: =IF(ROUND(E21,4)=1,"Hợp lệ – 100%","SAI – tổng trọng số phải = 100%")
A30: NHẬN XÉT & KẾ HOẠCH CẢI THIỆN (Bước 5 – phản hồi kết quả)
A31: Điểm mạnh
A32: Cần cải thiện
A33: Kế hoạch cải thiện
A34: Ý kiến nhân sự
B36: NHÂN SỰ ĐƯỢC ĐÁNH GIÁ | D36: QUẢN LÝ TRỰC TIẾP | G36: NGƯỜI PHÊ DUYỆT
B37: (Ký, ghi rõ họ tên) | D37: (Ký, ghi rõ họ tên) | G37: (Ký, ghi rõ họ tên)

Sheet 03. NV Văn thư-Lưu trữ
A1: BẢNG ĐÁNH GIÁ KPI – NHÂN VIÊN VĂN THƯ – LƯU TRỮ
A2: Phòng Hành chính · Phụ lục 01 kèm Quy chế đánh giá KPI · KK HOME ·
B4: Họ và tên | E4: Loại kỳ đánh giá | G4: Quý | I4: ← chọn Tháng / Quý / Năm
B5: Mã nhân viên | E5: Kỳ đánh giá | I5: VD: Tháng 9/2026, Quý 3/2026, Năm 2026
B6: Người đánh giá | E6: Ngày đánh giá
B7: Bộ phận | C7: Phòng Hành chính
A9: STT | B9: Nhóm tiêu chí | C9: Tiêu chí đánh giá | D9: Cách đo / Chứng cứ chấm điểm | E9: Trọng số | F9: Tự đánh giá (1–5) | G9: Quản lý chấm (1–5) | H9: Điểm quy đổi | I9: Ghi chú / Lý do (bắt buộc khi điểm ≤1,5 hoặc 5)
A10: 1 | B10: Chuyên môn - Nghiệp vụ | C10: Tiếp nhận & chuyển văn bản đến | D10: Văn bản đến được vào sổ, chuyển đúng người trong ngày | E10: 0.12 | H10: =IF(ISNUMBER(G10),G10/5*E10*100,0) | J10: CM
A11: 2 | C11: Phát hành văn bản đi | D11: Văn bản đi đúng thể thức, đủ chữ ký, đóng dấu, gửi đúng địa chỉ, đúng hạn | E11: 0.1 | H11: =IF(ISNUMBER(G11),G11/5*E11*100,0) | J11: CM
A12: 3 | C12: Quản lý & sử dụng con dấu | D12: Chỉ đóng dấu khi văn bản có chữ ký đúng thẩm quyền; sổ theo dõi đầy đủ | E12: 0.1 | H12: =IF(ISNUMBER(G12),G12/5*E12*100,0) | J12: CM
A13: 4 | C13: Lưu trữ hồ sơ khoa học | D13: Hồ sơ phân loại, đánh số, lưu đúng thư mục; tra cứu trong ≤ 15 phút | E13: 0.08 | H13: =IF(ISNUMBER(G13),G13/5*E13*100,0) | J13: CM
A14: 5 | B14: Tuân thủ - Thời hạn | C14: Thể thức văn bản đúng quy định | D14: Số văn bản sai thể thức, sai số ký hiệu phải phát hành lại | E14: 0.12 | H14: =IF(ISNUMBER(G14),G14/5*E14*100,0) | J14: TT
A15: 6 | C15: Bảo mật văn bản, tài liệu | D15: Không để lộ văn bản mật, nội bộ; mượn trả hồ sơ có sổ theo dõi | E15: 0.08 | H15: =IF(ISNUMBER(G15),G15/5*E15*100,0) | J15: TT
A16: 7 | C16: Số hóa hồ sơ | D16: Tỷ lệ văn bản quan trọng được scan, lưu trữ điện tử | E16: 0.08 | H16: =IF(ISNUMBER(G16),G16/5*E16*100,0) | J16: TT
A17: 8 | C17: Theo dõi hạn xử lý văn bản | D17: Nhắc hạn văn bản cần trả lời, báo cáo cơ quan nhà nước kịp thời | E17: 0.07 | H17: =IF(ISNUMBER(G17),G17/5*E17*100,0) | J17: TT
A18: 9 | B18: Phối hợp - Thái độ | C18: Phối hợp với các phòng ban | D18: Hỗ trợ tra cứu, sao lục hồ sơ kịp thời | E18: 0.1 | H18: =IF(ISNUMBER(G18),G18/5*E18*100,0) | J18: PH
A19: 10 | C19: Chủ động cải tiến công tác văn thư | D19: Đề xuất cải tiến sổ sách, biểu mẫu được áp dụng | E19: 0.08 | H19: =IF(ISNUMBER(G19),G19/5*E19*100,0) | J19: PH
A20: 11 | C20: Cẩn thận & trách nhiệm | D20: Không thất lạc văn bản, hồ sơ | E20: 0.07 | H20: =IF(ISNUMBER(G20),G20/5*E20*100,0) | J20: PH
A21: TỔNG CỘNG | E21: =SUM(E10:E20) | H21: =SUM(H10:H20)
A23: KẾT QUẢ ĐÁNH GIÁ | D23: ĐIỂM THEO NHÓM TIÊU CHÍ
A24: Tổng điểm chính thức | C24: =H21 | D24: Nhóm tiêu chí | E24: Trọng số | F24: Điểm tối đa | G24: Điểm đạt | H24: Tỷ lệ đạt
A25: Điểm tự đánh giá | C25: =IF(COUNT(F10:F20)=0,"",SUMPRODUCT(F10:F20,E10:E20)/5*100) | D25: Chuyên môn - Nghiệp vụ | E25: =SUMIF($J$10:$J$20,"CM",$E$10:$E$20) | F25: =E25*100 | G25: =SUMIF($J$10:$J$20,"CM",$H$10:$H$20) | H25: =IF(F25=0,0,G25/F25)
A26: Tiêu chí đã chấm | C26: =COUNT(G10:G20)&" / 11" | D26: Tuân thủ - Thời hạn | E26: =SUMIF($J$10:$J$20,"TT",$E$10:$E$20) | F26: =E26*100 | G26: =SUMIF($J$10:$J$20,"TT",$H$10:$H$20) | H26: =IF(F26=0,0,G26/F26)
A27: Xếp loại | C27: =IF(COUNT(G10:G20)=0,"Chưa chấm",IF(COUNT(G10:G20)<11,"Chưa chấm đủ",IF(H21>=80,"Xuất sắc",IF(H21>=70,"Đạt","Cần cải thiện")))) | D27: Phối hợp - Thái độ | E27: =SUMIF($J$10:$J$20,"PH",$E$10:$E$20) | F27: =E27*100 | G27: =SUMIF($J$10:$J$20,"PH",$H$10:$H$20) | H27: =IF(F27=0,0,G27/F27)
A28: Kiểm tra trọng số | C28: =IF(ROUND(E21,4)=1,"Hợp lệ – 100%","SAI – tổng trọng số phải = 100%")
A30: NHẬN XÉT & KẾ HOẠCH CẢI THIỆN (Bước 5 – phản hồi kết quả)
A31: Điểm mạnh
A32: Cần cải thiện
A33: Kế hoạch cải thiện
A34: Ý kiến nhân sự
B36: NHÂN SỰ ĐƯỢC ĐÁNH GIÁ | D36: QUẢN LÝ TRỰC TIẾP | G36: NGƯỜI PHÊ DUYỆT
B37: (Ký, ghi rõ họ tên) | D37: (Ký, ghi rõ họ tên) | G37: (Ký, ghi rõ họ tên)

Sheet 04. NV Lễ tân
A1: BẢNG ĐÁNH GIÁ KPI – NHÂN VIÊN LỄ TÂN
A2: Phòng Hành chính · Phụ lục 01 kèm Quy chế đánh giá KPI · KK HOME ·
B4: Họ và tên | E4: Loại kỳ đánh giá | G4: Quý | I4: ← chọn Tháng / Quý / Năm
B5: Mã nhân viên | E5: Kỳ đánh giá | I5: VD: Tháng 9/2026, Quý 3/2026, Năm 2026
B6: Người đánh giá | E6: Ngày đánh giá
B7: Bộ phận | C7: Phòng Hành chính
A9: STT | B9: Nhóm tiêu chí | C9: Tiêu chí đánh giá | D9: Cách đo / Chứng cứ chấm điểm | E9: Trọng số | F9: Tự đánh giá (1–5) | G9: Quản lý chấm (1–5) | H9: Điểm quy đổi | I9: Ghi chú / Lý do (bắt buộc khi điểm ≤1,5 hoặc 5)
A10: 1 | B10: Chuyên môn - Nghiệp vụ | C10: Đón tiếp khách chuyên nghiệp | D10: Mức hài lòng của khách, phòng ban về đón tiếp | E10: 0.12 | H10: =IF(ISNUMBER(G10),G10/5*E10*100,0) | J10: CM
A11: 2 | C11: Tiếp nhận & chuyển cuộc gọi | D11: Tỷ lệ cuộc gọi được nghe, chuyển đúng người; ghi lại lời nhắn đầy đủ | E11: 0.1 | H11: =IF(ISNUMBER(G11),G11/5*E11*100,0) | J11: CM
A12: 3 | C12: Quản lý phòng họp & lịch hẹn | D12: Đặt phòng họp, chuẩn bị nước uống, thiết bị đúng lịch | E12: 0.1 | H12: =IF(ISNUMBER(G12),G12/5*E12*100,0) | J12: CM
A13: 4 | C13: Tiếp nhận thư từ, bưu phẩm | D13: Thư, bưu phẩm vào sổ, chuyển đúng người trong ngày | E13: 0.08 | H13: =IF(ISNUMBER(G13),G13/5*E13*100,0) | J13: CM
A14: 5 | B14: Tuân thủ - Thời hạn | C14: Kiểm soát khách ra vào | D14: 100% khách được đăng ký, phát thẻ, hướng dẫn đúng quy định | E14: 0.12 | H14: =IF(ISNUMBER(G14),G14/5*E14*100,0) | J14: TT
A15: 6 | C15: Chấp hành giờ giấc & tác phong | D15: Có mặt đúng giờ; đồng phục, tác phong đúng chuẩn | E15: 0.08 | H15: =IF(ISNUMBER(G15),G15/5*E15*100,0) | J15: TT
A16: 7 | C16: Quản lý khu vực lễ tân | D16: Khu vực sảnh, quầy lễ tân sạch sẽ, gọn gàng | E16: 0.08 | H16: =IF(ISNUMBER(G16),G16/5*E16*100,0) | J16: TT
A17: 8 | C17: Bảo mật thông tin | D17: Không cung cấp thông tin nội bộ, nhân sự cho người ngoài trái quy định | E17: 0.07 | H17: =IF(ISNUMBER(G17),G17/5*E17*100,0) | J17: TT
A18: 9 | B18: Phối hợp - Thái độ | C18: Phối hợp với Hành chính & các phòng ban | D18: Hỗ trợ việc hành chính được giao kịp thời | E18: 0.1 | H18: =IF(ISNUMBER(G18),G18/5*E18*100,0) | J18: PH
A19: 10 | C19: Thái độ niềm nở, chủ động | D19: Phản hồi tích cực từ khách và đồng nghiệp | E19: 0.08 | H19: =IF(ISNUMBER(G19),G19/5*E19*100,0) | J19: PH
A20: 11 | C20: Tinh thần trách nhiệm | D20: Bàn giao công việc đầy đủ khi vắng mặt | E20: 0.07 | H20: =IF(ISNUMBER(G20),G20/5*E20*100,0) | J20: PH
A21: TỔNG CỘNG | E21: =SUM(E10:E20) | H21: =SUM(H10:H20)
A23: KẾT QUẢ ĐÁNH GIÁ | D23: ĐIỂM THEO NHÓM TIÊU CHÍ
A24: Tổng điểm chính thức | C24: =H21 | D24: Nhóm tiêu chí | E24: Trọng số | F24: Điểm tối đa | G24: Điểm đạt | H24: Tỷ lệ đạt
A25: Điểm tự đánh giá | C25: =IF(COUNT(F10:F20)=0,"",SUMPRODUCT(F10:F20,E10:E20)/5*100) | D25: Chuyên môn - Nghiệp vụ | E25: =SUMIF($J$10:$J$20,"CM",$E$10:$E$20) | F25: =E25*100 | G25: =SUMIF($J$10:$J$20,"CM",$H$10:$H$20) | H25: =IF(F25=0,0,G25/F25)
A26: Tiêu chí đã chấm | C26: =COUNT(G10:G20)&" / 11" | D26: Tuân thủ - Thời hạn | E26: =SUMIF($J$10:$J$20,"TT",$E$10:$E$20) | F26: =E26*100 | G26: =SUMIF($J$10:$J$20,"TT",$H$10:$H$20) | H26: =IF(F26=0,0,G26/F26)
A27: Xếp loại | C27: =IF(COUNT(G10:G20)=0,"Chưa chấm",IF(COUNT(G10:G20)<11,"Chưa chấm đủ",IF(H21>=80,"Xuất sắc",IF(H21>=70,"Đạt","Cần cải thiện")))) | D27: Phối hợp - Thái độ | E27: =SUMIF($J$10:$J$20,"PH",$E$10:$E$20) | F27: =E27*100 | G27: =SUMIF($J$10:$J$20,"PH",$H$10:$H$20) | H27: =IF(F27=0,0,G27/F27)
A28: Kiểm tra trọng số | C28: =IF(ROUND(E21,4)=1,"Hợp lệ – 100%","SAI – tổng trọng số phải = 100%")
A30: NHẬN XÉT & KẾ HOẠCH CẢI THIỆN (Bước 5 – phản hồi kết quả)
A31: Điểm mạnh
A32: Cần cải thiện
A33: Kế hoạch cải thiện
A34: Ý kiến nhân sự
B36: NHÂN SỰ ĐƯỢC ĐÁNH GIÁ | D36: QUẢN LÝ TRỰC TIẾP | G36: NGƯỜI PHÊ DUYỆT
B37: (Ký, ghi rõ họ tên) | D37: (Ký, ghi rõ họ tên) | G37: (Ký, ghi rõ họ tên)

Sheet 05. Lái xe công ty
A1: BẢNG ĐÁNH GIÁ KPI – LÁI XE CÔNG TY (XE ĐƯA ĐÓN)
A2: Phòng Hành chính · Phụ lục 01 kèm Quy chế đánh giá KPI · KK HOME ·
B4: Họ và tên | E4: Loại kỳ đánh giá | G4: Quý | I4: ← chọn Tháng / Quý / Năm
B5: Mã nhân viên | E5: Kỳ đánh giá | I5: VD: Tháng 9/2026, Quý 3/2026, Năm 2026
B6: Người đánh giá | E6: Ngày đánh giá
B7: Bộ phận | C7: Phòng Hành chính
A9: STT | B9: Nhóm tiêu chí | C9: Tiêu chí đánh giá | D9: Cách đo / Chứng cứ chấm điểm | E9: Trọng số | F9: Tự đánh giá (1–5) | G9: Quản lý chấm (1–5) | H9: Điểm quy đổi | I9: Ghi chú / Lý do (bắt buộc khi điểm ≤1,5 hoặc 5)
A10: 1 | B10: Chuyên môn - Nghiệp vụ | C10: Hoàn thành lịch đưa đón | D10: Số chuyến hoàn thành / số chuyến được điều động | E10: 0.12 | H10: =IF(ISNUMBER(G10),G10/5*E10*100,0) | J10: CM
A11: 2 | C11: Đúng giờ | D11: Tỷ lệ có mặt đúng giờ hẹn | E11: 0.1 | H11: =IF(ISNUMBER(G11),G11/5*E11*100,0) | J11: CM
A12: 3 | C12: Tiết kiệm nhiên liệu & chi phí xe | D12: Mức tiêu hao nhiên liệu, phí cầu đường so với định mức | E12: 0.1 | H12: =IF(ISNUMBER(G12),G12/5*E12*100,0) | J12: CM
A13: 4 | C13: Bảo dưỡng & giữ gìn xe | D13: Bảo dưỡng đúng lịch; xe sạch, đủ giấy tờ, đăng kiểm, bảo hiểm còn hạn | E13: 0.08 | H13: =IF(ISNUMBER(G13),G13/5*E13*100,0) | J13: CM
A14: 5 | B14: Tuân thủ - Thời hạn | C14: An toàn giao thông | D14: Số vi phạm giao thông, phạt nguội, va chạm | E14: 0.12 | H14: =IF(ISNUMBER(G14),G14/5*E14*100,0) | J14: TT
A15: 6 | C15: Ghi nhật trình đầy đủ | D15: Sổ nhật trình, km, nhiên liệu ghi chính xác, nộp đúng hạn | E15: 0.08 | H15: =IF(ISNUMBER(G15),G15/5*E15*100,0) | J15: TT
A16: 7 | C16: Thanh toán chi phí xe đúng quy định | D16: Hóa đơn xăng dầu, sửa chữa hợp lệ, nộp đúng hạn | E16: 0.08 | H16: =IF(ISNUMBER(G16),G16/5*E16*100,0) | J16: TT
A17: 8 | C17: Chấp hành điều động | D17: Không tự ý dùng xe việc riêng; báo cáo trước khi thay đổi lịch trình | E17: 0.07 | H17: =IF(ISNUMBER(G17),G17/5*E17*100,0) | J17: TT
A18: 9 | B18: Phối hợp - Thái độ | C18: Thái độ phục vụ | D18: Phản hồi của lãnh đạo, khách về thái độ, tác phong | E18: 0.1 | H18: =IF(ISNUMBER(G18),G18/5*E18*100,0) | J18: PH
A19: 10 | C19: Bảo mật thông tin | D19: Không tiết lộ thông tin nghe được trong quá trình phục vụ | E19: 0.08 | H19: =IF(ISNUMBER(G19),G19/5*E19*100,0) | J19: PH
A20: 11 | C20: Tinh thần trách nhiệm | D20: Sẵn sàng phục vụ ngoài giờ khi có yêu cầu | E20: 0.07 | H20: =IF(ISNUMBER(G20),G20/5*E20*100,0) | J20: PH
A21: TỔNG CỘNG | E21: =SUM(E10:E20) | H21: =SUM(H10:H20)
A23: KẾT QUẢ ĐÁNH GIÁ | D23: ĐIỂM THEO NHÓM TIÊU CHÍ
A24: Tổng điểm chính thức | C24: =H21 | D24: Nhóm tiêu chí | E24: Trọng số | F24: Điểm tối đa | G24: Điểm đạt | H24: Tỷ lệ đạt
A25: Điểm tự đánh giá | C25: =IF(COUNT(F10:F20)=0,"",SUMPRODUCT(F10:F20,E10:E20)/5*100) | D25: Chuyên môn - Nghiệp vụ | E25: =SUMIF($J$10:$J$20,"CM",$E$10:$E$20) | F25: =E25*100 | G25: =SUMIF($J$10:$J$20,"CM",$H$10:$H$20) | H25: =IF(F25=0,0,G25/F25)
A26: Tiêu chí đã chấm | C26: =COUNT(G10:G20)&" / 11" | D26: Tuân thủ - Thời hạn | E26: =SUMIF($J$10:$J$20,"TT",$E$10:$E$20) | F26: =E26*100 | G26: =SUMIF($J$10:$J$20,"TT",$H$10:$H$20) | H26: =IF(F26=0,0,G26/F26)
A27: Xếp loại | C27: =IF(COUNT(G10:G20)=0,"Chưa chấm",IF(COUNT(G10:G20)<11,"Chưa chấm đủ",IF(H21>=80,"Xuất sắc",IF(H21>=70,"Đạt","Cần cải thiện")))) | D27: Phối hợp - Thái độ | E27: =SUMIF($J$10:$J$20,"PH",$E$10:$E$20) | F27: =E27*100 | G27: =SUMIF($J$10:$J$20,"PH",$H$10:$H$20) | H27: =IF(F27=0,0,G27/F27)
A28: Kiểm tra trọng số | C28: =IF(ROUND(E21,4)=1,"Hợp lệ – 100%","SAI – tổng trọng số phải = 100%")
A30: NHẬN XÉT & KẾ HOẠCH CẢI THIỆN (Bước 5 – phản hồi kết quả)
A31: Điểm mạnh
A32: Cần cải thiện
A33: Kế hoạch cải thiện
A34: Ý kiến nhân sự
B36: NHÂN SỰ ĐƯỢC ĐÁNH GIÁ | D36: QUẢN LÝ TRỰC TIẾP | G36: NGƯỜI PHÊ DUYỆT
B37: (Ký, ghi rõ họ tên) | D37: (Ký, ghi rõ họ tên) | G37: (Ký, ghi rõ họ tên)

Sheet 06. NV Bảo vệ
A1: BẢNG ĐÁNH GIÁ KPI – NHÂN VIÊN BẢO VỆ
A2: Phòng Hành chính · Phụ lục 01 kèm Quy chế đánh giá KPI · KK HOME ·
B4: Họ và tên | E4: Loại kỳ đánh giá | G4: Quý | I4: ← chọn Tháng / Quý / Năm
B5: Mã nhân viên | E5: Kỳ đánh giá | I5: VD: Tháng 9/2026, Quý 3/2026, Năm 2026
B6: Người đánh giá | E6: Ngày đánh giá
B7: Bộ phận | C7: Phòng Hành chính
A9: STT | B9: Nhóm tiêu chí | C9: Tiêu chí đánh giá | D9: Cách đo / Chứng cứ chấm điểm | E9: Trọng số | F9: Tự đánh giá (1–5) | G9: Quản lý chấm (1–5) | H9: Điểm quy đổi | I9: Ghi chú / Lý do (bắt buộc khi điểm ≤1,5 hoặc 5)
A10: 1 | B10: Chuyên môn - Nghiệp vụ | C10: Đảm bảo an ninh trật tự | D10: Không xảy ra mất cắp, xâm nhập trái phép trong ca trực | E10: 0.12 | H10: =IF(ISNUMBER(G10),G10/5*E10*100,0) | J10: CM
A11: 2 | C11: Kiểm soát người & phương tiện ra vào | D11: 100% khách, xe, hàng hóa ra vào được kiểm tra, ghi sổ | E11: 0.1 | H11: =IF(ISNUMBER(G11),G11/5*E11*100,0) | J11: CM
A12: 3 | C12: Tuần tra theo lịch | D12: Số lượt tuần tra đúng lịch, có ký sổ/quét điểm tuần tra | E12: 0.1 | H12: =IF(ISNUMBER(G12),G12/5*E12*100,0) | J12: CM
A13: 4 | C13: Sẵn sàng PCCC & xử lý sự cố | D13: Thao tác thành thạo thiết bị PCCC; xử lý sự cố đúng phương án | E13: 0.08 | H13: =IF(ISNUMBER(G13),G13/5*E13*100,0) | J13: CM
A14: 5 | B14: Tuân thủ - Thời hạn | C14: Chấp hành ca trực | D14: Không bỏ vị trí, ngủ gật trong ca; giao ca đầy đủ | E14: 0.12 | H14: =IF(ISNUMBER(G14),G14/5*E14*100,0) | J14: TT
A15: 6 | C15: Ghi sổ trực & báo cáo | D15: Sổ giao ca, sổ khách, sổ sự việc ghi đầy đủ, chính xác | E15: 0.08 | H15: =IF(ISNUMBER(G15),G15/5*E15*100,0) | J15: TT
A16: 7 | C16: Kiểm soát hàng hóa ra cổng | D16: Hàng ra cổng có phiếu xuất/giấy ra cổng hợp lệ | E16: 0.08 | H16: =IF(ISNUMBER(G16),G16/5*E16*100,0) | J16: TT
A17: 8 | C17: Đồng phục, tác phong | D17: Đồng phục đúng quy định; thái độ lịch sự với khách | E17: 0.07 | H17: =IF(ISNUMBER(G17),G17/5*E17*100,0) | J17: TT
A18: 9 | B18: Phối hợp - Thái độ | C18: Phối hợp với Hành chính & các bộ phận | D18: Hỗ trợ sắp xếp xe, hướng dẫn khách, hỗ trợ sự kiện | E18: 0.1 | H18: =IF(ISNUMBER(G18),G18/5*E18*100,0) | J18: PH
A19: 10 | C19: Phát hiện & báo cáo nguy cơ | D19: Số nguy cơ mất an ninh, cháy nổ được phát hiện, báo cáo kịp thời | E19: 0.08 | H19: =IF(ISNUMBER(G19),G19/5*E19*100,0) | J19: PH
A20: 11 | C20: Trung thực & trách nhiệm | D20: Không tiếp tay cho hành vi gian lận, mất mát tài sản | E20: 0.07 | H20: =IF(ISNUMBER(G20),G20/5*E20*100,0) | J20: PH
A21: TỔNG CỘNG | E21: =SUM(E10:E20) | H21: =SUM(H10:H20)
A23: KẾT QUẢ ĐÁNH GIÁ | D23: ĐIỂM THEO NHÓM TIÊU CHÍ
A24: Tổng điểm chính thức | C24: =H21 | D24: Nhóm tiêu chí | E24: Trọng số | F24: Điểm tối đa | G24: Điểm đạt | H24: Tỷ lệ đạt
A25: Điểm tự đánh giá | C25: =IF(COUNT(F10:F20)=0,"",SUMPRODUCT(F10:F20,E10:E20)/5*100) | D25: Chuyên môn - Nghiệp vụ | E25: =SUMIF($J$10:$J$20,"CM",$E$10:$E$20) | F25: =E25*100 | G25: =SUMIF($J$10:$J$20,"CM",$H$10:$H$20) | H25: =IF(F25=0,0,G25/F25)
A26: Tiêu chí đã chấm | C26: =COUNT(G10:G20)&" / 11" | D26: Tuân thủ - Thời hạn | E26: =SUMIF($J$10:$J$20,"TT",$E$10:$E$20) | F26: =E26*100 | G26: =SUMIF($J$10:$J$20,"TT",$H$10:$H$20) | H26: =IF(F26=0,0,G26/F26)
A27: Xếp loại | C27: =IF(COUNT(G10:G20)=0,"Chưa chấm",IF(COUNT(G10:G20)<11,"Chưa chấm đủ",IF(H21>=80,"Xuất sắc",IF(H21>=70,"Đạt","Cần cải thiện")))) | D27: Phối hợp - Thái độ | E27: =SUMIF($J$10:$J$20,"PH",$E$10:$E$20) | F27: =E27*100 | G27: =SUMIF($J$10:$J$20,"PH",$H$10:$H$20) | H27: =IF(F27=0,0,G27/F27)
A28: Kiểm tra trọng số | C28: =IF(ROUND(E21,4)=1,"Hợp lệ – 100%","SAI – tổng trọng số phải = 100%")
A30: NHẬN XÉT & KẾ HOẠCH CẢI THIỆN (Bước 5 – phản hồi kết quả)
A31: Điểm mạnh
A32: Cần cải thiện
A33: Kế hoạch cải thiện
A34: Ý kiến nhân sự
B36: NHÂN SỰ ĐƯỢC ĐÁNH GIÁ | D36: QUẢN LÝ TRỰC TIẾP | G36: NGƯỜI PHÊ DUYỆT
B37: (Ký, ghi rõ họ tên) | D37: (Ký, ghi rõ họ tên) | G37: (Ký, ghi rõ họ tên)

Sheet 07. NV Tạp vụ
A1: BẢNG ĐÁNH GIÁ KPI – NHÂN VIÊN TẠP VỤ – VỆ SINH
A2: Phòng Hành chính · Phụ lục 01 kèm Quy chế đánh giá KPI · KK HOME ·
B4: Họ và tên | E4: Loại kỳ đánh giá | G4: Quý | I4: ← chọn Tháng / Quý / Năm
B5: Mã nhân viên | E5: Kỳ đánh giá | I5: VD: Tháng 9/2026, Quý 3/2026, Năm 2026
B6: Người đánh giá | E6: Ngày đánh giá
B7: Bộ phận | C7: Phòng Hành chính
A9: STT | B9: Nhóm tiêu chí | C9: Tiêu chí đánh giá | D9: Cách đo / Chứng cứ chấm điểm | E9: Trọng số | F9: Tự đánh giá (1–5) | G9: Quản lý chấm (1–5) | H9: Điểm quy đổi | I9: Ghi chú / Lý do (bắt buộc khi điểm ≤1,5 hoặc 5)
A10: 1 | B10: Chuyên môn - Nghiệp vụ | C10: Vệ sinh khu vực phụ trách | D10: Kết quả kiểm tra vệ sinh hằng ngày/tuần đạt chuẩn | E10: 0.12 | H10: =IF(ISNUMBER(G10),G10/5*E10*100,0) | J10: CM
A11: 2 | C11: Vệ sinh khu vệ sinh, pantry | D11: Tần suất làm sạch đúng lịch; không có phản ánh mùi, bẩn | E11: 0.1 | H11: =IF(ISNUMBER(G11),G11/5*E11*100,0) | J11: CM
A12: 3 | C12: Chuẩn bị nước uống, phòng họp | D12: Chuẩn bị đúng giờ, đúng số lượng theo lịch họp | E12: 0.1 | H12: =IF(ISNUMBER(G12),G12/5*E12*100,0) | J12: CM
A13: 4 | C13: Quản lý vật tư vệ sinh | D13: Sử dụng tiết kiệm; báo mua kịp thời, không để thiếu | E13: 0.08 | H13: =IF(ISNUMBER(G13),G13/5*E13*100,0) | J13: CM
A14: 5 | B14: Tuân thủ - Thời hạn | C14: Chấp hành giờ giấc, lịch vệ sinh | D14: Hoàn thành lịch vệ sinh đúng giờ quy định | E14: 0.12 | H14: =IF(ISNUMBER(G14),G14/5*E14*100,0) | J14: TT
A15: 6 | C15: An toàn khi làm việc | D15: Sử dụng hóa chất, thiết bị đúng hướng dẫn; đặt biển cảnh báo sàn ướt | E15: 0.08 | H15: =IF(ISNUMBER(G15),G15/5*E15*100,0) | J15: TT
A16: 7 | C16: Phân loại rác đúng quy định | D16: Rác được phân loại, thu gom đúng nơi, đúng giờ | E16: 0.08 | H16: =IF(ISNUMBER(G16),G16/5*E16*100,0) | J16: TT
A17: 8 | C17: Giữ gìn tài sản văn phòng | D17: Báo hỏng hóc thiết bị, cơ sở vật chất kịp thời | E17: 0.07 | H17: =IF(ISNUMBER(G17),G17/5*E17*100,0) | J17: TT
A18: 9 | B18: Phối hợp - Thái độ | C18: Thái độ với đồng nghiệp & khách | D18: Phản hồi của các phòng ban | E18: 0.1 | H18: =IF(ISNUMBER(G18),G18/5*E18*100,0) | J18: PH
A19: 10 | C19: Hỗ trợ công việc phát sinh | D19: Hỗ trợ dọn dẹp sự kiện, chuyển đồ khi có yêu cầu | E19: 0.08 | H19: =IF(ISNUMBER(G19),G19/5*E19*100,0) | J19: PH
A20: 11 | C20: Trung thực & trách nhiệm | D20: Không xâm phạm tài sản, tài liệu của người khác | E20: 0.07 | H20: =IF(ISNUMBER(G20),G20/5*E20*100,0) | J20: PH
A21: TỔNG CỘNG | E21: =SUM(E10:E20) | H21: =SUM(H10:H20)
A23: KẾT QUẢ ĐÁNH GIÁ | D23: ĐIỂM THEO NHÓM TIÊU CHÍ
A24: Tổng điểm chính thức | C24: =H21 | D24: Nhóm tiêu chí | E24: Trọng số | F24: Điểm tối đa | G24: Điểm đạt | H24: Tỷ lệ đạt
A25: Điểm tự đánh giá | C25: =IF(COUNT(F10:F20)=0,"",SUMPRODUCT(F10:F20,E10:E20)/5*100) | D25: Chuyên môn - Nghiệp vụ | E25: =SUMIF($J$10:$J$20,"CM",$E$10:$E$20) | F25: =E25*100 | G25: =SUMIF($J$10:$J$20,"CM",$H$10:$H$20) | H25: =IF(F25=0,0,G25/F25)
A26: Tiêu chí đã chấm | C26: =COUNT(G10:G20)&" / 11" | D26: Tuân thủ - Thời hạn | E26: =SUMIF($J$10:$J$20,"TT",$E$10:$E$20) | F26: =E26*100 | G26: =SUMIF($J$10:$J$20,"TT",$H$10:$H$20) | H26: =IF(F26=0,0,G26/F26)
A27: Xếp loại | C27: =IF(COUNT(G10:G20)=0,"Chưa chấm",IF(COUNT(G10:G20)<11,"Chưa chấm đủ",IF(H21>=80,"Xuất sắc",IF(H21>=70,"Đạt","Cần cải thiện")))) | D27: Phối hợp - Thái độ | E27: =SUMIF($J$10:$J$20,"PH",$E$10:$E$20) | F27: =E27*100 | G27: =SUMIF($J$10:$J$20,"PH",$H$10:$H$20) | H27: =IF(F27=0,0,G27/F27)
A28: Kiểm tra trọng số | C28: =IF(ROUND(E21,4)=1,"Hợp lệ – 100%","SAI – tổng trọng số phải = 100%")
A30: NHẬN XÉT & KẾ HOẠCH CẢI THIỆN (Bước 5 – phản hồi kết quả)
A31: Điểm mạnh
A32: Cần cải thiện
A33: Kế hoạch cải thiện
A34: Ý kiến nhân sự
B36: NHÂN SỰ ĐƯỢC ĐÁNH GIÁ | D36: QUẢN LÝ TRỰC TIẾP | G36: NGƯỜI PHÊ DUYỆT
B37: (Ký, ghi rõ họ tên) | D37: (Ký, ghi rõ họ tên) | G37: (Ký, ghi rõ họ tên)
