Workbook

Sheet Hướng dẫn
A1: KPI TÀI CHÍNH – 06 VỊ TRÍ
A2: Phụ lục 01 kèm Quy chế đánh giá KPI · KK HOME ·
B4: CÁCH DÙNG – 6 BƯỚC
B5: Bước 1 | C5: Chọn sheet đúng vị trí của nhân sự (bấm tên vị trí ở danh mục bên dưới để nhảy tới sheet).
B6: Bước 2 | C6: Nhập thông tin đầu sheet: Họ tên, Mã NV, Người đánh giá, Loại kỳ (Tháng/Quý/Năm), Kỳ đánh giá, Ngày đánh giá.
B7: Bước 3 | C7: Nhân sự tự chấm điểm cột F "Tự đánh giá" (1–5, được chấm lẻ 3.5).
B8: Bước 4 | C8: Quản lý trực tiếp chấm điểm chính thức cột G "Quản lý chấm". Chỉ điểm cột G được dùng để tính điểm quy đổi và xếp loại.
B9: Bước 5 | C9: Ghi chú lý do ở cột I khi điểm ≤ 1,5 hoặc = 5. Ô ghi chú tự tô cam nếu thiếu lý do (Điều 12 – Ngoại lệ).
B10: Bước 6 | C10: Xem kết quả ở cuối sheet vị trí, sheet "Tổng hợp" (toàn phòng) và "So sánh" (biểu đồ). In, ký và trình phê duyệt.
B12: QUY ƯỚC Ô
B13: Ô nền vàng, chữ xanh | C13: Ô nhập liệu. Chỉ nhập vào các ô này.
B14: Trọng số chữ xanh (cột E) | C14: Được sửa khi có quyết định điều chỉnh (Điều 17). Tổng trọng số mỗi vị trí phải = 100% – ô "Kiểm tra trọng số" báo đỏ nếu sai.
B15: Ô nền xám | C15: Công thức tự tính. Không sửa.
B17: CÔNG THỨC & XẾP LOẠI (Điều 7, Điều 13 Quy chế)
B18: Điểm quy đổi | C18: Điểm quản lý chấm ÷ 5 × Trọng số × 100
B19: Tổng điểm | C19: Cộng điểm quy đổi các tiêu chí (tối đa 100 điểm)
B20: Xếp loại | C20: ≥ 80 điểm: Xuất sắc · 70 đến dưới 80: Đạt · Dưới 70: Cần cải thiện. Chưa chấm đủ tiêu chí → hiển thị "Chưa chấm đủ".
B21: Ví dụ | C21: Tiêu chí "Quản lý dòng tiền" trọng số 10%, quản lý chấm 4 → 4 ÷ 5 × 10 = 8,0 điểm. Chấm 3.5 → 7,0 điểm.
B22: Cơ cấu nhóm | C22: Chuyên môn - Nghiệp vụ 40% · Tuân thủ - Thời hạn 35% · Phối hợp - Thái độ 25% (áp dụng cho mọi vị trí trong file).
B24: DANH MỤC 06 VỊ TRÍ
B25: 01 | C25: Giám đốc Tài chính (CFO) (10 tiêu chí)
B26: 02 | C26: Trưởng phòng Tài chính (10 tiêu chí)
B27: 03 | C27: Chuyên viên Kế hoạch & Ngân sách (FP&A) (11 tiêu chí)
B28: 04 | C28: Chuyên viên Quản lý dòng tiền & Quan hệ ngân hàng (11 tiêu chí)
B29: 05 | C29: Chuyên viên Đầu tư & Phân tích dự án (11 tiêu chí)
B30: 06 | C30: Chuyên viên Quản lý tín dụng khách hàng (Credit Control) (11 tiêu chí)
B32: Lưu ý | C32: Tiêu chí và cách đo là bộ mẫu. Đơn vị điều chỉnh chỉ tiêu định lượng (%, số ngày, số lỗi) theo mục tiêu đã duyệt của từng kỳ trước khi phổ biến cho nhân sự (Điều 4 – Công khai). Bộ file thuộc Hệ thống W1 – KPI Doanh nghiệp của KK HOME.

Sheet Tổng hợp
A1: TỔNG HỢP KẾT QUẢ KPI – PHÒNG TÀI CHÍNH
A2: Phụ lục 01 · Tự cập nhật từ các sheet vị trí (Bước 4 – Điều 10) · KK HOME ·
A4: STT | B4: Vị trí | C4: Họ và tên | D4: Kỳ đánh giá | E4: Điểm tự ĐG | F4: Điểm chính thức | G4: Chênh lệch (CT − Tự ĐG) | H4: Xếp loại | I4: Chuyên môn (% đạt) | J4: Tuân thủ (% đạt) | K4: Phối hợp (% đạt) | L4: Tiến độ chấm
A5: 1 | B5: Giám đốc Tài chính (CFO) | C5: =IF('01. Giám đốc Tài chính'!C4="","",'01. Giám đốc Tài chính'!C4) | D5: =IF('01. Giám đốc Tài chính'!G5="",'01. Giám đốc Tài chính'!G4,'01. Giám đốc Tài chính'!G5) | E5: ='01. Giám đốc Tài chính'!C24 | F5: ='01. Giám đốc Tài chính'!C23 | G5: =IF(E5="","",F5-E5) | H5: ='01. Giám đốc Tài chính'!C26 | I5: ='01. Giám đốc Tài chính'!H24 | J5: ='01. Giám đốc Tài chính'!H25 | K5: ='01. Giám đốc Tài chính'!H26 | L5: ='01. Giám đốc Tài chính'!C25
A6: 2 | B6: Trưởng phòng Tài chính | C6: =IF('02. Trưởng phòng Tài chính'!C4="","",'02. Trưởng phòng Tài chính'!C4) | D6: =IF('02. Trưởng phòng Tài chính'!G5="",'02. Trưởng phòng Tài chính'!G4,'02. Trưởng phòng Tài chính'!G5) | E6: ='02. Trưởng phòng Tài chính'!C24 | F6: ='02. Trưởng phòng Tài chính'!C23 | G6: =IF(E6="","",F6-E6) | H6: ='02. Trưởng phòng Tài chính'!C26 | I6: ='02. Trưởng phòng Tài chính'!H24 | J6: ='02. Trưởng phòng Tài chính'!H25 | K6: ='02. Trưởng phòng Tài chính'!H26 | L6: ='02. Trưởng phòng Tài chính'!C25
A7: 3 | B7: Chuyên viên Kế hoạch & Ngân sách (FP&A) | C7: =IF('03. CV Kế hoạch-Ngân sách'!C4="","",'03. CV Kế hoạch-Ngân sách'!C4) | D7: =IF('03. CV Kế hoạch-Ngân sách'!G5="",'03. CV Kế hoạch-Ngân sách'!G4,'03. CV Kế hoạch-Ngân sách'!G5) | E7: ='03. CV Kế hoạch-Ngân sách'!C25 | F7: ='03. CV Kế hoạch-Ngân sách'!C24 | G7: =IF(E7="","",F7-E7) | H7: ='03. CV Kế hoạch-Ngân sách'!C27 | I7: ='03. CV Kế hoạch-Ngân sách'!H25 | J7: ='03. CV Kế hoạch-Ngân sách'!H26 | K7: ='03. CV Kế hoạch-Ngân sách'!H27 | L7: ='03. CV Kế hoạch-Ngân sách'!C26
A8: 4 | B8: Chuyên viên Quản lý dòng tiền & Quan hệ ngân hàng | C8: =IF('04. CV Dòng tiền-Ngân hàng'!C4="","",'04. CV Dòng tiền-Ngân hàng'!C4) | D8: =IF('04. CV Dòng tiền-Ngân hàng'!G5="",'04. CV Dòng tiền-Ngân hàng'!G4,'04. CV Dòng tiền-Ngân hàng'!G5) | E8: ='04. CV Dòng tiền-Ngân hàng'!C25 | F8: ='04. CV Dòng tiền-Ngân hàng'!C24 | G8: =IF(E8="","",F8-E8) | H8: ='04. CV Dòng tiền-Ngân hàng'!C27 | I8: ='04. CV Dòng tiền-Ngân hàng'!H25 | J8: ='04. CV Dòng tiền-Ngân hàng'!H26 | K8: ='04. CV Dòng tiền-Ngân hàng'!H27 | L8: ='04. CV Dòng tiền-Ngân hàng'!C26
A9: 5 | B9: Chuyên viên Đầu tư & Phân tích dự án | C9: =IF('05. CV Đầu tư-Dự án'!C4="","",'05. CV Đầu tư-Dự án'!C4) | D9: =IF('05. CV Đầu tư-Dự án'!G5="",'05. CV Đầu tư-Dự án'!G4,'05. CV Đầu tư-Dự án'!G5) | E9: ='05. CV Đầu tư-Dự án'!C25 | F9: ='05. CV Đầu tư-Dự án'!C24 | G9: =IF(E9="","",F9-E9) | H9: ='05. CV Đầu tư-Dự án'!C27 | I9: ='05. CV Đầu tư-Dự án'!H25 | J9: ='05. CV Đầu tư-Dự án'!H26 | K9: ='05. CV Đầu tư-Dự án'!H27 | L9: ='05. CV Đầu tư-Dự án'!C26
A10: 6 | B10: Chuyên viên Quản lý tín dụng khách hàng (Credit Control) | C10: =IF('06. CV Tín dụng KH'!C4="","",'06. CV Tín dụng KH'!C4) | D10: =IF('06. CV Tín dụng KH'!G5="",'06. CV Tín dụng KH'!G4,'06. CV Tín dụng KH'!G5) | E10: ='06. CV Tín dụng KH'!C25 | F10: ='06. CV Tín dụng KH'!C24 | G10: =IF(E10="","",F10-E10) | H10: ='06. CV Tín dụng KH'!C27 | I10: ='06. CV Tín dụng KH'!H25 | J10: ='06. CV Tín dụng KH'!H26 | K10: ='06. CV Tín dụng KH'!H27 | L10: ='06. CV Tín dụng KH'!C26
B12: THỐNG KÊ TOÀN PHÒNG
B13: Số vị trí xếp loại Xuất sắc | C13: =COUNTIF(H5:H10,"Xuất sắc")
B14: Số vị trí xếp loại Đạt | C14: =COUNTIF(H5:H10,"Đạt")
B15: Số vị trí xếp loại Cần cải thiện | C15: =COUNTIF(H5:H10,"Cần cải thiện")
B16: Số vị trí chưa chấm / chưa chấm đủ | C16: =COUNTIF(H5:H10,"Chưa chấm")+COUNTIF(H5:H10,"Chưa chấm đủ")
B17: Điểm bình quân phòng (vị trí đã chấm đủ) | C17: =IFERROR(AVERAGEIFS(F5:F10,H5:H10,"<>Chưa chấm",H5:H10,"<>Chưa chấm đủ"),"")
B19: Chênh lệch tô đỏ khi điểm chính thức lệch điểm tự đánh giá từ 10 điểm trở lên – nên trao đổi kỹ ở Bước 5. Nhân sự "Cần cải thiện" từ 02 kỳ liên tiếp trở lên thuộc diện đào tạo, kèm cặp (Điều 14).

Sheet So sánh
A1: SO SÁNH KẾT QUẢ GIỮA CÁC VỊ TRÍ
A2: Phụ lục 01 · Dữ liệu lấy từ sheet Tổng hợp · KK HOME ·
A4: STT | B4: Vị trí | C4: Điểm tự ĐG | D4: Điểm chính thức | E4: Chuyên môn | F4: Tuân thủ | G4: Phối hợp
A5: 1 | B5: ='Tổng hợp'!B5 | C5: =IF('Tổng hợp'!E5="",0,'Tổng hợp'!E5) | D5: ='Tổng hợp'!F5 | E5: ='Tổng hợp'!I5 | F5: ='Tổng hợp'!J5 | G5: ='Tổng hợp'!K5
A6: 2 | B6: ='Tổng hợp'!B6 | C6: =IF('Tổng hợp'!E6="",0,'Tổng hợp'!E6) | D6: ='Tổng hợp'!F6 | E6: ='Tổng hợp'!I6 | F6: ='Tổng hợp'!J6 | G6: ='Tổng hợp'!K6
A7: 3 | B7: ='Tổng hợp'!B7 | C7: =IF('Tổng hợp'!E7="",0,'Tổng hợp'!E7) | D7: ='Tổng hợp'!F7 | E7: ='Tổng hợp'!I7 | F7: ='Tổng hợp'!J7 | G7: ='Tổng hợp'!K7
A8: 4 | B8: ='Tổng hợp'!B8 | C8: =IF('Tổng hợp'!E8="",0,'Tổng hợp'!E8) | D8: ='Tổng hợp'!F8 | E8: ='Tổng hợp'!I8 | F8: ='Tổng hợp'!J8 | G8: ='Tổng hợp'!K8
A9: 5 | B9: ='Tổng hợp'!B9 | C9: =IF('Tổng hợp'!E9="",0,'Tổng hợp'!E9) | D9: ='Tổng hợp'!F9 | E9: ='Tổng hợp'!I9 | F9: ='Tổng hợp'!J9 | G9: ='Tổng hợp'!K9
A10: 6 | B10: ='Tổng hợp'!B10 | C10: =IF('Tổng hợp'!E10="",0,'Tổng hợp'!E10) | D10: ='Tổng hợp'!F10 | E10: ='Tổng hợp'!I10 | F10: ='Tổng hợp'!J10 | G10: ='Tổng hợp'!K10
A12: Biểu đồ tự cập nhật khi chấm điểm ở các sheet vị trí. Vị trí chưa chấm hiển thị 0.

Sheet Nguyên tắc chấm
A1: NGUYÊN TẮC CHẤM ĐIỂM KPI
A2: Phụ lục 01 · Căn cứ Điều 4, 6, 7, 10, 12, 13 Quy chế · KK HOME ·
B4: 1. THANG ĐIỂM 1–5 (Điều 6)
B5: Điểm | C5: Xếp hạng | D5: Diễn giải
B6: 5 | C6: Tuyệt vời | D6: Hoàn thành xuất sắc, vượt mong đợi, tự giác và chủ động
B7: 4 | C7: Tốt | D7: Hoàn thành tốt, đạt hoặc vượt mục tiêu đề ra
B8: 3 | C8: Bình thường | D8: Đáp ứng đủ yêu cầu cơ bản
B9: 2 | C9: Chưa đạt | D9: Chưa hoàn thành tốt, có lỗi nhỏ, cần cải thiện
B10: 1 | C10: Kém | D10: Chưa hoàn thành, cần hỗ trợ nhiều, sai sót lớn
B11: Kết quả dao động giữa hai mức liền kề: được chấm điểm trung bình (VD: 3.5).
B13: 2. CÔNG THỨC & XẾP LOẠI (Điều 7, Điều 13)
B14: Điểm quy đổi tiêu chí | C14: Điểm chấm ÷ 5 × Trọng số × 100
B15: Tổng điểm vị trí | C15: Cộng điểm quy đổi các tiêu chí (tối đa 100)
B16: Xuất sắc | C16: Tổng điểm ≥ 80
B17: Đạt | C17: Từ 70 đến dưới 80
B18: Cần cải thiện | C18: Dưới 70
B20: 3. GỢI Ý QUY ĐỔI CHỨNG CỨ RA ĐIỂM (mẫu – điều chỉnh theo mục tiêu đã duyệt từng kỳ)
B21: Loại chỉ số | C21: Điểm 5 | D21: Điểm 4 | E21: Điểm 3 | F21: Điểm 2 | G21: Điểm 1
B22: Chênh lệch dự báo dòng tiền / ngân sách | C22: Lệch ≤ 3% | D22: Lệch 3% – 5% | E22: Lệch 5% – 10% | F22: Lệch 10% – 15% | G22: Lệch > 15%
B23: Thời hạn báo cáo tài chính quản trị | C23: 100% đúng hạn, nhiều báo cáo nộp sớm | D23: 100% đúng hạn | E23: ≥ 90% đúng hạn, trễ không ảnh hưởng | F23: 75% – dưới 90%, hoặc 1 lần trễ ảnh hưởng quyết định | G23: Dưới 75%
B24: Chi phí vốn / lãi vay bình quân | C24: Thấp hơn kế hoạch ≥ 0,5 điểm % | D24: Bằng hoặc thấp hơn kế hoạch | E24: Cao hơn ≤ 0,3 điểm % | F24: Cao hơn 0,3 – 1 điểm % | G24: Cao hơn > 1 điểm %
B25: Thanh khoản (thiếu hụt tiền) | C25: Không thiếu hụt, tiền nhàn rỗi được tối ưu | D25: Không thiếu hụt | E25: Thiếu hụt ngắn, xử lý trong ngày | F25: Thiếu hụt phải vay nóng, chậm thanh toán | G25: Mất khả năng thanh toán đúng hạn
B26: Nợ quá hạn khách hàng (credit control) | C26: Dưới 2% tổng phải thu | D26: 2% – dưới 5% | E26: 5% – dưới 8% | F26: 8% – dưới 12% | G26: ≥ 12% hoặc phát sinh nợ khó đòi lớn
B27: Tuân thủ cam kết vay, quy chế tài chính | C27: Không vi phạm, chủ động cảnh báo sớm | D27: Không vi phạm | E27: Có nhắc nhở, đã khắc phục | F27: Vi phạm phải xin miễn trừ | G27: Vi phạm dẫn tới phạt, thu hồi khoản vay
B29: 4. NGUYÊN TẮC ĐÁNH GIÁ (Điều 4, Điều 12)
B30: Khách quan | C30: Chấm theo kết quả thực tế, không theo thiện cảm cá nhân.
B31: Công bằng | C31: Cùng vị trí dùng chung bộ tiêu chí, trọng số, thang điểm.
B32: Công khai | C32: Tiêu chí, trọng số, chỉ tiêu định lượng phổ biến cho nhân sự trước kỳ đánh giá.
B33: Định kỳ | C33: Loại kỳ (Tháng/Quý/Năm) áp dụng thống nhất cho toàn phòng trong cùng chu kỳ.
B34: Có phản hồi | C34: Trao đổi kết quả trực tiếp, thống nhất kế hoạch cải thiện.
B35: Có chứng cứ | C35: Số liệu, thời hạn, biên bản, báo cáo. Điểm ≤ 1,5 hoặc = 5 phải ghi lý do ở cột Ghi chú.
B37: 5. QUY TRÌNH 6 BƯỚC (Điều 10)
B38: Bước 1 – Chuẩn bị | C38: Xác định kỳ, thông báo lịch, phổ biến tiêu chí.
B39: Bước 2 – Tự đánh giá | C39: Nhân sự chấm cột F.
B40: Bước 3 – Quản lý chấm | C40: Quản lý trực tiếp chấm chính thức cột G, dựa trên chứng cứ.
B41: Bước 4 – Tổng hợp | C41: File tự tính điểm quy đổi, xếp loại; sheet Tổng hợp tự cập nhật.
B42: Bước 5 – Phản hồi | C42: Trao đổi kết quả, ghi nhận xét và kế hoạch cải thiện cuối sheet vị trí.
B43: Bước 6 – Phê duyệt, lưu trữ | C43: Trình người có thẩm quyền ký duyệt; lưu hồ sơ làm căn cứ lương, thưởng, quy hoạch.

Sheet 01. Giám đốc Tài chính
A1: BẢNG ĐÁNH GIÁ KPI – GIÁM ĐỐC TÀI CHÍNH (CFO)
A2: Phòng Tài chính · Phụ lục 01 kèm Quy chế đánh giá KPI · KK HOME ·
B4: Họ và tên | E4: Loại kỳ đánh giá | G4: Quý | I4: ← chọn Tháng / Quý / Năm
B5: Mã nhân viên | E5: Kỳ đánh giá | I5: VD: Tháng 9/2026, Quý 3/2026, Năm 2026
B6: Người đánh giá | E6: Ngày đánh giá
B7: Bộ phận | C7: Phòng Tài chính
A9: STT | B9: Nhóm tiêu chí | C9: Tiêu chí đánh giá | D9: Cách đo / Chứng cứ chấm điểm | E9: Trọng số | F9: Tự đánh giá (1–5) | G9: Quản lý chấm (1–5) | H9: Điểm quy đổi | I9: Ghi chú / Lý do (bắt buộc khi điểm ≤1,5 hoặc 5)
A10: 1 | B10: Chuyên môn - Nghiệp vụ | C10: Hiệu quả tài chính doanh nghiệp | D10: Lợi nhuận, biên lợi nhuận, ROE so với kế hoạch được duyệt | E10: 0.1 | H10: =IF(ISNUMBER(G10),G10/5*E10*100,0) | J10: CM
A11: 2 | C11: Đảm bảo thanh khoản & cấu trúc vốn | D11: Không thiếu hụt tiền; hệ số nợ, khả năng thanh toán trong ngưỡng an toàn | E11: 0.1 | H11: =IF(ISNUMBER(G11),G11/5*E11*100,0) | J11: CM
A12: 3 | C12: Huy động & chi phí vốn | D12: Hạn mức tín dụng đủ cho kế hoạch kinh doanh; chi phí vốn bình quân so với kế hoạch | E12: 0.1 | H12: =IF(ISNUMBER(G12),G12/5*E12*100,0) | J12: CM
A13: 4 | C13: Hoạch định ngân sách & chiến lược tài chính | D13: Ngân sách năm, kế hoạch tài chính trung hạn trình duyệt đúng hạn | E13: 0.1 | H13: =IF(ISNUMBER(G13),G13/5*E13*100,0) | J13: CM
A14: 5 | B14: Tuân thủ - Thời hạn | C14: Quản trị rủi ro tài chính | D14: Rủi ro tỷ giá, lãi suất, tín dụng được nhận diện và có biện pháp; không tổn thất lớn | E14: 0.15 | H14: =IF(ISNUMBER(G14),G14/5*E14*100,0) | J14: TT
A15: 6 | C15: Tuân thủ cam kết vay & quy chế tài chính | D15: Không vi phạm cam kết với ngân hàng, nhà đầu tư; quy chế tài chính cập nhật | E15: 0.1 | H15: =IF(ISNUMBER(G15),G15/5*E15*100,0) | J15: TT
A16: 7 | C16: Báo cáo cho Ban lãnh đạo, chủ sở hữu, nhà đầu tư | D16: Báo cáo tài chính quản trị, báo cáo nhà đầu tư đúng hạn, chính xác | E16: 0.1 | H16: =IF(ISNUMBER(G16),G16/5*E16*100,0) | J16: TT
A17: 8 | B17: Phối hợp - Thái độ | C17: Lãnh đạo khối Tài chính – Kế toán | D17: Điểm KPI bình quân khối; quy hoạch kế cận vị trí then chốt | E17: 0.1 | H17: =IF(ISNUMBER(G17),G17/5*E17*100,0) | J17: PH
A18: 9 | C18: Phối hợp & tư vấn Ban lãnh đạo | D18: Mức độ hỗ trợ ra quyết định đầu tư, giá bán, chi phí; phản hồi của Tổng Giám đốc | E18: 0.08 | H18: =IF(ISNUMBER(G18),G18/5*E18*100,0) | J18: PH
A19: 10 | C19: Chuyển đổi số tài chính | D19: Số quy trình tài chính được tự động hóa, báo cáo thời gian thực | E19: 0.07 | H19: =IF(ISNUMBER(G19),G19/5*E19*100,0) | J19: PH
A20: TỔNG CỘNG | E20: =SUM(E10:E19) | H20: =SUM(H10:H19)
A22: KẾT QUẢ ĐÁNH GIÁ | D22: ĐIỂM THEO NHÓM TIÊU CHÍ
A23: Tổng điểm chính thức | C23: =H20 | D23: Nhóm tiêu chí | E23: Trọng số | F23: Điểm tối đa | G23: Điểm đạt | H23: Tỷ lệ đạt
A24: Điểm tự đánh giá | C24: =IF(COUNT(F10:F19)=0,"",SUMPRODUCT(F10:F19,E10:E19)/5*100) | D24: Chuyên môn - Nghiệp vụ | E24: =SUMIF($J$10:$J$19,"CM",$E$10:$E$19) | F24: =E24*100 | G24: =SUMIF($J$10:$J$19,"CM",$H$10:$H$19) | H24: =IF(F24=0,0,G24/F24)
A25: Tiêu chí đã chấm | C25: =COUNT(G10:G19)&" / 10" | D25: Tuân thủ - Thời hạn | E25: =SUMIF($J$10:$J$19,"TT",$E$10:$E$19) | F25: =E25*100 | G25: =SUMIF($J$10:$J$19,"TT",$H$10:$H$19) | H25: =IF(F25=0,0,G25/F25)
A26: Xếp loại | C26: =IF(COUNT(G10:G19)=0,"Chưa chấm",IF(COUNT(G10:G19)<10,"Chưa chấm đủ",IF(H20>=80,"Xuất sắc",IF(H20>=70,"Đạt","Cần cải thiện")))) | D26: Phối hợp - Thái độ | E26: =SUMIF($J$10:$J$19,"PH",$E$10:$E$19) | F26: =E26*100 | G26: =SUMIF($J$10:$J$19,"PH",$H$10:$H$19) | H26: =IF(F26=0,0,G26/F26)
A27: Kiểm tra trọng số | C27: =IF(ROUND(E20,4)=1,"Hợp lệ – 100%","SAI – tổng trọng số phải = 100%")
A29: NHẬN XÉT & KẾ HOẠCH CẢI THIỆN (Bước 5 – phản hồi kết quả)
A30: Điểm mạnh
A31: Cần cải thiện
A32: Kế hoạch cải thiện
A33: Ý kiến nhân sự
B35: NHÂN SỰ ĐƯỢC ĐÁNH GIÁ | D35: QUẢN LÝ TRỰC TIẾP | G35: NGƯỜI PHÊ DUYỆT
B36: (Ký, ghi rõ họ tên) | D36: (Ký, ghi rõ họ tên) | G36: (Ký, ghi rõ họ tên)

Sheet 02. Trưởng phòng Tài chính
A1: BẢNG ĐÁNH GIÁ KPI – TRƯỞNG PHÒNG TÀI CHÍNH
A2: Phòng Tài chính · Phụ lục 01 kèm Quy chế đánh giá KPI · KK HOME ·
B4: Họ và tên | E4: Loại kỳ đánh giá | G4: Quý | I4: ← chọn Tháng / Quý / Năm
B5: Mã nhân viên | E5: Kỳ đánh giá | I5: VD: Tháng 9/2026, Quý 3/2026, Năm 2026
B6: Người đánh giá | E6: Ngày đánh giá
B7: Bộ phận | C7: Phòng Tài chính
A9: STT | B9: Nhóm tiêu chí | C9: Tiêu chí đánh giá | D9: Cách đo / Chứng cứ chấm điểm | E9: Trọng số | F9: Tự đánh giá (1–5) | G9: Quản lý chấm (1–5) | H9: Điểm quy đổi | I9: Ghi chú / Lý do (bắt buộc khi điểm ≤1,5 hoặc 5)
A10: 1 | B10: Chuyên môn - Nghiệp vụ | C10: Quản lý dòng tiền | D10: Dự báo dòng tiền tuần/tháng lệch thực tế ≤ 5%; không thiếu hụt tiền | E10: 0.1 | H10: =IF(ISNUMBER(G10),G10/5*E10*100,0) | J10: CM
A11: 2 | C11: Kiểm soát ngân sách | D11: Chi phí các phòng ban so với ngân sách; cảnh báo vượt ngân sách kịp thời | E11: 0.1 | H11: =IF(ISNUMBER(G11),G11/5*E11*100,0) | J11: CM
A12: 3 | C12: Quan hệ tín dụng & chi phí vay | D12: Hạn mức tín dụng được gia hạn đúng hạn; lãi suất bình quân so với kế hoạch | E12: 0.1 | H12: =IF(ISNUMBER(G12),G12/5*E12*100,0) | J12: CM
A13: 4 | C13: Phân tích hiệu quả kinh doanh | D13: Báo cáo phân tích lợi nhuận theo sản phẩm, khách hàng, kênh có đề xuất hành động | E13: 0.1 | H13: =IF(ISNUMBER(G13),G13/5*E13*100,0) | J13: CM
A14: 5 | B14: Tuân thủ - Thời hạn | C14: Tuân thủ quy chế tài chính & cam kết vay | D14: Hồ sơ vay, giải ngân, tài sản bảo đảm đầy đủ; không vi phạm cam kết | E14: 0.15 | H14: =IF(ISNUMBER(G14),G14/5*E14*100,0) | J14: TT
A15: 6 | C15: Báo cáo tài chính quản trị đúng hạn | D15: Báo cáo tháng/quý nộp đúng hạn, số liệu khớp sổ kế toán | E15: 0.1 | H15: =IF(ISNUMBER(G15),G15/5*E15*100,0) | J15: TT
A16: 7 | C16: Kiểm soát thanh toán | D16: Thanh toán đúng phê duyệt, đúng hạn; không thanh toán trùng | E16: 0.1 | H16: =IF(ISNUMBER(G16),G16/5*E16*100,0) | J16: TT
A17: 8 | B17: Phối hợp - Thái độ | C17: Lãnh đạo & phát triển đội ngũ | D17: Điểm KPI bình quân của phòng; kèm cặp chuyên viên | E17: 0.1 | H17: =IF(ISNUMBER(G17),G17/5*E17*100,0) | J17: PH
A18: 9 | C18: Phối hợp với Kế toán, Kinh doanh, Mua hàng | D18: Phản hồi các phòng ban; số liệu thống nhất với Kế toán | E18: 0.08 | H18: =IF(ISNUMBER(G18),G18/5*E18*100,0) | J18: PH
A19: 10 | C19: Cải tiến quy trình tài chính | D19: Số cải tiến (phê duyệt điện tử, dashboard dòng tiền) được áp dụng | E19: 0.07 | H19: =IF(ISNUMBER(G19),G19/5*E19*100,0) | J19: PH
A20: TỔNG CỘNG | E20: =SUM(E10:E19) | H20: =SUM(H10:H19)
A22: KẾT QUẢ ĐÁNH GIÁ | D22: ĐIỂM THEO NHÓM TIÊU CHÍ
A23: Tổng điểm chính thức | C23: =H20 | D23: Nhóm tiêu chí | E23: Trọng số | F23: Điểm tối đa | G23: Điểm đạt | H23: Tỷ lệ đạt
A24: Điểm tự đánh giá | C24: =IF(COUNT(F10:F19)=0,"",SUMPRODUCT(F10:F19,E10:E19)/5*100) | D24: Chuyên môn - Nghiệp vụ | E24: =SUMIF($J$10:$J$19,"CM",$E$10:$E$19) | F24: =E24*100 | G24: =SUMIF($J$10:$J$19,"CM",$H$10:$H$19) | H24: =IF(F24=0,0,G24/F24)
A25: Tiêu chí đã chấm | C25: =COUNT(G10:G19)&" / 10" | D25: Tuân thủ - Thời hạn | E25: =SUMIF($J$10:$J$19,"TT",$E$10:$E$19) | F25: =E25*100 | G25: =SUMIF($J$10:$J$19,"TT",$H$10:$H$19) | H25: =IF(F25=0,0,G25/F25)
A26: Xếp loại | C26: =IF(COUNT(G10:G19)=0,"Chưa chấm",IF(COUNT(G10:G19)<10,"Chưa chấm đủ",IF(H20>=80,"Xuất sắc",IF(H20>=70,"Đạt","Cần cải thiện")))) | D26: Phối hợp - Thái độ | E26: =SUMIF($J$10:$J$19,"PH",$E$10:$E$19) | F26: =E26*100 | G26: =SUMIF($J$10:$J$19,"PH",$H$10:$H$19) | H26: =IF(F26=0,0,G26/F26)
A27: Kiểm tra trọng số | C27: =IF(ROUND(E20,4)=1,"Hợp lệ – 100%","SAI – tổng trọng số phải = 100%")
A29: NHẬN XÉT & KẾ HOẠCH CẢI THIỆN (Bước 5 – phản hồi kết quả)
A30: Điểm mạnh
A31: Cần cải thiện
A32: Kế hoạch cải thiện
A33: Ý kiến nhân sự
B35: NHÂN SỰ ĐƯỢC ĐÁNH GIÁ | D35: QUẢN LÝ TRỰC TIẾP | G35: NGƯỜI PHÊ DUYỆT
B36: (Ký, ghi rõ họ tên) | D36: (Ký, ghi rõ họ tên) | G36: (Ký, ghi rõ họ tên)

Sheet 03. CV Kế hoạch-Ngân sách
A1: BẢNG ĐÁNH GIÁ KPI – CHUYÊN VIÊN KẾ HOẠCH & NGÂN SÁCH (FP&A)
A2: Phòng Tài chính · Phụ lục 01 kèm Quy chế đánh giá KPI · KK HOME ·
B4: Họ và tên | E4: Loại kỳ đánh giá | G4: Quý | I4: ← chọn Tháng / Quý / Năm
B5: Mã nhân viên | E5: Kỳ đánh giá | I5: VD: Tháng 9/2026, Quý 3/2026, Năm 2026
B6: Người đánh giá | E6: Ngày đánh giá
B7: Bộ phận | C7: Phòng Tài chính
A9: STT | B9: Nhóm tiêu chí | C9: Tiêu chí đánh giá | D9: Cách đo / Chứng cứ chấm điểm | E9: Trọng số | F9: Tự đánh giá (1–5) | G9: Quản lý chấm (1–5) | H9: Điểm quy đổi | I9: Ghi chú / Lý do (bắt buộc khi điểm ≤1,5 hoặc 5)
A10: 1 | B10: Chuyên môn - Nghiệp vụ | C10: Lập ngân sách đúng hạn | D10: Ngân sách năm/quý tổng hợp, trình duyệt đúng lịch | E10: 0.12 | H10: =IF(ISNUMBER(G10),G10/5*E10*100,0) | J10: CM
A11: 2 | C11: Độ chính xác dự báo | D11: Chênh lệch dự báo doanh thu, chi phí so với thực tế | E11: 0.1 | H11: =IF(ISNUMBER(G11),G11/5*E11*100,0) | J11: CM
A12: 3 | C12: Phân tích biến động | D12: Báo cáo phân tích chênh lệch thực tế – kế hoạch có nguyên nhân, đề xuất | E12: 0.1 | H12: =IF(ISNUMBER(G12),G12/5*E12*100,0) | J12: CM
A13: 4 | C13: Mô hình tài chính | D13: Mô hình dự báo, kịch bản (độ nhạy) được xây dựng, cập nhật | E13: 0.08 | H13: =IF(ISNUMBER(G13),G13/5*E13*100,0) | J13: CM
A14: 5 | B14: Tuân thủ - Thời hạn | C14: Báo cáo quản trị đúng hạn | D14: Báo cáo tháng gửi Ban lãnh đạo đúng hạn | E14: 0.12 | H14: =IF(ISNUMBER(G14),G14/5*E14*100,0) | J14: TT
A15: 6 | C15: Chính xác số liệu | D15: Số lỗi công thức, số liệu trong báo cáo quản trị | E15: 0.08 | H15: =IF(ISNUMBER(G15),G15/5*E15*100,0) | J15: TT
A16: 7 | C16: Tuân thủ quy trình ngân sách | D16: Điều chỉnh ngân sách có phê duyệt đúng thẩm quyền | E16: 0.08 | H16: =IF(ISNUMBER(G16),G16/5*E16*100,0) | J16: TT
A17: 8 | C17: Theo dõi chỉ tiêu tài chính các phòng ban | D17: Dashboard chỉ tiêu cập nhật định kỳ | E17: 0.07 | H17: =IF(ISNUMBER(G17),G17/5*E17*100,0) | J17: TT
A18: 9 | B18: Phối hợp - Thái độ | C18: Phối hợp với các phòng ban | D18: Hỗ trợ các phòng ban lập, theo dõi ngân sách | E18: 0.1 | H18: =IF(ISNUMBER(G18),G18/5*E18*100,0) | J18: PH
A19: 10 | C19: Đề xuất tối ưu chi phí | D19: Số đề xuất tiết kiệm được Ban lãnh đạo chấp thuận | E19: 0.08 | H19: =IF(ISNUMBER(G19),G19/5*E19*100,0) | J19: PH
A20: 11 | C20: Bảo mật thông tin tài chính | D20: Không tiết lộ số liệu kế hoạch, kết quả kinh doanh | E20: 0.07 | H20: =IF(ISNUMBER(G20),G20/5*E20*100,0) | J20: PH
A21: TỔNG CỘNG | E21: =SUM(E10:E20) | H21: =SUM(H10:H20)
A23: KẾT QUẢ ĐÁNH GIÁ | D23: ĐIỂM THEO NHÓM TIÊU CHÍ
A24: Tổng điểm chính thức | C24: =H21 | D24: Nhóm tiêu chí | E24: Trọng số | F24: Điểm tối đa | G24: Điểm đạt | H24: Tỷ lệ đạt
A25: Điểm tự đánh giá | C25: =IF(COUNT(F10:F20)=0,"",SUMPRODUCT(F10:F20,E10:E20)/5*100) | D25: Chuyên môn - Nghiệp vụ | E25: =SUMIF($J$10:$J$20,"CM",$E$10:$E$20) | F25: =E25*100 | G25: =SUMIF($J$10:$J$20,"CM",$H$10:$H$20) | H25: =IF(F25=0,0,G25/F25)
A26: Tiêu chí đã chấm | C26: =COUNT(G10:G20)&" / 11" | D26: Tuân thủ - Thời hạn | E26: =SUMIF($J$10:$J$20,"TT",$E$10:$E$20) | F26: =E26*100 | G26: =SUMIF($J$10:$J$20,"TT",$H$10:$H$20) | H26: =IF(F26=0,0,G26/F26)
A27: Xếp loại | C27: =IF(COUNT(G10:G20)=0,"Chưa chấm",IF(COUNT(G10:G20)<11,"Chưa chấm đủ",IF(H21>=80,"Xuất sắc",IF(H21>=70,"Đạt","Cần cải thiện")))) | D27: Phối hợp - Thái độ | E27: =SUMIF($J$10:$J$20,"PH",$E$10:$E$20) | F27: =E27*100 | G27: =SUMIF($J$10:$J$20,"PH",$H$10:$H$20) | H27: =IF(F27=0,0,G27/F27)
A28: Kiểm tra trọng số | C28: =IF(ROUND(E21,4)=1,"Hợp lệ – 100%","SAI – tổng trọng số phải = 100%")
A30: NHẬN XÉT & KẾ HOẠCH CẢI THIỆN (Bước 5 – phản hồi kết quả)
A31: Điểm mạnh
A32: Cần cải thiện
A33: Kế hoạch cải thiện
A34: Ý kiến nhân sự
B36: NHÂN SỰ ĐƯỢC ĐÁNH GIÁ | D36: QUẢN LÝ TRỰC TIẾP | G36: NGƯỜI PHÊ DUYỆT
B37: (Ký, ghi rõ họ tên) | D37: (Ký, ghi rõ họ tên) | G37: (Ký, ghi rõ họ tên)

Sheet 04. CV Dòng tiền-Ngân hàng
A1: BẢNG ĐÁNH GIÁ KPI – CHUYÊN VIÊN QUẢN LÝ DÒNG TIỀN & QUAN HỆ NGÂN HÀNG
A2: Phòng Tài chính · Phụ lục 01 kèm Quy chế đánh giá KPI · KK HOME ·
B4: Họ và tên | E4: Loại kỳ đánh giá | G4: Quý | I4: ← chọn Tháng / Quý / Năm
B5: Mã nhân viên | E5: Kỳ đánh giá | I5: VD: Tháng 9/2026, Quý 3/2026, Năm 2026
B6: Người đánh giá | E6: Ngày đánh giá
B7: Bộ phận | C7: Phòng Tài chính
A9: STT | B9: Nhóm tiêu chí | C9: Tiêu chí đánh giá | D9: Cách đo / Chứng cứ chấm điểm | E9: Trọng số | F9: Tự đánh giá (1–5) | G9: Quản lý chấm (1–5) | H9: Điểm quy đổi | I9: Ghi chú / Lý do (bắt buộc khi điểm ≤1,5 hoặc 5)
A10: 1 | B10: Chuyên môn - Nghiệp vụ | C10: Dự báo dòng tiền | D10: Dự báo dòng tiền tuần lệch thực tế ≤ 5% | E10: 0.12 | H10: =IF(ISNUMBER(G10),G10/5*E10*100,0) | J10: CM
A11: 2 | C11: Đảm bảo thanh toán đúng hạn | D11: Không chậm thanh toán do thiếu tiền hoặc do thao tác | E11: 0.1 | H11: =IF(ISNUMBER(G11),G11/5*E11*100,0) | J11: CM
A12: 3 | C12: Tối ưu tiền nhàn rỗi | D12: Tiền nhàn rỗi được gửi kỳ hạn/đầu tư ngắn hạn theo chính sách; lãi thu được | E12: 0.1 | H12: =IF(ISNUMBER(G12),G12/5*E12*100,0) | J12: CM
A13: 4 | C13: Hồ sơ vay & giải ngân | D13: Hồ sơ vay, giải ngân, gia hạn hoàn thành đúng hạn, không bị trả lại | E13: 0.08 | H13: =IF(ISNUMBER(G13),G13/5*E13*100,0) | J13: CM
A14: 5 | B14: Tuân thủ - Thời hạn | C14: Tuân thủ cam kết vay | D14: Báo cáo định kỳ cho ngân hàng đúng hạn; chỉ số cam kết được theo dõi | E14: 0.12 | H14: =IF(ISNUMBER(G14),G14/5*E14*100,0) | J14: TT
A15: 6 | C15: Đối chiếu số dư ngân hàng | D15: Sổ phụ đối chiếu hằng ngày/tháng khớp; chênh lệch được xử lý | E15: 0.08 | H15: =IF(ISNUMBER(G15),G15/5*E15*100,0) | J15: TT
A16: 7 | C16: Bảo mật giao dịch ngân hàng | D16: Token, mật khẩu, phân quyền ngân hàng điện tử quản lý an toàn | E16: 0.08 | H16: =IF(ISNUMBER(G16),G16/5*E16*100,0) | J16: TT
A17: 8 | C17: Báo cáo dòng tiền đúng hạn | D17: Báo cáo tiền, nợ vay gửi Trưởng phòng đúng hạn | E17: 0.07 | H17: =IF(ISNUMBER(G17),G17/5*E17*100,0) | J17: TT
A18: 9 | B18: Phối hợp - Thái độ | C18: Phối hợp với Kế toán & các ngân hàng | D18: Phản hồi của ngân hàng, Kế toán | E18: 0.1 | H18: =IF(ISNUMBER(G18),G18/5*E18*100,0) | J18: PH
A19: 10 | C19: Đề xuất giảm phí, lãi vay | D19: Số đề xuất được áp dụng, giá trị tiết kiệm | E19: 0.08 | H19: =IF(ISNUMBER(G19),G19/5*E19*100,0) | J19: PH
A20: 11 | C20: Trung thực & trách nhiệm | D20: Không sai phạm trong giao dịch tiền | E20: 0.07 | H20: =IF(ISNUMBER(G20),G20/5*E20*100,0) | J20: PH
A21: TỔNG CỘNG | E21: =SUM(E10:E20) | H21: =SUM(H10:H20)
A23: KẾT QUẢ ĐÁNH GIÁ | D23: ĐIỂM THEO NHÓM TIÊU CHÍ
A24: Tổng điểm chính thức | C24: =H21 | D24: Nhóm tiêu chí | E24: Trọng số | F24: Điểm tối đa | G24: Điểm đạt | H24: Tỷ lệ đạt
A25: Điểm tự đánh giá | C25: =IF(COUNT(F10:F20)=0,"",SUMPRODUCT(F10:F20,E10:E20)/5*100) | D25: Chuyên môn - Nghiệp vụ | E25: =SUMIF($J$10:$J$20,"CM",$E$10:$E$20) | F25: =E25*100 | G25: =SUMIF($J$10:$J$20,"CM",$H$10:$H$20) | H25: =IF(F25=0,0,G25/F25)
A26: Tiêu chí đã chấm | C26: =COUNT(G10:G20)&" / 11" | D26: Tuân thủ - Thời hạn | E26: =SUMIF($J$10:$J$20,"TT",$E$10:$E$20) | F26: =E26*100 | G26: =SUMIF($J$10:$J$20,"TT",$H$10:$H$20) | H26: =IF(F26=0,0,G26/F26)
A27: Xếp loại | C27: =IF(COUNT(G10:G20)=0,"Chưa chấm",IF(COUNT(G10:G20)<11,"Chưa chấm đủ",IF(H21>=80,"Xuất sắc",IF(H21>=70,"Đạt","Cần cải thiện")))) | D27: Phối hợp - Thái độ | E27: =SUMIF($J$10:$J$20,"PH",$E$10:$E$20) | F27: =E27*100 | G27: =SUMIF($J$10:$J$20,"PH",$H$10:$H$20) | H27: =IF(F27=0,0,G27/F27)
A28: Kiểm tra trọng số | C28: =IF(ROUND(E21,4)=1,"Hợp lệ – 100%","SAI – tổng trọng số phải = 100%")
A30: NHẬN XÉT & KẾ HOẠCH CẢI THIỆN (Bước 5 – phản hồi kết quả)
A31: Điểm mạnh
A32: Cần cải thiện
A33: Kế hoạch cải thiện
A34: Ý kiến nhân sự
B36: NHÂN SỰ ĐƯỢC ĐÁNH GIÁ | D36: QUẢN LÝ TRỰC TIẾP | G36: NGƯỜI PHÊ DUYỆT
B37: (Ký, ghi rõ họ tên) | D37: (Ký, ghi rõ họ tên) | G37: (Ký, ghi rõ họ tên)

Sheet 05. CV Đầu tư-Dự án
A1: BẢNG ĐÁNH GIÁ KPI – CHUYÊN VIÊN ĐẦU TƯ & PHÂN TÍCH DỰ ÁN
A2: Phòng Tài chính · Phụ lục 01 kèm Quy chế đánh giá KPI · KK HOME ·
B4: Họ và tên | E4: Loại kỳ đánh giá | G4: Quý | I4: ← chọn Tháng / Quý / Năm
B5: Mã nhân viên | E5: Kỳ đánh giá | I5: VD: Tháng 9/2026, Quý 3/2026, Năm 2026
B6: Người đánh giá | E6: Ngày đánh giá
B7: Bộ phận | C7: Phòng Tài chính
A9: STT | B9: Nhóm tiêu chí | C9: Tiêu chí đánh giá | D9: Cách đo / Chứng cứ chấm điểm | E9: Trọng số | F9: Tự đánh giá (1–5) | G9: Quản lý chấm (1–5) | H9: Điểm quy đổi | I9: Ghi chú / Lý do (bắt buộc khi điểm ≤1,5 hoặc 5)
A10: 1 | B10: Chuyên môn - Nghiệp vụ | C10: Thẩm định dự án đầu tư | D10: Số dự án được thẩm định đúng hạn, có NPV, IRR, thời gian hoàn vốn | E10: 0.12 | H10: =IF(ISNUMBER(G10),G10/5*E10*100,0) | J10: CM
A11: 2 | C11: Chất lượng phân tích | D11: Chênh lệch hiệu quả thực tế so với phương án thẩm định | E11: 0.1 | H11: =IF(ISNUMBER(G11),G11/5*E11*100,0) | J11: CM
A12: 3 | C12: Theo dõi hiệu quả sau đầu tư | D12: Báo cáo hậu kiểm dự án định kỳ | E12: 0.1 | H12: =IF(ISNUMBER(G12),G12/5*E12*100,0) | J12: CM
A13: 4 | C13: Phân tích đối thủ & thị trường vốn | D13: Báo cáo phân tích ngành, cơ hội đầu tư định kỳ | E13: 0.08 | H13: =IF(ISNUMBER(G13),G13/5*E13*100,0) | J13: CM
A14: 5 | B14: Tuân thủ - Thời hạn | C14: Tuân thủ quy trình phê duyệt đầu tư | D14: Hồ sơ dự án đầy đủ, đúng thẩm quyền phê duyệt | E14: 0.12 | H14: =IF(ISNUMBER(G14),G14/5*E14*100,0) | J14: TT
A15: 6 | C15: Chính xác mô hình & số liệu | D15: Số lỗi trong mô hình thẩm định | E15: 0.08 | H15: =IF(ISNUMBER(G15),G15/5*E15*100,0) | J15: TT
A16: 7 | C16: Báo cáo đúng hạn | D16: Báo cáo thẩm định, hậu kiểm nộp đúng hạn | E16: 0.08 | H16: =IF(ISNUMBER(G16),G16/5*E16*100,0) | J16: TT
A17: 8 | C17: Bảo mật thông tin đầu tư | D17: Không tiết lộ thông tin dự án, thương vụ | E17: 0.07 | H17: =IF(ISNUMBER(G17),G17/5*E17*100,0) | J17: TT
A18: 9 | B18: Phối hợp - Thái độ | C18: Phối hợp với các phòng ban & đối tác | D18: Thu thập số liệu kịp thời; phản hồi của đối tác | E18: 0.1 | H18: =IF(ISNUMBER(G18),G18/5*E18*100,0) | J18: PH
A19: 10 | C19: Đề xuất cơ hội đầu tư | D19: Số đề xuất được đưa vào danh mục xem xét | E19: 0.08 | H19: =IF(ISNUMBER(G19),G19/5*E19*100,0) | J19: PH
A20: 11 | C20: Khách quan & trách nhiệm | D20: Đánh giá độc lập, nêu rõ rủi ro | E20: 0.07 | H20: =IF(ISNUMBER(G20),G20/5*E20*100,0) | J20: PH
A21: TỔNG CỘNG | E21: =SUM(E10:E20) | H21: =SUM(H10:H20)
A23: KẾT QUẢ ĐÁNH GIÁ | D23: ĐIỂM THEO NHÓM TIÊU CHÍ
A24: Tổng điểm chính thức | C24: =H21 | D24: Nhóm tiêu chí | E24: Trọng số | F24: Điểm tối đa | G24: Điểm đạt | H24: Tỷ lệ đạt
A25: Điểm tự đánh giá | C25: =IF(COUNT(F10:F20)=0,"",SUMPRODUCT(F10:F20,E10:E20)/5*100) | D25: Chuyên môn - Nghiệp vụ | E25: =SUMIF($J$10:$J$20,"CM",$E$10:$E$20) | F25: =E25*100 | G25: =SUMIF($J$10:$J$20,"CM",$H$10:$H$20) | H25: =IF(F25=0,0,G25/F25)
A26: Tiêu chí đã chấm | C26: =COUNT(G10:G20)&" / 11" | D26: Tuân thủ - Thời hạn | E26: =SUMIF($J$10:$J$20,"TT",$E$10:$E$20) | F26: =E26*100 | G26: =SUMIF($J$10:$J$20,"TT",$H$10:$H$20) | H26: =IF(F26=0,0,G26/F26)
A27: Xếp loại | C27: =IF(COUNT(G10:G20)=0,"Chưa chấm",IF(COUNT(G10:G20)<11,"Chưa chấm đủ",IF(H21>=80,"Xuất sắc",IF(H21>=70,"Đạt","Cần cải thiện")))) | D27: Phối hợp - Thái độ | E27: =SUMIF($J$10:$J$20,"PH",$E$10:$E$20) | F27: =E27*100 | G27: =SUMIF($J$10:$J$20,"PH",$H$10:$H$20) | H27: =IF(F27=0,0,G27/F27)
A28: Kiểm tra trọng số | C28: =IF(ROUND(E21,4)=1,"Hợp lệ – 100%","SAI – tổng trọng số phải = 100%")
A30: NHẬN XÉT & KẾ HOẠCH CẢI THIỆN (Bước 5 – phản hồi kết quả)
A31: Điểm mạnh
A32: Cần cải thiện
A33: Kế hoạch cải thiện
A34: Ý kiến nhân sự
B36: NHÂN SỰ ĐƯỢC ĐÁNH GIÁ | D36: QUẢN LÝ TRỰC TIẾP | G36: NGƯỜI PHÊ DUYỆT
B37: (Ký, ghi rõ họ tên) | D37: (Ký, ghi rõ họ tên) | G37: (Ký, ghi rõ họ tên)

Sheet 06. CV Tín dụng KH
A1: BẢNG ĐÁNH GIÁ KPI – CHUYÊN VIÊN QUẢN LÝ TÍN DỤNG KHÁCH HÀNG (CREDIT CONTROL)
A2: Phòng Tài chính · Phụ lục 01 kèm Quy chế đánh giá KPI · KK HOME ·
B4: Họ và tên | E4: Loại kỳ đánh giá | G4: Quý | I4: ← chọn Tháng / Quý / Năm
B5: Mã nhân viên | E5: Kỳ đánh giá | I5: VD: Tháng 9/2026, Quý 3/2026, Năm 2026
B6: Người đánh giá | E6: Ngày đánh giá
B7: Bộ phận | C7: Phòng Tài chính
A9: STT | B9: Nhóm tiêu chí | C9: Tiêu chí đánh giá | D9: Cách đo / Chứng cứ chấm điểm | E9: Trọng số | F9: Tự đánh giá (1–5) | G9: Quản lý chấm (1–5) | H9: Điểm quy đổi | I9: Ghi chú / Lý do (bắt buộc khi điểm ≤1,5 hoặc 5)
A10: 1 | B10: Chuyên môn - Nghiệp vụ | C10: Tỷ lệ nợ quá hạn | D10: Nợ quá hạn / tổng phải thu so với mục tiêu | E10: 0.12 | H10: =IF(ISNUMBER(G10),G10/5*E10*100,0) | J10: CM
A11: 2 | C11: Số ngày thu tiền bình quân (DSO) | D11: DSO so với mục tiêu kỳ | E11: 0.1 | H11: =IF(ISNUMBER(G11),G11/5*E11*100,0) | J11: CM
A12: 3 | C12: Thẩm định hạn mức tín dụng khách hàng | D12: 100% khách hàng mua chịu có hồ sơ thẩm định, hạn mức được duyệt | E12: 0.1 | H12: =IF(ISNUMBER(G12),G12/5*E12*100,0) | J12: CM
A13: 4 | C13: Thu hồi nợ khó đòi | D13: Giá trị nợ quá hạn dài được thu hồi | E13: 0.08 | H13: =IF(ISNUMBER(G13),G13/5*E13*100,0) | J13: CM
A14: 5 | B14: Tuân thủ - Thời hạn | C14: Tuân thủ chính sách tín dụng | D14: Không bán vượt hạn mức khi chưa được duyệt | E14: 0.12 | H14: =IF(ISNUMBER(G14),G14/5*E14*100,0) | J14: TT
A15: 6 | C15: Đối chiếu công nợ khách hàng | D15: Biên bản đối chiếu công nợ định kỳ đầy đủ | E15: 0.08 | H15: =IF(ISNUMBER(G15),G15/5*E15*100,0) | J15: TT
A16: 7 | C16: Báo cáo tuổi nợ đúng hạn | D16: Báo cáo tuổi nợ, dự kiến thu gửi đúng hạn | E16: 0.08 | H16: =IF(ISNUMBER(G16),G16/5*E16*100,0) | J16: TT
A17: 8 | C17: Hồ sơ trích lập dự phòng | D17: Hồ sơ chứng minh nợ khó đòi đầy đủ phục vụ trích lập | E17: 0.07 | H17: =IF(ISNUMBER(G17),G17/5*E17*100,0) | J17: TT
A18: 9 | B18: Phối hợp - Thái độ | C18: Phối hợp với Kinh doanh & Kế toán | D18: Phản hồi của Kinh doanh; số liệu khớp với Kế toán | E18: 0.1 | H18: =IF(ISNUMBER(G18),G18/5*E18*100,0) | J18: PH
A19: 10 | C19: Đề xuất cải tiến chính sách tín dụng | D19: Số đề xuất được áp dụng | E19: 0.08 | H19: =IF(ISNUMBER(G19),G19/5*E19*100,0) | J19: PH
A20: 11 | C20: Kiên trì & chuyên nghiệp | D20: Ứng xử chuyên nghiệp với khách hàng khi thu nợ | E20: 0.07 | H20: =IF(ISNUMBER(G20),G20/5*E20*100,0) | J20: PH
A21: TỔNG CỘNG | E21: =SUM(E10:E20) | H21: =SUM(H10:H20)
A23: KẾT QUẢ ĐÁNH GIÁ | D23: ĐIỂM THEO NHÓM TIÊU CHÍ
A24: Tổng điểm chính thức | C24: =H21 | D24: Nhóm tiêu chí | E24: Trọng số | F24: Điểm tối đa | G24: Điểm đạt | H24: Tỷ lệ đạt
A25: Điểm tự đánh giá | C25: =IF(COUNT(F10:F20)=0,"",SUMPRODUCT(F10:F20,E10:E20)/5*100) | D25: Chuyên môn - Nghiệp vụ | E25: =SUMIF($J$10:$J$20,"CM",$E$10:$E$20) | F25: =E25*100 | G25: =SUMIF($J$10:$J$20,"CM",$H$10:$H$20) | H25: =IF(F25=0,0,G25/F25)
A26: Tiêu chí đã chấm | C26: =COUNT(G10:G20)&" / 11" | D26: Tuân thủ - Thời hạn | E26: =SUMIF($J$10:$J$20,"TT",$E$10:$E$20) | F26: =E26*100 | G26: =SUMIF($J$10:$J$20,"TT",$H$10:$H$20) | H26: =IF(F26=0,0,G26/F26)
A27: Xếp loại | C27: =IF(COUNT(G10:G20)=0,"Chưa chấm",IF(COUNT(G10:G20)<11,"Chưa chấm đủ",IF(H21>=80,"Xuất sắc",IF(H21>=70,"Đạt","Cần cải thiện")))) | D27: Phối hợp - Thái độ | E27: =SUMIF($J$10:$J$20,"PH",$E$10:$E$20) | F27: =E27*100 | G27: =SUMIF($J$10:$J$20,"PH",$H$10:$H$20) | H27: =IF(F27=0,0,G27/F27)
A28: Kiểm tra trọng số | C28: =IF(ROUND(E21,4)=1,"Hợp lệ – 100%","SAI – tổng trọng số phải = 100%")
A30: NHẬN XÉT & KẾ HOẠCH CẢI THIỆN (Bước 5 – phản hồi kết quả)
A31: Điểm mạnh
A32: Cần cải thiện
A33: Kế hoạch cải thiện
A34: Ý kiến nhân sự
B36: NHÂN SỰ ĐƯỢC ĐÁNH GIÁ | D36: QUẢN LÝ TRỰC TIẾP | G36: NGƯỜI PHÊ DUYỆT
B37: (Ký, ghi rõ họ tên) | D37: (Ký, ghi rõ họ tên) | G37: (Ký, ghi rõ họ tên)
