Workbook

Sheet Hướng dẫn
A1: KPI MARKETING – 08 VỊ TRÍ
A2: Phụ lục 01 kèm Quy chế đánh giá KPI · KK HOME ·
B4: CÁCH DÙNG – 6 BƯỚC
B5: Bước 1 | C5: Chọn sheet đúng vị trí của nhân sự (bấm tên vị trí ở danh mục bên dưới để nhảy tới sheet).
B6: Bước 2 | C6: Nhập thông tin đầu sheet: Họ tên, Mã NV, Người đánh giá, Loại kỳ (Tháng/Quý/Năm), Kỳ đánh giá, Ngày đánh giá.
B7: Bước 3 | C7: Nhân sự tự chấm điểm cột F "Tự đánh giá" (1–5, được chấm lẻ 3.5).
B8: Bước 4 | C8: Quản lý trực tiếp chấm điểm chính thức cột G "Quản lý chấm". Chỉ điểm cột G được dùng để tính điểm quy đổi và xếp loại.
B9: Bước 5 | C9: Ghi chú lý do ở cột I khi điểm ≤ 1,5 hoặc = 5. Ô ghi chú tự tô cam nếu thiếu lý do (Điều 12 – Ngoại lệ).
B10: Bước 6 | C10: Xem kết quả ở cuối sheet vị trí, sheet "Tổng hợp" (toàn phòng) và "So sánh" (biểu đồ). In, ký và trình phê duyệt.
B12: QUY ƯỚC Ô
B13: Ô nền vàng, chữ xanh | C13: Ô nhập liệu. Chỉ nhập vào các ô này.
B14: Trọng số chữ xanh (cột E) | C14: Được sửa khi có quyết định điều chỉnh (Điều 17). Tổng trọng số mỗi vị trí phải = 100% – ô "Kiểm tra trọng số" báo đỏ nếu sai.
B15: Ô nền xám | C15: Công thức tự tính. Không sửa.
B17: CÔNG THỨC & XẾP LOẠI (Điều 7, Điều 13 Quy chế)
B18: Điểm quy đổi | C18: Điểm quản lý chấm ÷ 5 × Trọng số × 100
B19: Tổng điểm | C19: Cộng điểm quy đổi các tiêu chí (tối đa 100 điểm)
B20: Xếp loại | C20: ≥ 80 điểm: Xuất sắc · 70 đến dưới 80: Đạt · Dưới 70: Cần cải thiện. Chưa chấm đủ tiêu chí → hiển thị "Chưa chấm đủ".
B21: Ví dụ | C21: Tiêu chí "Hoàn thành chỉ tiêu lead / đơn hàng từ quảng cáo" trọng số 12%, quản lý chấm 4 → 4 ÷ 5 × 12 = 9,6 điểm. Chấm 3.5 → 8,4 điểm.
B22: Cơ cấu nhóm | C22: Chuyên môn - Nghiệp vụ 40% · Tuân thủ - Thời hạn 35% · Phối hợp - Thái độ 25% (áp dụng cho mọi vị trí trong file).
B24: DANH MỤC 08 VỊ TRÍ
B25: 01 | C25: Trưởng phòng Marketing (10 tiêu chí)
B26: 02 | C26: Chuyên viên Quảng cáo số (Performance / Digital Ads) (11 tiêu chí)
B27: 03 | C27: Chuyên viên Nội dung (Content Marketing) (11 tiêu chí)
B28: 04 | C28: Chuyên viên SEO & Quản trị Website (11 tiêu chí)
B29: 05 | C29: Nhân viên Thiết kế đồ họa (11 tiêu chí)
B30: 06 | C30: Chuyên viên Mạng xã hội & Cộng đồng (11 tiêu chí)
B31: 07 | C31: Chuyên viên Thương hiệu & Sự kiện (11 tiêu chí)
B32: 08 | C32: Chuyên viên Trade Marketing (11 tiêu chí)
B34: Lưu ý | C34: Tiêu chí và cách đo là bộ mẫu. Đơn vị điều chỉnh chỉ tiêu định lượng (%, số ngày, số lỗi) theo mục tiêu đã duyệt của từng kỳ trước khi phổ biến cho nhân sự (Điều 4 – Công khai). Bộ file thuộc Hệ thống W1 – KPI Doanh nghiệp của KK HOME.

Sheet Tổng hợp
A1: TỔNG HỢP KẾT QUẢ KPI – PHÒNG MARKETING
A2: Phụ lục 01 · Tự cập nhật từ các sheet vị trí (Bước 4 – Điều 10) · KK HOME ·
A4: STT | B4: Vị trí | C4: Họ và tên | D4: Kỳ đánh giá | E4: Điểm tự ĐG | F4: Điểm chính thức | G4: Chênh lệch (CT − Tự ĐG) | H4: Xếp loại | I4: Chuyên môn (% đạt) | J4: Tuân thủ (% đạt) | K4: Phối hợp (% đạt) | L4: Tiến độ chấm
A5: 1 | B5: Trưởng phòng Marketing | C5: =IF('01. Trưởng phòng MKT'!C4="","",'01. Trưởng phòng MKT'!C4) | D5: =IF('01. Trưởng phòng MKT'!G5="",'01. Trưởng phòng MKT'!G4,'01. Trưởng phòng MKT'!G5) | E5: ='01. Trưởng phòng MKT'!C24 | F5: ='01. Trưởng phòng MKT'!C23 | G5: =IF(E5="","",F5-E5) | H5: ='01. Trưởng phòng MKT'!C26 | I5: ='01. Trưởng phòng MKT'!H24 | J5: ='01. Trưởng phòng MKT'!H25 | K5: ='01. Trưởng phòng MKT'!H26 | L5: ='01. Trưởng phòng MKT'!C25
A6: 2 | B6: Chuyên viên Quảng cáo số (Performance / Digital Ads) | C6: =IF('02. CV Digital Ads'!C4="","",'02. CV Digital Ads'!C4) | D6: =IF('02. CV Digital Ads'!G5="",'02. CV Digital Ads'!G4,'02. CV Digital Ads'!G5) | E6: ='02. CV Digital Ads'!C25 | F6: ='02. CV Digital Ads'!C24 | G6: =IF(E6="","",F6-E6) | H6: ='02. CV Digital Ads'!C27 | I6: ='02. CV Digital Ads'!H25 | J6: ='02. CV Digital Ads'!H26 | K6: ='02. CV Digital Ads'!H27 | L6: ='02. CV Digital Ads'!C26
A7: 3 | B7: Chuyên viên Nội dung (Content Marketing) | C7: =IF('03. CV Content'!C4="","",'03. CV Content'!C4) | D7: =IF('03. CV Content'!G5="",'03. CV Content'!G4,'03. CV Content'!G5) | E7: ='03. CV Content'!C25 | F7: ='03. CV Content'!C24 | G7: =IF(E7="","",F7-E7) | H7: ='03. CV Content'!C27 | I7: ='03. CV Content'!H25 | J7: ='03. CV Content'!H26 | K7: ='03. CV Content'!H27 | L7: ='03. CV Content'!C26
A8: 4 | B8: Chuyên viên SEO & Quản trị Website | C8: =IF('04. CV SEO-Website'!C4="","",'04. CV SEO-Website'!C4) | D8: =IF('04. CV SEO-Website'!G5="",'04. CV SEO-Website'!G4,'04. CV SEO-Website'!G5) | E8: ='04. CV SEO-Website'!C25 | F8: ='04. CV SEO-Website'!C24 | G8: =IF(E8="","",F8-E8) | H8: ='04. CV SEO-Website'!C27 | I8: ='04. CV SEO-Website'!H25 | J8: ='04. CV SEO-Website'!H26 | K8: ='04. CV SEO-Website'!H27 | L8: ='04. CV SEO-Website'!C26
A9: 5 | B9: Nhân viên Thiết kế đồ họa | C9: =IF('05. NV Thiết kế'!C4="","",'05. NV Thiết kế'!C4) | D9: =IF('05. NV Thiết kế'!G5="",'05. NV Thiết kế'!G4,'05. NV Thiết kế'!G5) | E9: ='05. NV Thiết kế'!C25 | F9: ='05. NV Thiết kế'!C24 | G9: =IF(E9="","",F9-E9) | H9: ='05. NV Thiết kế'!C27 | I9: ='05. NV Thiết kế'!H25 | J9: ='05. NV Thiết kế'!H26 | K9: ='05. NV Thiết kế'!H27 | L9: ='05. NV Thiết kế'!C26
A10: 6 | B10: Chuyên viên Mạng xã hội & Cộng đồng | C10: =IF('06. CV Social Media'!C4="","",'06. CV Social Media'!C4) | D10: =IF('06. CV Social Media'!G5="",'06. CV Social Media'!G4,'06. CV Social Media'!G5) | E10: ='06. CV Social Media'!C25 | F10: ='06. CV Social Media'!C24 | G10: =IF(E10="","",F10-E10) | H10: ='06. CV Social Media'!C27 | I10: ='06. CV Social Media'!H25 | J10: ='06. CV Social Media'!H26 | K10: ='06. CV Social Media'!H27 | L10: ='06. CV Social Media'!C26
A11: 7 | B11: Chuyên viên Thương hiệu & Sự kiện | C11: =IF('07. CV Brand-Sự kiện'!C4="","",'07. CV Brand-Sự kiện'!C4) | D11: =IF('07. CV Brand-Sự kiện'!G5="",'07. CV Brand-Sự kiện'!G4,'07. CV Brand-Sự kiện'!G5) | E11: ='07. CV Brand-Sự kiện'!C25 | F11: ='07. CV Brand-Sự kiện'!C24 | G11: =IF(E11="","",F11-E11) | H11: ='07. CV Brand-Sự kiện'!C27 | I11: ='07. CV Brand-Sự kiện'!H25 | J11: ='07. CV Brand-Sự kiện'!H26 | K11: ='07. CV Brand-Sự kiện'!H27 | L11: ='07. CV Brand-Sự kiện'!C26
A12: 8 | B12: Chuyên viên Trade Marketing | C12: =IF('08. CV Trade MKT'!C4="","",'08. CV Trade MKT'!C4) | D12: =IF('08. CV Trade MKT'!G5="",'08. CV Trade MKT'!G4,'08. CV Trade MKT'!G5) | E12: ='08. CV Trade MKT'!C25 | F12: ='08. CV Trade MKT'!C24 | G12: =IF(E12="","",F12-E12) | H12: ='08. CV Trade MKT'!C27 | I12: ='08. CV Trade MKT'!H25 | J12: ='08. CV Trade MKT'!H26 | K12: ='08. CV Trade MKT'!H27 | L12: ='08. CV Trade MKT'!C26
B14: THỐNG KÊ TOÀN PHÒNG
B15: Số vị trí xếp loại Xuất sắc | C15: =COUNTIF(H5:H12,"Xuất sắc")
B16: Số vị trí xếp loại Đạt | C16: =COUNTIF(H5:H12,"Đạt")
B17: Số vị trí xếp loại Cần cải thiện | C17: =COUNTIF(H5:H12,"Cần cải thiện")
B18: Số vị trí chưa chấm / chưa chấm đủ | C18: =COUNTIF(H5:H12,"Chưa chấm")+COUNTIF(H5:H12,"Chưa chấm đủ")
B19: Điểm bình quân phòng (vị trí đã chấm đủ) | C19: =IFERROR(AVERAGEIFS(F5:F12,H5:H12,"<>Chưa chấm",H5:H12,"<>Chưa chấm đủ"),"")
B21: Chênh lệch tô đỏ khi điểm chính thức lệch điểm tự đánh giá từ 10 điểm trở lên – nên trao đổi kỹ ở Bước 5. Nhân sự "Cần cải thiện" từ 02 kỳ liên tiếp trở lên thuộc diện đào tạo, kèm cặp (Điều 14).

Sheet So sánh
A1: SO SÁNH KẾT QUẢ GIỮA CÁC VỊ TRÍ
A2: Phụ lục 01 · Dữ liệu lấy từ sheet Tổng hợp · KK HOME ·
A4: STT | B4: Vị trí | C4: Điểm tự ĐG | D4: Điểm chính thức | E4: Chuyên môn | F4: Tuân thủ | G4: Phối hợp
A5: 1 | B5: ='Tổng hợp'!B5 | C5: =IF('Tổng hợp'!E5="",0,'Tổng hợp'!E5) | D5: ='Tổng hợp'!F5 | E5: ='Tổng hợp'!I5 | F5: ='Tổng hợp'!J5 | G5: ='Tổng hợp'!K5
A6: 2 | B6: ='Tổng hợp'!B6 | C6: =IF('Tổng hợp'!E6="",0,'Tổng hợp'!E6) | D6: ='Tổng hợp'!F6 | E6: ='Tổng hợp'!I6 | F6: ='Tổng hợp'!J6 | G6: ='Tổng hợp'!K6
A7: 3 | B7: ='Tổng hợp'!B7 | C7: =IF('Tổng hợp'!E7="",0,'Tổng hợp'!E7) | D7: ='Tổng hợp'!F7 | E7: ='Tổng hợp'!I7 | F7: ='Tổng hợp'!J7 | G7: ='Tổng hợp'!K7
A8: 4 | B8: ='Tổng hợp'!B8 | C8: =IF('Tổng hợp'!E8="",0,'Tổng hợp'!E8) | D8: ='Tổng hợp'!F8 | E8: ='Tổng hợp'!I8 | F8: ='Tổng hợp'!J8 | G8: ='Tổng hợp'!K8
A9: 5 | B9: ='Tổng hợp'!B9 | C9: =IF('Tổng hợp'!E9="",0,'Tổng hợp'!E9) | D9: ='Tổng hợp'!F9 | E9: ='Tổng hợp'!I9 | F9: ='Tổng hợp'!J9 | G9: ='Tổng hợp'!K9
A10: 6 | B10: ='Tổng hợp'!B10 | C10: =IF('Tổng hợp'!E10="",0,'Tổng hợp'!E10) | D10: ='Tổng hợp'!F10 | E10: ='Tổng hợp'!I10 | F10: ='Tổng hợp'!J10 | G10: ='Tổng hợp'!K10
A11: 7 | B11: ='Tổng hợp'!B11 | C11: =IF('Tổng hợp'!E11="",0,'Tổng hợp'!E11) | D11: ='Tổng hợp'!F11 | E11: ='Tổng hợp'!I11 | F11: ='Tổng hợp'!J11 | G11: ='Tổng hợp'!K11
A12: 8 | B12: ='Tổng hợp'!B12 | C12: =IF('Tổng hợp'!E12="",0,'Tổng hợp'!E12) | D12: ='Tổng hợp'!F12 | E12: ='Tổng hợp'!I12 | F12: ='Tổng hợp'!J12 | G12: ='Tổng hợp'!K12
A14: Biểu đồ tự cập nhật khi chấm điểm ở các sheet vị trí. Vị trí chưa chấm hiển thị 0.

Sheet Nguyên tắc chấm
A1: NGUYÊN TẮC CHẤM ĐIỂM KPI
A2: Phụ lục 01 · Căn cứ Điều 4, 6, 7, 10, 12, 13 Quy chế · KK HOME ·
B4: 1. THANG ĐIỂM 1–5 (Điều 6)
B5: Điểm | C5: Xếp hạng | D5: Diễn giải
B6: 5 | C6: Tuyệt vời | D6: Hoàn thành xuất sắc, vượt mong đợi, tự giác và chủ động
B7: 4 | C7: Tốt | D7: Hoàn thành tốt, đạt hoặc vượt mục tiêu đề ra
B8: 3 | C8: Bình thường | D8: Đáp ứng đủ yêu cầu cơ bản
B9: 2 | C9: Chưa đạt | D9: Chưa hoàn thành tốt, có lỗi nhỏ, cần cải thiện
B10: 1 | C10: Kém | D10: Chưa hoàn thành, cần hỗ trợ nhiều, sai sót lớn
B11: Kết quả dao động giữa hai mức liền kề: được chấm điểm trung bình (VD: 3.5).
B13: 2. CÔNG THỨC & XẾP LOẠI (Điều 7, Điều 13)
B14: Điểm quy đổi tiêu chí | C14: Điểm chấm ÷ 5 × Trọng số × 100
B15: Tổng điểm vị trí | C15: Cộng điểm quy đổi các tiêu chí (tối đa 100)
B16: Xuất sắc | C16: Tổng điểm ≥ 80
B17: Đạt | C17: Từ 70 đến dưới 80
B18: Cần cải thiện | C18: Dưới 70
B20: 3. GỢI Ý QUY ĐỔI CHỨNG CỨ RA ĐIỂM (mẫu – điều chỉnh theo mục tiêu đã duyệt từng kỳ)
B21: Loại chỉ số | C21: Điểm 5 | D21: Điểm 4 | E21: Điểm 3 | F21: Điểm 2 | G21: Điểm 1
B22: Chỉ tiêu lead / doanh số từ marketing | C22: ≥ 110% mục tiêu | D22: 100% – dưới 110% | E22: 90% – dưới 100% | F22: 75% – dưới 90% | G22: Dưới 75%
B23: Chi phí trên 1 lead / 1 đơn (CPL, CPA) | C23: Thấp hơn định mức ≥ 15% | D23: Bằng hoặc thấp hơn định mức | E23: Vượt định mức ≤ 10% | F23: Vượt 10% – 25% | G23: Vượt > 25%
B24: Tỷ suất hoàn vốn quảng cáo (ROAS) | C24: ≥ 120% mục tiêu | D24: 100% – dưới 120% | E24: 85% – dưới 100% | F24: 70% – dưới 85% | G24: Dưới 70%
B25: Thời hạn (lịch nội dung, chiến dịch, báo cáo) | C25: 100% đúng hạn, nhiều việc xong sớm | D25: 100% đúng hạn | E25: ≥ 90% đúng hạn, trễ không ảnh hưởng | F25: 75% – dưới 90%, hoặc 1 lần trễ ảnh hưởng chiến dịch | G25: Dưới 75%, hoặc lỡ thời điểm ra mắt
B26: Sai sót nội dung, ấn phẩm (chính tả, giá, thông tin) | C26: 0 lỗi, chủ động bắt lỗi khâu khác | D26: 0 lỗi phát hành | E26: 1–2 lỗi nhỏ, sửa trước khi lan rộng | F26: ≥ 3 lỗi nhỏ hoặc 1 lỗi phải đính chính | G26: Lỗi gây khiếu nại, khủng hoảng truyền thông
B27: Tuân thủ quảng cáo, nhãn hiệu, bản quyền | C27: Không vi phạm, chủ động rà soát rủi ro | D27: Không vi phạm | E27: Bị nền tảng nhắc nhở, đã khắc phục | F27: Bị khóa/từ chối quảng cáo lặp lại | G27: Bị xử phạt hoặc khiếu nại bản quyền
B29: 4. NGUYÊN TẮC ĐÁNH GIÁ (Điều 4, Điều 12)
B30: Khách quan | C30: Chấm theo kết quả thực tế, không theo thiện cảm cá nhân.
B31: Công bằng | C31: Cùng vị trí dùng chung bộ tiêu chí, trọng số, thang điểm.
B32: Công khai | C32: Tiêu chí, trọng số, chỉ tiêu định lượng phổ biến cho nhân sự trước kỳ đánh giá.
B33: Định kỳ | C33: Loại kỳ (Tháng/Quý/Năm) áp dụng thống nhất cho toàn phòng trong cùng chu kỳ.
B34: Có phản hồi | C34: Trao đổi kết quả trực tiếp, thống nhất kế hoạch cải thiện.
B35: Có chứng cứ | C35: Số liệu, thời hạn, biên bản, báo cáo. Điểm ≤ 1,5 hoặc = 5 phải ghi lý do ở cột Ghi chú.
B37: 5. QUY TRÌNH 6 BƯỚC (Điều 10)
B38: Bước 1 – Chuẩn bị | C38: Xác định kỳ, thông báo lịch, phổ biến tiêu chí.
B39: Bước 2 – Tự đánh giá | C39: Nhân sự chấm cột F.
B40: Bước 3 – Quản lý chấm | C40: Quản lý trực tiếp chấm chính thức cột G, dựa trên chứng cứ.
B41: Bước 4 – Tổng hợp | C41: File tự tính điểm quy đổi, xếp loại; sheet Tổng hợp tự cập nhật.
B42: Bước 5 – Phản hồi | C42: Trao đổi kết quả, ghi nhận xét và kế hoạch cải thiện cuối sheet vị trí.
B43: Bước 6 – Phê duyệt, lưu trữ | C43: Trình người có thẩm quyền ký duyệt; lưu hồ sơ làm căn cứ lương, thưởng, quy hoạch.

Sheet 01. Trưởng phòng MKT
A1: BẢNG ĐÁNH GIÁ KPI – TRƯỞNG PHÒNG MARKETING
A2: Phòng Marketing · Phụ lục 01 kèm Quy chế đánh giá KPI · KK HOME ·
B4: Họ và tên | E4: Loại kỳ đánh giá | G4: Quý | I4: ← chọn Tháng / Quý / Năm
B5: Mã nhân viên | E5: Kỳ đánh giá | I5: VD: Tháng 9/2026, Quý 3/2026, Năm 2026
B6: Người đánh giá | E6: Ngày đánh giá
B7: Bộ phận | C7: Phòng Marketing
A9: STT | B9: Nhóm tiêu chí | C9: Tiêu chí đánh giá | D9: Cách đo / Chứng cứ chấm điểm | E9: Trọng số | F9: Tự đánh giá (1–5) | G9: Quản lý chấm (1–5) | H9: Điểm quy đổi | I9: Ghi chú / Lý do (bắt buộc khi điểm ≤1,5 hoặc 5)
A10: 1 | B10: Chuyên môn - Nghiệp vụ | C10: Hoàn thành chỉ tiêu lead / doanh số từ marketing | D10: Số lead đạt chuẩn (MQL) và doanh số quy cho marketing so với kế hoạch kỳ | E10: 0.1 | H10: =IF(ISNUMBER(G10),G10/5*E10*100,0) | J10: CM
A11: 2 | C11: Hiệu quả ngân sách marketing | D11: Chi phí marketing / doanh thu; ROAS tổng; mức tiêu ngân sách so với kế hoạch được duyệt (lệch ≤ 5%) | E11: 0.1 | H11: =IF(ISNUMBER(G11),G11/5*E11*100,0) | J11: CM
A12: 3 | C12: Chiến lược & kế hoạch marketing | D12: Kế hoạch năm/quý trình duyệt đúng hạn; tỷ lệ chiến dịch triển khai đúng kế hoạch ≥ 90% | E12: 0.1 | H12: =IF(ISNUMBER(G12),G12/5*E12*100,0) | J12: CM
A13: 4 | C13: Sức khỏe thương hiệu | D13: Chỉ số nhận biết, lượng tìm kiếm thương hiệu, tỷ lệ thảo luận tích cực so với kỳ trước | E13: 0.1 | H13: =IF(ISNUMBER(G13),G13/5*E13*100,0) | J13: CM
A14: 5 | B14: Tuân thủ - Thời hạn | C14: Tuân thủ pháp luật quảng cáo & bảo vệ thương hiệu | D14: Không bị xử phạt, khiếu nại về quảng cáo, nhãn hiệu, bản quyền, dữ liệu khách hàng | E14: 0.15 | H14: =IF(ISNUMBER(G14),G14/5*E14*100,0) | J14: TT
A15: 6 | C15: Tiến độ chiến dịch & báo cáo quản trị | D15: Chiến dịch lớn ra mắt đúng mốc; báo cáo hiệu quả marketing gửi Ban lãnh đạo đúng hạn | E15: 0.1 | H15: =IF(ISNUMBER(G15),G15/5*E15*100,0) | J15: TT
A16: 7 | C16: Kiểm soát chi phí & hồ sơ thanh toán | D16: Hợp đồng, nghiệm thu, chứng từ chi marketing đầy đủ; không phát sinh chi ngoài ngân sách chưa duyệt | E16: 0.1 | H16: =IF(ISNUMBER(G16),G16/5*E16*100,0) | J16: TT
A17: 8 | B17: Phối hợp - Thái độ | C17: Lãnh đạo & phát triển đội ngũ | D17: Điểm KPI bình quân của phòng; số nhân viên được kèm cặp, có kế hoạch phát triển | E17: 0.1 | H17: =IF(ISNUMBER(G17),G17/5*E17*100,0) | J17: PH
A18: 9 | C18: Phối hợp với Kinh doanh & các phòng ban | D18: Tỷ lệ lead được Kinh doanh chấp nhận (SQL/MQL); phản hồi của trưởng phòng Kinh doanh | E18: 0.08 | H18: =IF(ISNUMBER(G18),G18/5*E18*100,0) | J18: PH
A19: 10 | C19: Đổi mới & cải tiến | D19: Số kênh, công cụ, quy trình mới thử nghiệm có đo lường kết quả và được nhân rộng | E19: 0.07 | H19: =IF(ISNUMBER(G19),G19/5*E19*100,0) | J19: PH
A20: TỔNG CỘNG | E20: =SUM(E10:E19) | H20: =SUM(H10:H19)
A22: KẾT QUẢ ĐÁNH GIÁ | D22: ĐIỂM THEO NHÓM TIÊU CHÍ
A23: Tổng điểm chính thức | C23: =H20 | D23: Nhóm tiêu chí | E23: Trọng số | F23: Điểm tối đa | G23: Điểm đạt | H23: Tỷ lệ đạt
A24: Điểm tự đánh giá | C24: =IF(COUNT(F10:F19)=0,"",SUMPRODUCT(F10:F19,E10:E19)/5*100) | D24: Chuyên môn - Nghiệp vụ | E24: =SUMIF($J$10:$J$19,"CM",$E$10:$E$19) | F24: =E24*100 | G24: =SUMIF($J$10:$J$19,"CM",$H$10:$H$19) | H24: =IF(F24=0,0,G24/F24)
A25: Tiêu chí đã chấm | C25: =COUNT(G10:G19)&" / 10" | D25: Tuân thủ - Thời hạn | E25: =SUMIF($J$10:$J$19,"TT",$E$10:$E$19) | F25: =E25*100 | G25: =SUMIF($J$10:$J$19,"TT",$H$10:$H$19) | H25: =IF(F25=0,0,G25/F25)
A26: Xếp loại | C26: =IF(COUNT(G10:G19)=0,"Chưa chấm",IF(COUNT(G10:G19)<10,"Chưa chấm đủ",IF(H20>=80,"Xuất sắc",IF(H20>=70,"Đạt","Cần cải thiện")))) | D26: Phối hợp - Thái độ | E26: =SUMIF($J$10:$J$19,"PH",$E$10:$E$19) | F26: =E26*100 | G26: =SUMIF($J$10:$J$19,"PH",$H$10:$H$19) | H26: =IF(F26=0,0,G26/F26)
A27: Kiểm tra trọng số | C27: =IF(ROUND(E20,4)=1,"Hợp lệ – 100%","SAI – tổng trọng số phải = 100%")
A29: NHẬN XÉT & KẾ HOẠCH CẢI THIỆN (Bước 5 – phản hồi kết quả)
A30: Điểm mạnh
A31: Cần cải thiện
A32: Kế hoạch cải thiện
A33: Ý kiến nhân sự
B35: NHÂN SỰ ĐƯỢC ĐÁNH GIÁ | D35: QUẢN LÝ TRỰC TIẾP | G35: NGƯỜI PHÊ DUYỆT
B36: (Ký, ghi rõ họ tên) | D36: (Ký, ghi rõ họ tên) | G36: (Ký, ghi rõ họ tên)

Sheet 02. CV Digital Ads
A1: BẢNG ĐÁNH GIÁ KPI – CHUYÊN VIÊN QUẢNG CÁO SỐ (PERFORMANCE / DIGITAL ADS)
A2: Phòng Marketing · Phụ lục 01 kèm Quy chế đánh giá KPI · KK HOME ·
B4: Họ và tên | E4: Loại kỳ đánh giá | G4: Quý | I4: ← chọn Tháng / Quý / Năm
B5: Mã nhân viên | E5: Kỳ đánh giá | I5: VD: Tháng 9/2026, Quý 3/2026, Năm 2026
B6: Người đánh giá | E6: Ngày đánh giá
B7: Bộ phận | C7: Phòng Marketing
A9: STT | B9: Nhóm tiêu chí | C9: Tiêu chí đánh giá | D9: Cách đo / Chứng cứ chấm điểm | E9: Trọng số | F9: Tự đánh giá (1–5) | G9: Quản lý chấm (1–5) | H9: Điểm quy đổi | I9: Ghi chú / Lý do (bắt buộc khi điểm ≤1,5 hoặc 5)
A10: 1 | B10: Chuyên môn - Nghiệp vụ | C10: Hoàn thành chỉ tiêu lead / đơn hàng từ quảng cáo | D10: Số lead/đơn từ quảng cáo trả phí so với chỉ tiêu được giao | E10: 0.12 | H10: =IF(ISNUMBER(G10),G10/5*E10*100,0) | J10: CM
A11: 2 | C11: Chi phí trên 1 lead / 1 đơn (CPL, CPA) | D11: CPL, CPA thực tế so với định mức đã duyệt cho từng kênh | E11: 0.1 | H11: =IF(ISNUMBER(G11),G11/5*E11*100,0) | J11: CM
A12: 3 | C12: Tỷ suất hoàn vốn quảng cáo (ROAS) | D12: Doanh thu ghi nhận / chi phí quảng cáo so với mục tiêu | E12: 0.1 | H12: =IF(ISNUMBER(G12),G12/5*E12*100,0) | J12: CM
A13: 4 | C13: Tối ưu chiến dịch & thử nghiệm A/B | D13: Số thử nghiệm A/B có kết luận; tỷ lệ cải thiện CTR, tỷ lệ chuyển đổi sau tối ưu | E13: 0.08 | H13: =IF(ISNUMBER(G13),G13/5*E13*100,0) | J13: CM
A14: 5 | B14: Tuân thủ - Thời hạn | C14: Kiểm soát ngân sách quảng cáo | D14: Không tiêu vượt ngân sách ngày/tháng; đối chiếu chi phí với hóa đơn nền tảng khớp 100% | E14: 0.12 | H14: =IF(ISNUMBER(G14),G14/5*E14*100,0) | J14: TT
A15: 6 | C15: Tuân thủ chính sách nền tảng quảng cáo | D15: Số quảng cáo bị từ chối, tài khoản bị hạn chế do vi phạm chính sách | E15: 0.08 | H15: =IF(ISNUMBER(G15),G15/5*E15*100,0) | J15: TT
A16: 7 | C16: Đo lường & gắn mã theo dõi đầy đủ | D16: 100% chiến dịch có UTM, pixel/conversion API hoạt động; số liệu khớp với CRM | E16: 0.08 | H16: =IF(ISNUMBER(G16),G16/5*E16*100,0) | J16: TT
A17: 8 | C17: Báo cáo hiệu quả đúng hạn | D17: Báo cáo tuần/tháng nộp đúng hạn, số liệu chính xác, có đề xuất hành động | E17: 0.07 | H17: =IF(ISNUMBER(G17),G17/5*E17*100,0) | J17: TT
A18: 9 | B18: Phối hợp - Thái độ | C18: Phối hợp với Content, Thiết kế & Kinh doanh | D18: Brief rõ ràng, phản hồi đúng hạn; phản hồi của Kinh doanh về chất lượng lead | E18: 0.1 | H18: =IF(ISNUMBER(G18),G18/5*E18*100,0) | J18: PH
A19: 10 | C19: Chủ động cập nhật xu hướng & công cụ | D19: Số đề xuất kênh, định dạng, đối tượng mới được thử nghiệm | E19: 0.08 | H19: =IF(ISNUMBER(G19),G19/5*E19*100,0) | J19: PH
A20: 11 | C20: Tinh thần trách nhiệm & bảo mật tài khoản | D20: Quản lý quyền truy cập tài khoản quảng cáo, thẻ thanh toán an toàn; tự giác xử lý sự cố | E20: 0.07 | H20: =IF(ISNUMBER(G20),G20/5*E20*100,0) | J20: PH
A21: TỔNG CỘNG | E21: =SUM(E10:E20) | H21: =SUM(H10:H20)
A23: KẾT QUẢ ĐÁNH GIÁ | D23: ĐIỂM THEO NHÓM TIÊU CHÍ
A24: Tổng điểm chính thức | C24: =H21 | D24: Nhóm tiêu chí | E24: Trọng số | F24: Điểm tối đa | G24: Điểm đạt | H24: Tỷ lệ đạt
A25: Điểm tự đánh giá | C25: =IF(COUNT(F10:F20)=0,"",SUMPRODUCT(F10:F20,E10:E20)/5*100) | D25: Chuyên môn - Nghiệp vụ | E25: =SUMIF($J$10:$J$20,"CM",$E$10:$E$20) | F25: =E25*100 | G25: =SUMIF($J$10:$J$20,"CM",$H$10:$H$20) | H25: =IF(F25=0,0,G25/F25)
A26: Tiêu chí đã chấm | C26: =COUNT(G10:G20)&" / 11" | D26: Tuân thủ - Thời hạn | E26: =SUMIF($J$10:$J$20,"TT",$E$10:$E$20) | F26: =E26*100 | G26: =SUMIF($J$10:$J$20,"TT",$H$10:$H$20) | H26: =IF(F26=0,0,G26/F26)
A27: Xếp loại | C27: =IF(COUNT(G10:G20)=0,"Chưa chấm",IF(COUNT(G10:G20)<11,"Chưa chấm đủ",IF(H21>=80,"Xuất sắc",IF(H21>=70,"Đạt","Cần cải thiện")))) | D27: Phối hợp - Thái độ | E27: =SUMIF($J$10:$J$20,"PH",$E$10:$E$20) | F27: =E27*100 | G27: =SUMIF($J$10:$J$20,"PH",$H$10:$H$20) | H27: =IF(F27=0,0,G27/F27)
A28: Kiểm tra trọng số | C28: =IF(ROUND(E21,4)=1,"Hợp lệ – 100%","SAI – tổng trọng số phải = 100%")
A30: NHẬN XÉT & KẾ HOẠCH CẢI THIỆN (Bước 5 – phản hồi kết quả)
A31: Điểm mạnh
A32: Cần cải thiện
A33: Kế hoạch cải thiện
A34: Ý kiến nhân sự
B36: NHÂN SỰ ĐƯỢC ĐÁNH GIÁ | D36: QUẢN LÝ TRỰC TIẾP | G36: NGƯỜI PHÊ DUYỆT
B37: (Ký, ghi rõ họ tên) | D37: (Ký, ghi rõ họ tên) | G37: (Ký, ghi rõ họ tên)

Sheet 03. CV Content
A1: BẢNG ĐÁNH GIÁ KPI – CHUYÊN VIÊN NỘI DUNG (CONTENT MARKETING)
A2: Phòng Marketing · Phụ lục 01 kèm Quy chế đánh giá KPI · KK HOME ·
B4: Họ và tên | E4: Loại kỳ đánh giá | G4: Quý | I4: ← chọn Tháng / Quý / Năm
B5: Mã nhân viên | E5: Kỳ đánh giá | I5: VD: Tháng 9/2026, Quý 3/2026, Năm 2026
B6: Người đánh giá | E6: Ngày đánh giá
B7: Bộ phận | C7: Phòng Marketing
A9: STT | B9: Nhóm tiêu chí | C9: Tiêu chí đánh giá | D9: Cách đo / Chứng cứ chấm điểm | E9: Trọng số | F9: Tự đánh giá (1–5) | G9: Quản lý chấm (1–5) | H9: Điểm quy đổi | I9: Ghi chú / Lý do (bắt buộc khi điểm ≤1,5 hoặc 5)
A10: 1 | B10: Chuyên môn - Nghiệp vụ | C10: Hoàn thành kế hoạch sản xuất nội dung | D10: Số bài viết, kịch bản video, ấn phẩm hoàn thành / kế hoạch được duyệt | E10: 0.12 | H10: =IF(ISNUMBER(G10),G10/5*E10*100,0) | J10: CM
A11: 2 | C11: Chất lượng & hiệu quả nội dung | D11: Tỷ lệ tương tác, thời gian đọc, lượt chia sẻ bình quân so với mục tiêu | E11: 0.1 | H11: =IF(ISNUMBER(G11),G11/5*E11*100,0) | J11: CM
A12: 3 | C12: Nội dung đúng định vị thương hiệu | D12: Tỷ lệ nội dung được duyệt ngay lần 1; số lần phải sửa do lệch giọng thương hiệu | E12: 0.1 | H12: =IF(ISNUMBER(G12),G12/5*E12*100,0) | J12: CM
A13: 4 | C13: Nội dung tạo chuyển đổi | D13: Số lead, lượt đăng ký, đơn hàng phát sinh từ nội dung (đo bằng mã theo dõi) | E13: 0.08 | H13: =IF(ISNUMBER(G13),G13/5*E13*100,0) | J13: CM
A14: 5 | B14: Tuân thủ - Thời hạn | C14: Chính xác thông tin trong nội dung | D14: Số lỗi chính tả, sai giá, sai thông số, sai thông tin pháp lý trong nội dung đã đăng | E14: 0.12 | H14: =IF(ISNUMBER(G14),G14/5*E14*100,0) | J14: TT
A15: 6 | C15: Tuân thủ bản quyền & quy định quảng cáo | D15: Không dùng hình ảnh, nhạc, trích dẫn vi phạm bản quyền; không quảng cáo sai sự thật | E15: 0.08 | H15: =IF(ISNUMBER(G15),G15/5*E15*100,0) | J15: TT
A16: 7 | C16: Đúng lịch đăng nội dung | D16: Tỷ lệ bài đăng đúng lịch nội dung (content calendar) | E16: 0.08 | H16: =IF(ISNUMBER(G16),G16/5*E16*100,0) | J16: TT
A17: 8 | C17: Lưu trữ & quản lý kho nội dung | D17: Nội dung gốc, file nguồn lưu đúng thư mục, đặt tên chuẩn, dễ tái sử dụng | E17: 0.07 | H17: =IF(ISNUMBER(G17),G17/5*E17*100,0) | J17: TT
A18: 9 | B18: Phối hợp - Thái độ | C18: Phối hợp với Thiết kế, Ads & Kinh doanh | D18: Brief đầy đủ, phản hồi đúng hạn; nội dung đáp ứng yêu cầu của các bên | E18: 0.1 | H18: =IF(ISNUMBER(G18),G18/5*E18*100,0) | J18: PH
A19: 10 | C19: Sáng tạo & chủ động đề xuất ý tưởng | D19: Số ý tưởng, chủ đề mới được duyệt triển khai | E19: 0.08 | H19: =IF(ISNUMBER(G19),G19/5*E19*100,0) | J19: PH
A20: 11 | C20: Tinh thần học hỏi & nhận phản hồi | D20: Tiếp thu góp ý, cải thiện chất lượng qua các kỳ | E20: 0.07 | H20: =IF(ISNUMBER(G20),G20/5*E20*100,0) | J20: PH
A21: TỔNG CỘNG | E21: =SUM(E10:E20) | H21: =SUM(H10:H20)
A23: KẾT QUẢ ĐÁNH GIÁ | D23: ĐIỂM THEO NHÓM TIÊU CHÍ
A24: Tổng điểm chính thức | C24: =H21 | D24: Nhóm tiêu chí | E24: Trọng số | F24: Điểm tối đa | G24: Điểm đạt | H24: Tỷ lệ đạt
A25: Điểm tự đánh giá | C25: =IF(COUNT(F10:F20)=0,"",SUMPRODUCT(F10:F20,E10:E20)/5*100) | D25: Chuyên môn - Nghiệp vụ | E25: =SUMIF($J$10:$J$20,"CM",$E$10:$E$20) | F25: =E25*100 | G25: =SUMIF($J$10:$J$20,"CM",$H$10:$H$20) | H25: =IF(F25=0,0,G25/F25)
A26: Tiêu chí đã chấm | C26: =COUNT(G10:G20)&" / 11" | D26: Tuân thủ - Thời hạn | E26: =SUMIF($J$10:$J$20,"TT",$E$10:$E$20) | F26: =E26*100 | G26: =SUMIF($J$10:$J$20,"TT",$H$10:$H$20) | H26: =IF(F26=0,0,G26/F26)
A27: Xếp loại | C27: =IF(COUNT(G10:G20)=0,"Chưa chấm",IF(COUNT(G10:G20)<11,"Chưa chấm đủ",IF(H21>=80,"Xuất sắc",IF(H21>=70,"Đạt","Cần cải thiện")))) | D27: Phối hợp - Thái độ | E27: =SUMIF($J$10:$J$20,"PH",$E$10:$E$20) | F27: =E27*100 | G27: =SUMIF($J$10:$J$20,"PH",$H$10:$H$20) | H27: =IF(F27=0,0,G27/F27)
A28: Kiểm tra trọng số | C28: =IF(ROUND(E21,4)=1,"Hợp lệ – 100%","SAI – tổng trọng số phải = 100%")
A30: NHẬN XÉT & KẾ HOẠCH CẢI THIỆN (Bước 5 – phản hồi kết quả)
A31: Điểm mạnh
A32: Cần cải thiện
A33: Kế hoạch cải thiện
A34: Ý kiến nhân sự
B36: NHÂN SỰ ĐƯỢC ĐÁNH GIÁ | D36: QUẢN LÝ TRỰC TIẾP | G36: NGƯỜI PHÊ DUYỆT
B37: (Ký, ghi rõ họ tên) | D37: (Ký, ghi rõ họ tên) | G37: (Ký, ghi rõ họ tên)

Sheet 04. CV SEO-Website
A1: BẢNG ĐÁNH GIÁ KPI – CHUYÊN VIÊN SEO & QUẢN TRỊ WEBSITE
A2: Phòng Marketing · Phụ lục 01 kèm Quy chế đánh giá KPI · KK HOME ·
B4: Họ và tên | E4: Loại kỳ đánh giá | G4: Quý | I4: ← chọn Tháng / Quý / Năm
B5: Mã nhân viên | E5: Kỳ đánh giá | I5: VD: Tháng 9/2026, Quý 3/2026, Năm 2026
B6: Người đánh giá | E6: Ngày đánh giá
B7: Bộ phận | C7: Phòng Marketing
A9: STT | B9: Nhóm tiêu chí | C9: Tiêu chí đánh giá | D9: Cách đo / Chứng cứ chấm điểm | E9: Trọng số | F9: Tự đánh giá (1–5) | G9: Quản lý chấm (1–5) | H9: Điểm quy đổi | I9: Ghi chú / Lý do (bắt buộc khi điểm ≤1,5 hoặc 5)
A10: 1 | B10: Chuyên môn - Nghiệp vụ | C10: Tăng trưởng lượt truy cập tự nhiên (organic) | D10: Lượt truy cập từ công cụ tìm kiếm so với mục tiêu kỳ | E10: 0.12 | H10: =IF(ISNUMBER(G10),G10/5*E10*100,0) | J10: CM
A11: 2 | C11: Thứ hạng từ khóa mục tiêu | D11: Tỷ lệ từ khóa mục tiêu đạt top 10 so với kế hoạch | E11: 0.1 | H11: =IF(ISNUMBER(G11),G11/5*E11*100,0) | J11: CM
A12: 3 | C12: Chuyển đổi từ website | D12: Số lead, đăng ký, đơn hàng từ website; tỷ lệ chuyển đổi so với kỳ trước | E12: 0.1 | H12: =IF(ISNUMBER(G12),G12/5*E12*100,0) | J12: CM
A13: 4 | C13: Sức khỏe kỹ thuật website | D13: Tốc độ tải trang, lỗi 404, lỗi lập chỉ mục được xử lý; điểm Core Web Vitals đạt | E13: 0.08 | H13: =IF(ISNUMBER(G13),G13/5*E13*100,0) | J13: CM
A14: 5 | B14: Tuân thủ - Thời hạn | C14: Ổn định & bảo mật website | D14: Thời gian website hoạt động ≥ 99,5%; sao lưu định kỳ; không bị tấn công, chèn mã độc | E14: 0.12 | H14: =IF(ISNUMBER(G14),G14/5*E14*100,0) | J14: TT
A15: 6 | C15: Tuân thủ nguyên tắc SEO an toàn | D15: Không dùng thủ thuật bị công cụ tìm kiếm phạt; không mua liên kết rác | E15: 0.08 | H15: =IF(ISNUMBER(G15),G15/5*E15*100,0) | J15: TT
A16: 7 | C16: Cập nhật nội dung website đúng hạn | D16: Thông tin sản phẩm, giá, khuyến mại, chính sách cập nhật đúng thời điểm | E16: 0.08 | H16: =IF(ISNUMBER(G16),G16/5*E16*100,0) | J16: TT
A17: 8 | C17: Báo cáo SEO & website định kỳ | D17: Báo cáo tháng đúng hạn, số liệu từ công cụ đo lường chính xác | E17: 0.07 | H17: =IF(ISNUMBER(G17),G17/5*E17*100,0) | J17: TT
A18: 9 | B18: Phối hợp - Thái độ | C18: Phối hợp với Content & IT | D18: Hướng dẫn tối ưu nội dung cho Content; phối hợp IT xử lý sự cố đúng hạn | E18: 0.1 | H18: =IF(ISNUMBER(G18),G18/5*E18*100,0) | J18: PH
A19: 10 | C19: Chủ động cải tiến trải nghiệm người dùng | D19: Số cải tiến giao diện, luồng đăng ký được áp dụng và có đo lường | E19: 0.08 | H19: =IF(ISNUMBER(G19),G19/5*E19*100,0) | J19: PH
A20: 11 | C20: Tinh thần trách nhiệm | D20: Theo dõi, xử lý sự cố website ngoài giờ khi cần; chủ động báo cáo rủi ro | E20: 0.07 | H20: =IF(ISNUMBER(G20),G20/5*E20*100,0) | J20: PH
A21: TỔNG CỘNG | E21: =SUM(E10:E20) | H21: =SUM(H10:H20)
A23: KẾT QUẢ ĐÁNH GIÁ | D23: ĐIỂM THEO NHÓM TIÊU CHÍ
A24: Tổng điểm chính thức | C24: =H21 | D24: Nhóm tiêu chí | E24: Trọng số | F24: Điểm tối đa | G24: Điểm đạt | H24: Tỷ lệ đạt
A25: Điểm tự đánh giá | C25: =IF(COUNT(F10:F20)=0,"",SUMPRODUCT(F10:F20,E10:E20)/5*100) | D25: Chuyên môn - Nghiệp vụ | E25: =SUMIF($J$10:$J$20,"CM",$E$10:$E$20) | F25: =E25*100 | G25: =SUMIF($J$10:$J$20,"CM",$H$10:$H$20) | H25: =IF(F25=0,0,G25/F25)
A26: Tiêu chí đã chấm | C26: =COUNT(G10:G20)&" / 11" | D26: Tuân thủ - Thời hạn | E26: =SUMIF($J$10:$J$20,"TT",$E$10:$E$20) | F26: =E26*100 | G26: =SUMIF($J$10:$J$20,"TT",$H$10:$H$20) | H26: =IF(F26=0,0,G26/F26)
A27: Xếp loại | C27: =IF(COUNT(G10:G20)=0,"Chưa chấm",IF(COUNT(G10:G20)<11,"Chưa chấm đủ",IF(H21>=80,"Xuất sắc",IF(H21>=70,"Đạt","Cần cải thiện")))) | D27: Phối hợp - Thái độ | E27: =SUMIF($J$10:$J$20,"PH",$E$10:$E$20) | F27: =E27*100 | G27: =SUMIF($J$10:$J$20,"PH",$H$10:$H$20) | H27: =IF(F27=0,0,G27/F27)
A28: Kiểm tra trọng số | C28: =IF(ROUND(E21,4)=1,"Hợp lệ – 100%","SAI – tổng trọng số phải = 100%")
A30: NHẬN XÉT & KẾ HOẠCH CẢI THIỆN (Bước 5 – phản hồi kết quả)
A31: Điểm mạnh
A32: Cần cải thiện
A33: Kế hoạch cải thiện
A34: Ý kiến nhân sự
B36: NHÂN SỰ ĐƯỢC ĐÁNH GIÁ | D36: QUẢN LÝ TRỰC TIẾP | G36: NGƯỜI PHÊ DUYỆT
B37: (Ký, ghi rõ họ tên) | D37: (Ký, ghi rõ họ tên) | G37: (Ký, ghi rõ họ tên)

Sheet 05. NV Thiết kế
A1: BẢNG ĐÁNH GIÁ KPI – NHÂN VIÊN THIẾT KẾ ĐỒ HỌA
A2: Phòng Marketing · Phụ lục 01 kèm Quy chế đánh giá KPI · KK HOME ·
B4: Họ và tên | E4: Loại kỳ đánh giá | G4: Quý | I4: ← chọn Tháng / Quý / Năm
B5: Mã nhân viên | E5: Kỳ đánh giá | I5: VD: Tháng 9/2026, Quý 3/2026, Năm 2026
B6: Người đánh giá | E6: Ngày đánh giá
B7: Bộ phận | C7: Phòng Marketing
A9: STT | B9: Nhóm tiêu chí | C9: Tiêu chí đánh giá | D9: Cách đo / Chứng cứ chấm điểm | E9: Trọng số | F9: Tự đánh giá (1–5) | G9: Quản lý chấm (1–5) | H9: Điểm quy đổi | I9: Ghi chú / Lý do (bắt buộc khi điểm ≤1,5 hoặc 5)
A10: 1 | B10: Chuyên môn - Nghiệp vụ | C10: Hoàn thành khối lượng thiết kế | D10: Số ấn phẩm hoàn thành / số yêu cầu được giao trong kỳ | E10: 0.12 | H10: =IF(ISNUMBER(G10),G10/5*E10*100,0) | J10: CM
A11: 2 | C11: Chất lượng thiết kế | D11: Tỷ lệ thiết kế được duyệt trong ≤ 2 lần sửa; đánh giá của người yêu cầu | E11: 0.1 | H11: =IF(ISNUMBER(G11),G11/5*E11*100,0) | J11: CM
A12: 3 | C12: Đúng nhận diện thương hiệu | D12: Màu sắc, phông chữ, logo, bố cục đúng bộ nhận diện; số lần sửa do sai nhận diện | E12: 0.1 | H12: =IF(ISNUMBER(G12),G12/5*E12*100,0) | J12: CM
A13: 4 | C13: Hiệu quả ấn phẩm | D13: Tỷ lệ nhấp, tương tác của ấn phẩm quảng cáo so với mức bình quân | E13: 0.08 | H13: =IF(ISNUMBER(G13),G13/5*E13*100,0) | J13: CM
A14: 5 | B14: Tuân thủ - Thời hạn | C14: Đúng hạn bàn giao | D14: Tỷ lệ ấn phẩm bàn giao đúng hạn theo phiếu yêu cầu | E14: 0.12 | H14: =IF(ISNUMBER(G14),G14/5*E14*100,0) | J14: TT
A15: 6 | C15: Chính xác nội dung trên ấn phẩm | D15: Số lỗi chữ, sai giá, sai thông tin trên ấn phẩm đã in/đăng | E15: 0.08 | H15: =IF(ISNUMBER(G15),G15/5*E15*100,0) | J15: TT
A16: 7 | C16: Tuân thủ bản quyền hình ảnh, phông chữ | D16: Chỉ dùng tài nguyên có bản quyền hoặc miễn phí thương mại; ghi nguồn đầy đủ | E16: 0.08 | H16: =IF(ISNUMBER(G16),G16/5*E16*100,0) | J16: TT
A17: 8 | C17: Quản lý file nguồn | D17: File gốc, file in lưu đúng thư mục, đặt tên chuẩn, đúng thông số in ấn | E17: 0.07 | H17: =IF(ISNUMBER(G17),G17/5*E17*100,0) | J17: TT
A18: 9 | B18: Phối hợp - Thái độ | C18: Phối hợp với Content, Ads & Kinh doanh | D18: Tiếp nhận brief, phản hồi đúng hạn, hỗ trợ khi có yêu cầu gấp | E18: 0.1 | H18: =IF(ISNUMBER(G18),G18/5*E18*100,0) | J18: PH
A19: 10 | C19: Sáng tạo & đề xuất ý tưởng | D19: Số ý tưởng hình ảnh, mẫu thiết kế mới được áp dụng | E19: 0.08 | H19: =IF(ISNUMBER(G19),G19/5*E19*100,0) | J19: PH
A20: 11 | C20: Tinh thần học hỏi kỹ năng mới | D20: Ứng dụng công cụ mới (video ngắn, motion, AI) vào công việc | E20: 0.07 | H20: =IF(ISNUMBER(G20),G20/5*E20*100,0) | J20: PH
A21: TỔNG CỘNG | E21: =SUM(E10:E20) | H21: =SUM(H10:H20)
A23: KẾT QUẢ ĐÁNH GIÁ | D23: ĐIỂM THEO NHÓM TIÊU CHÍ
A24: Tổng điểm chính thức | C24: =H21 | D24: Nhóm tiêu chí | E24: Trọng số | F24: Điểm tối đa | G24: Điểm đạt | H24: Tỷ lệ đạt
A25: Điểm tự đánh giá | C25: =IF(COUNT(F10:F20)=0,"",SUMPRODUCT(F10:F20,E10:E20)/5*100) | D25: Chuyên môn - Nghiệp vụ | E25: =SUMIF($J$10:$J$20,"CM",$E$10:$E$20) | F25: =E25*100 | G25: =SUMIF($J$10:$J$20,"CM",$H$10:$H$20) | H25: =IF(F25=0,0,G25/F25)
A26: Tiêu chí đã chấm | C26: =COUNT(G10:G20)&" / 11" | D26: Tuân thủ - Thời hạn | E26: =SUMIF($J$10:$J$20,"TT",$E$10:$E$20) | F26: =E26*100 | G26: =SUMIF($J$10:$J$20,"TT",$H$10:$H$20) | H26: =IF(F26=0,0,G26/F26)
A27: Xếp loại | C27: =IF(COUNT(G10:G20)=0,"Chưa chấm",IF(COUNT(G10:G20)<11,"Chưa chấm đủ",IF(H21>=80,"Xuất sắc",IF(H21>=70,"Đạt","Cần cải thiện")))) | D27: Phối hợp - Thái độ | E27: =SUMIF($J$10:$J$20,"PH",$E$10:$E$20) | F27: =E27*100 | G27: =SUMIF($J$10:$J$20,"PH",$H$10:$H$20) | H27: =IF(F27=0,0,G27/F27)
A28: Kiểm tra trọng số | C28: =IF(ROUND(E21,4)=1,"Hợp lệ – 100%","SAI – tổng trọng số phải = 100%")
A30: NHẬN XÉT & KẾ HOẠCH CẢI THIỆN (Bước 5 – phản hồi kết quả)
A31: Điểm mạnh
A32: Cần cải thiện
A33: Kế hoạch cải thiện
A34: Ý kiến nhân sự
B36: NHÂN SỰ ĐƯỢC ĐÁNH GIÁ | D36: QUẢN LÝ TRỰC TIẾP | G36: NGƯỜI PHÊ DUYỆT
B37: (Ký, ghi rõ họ tên) | D37: (Ký, ghi rõ họ tên) | G37: (Ký, ghi rõ họ tên)

Sheet 06. CV Social Media
A1: BẢNG ĐÁNH GIÁ KPI – CHUYÊN VIÊN MẠNG XÃ HỘI & CỘNG ĐỒNG
A2: Phòng Marketing · Phụ lục 01 kèm Quy chế đánh giá KPI · KK HOME ·
B4: Họ và tên | E4: Loại kỳ đánh giá | G4: Quý | I4: ← chọn Tháng / Quý / Năm
B5: Mã nhân viên | E5: Kỳ đánh giá | I5: VD: Tháng 9/2026, Quý 3/2026, Năm 2026
B6: Người đánh giá | E6: Ngày đánh giá
B7: Bộ phận | C7: Phòng Marketing
A9: STT | B9: Nhóm tiêu chí | C9: Tiêu chí đánh giá | D9: Cách đo / Chứng cứ chấm điểm | E9: Trọng số | F9: Tự đánh giá (1–5) | G9: Quản lý chấm (1–5) | H9: Điểm quy đổi | I9: Ghi chú / Lý do (bắt buộc khi điểm ≤1,5 hoặc 5)
A10: 1 | B10: Chuyên môn - Nghiệp vụ | C10: Tăng trưởng cộng đồng | D10: Số người theo dõi, thành viên nhóm tăng thực so với mục tiêu | E10: 0.12 | H10: =IF(ISNUMBER(G10),G10/5*E10*100,0) | J10: CM
A11: 2 | C11: Tỷ lệ tương tác | D11: Tương tác bình quân / bài đăng so với mục tiêu và kỳ trước | E11: 0.1 | H11: =IF(ISNUMBER(G11),G11/5*E11*100,0) | J11: CM
A12: 3 | C12: Chuyển đổi từ mạng xã hội | D12: Số tin nhắn, lead, đơn hàng phát sinh từ kênh mạng xã hội | E12: 0.1 | H12: =IF(ISNUMBER(G12),G12/5*E12*100,0) | J12: CM
A13: 4 | C13: Quản lý phản hồi & bình luận | D13: Tỷ lệ tin nhắn, bình luận được phản hồi trong thời gian quy định (≤ 2 giờ làm việc) | E13: 0.08 | H13: =IF(ISNUMBER(G13),G13/5*E13*100,0) | J13: CM
A14: 5 | B14: Tuân thủ - Thời hạn | C14: Xử lý khủng hoảng & phản hồi tiêu cực | D14: Phát hiện, báo cáo, xử lý phản hồi tiêu cực đúng quy trình; không để lan rộng | E14: 0.12 | H14: =IF(ISNUMBER(G14),G14/5*E14*100,0) | J14: TT
A15: 6 | C15: Tuân thủ quy định nền tảng & pháp luật | D15: Không bị gỡ bài, hạn chế trang do vi phạm; không đăng nội dung sai sự thật | E15: 0.08 | H15: =IF(ISNUMBER(G15),G15/5*E15*100,0) | J15: TT
A16: 7 | C16: Đúng lịch đăng bài | D16: Tỷ lệ bài đăng đúng lịch nội dung | E16: 0.08 | H16: =IF(ISNUMBER(G16),G16/5*E16*100,0) | J16: TT
A17: 8 | C17: Báo cáo hiệu quả kênh | D17: Báo cáo tuần/tháng đúng hạn, số liệu chính xác, có nhận định | E17: 0.07 | H17: =IF(ISNUMBER(G17),G17/5*E17*100,0) | J17: TT
A18: 9 | B18: Phối hợp - Thái độ | C18: Phối hợp với Content, Thiết kế & CSKH | D18: Chuyển thông tin khách hàng cho Kinh doanh/CSKH đầy đủ, đúng hạn | E18: 0.1 | H18: =IF(ISNUMBER(G18),G18/5*E18*100,0) | J18: PH
A19: 10 | C19: Chủ động nắm bắt xu hướng | D19: Số nội dung bắt xu hướng được triển khai kịp thời, có hiệu quả | E19: 0.08 | H19: =IF(ISNUMBER(G19),G19/5*E19*100,0) | J19: PH
A20: 11 | C20: Bảo mật tài khoản & thông tin khách hàng | D20: Quản lý quyền quản trị trang, mật khẩu an toàn; không lộ dữ liệu khách hàng | E20: 0.07 | H20: =IF(ISNUMBER(G20),G20/5*E20*100,0) | J20: PH
A21: TỔNG CỘNG | E21: =SUM(E10:E20) | H21: =SUM(H10:H20)
A23: KẾT QUẢ ĐÁNH GIÁ | D23: ĐIỂM THEO NHÓM TIÊU CHÍ
A24: Tổng điểm chính thức | C24: =H21 | D24: Nhóm tiêu chí | E24: Trọng số | F24: Điểm tối đa | G24: Điểm đạt | H24: Tỷ lệ đạt
A25: Điểm tự đánh giá | C25: =IF(COUNT(F10:F20)=0,"",SUMPRODUCT(F10:F20,E10:E20)/5*100) | D25: Chuyên môn - Nghiệp vụ | E25: =SUMIF($J$10:$J$20,"CM",$E$10:$E$20) | F25: =E25*100 | G25: =SUMIF($J$10:$J$20,"CM",$H$10:$H$20) | H25: =IF(F25=0,0,G25/F25)
A26: Tiêu chí đã chấm | C26: =COUNT(G10:G20)&" / 11" | D26: Tuân thủ - Thời hạn | E26: =SUMIF($J$10:$J$20,"TT",$E$10:$E$20) | F26: =E26*100 | G26: =SUMIF($J$10:$J$20,"TT",$H$10:$H$20) | H26: =IF(F26=0,0,G26/F26)
A27: Xếp loại | C27: =IF(COUNT(G10:G20)=0,"Chưa chấm",IF(COUNT(G10:G20)<11,"Chưa chấm đủ",IF(H21>=80,"Xuất sắc",IF(H21>=70,"Đạt","Cần cải thiện")))) | D27: Phối hợp - Thái độ | E27: =SUMIF($J$10:$J$20,"PH",$E$10:$E$20) | F27: =E27*100 | G27: =SUMIF($J$10:$J$20,"PH",$H$10:$H$20) | H27: =IF(F27=0,0,G27/F27)
A28: Kiểm tra trọng số | C28: =IF(ROUND(E21,4)=1,"Hợp lệ – 100%","SAI – tổng trọng số phải = 100%")
A30: NHẬN XÉT & KẾ HOẠCH CẢI THIỆN (Bước 5 – phản hồi kết quả)
A31: Điểm mạnh
A32: Cần cải thiện
A33: Kế hoạch cải thiện
A34: Ý kiến nhân sự
B36: NHÂN SỰ ĐƯỢC ĐÁNH GIÁ | D36: QUẢN LÝ TRỰC TIẾP | G36: NGƯỜI PHÊ DUYỆT
B37: (Ký, ghi rõ họ tên) | D37: (Ký, ghi rõ họ tên) | G37: (Ký, ghi rõ họ tên)

Sheet 07. CV Brand-Sự kiện
A1: BẢNG ĐÁNH GIÁ KPI – CHUYÊN VIÊN THƯƠNG HIỆU & SỰ KIỆN
A2: Phòng Marketing · Phụ lục 01 kèm Quy chế đánh giá KPI · KK HOME ·
B4: Họ và tên | E4: Loại kỳ đánh giá | G4: Quý | I4: ← chọn Tháng / Quý / Năm
B5: Mã nhân viên | E5: Kỳ đánh giá | I5: VD: Tháng 9/2026, Quý 3/2026, Năm 2026
B6: Người đánh giá | E6: Ngày đánh giá
B7: Bộ phận | C7: Phòng Marketing
A9: STT | B9: Nhóm tiêu chí | C9: Tiêu chí đánh giá | D9: Cách đo / Chứng cứ chấm điểm | E9: Trọng số | F9: Tự đánh giá (1–5) | G9: Quản lý chấm (1–5) | H9: Điểm quy đổi | I9: Ghi chú / Lý do (bắt buộc khi điểm ≤1,5 hoặc 5)
A10: 1 | B10: Chuyên môn - Nghiệp vụ | C10: Hoàn thành kế hoạch sự kiện, truyền thông | D10: Số sự kiện, hoạt động truyền thông thực hiện / kế hoạch | E10: 0.12 | H10: =IF(ISNUMBER(G10),G10/5*E10*100,0) | J10: CM
A11: 2 | C11: Hiệu quả sự kiện | D11: Số người tham dự, lead thu được, mức hài lòng khách mời so với mục tiêu | E11: 0.1 | H11: =IF(ISNUMBER(G11),G11/5*E11*100,0) | J11: CM
A12: 3 | C12: Quản lý nhận diện thương hiệu | D12: Ấn phẩm, biển bảng, đồng phục, quà tặng đúng chuẩn nhận diện | E12: 0.1 | H12: =IF(ISNUMBER(G12),G12/5*E12*100,0) | J12: CM
A13: 4 | C13: Quan hệ báo chí & đối tác truyền thông | D13: Số bài báo, đối tác truyền thông đạt được; tỷ lệ tin tích cực | E13: 0.08 | H13: =IF(ISNUMBER(G13),G13/5*E13*100,0) | J13: CM
A14: 5 | B14: Tuân thủ - Thời hạn | C14: Chi phí sự kiện so với ngân sách | D14: Chi phí thực tế so với dự toán được duyệt | E14: 0.12 | H14: =IF(ISNUMBER(G14),G14/5*E14*100,0) | J14: TT
A15: 6 | C15: Tuân thủ thủ tục, an toàn sự kiện | D15: Hợp đồng, giấy phép, phương án an toàn đầy đủ; không xảy ra sự cố | E15: 0.08 | H15: =IF(ISNUMBER(G15),G15/5*E15*100,0) | J15: TT
A16: 7 | C16: Tiến độ chuẩn bị sự kiện | D16: Các mốc chuẩn bị (địa điểm, khách mời, ấn phẩm) hoàn thành đúng kế hoạch | E16: 0.08 | H16: =IF(ISNUMBER(G16),G16/5*E16*100,0) | J16: TT
A17: 8 | C17: Quyết toán & hồ sơ sau sự kiện | D17: Chứng từ, nghiệm thu, báo cáo tổng kết nộp trong 07 ngày làm việc | E17: 0.07 | H17: =IF(ISNUMBER(G17),G17/5*E17*100,0) | J17: TT
A18: 9 | B18: Phối hợp - Thái độ | C18: Phối hợp nội bộ & nhà cung cấp | D18: Phản hồi của các phòng ban, nhà cung cấp về phối hợp | E18: 0.1 | H18: =IF(ISNUMBER(G18),G18/5*E18*100,0) | J18: PH
A19: 10 | C19: Sáng tạo ý tưởng sự kiện | D19: Số ý tưởng mới được duyệt và thực hiện | E19: 0.08 | H19: =IF(ISNUMBER(G19),G19/5*E19*100,0) | J19: PH
A20: 11 | C20: Tinh thần trách nhiệm | D20: Chủ động xử lý phát sinh tại sự kiện, làm việc ngoài giờ khi cần | E20: 0.07 | H20: =IF(ISNUMBER(G20),G20/5*E20*100,0) | J20: PH
A21: TỔNG CỘNG | E21: =SUM(E10:E20) | H21: =SUM(H10:H20)
A23: KẾT QUẢ ĐÁNH GIÁ | D23: ĐIỂM THEO NHÓM TIÊU CHÍ
A24: Tổng điểm chính thức | C24: =H21 | D24: Nhóm tiêu chí | E24: Trọng số | F24: Điểm tối đa | G24: Điểm đạt | H24: Tỷ lệ đạt
A25: Điểm tự đánh giá | C25: =IF(COUNT(F10:F20)=0,"",SUMPRODUCT(F10:F20,E10:E20)/5*100) | D25: Chuyên môn - Nghiệp vụ | E25: =SUMIF($J$10:$J$20,"CM",$E$10:$E$20) | F25: =E25*100 | G25: =SUMIF($J$10:$J$20,"CM",$H$10:$H$20) | H25: =IF(F25=0,0,G25/F25)
A26: Tiêu chí đã chấm | C26: =COUNT(G10:G20)&" / 11" | D26: Tuân thủ - Thời hạn | E26: =SUMIF($J$10:$J$20,"TT",$E$10:$E$20) | F26: =E26*100 | G26: =SUMIF($J$10:$J$20,"TT",$H$10:$H$20) | H26: =IF(F26=0,0,G26/F26)
A27: Xếp loại | C27: =IF(COUNT(G10:G20)=0,"Chưa chấm",IF(COUNT(G10:G20)<11,"Chưa chấm đủ",IF(H21>=80,"Xuất sắc",IF(H21>=70,"Đạt","Cần cải thiện")))) | D27: Phối hợp - Thái độ | E27: =SUMIF($J$10:$J$20,"PH",$E$10:$E$20) | F27: =E27*100 | G27: =SUMIF($J$10:$J$20,"PH",$H$10:$H$20) | H27: =IF(F27=0,0,G27/F27)
A28: Kiểm tra trọng số | C28: =IF(ROUND(E21,4)=1,"Hợp lệ – 100%","SAI – tổng trọng số phải = 100%")
A30: NHẬN XÉT & KẾ HOẠCH CẢI THIỆN (Bước 5 – phản hồi kết quả)
A31: Điểm mạnh
A32: Cần cải thiện
A33: Kế hoạch cải thiện
A34: Ý kiến nhân sự
B36: NHÂN SỰ ĐƯỢC ĐÁNH GIÁ | D36: QUẢN LÝ TRỰC TIẾP | G36: NGƯỜI PHÊ DUYỆT
B37: (Ký, ghi rõ họ tên) | D37: (Ký, ghi rõ họ tên) | G37: (Ký, ghi rõ họ tên)

Sheet 08. CV Trade MKT
A1: BẢNG ĐÁNH GIÁ KPI – CHUYÊN VIÊN TRADE MARKETING
A2: Phòng Marketing · Phụ lục 01 kèm Quy chế đánh giá KPI · KK HOME ·
B4: Họ và tên | E4: Loại kỳ đánh giá | G4: Quý | I4: ← chọn Tháng / Quý / Năm
B5: Mã nhân viên | E5: Kỳ đánh giá | I5: VD: Tháng 9/2026, Quý 3/2026, Năm 2026
B6: Người đánh giá | E6: Ngày đánh giá
B7: Bộ phận | C7: Phòng Marketing
A9: STT | B9: Nhóm tiêu chí | C9: Tiêu chí đánh giá | D9: Cách đo / Chứng cứ chấm điểm | E9: Trọng số | F9: Tự đánh giá (1–5) | G9: Quản lý chấm (1–5) | H9: Điểm quy đổi | I9: Ghi chú / Lý do (bắt buộc khi điểm ≤1,5 hoặc 5)
A10: 1 | B10: Chuyên môn - Nghiệp vụ | C10: Độ phủ & trưng bày tại điểm bán | D10: Tỷ lệ điểm bán đạt chuẩn trưng bày, độ phủ sản phẩm so với mục tiêu | E10: 0.12 | H10: =IF(ISNUMBER(G10),G10/5*E10*100,0) | J10: CM
A11: 2 | C11: Hiệu quả chương trình khuyến mại | D11: Doanh số tăng thêm trong thời gian khuyến mại so với chi phí chương trình | E11: 0.1 | H11: =IF(ISNUMBER(G11),G11/5*E11*100,0) | J11: CM
A12: 3 | C12: Vật phẩm POSM | D12: Tỷ lệ POSM đến điểm bán đúng hạn, sử dụng đúng mục đích | E12: 0.1 | H12: =IF(ISNUMBER(G12),G12/5*E12*100,0) | J12: CM
A13: 4 | C13: Phân tích thị trường & đối thủ tại điểm bán | D13: Báo cáo giá, khuyến mại, trưng bày của đối thủ định kỳ, có đề xuất | E13: 0.08 | H13: =IF(ISNUMBER(G13),G13/5*E13*100,0) | J13: CM
A14: 5 | B14: Tuân thủ - Thời hạn | C14: Kiểm soát chi phí trade | D14: Chi phí trưng bày, khuyến mại, hỗ trợ đại lý trong ngân sách; chứng từ đầy đủ | E14: 0.12 | H14: =IF(ISNUMBER(G14),G14/5*E14*100,0) | J14: TT
A15: 6 | C15: Tuân thủ quy định khuyến mại | D15: Chương trình khuyến mại có hồ sơ đầy đủ theo quy định; không bị xử phạt | E15: 0.08 | H15: =IF(ISNUMBER(G15),G15/5*E15*100,0) | J15: TT
A16: 7 | C16: Tiến độ triển khai chương trình | D16: Chương trình triển khai đến điểm bán đúng ngày bắt đầu | E16: 0.08 | H16: =IF(ISNUMBER(G16),G16/5*E16*100,0) | J16: TT
A17: 8 | C17: Báo cáo & nghiệm thu chương trình | D17: Báo cáo kết thúc, hình ảnh nghiệm thu đầy đủ, đúng hạn | E17: 0.07 | H17: =IF(ISNUMBER(G17),G17/5*E17*100,0) | J17: TT
A18: 9 | B18: Phối hợp - Thái độ | C18: Phối hợp với Kinh doanh & nhà phân phối | D18: Phản hồi của Kinh doanh, nhà phân phối về hỗ trợ | E18: 0.1 | H18: =IF(ISNUMBER(G18),G18/5*E18*100,0) | J18: PH
A19: 10 | C19: Đề xuất chương trình mới | D19: Số đề xuất chương trình được duyệt và có hiệu quả | E19: 0.08 | H19: =IF(ISNUMBER(G19),G19/5*E19*100,0) | J19: PH
A20: 11 | C20: Tinh thần trách nhiệm | D20: Bám sát thị trường, xử lý phát sinh tại điểm bán kịp thời | E20: 0.07 | H20: =IF(ISNUMBER(G20),G20/5*E20*100,0) | J20: PH
A21: TỔNG CỘNG | E21: =SUM(E10:E20) | H21: =SUM(H10:H20)
A23: KẾT QUẢ ĐÁNH GIÁ | D23: ĐIỂM THEO NHÓM TIÊU CHÍ
A24: Tổng điểm chính thức | C24: =H21 | D24: Nhóm tiêu chí | E24: Trọng số | F24: Điểm tối đa | G24: Điểm đạt | H24: Tỷ lệ đạt
A25: Điểm tự đánh giá | C25: =IF(COUNT(F10:F20)=0,"",SUMPRODUCT(F10:F20,E10:E20)/5*100) | D25: Chuyên môn - Nghiệp vụ | E25: =SUMIF($J$10:$J$20,"CM",$E$10:$E$20) | F25: =E25*100 | G25: =SUMIF($J$10:$J$20,"CM",$H$10:$H$20) | H25: =IF(F25=0,0,G25/F25)
A26: Tiêu chí đã chấm | C26: =COUNT(G10:G20)&" / 11" | D26: Tuân thủ - Thời hạn | E26: =SUMIF($J$10:$J$20,"TT",$E$10:$E$20) | F26: =E26*100 | G26: =SUMIF($J$10:$J$20,"TT",$H$10:$H$20) | H26: =IF(F26=0,0,G26/F26)
A27: Xếp loại | C27: =IF(COUNT(G10:G20)=0,"Chưa chấm",IF(COUNT(G10:G20)<11,"Chưa chấm đủ",IF(H21>=80,"Xuất sắc",IF(H21>=70,"Đạt","Cần cải thiện")))) | D27: Phối hợp - Thái độ | E27: =SUMIF($J$10:$J$20,"PH",$E$10:$E$20) | F27: =E27*100 | G27: =SUMIF($J$10:$J$20,"PH",$H$10:$H$20) | H27: =IF(F27=0,0,G27/F27)
A28: Kiểm tra trọng số | C28: =IF(ROUND(E21,4)=1,"Hợp lệ – 100%","SAI – tổng trọng số phải = 100%")
A30: NHẬN XÉT & KẾ HOẠCH CẢI THIỆN (Bước 5 – phản hồi kết quả)
A31: Điểm mạnh
A32: Cần cải thiện
A33: Kế hoạch cải thiện
A34: Ý kiến nhân sự
B36: NHÂN SỰ ĐƯỢC ĐÁNH GIÁ | D36: QUẢN LÝ TRỰC TIẾP | G36: NGƯỜI PHÊ DUYỆT
B37: (Ký, ghi rõ họ tên) | D37: (Ký, ghi rõ họ tên) | G37: (Ký, ghi rõ họ tên)
